[
    {
        "type": "Stim",
        "location": [
            476,
            246
        ],
        "radloc": [
            0,
            0
        ],
        "mean": [
            52.490566037735846,
            73.15723270440252,
            90.47798742138365,
            34.314465408805034,
            32.44025157232704,
            35.62893081761006,
            34.283018867924525,
            48.60377358490566
        ],
        "min": [
            9.0,
            17.0,
            21.0,
            7.0,
            8.0,
            8.0,
            9.0,
            11.0
        ],
        "max": [
            137.0,
            225.0,
            229.0,
            85.0,
            86.0,
            88.0,
            88.0,
            116.0
        ],
        "RawIntDen": [
            8346.0,
            11632.0,
            14386.0,
            5456.0,
            5158.0,
            5665.0,
            5451.0,
            7728.0
        ],
        "IntDen": [
            6153.741347334116,
            8576.601887394014,
            10607.20381293417,
            4022.8627834956787,
            3803.138973106802,
            4176.964382057005,
            4019.1761423817716,
            5698.072505655169
        ],
        "FlagUp": 0,
        "Times": [
            -15,
            -10,
            -5,
            2,
            10,
            20,
            30,
            40
        ],
        "width": 0,
        "height": 0,
        "area": 0.737328222781466,
        "distance": 0,
        "xpert": [
            [
                476.0,
                254.6
            ],
            [
                467.6,
                254.4
            ],
            [
                469.6,
                246.0
            ],
            [
                471.0,
                241.0
            ],
            [
                476.0,
                240.6
            ],
            [
                479.8,
                242.2
            ],
            [
                484.6,
                246.0
            ],
            [
                480.6,
                250.6
            ]
        ],
        "stack": 0
    },
    {
        "type": "Stim",
        "location": [
            423,
            259
        ],
        "radloc": [
            0,
            0
        ],
        "mean": [
            121.52136752136752,
            137.44444444444446,
            125.52991452991454,
            78.00854700854701,
            35.205128205128204,
            32.78632478632478,
            35.34188034188034,
            35.888888888888886
        ],
        "min": [
            14.0,
            38.0,
            48.0,
            9.0,
            8.0,
            7.0,
            9.0,
            9.0
        ],
        "max": [
            233.0,
            241.0,
            213.0,
            193.0,
            130.0,
            135.0,
            164.0,
            124.0
        ],
        "RawIntDen": [
            14218.0,
            16081.0,
            14687.0,
            9127.0,
            4119.0,
            3836.0,
            4135.0,
            4199.0
        ],
        "IntDen": [
            7355.530109927292,
            8319.33321829658,
            7598.162239731477,
            4721.755754206386,
            2130.920560049973,
            1984.5135392939296,
            2139.197988785297,
            2172.307703726593
        ],
        "FlagUp": 0,
        "Times": [
            -15,
            -10,
            -5,
            2,
            10,
            20,
            30,
            40
        ],
        "width": 0,
        "height": 0,
        "area": 0.5173392959577502,
        "distance": 0,
        "xpert": [
            [
                423.0,
                265.2
            ],
            [
                416.8,
                265.2
            ],
            [
                416.4,
                259.0
            ],
            [
                419.0,
                255.0
            ],
            [
                423.0,
                254.4
            ],
            [
                426.4,
                255.6
            ],
            [
                428.0,
                259.0
            ],
            [
                429.2,
                265.2
            ]
        ],
        "stack": 0
    },
    {
        "type": "Stim",
        "location": [
            441,
            249
        ],
        "radloc": [
            0,
            0
        ],
        "mean": [
            27.644444444444446,
            38.65925925925926,
            31.274074074074075,
            18.31851851851852,
            15.555555555555555,
            17.081481481481482,
            21.155555555555555,
            20.525925925925925
        ],
        "min": [
            7.0,
            12.0,
            9.0,
            5.0,
            5.0,
            6.0,
            7.0,
            7.0
        ],
        "max": [
            79.0,
            94.0,
            83.0,
            42.0,
            42.0,
            36.0,
            47.0,
            54.0
        ],
        "RawIntDen": [
            3732.0,
            5219.0,
            4222.0,
            2473.0,
            2100.0,
            2306.0,
            2856.0,
            2771.0
        ],
        "IntDen": [
            2317.493887245419,
            3240.8897635406865,
            2621.773631283537,
            1535.6812387882962,
            1304.0560458776474,
            1431.97773418755,
            1773.5162223936004,
            1720.733001489029
        ],
        "FlagUp": 0,
        "Times": [
            -15,
            -10,
            -5,
            2,
            10,
            20,
            30,
            40
        ],
        "width": 0,
        "height": 0,
        "area": 0.6209790694655464,
        "distance": 0,
        "xpert": [
            [
                441.0,
                260.2
            ],
            [
                436.4,
                253.6
            ],
            [
                435.2,
                249.0
            ],
            [
                437.0,
                245.0
            ],
            [
                441.0,
                243.0
            ],
            [
                445.4,
                244.6
            ],
            [
                446.4,
                249.0
            ],
            [
                446.8,
                254.8
            ]
        ],
        "stack": 0
    },
    {
        "type": "Stim",
        "location": [
            381,
            252
        ],
        "radloc": [
            0,
            0
        ],
        "mean": [
            49.36363636363637,
            55.06666666666667,
            64.6969696969697,
            78.10303030303031,
            49.25454545454546,
            46.93939393939394,
            44.28484848484848,
            49.67272727272727
        ],
        "min": [
            8.0,
            10.0,
            16.0,
            9.0,
            5.0,
            6.0,
            6.0,
            16.0
        ],
        "max": [
            141.0,
            129.0,
            146.0,
            169.0,
            122.0,
            108.0,
            135.0,
            134.0
        ],
        "RawIntDen": [
            8145.0,
            9086.0,
            10675.0,
            12887.0,
            8127.0,
            7745.0,
            7307.0,
            8196.0
        ],
        "IntDen": [
            5935.026182797847,
            6620.70569636602,
            7778.564088565624,
            9390.38458167168,
            5921.910102835862,
            5643.557739198198,
            5324.399793456582,
            5972.1884093568015
        ],
        "FlagUp": 0,
        "Times": [
            -15,
            -10,
            -5,
            2,
            10,
            20,
            30,
            40
        ],
        "width": 0,
        "height": 0,
        "area": 0.7286711089991217,
        "distance": 0,
        "xpert": [
            [
                381.0,
                260.6
            ],
            [
                375.0,
                258.0
            ],
            [
                372.2,
                252.0
            ],
            [
                375.4,
                246.4
            ],
            [
                381.0,
                243.2
            ],
            [
                385.0,
                248.0
            ],
            [
                386.4,
                252.0
            ],
            [
                386.0,
                257.0
            ]
        ],
        "stack": 0
    },
    {
        "type": "Stim",
        "location": [
            411,
            232
        ],
        "radloc": [
            0,
            0
        ],
        "mean": [
            41.9622641509434,
            48.72641509433962,
            41.839622641509436,
            42.924528301886795,
            49.62735849056604,
            41.660377358490564,
            36.99528301886792,
            33.971698113207545
        ],
        "min": [
            6.0,
            5.0,
            8.0,
            5.0,
            6.0,
            5.0,
            5.0,
            6.0
        ],
        "max": [
            132.0,
            146.0,
            96.0,
            124.0,
            148.0,
            108.0,
            119.0,
            92.0
        ],
        "RawIntDen": [
            8896.0,
            10330.0,
            8870.0,
            9100.0,
            10521.0,
            8832.0,
            7843.0,
            7202.0
        ],
        "IntDen": [
            8740.233863066249,
            10149.124978133357,
            8714.68911481538,
            8940.66188780383,
            10336.780628745504,
            8677.35448275642,
            7705.671558906091,
            7075.89526549046
        ],
        "FlagUp": 0,
        "Times": [
            -15,
            -10,
            -5,
            2,
            10,
            20,
            30,
            40
        ],
        "width": 0,
        "height": 0,
        "area": 0.9824903173410802,
        "distance": 0,
        "xpert": [
            [
                411.0,
                245.0
            ],
            [
                405.2,
                237.8
            ],
            [
                403.0,
                232.0
            ],
            [
                404.4,
                225.4
            ],
            [
                411.0,
                226.2
            ],
            [
                416.0,
                227.0
            ],
            [
                420.6,
                232.0
            ],
            [
                417.2,
                238.2
            ]
        ],
        "stack": 0
    },
    {
        "type": "Stim",
        "location": [
            333,
            281
        ],
        "radloc": [
            0,
            0
        ],
        "mean": [
            94.42458100558659,
            63.92178770949721,
            57.977653631284916,
            128.9385474860335,
            97.98324022346368,
            76.34078212290503,
            74.55865921787709,
            83.57541899441341
        ],
        "min": [
            10.0,
            8.0,
            9.0,
            28.0,
            21.0,
            17.0,
            16.0,
            10.0
        ],
        "max": [
            236.0,
            170.0,
            167.0,
            226.0,
            207.0,
            182.0,
            183.0,
            224.0
        ],
        "RawIntDen": [
            16902.0,
            11442.0,
            10378.0,
            23080.0,
            17539.0,
            13665.0,
            13346.0,
            14960.0
        ],
        "IntDen": [
            13544.69329696026,
            9169.233268478245,
            8316.57951933816,
            18495.534332850715,
            14055.163633616496,
            10950.67056578878,
            10695.03471430787,
            11988.43993151849
        ],
        "FlagUp": 0,
        "Times": [
            -15,
            -10,
            -5,
            2,
            10,
            20,
            30,
            40
        ],
        "width": 0,
        "height": 0,
        "area": 0.8013663055827867,
        "distance": 0,
        "xpert": [
            [
                333.0,
                288.6
            ],
            [
                327.2,
                286.8
            ],
            [
                325.6,
                281.0
            ],
            [
                326.6,
                274.6
            ],
            [
                333.0,
                270.4
            ],
            [
                338.4,
                275.6
            ],
            [
                338.6,
                281.0
            ],
            [
                338.4,
                286.4
            ]
        ],
        "stack": 0
    },
    {
        "type": "Stim",
        "location": [
            326,
            246
        ],
        "radloc": [
            0,
            0
        ],
        "mean": [
            53.45794392523364,
            55.6822429906542,
            75.0,
            68.46728971962617,
            59.85981308411215,
            54.19626168224299,
            67.45794392523365,
            61.981308411214954
        ],
        "min": [
            10.0,
            11.0,
            16.0,
            9.0,
            11.0,
            11.0,
            10.0,
            8.0
        ],
        "max": [
            141.0,
            127.0,
            191.0,
            160.0,
            147.0,
            130.0,
            181.0,
            170.0
        ],
        "RawIntDen": [
            5720.0,
            5958.0,
            8025.0,
            7326.0,
            6405.0,
            5799.0,
            7218.0,
            6632.0
        ],
        "IntDen": [
            2682.7892148133865,
            2794.415759066111,
            3763.8782253282216,
            3436.0338789725297,
            3004.0672938600947,
            2719.841723199795,
            3385.3798168746544,
            3110.534628084332
        ],
        "FlagUp": 0,
        "Times": [
            -15,
            -10,
            -5,
            2,
            10,
            20,
            30,
            40
        ],
        "width": 0,
        "height": 0,
        "area": 0.4690190934988438,
        "distance": 0,
        "xpert": [
            [
                326.0,
                251.2
            ],
            [
                320.8,
                251.2
            ],
            [
                319.0,
                246.0
            ],
            [
                321.8,
                241.8
            ],
            [
                326.0,
                240.0
            ],
            [
                329.6,
                242.4
            ],
            [
                332.8,
                246.0
            ],
            [
                330.0,
                250.0
            ]
        ],
        "stack": 0
    },
    {
        "type": "Stim",
        "location": [
            292,
            239
        ],
        "radloc": [
            0,
            0
        ],
        "mean": [
            96.3409090909091,
            108.64772727272727,
            106.13068181818181,
            111.61931818181819,
            90.38068181818181,
            88.0909090909091,
            86.23295454545455,
            96.5284090909091
        ],
        "min": [
            19.0,
            15.0,
            17.0,
            8.0,
            10.0,
            7.0,
            14.0,
            12.0
        ],
        "max": [
            201.0,
            242.0,
            248.0,
            255.0,
            234.0,
            255.0,
            221.0,
            251.0
        ],
        "RawIntDen": [
            16956.0,
            19122.0,
            18679.0,
            19645.0,
            15907.0,
            15504.0,
            15177.0,
            16989.0
        ],
        "IntDen": [
            13854.47945654774,
            15624.283803261731,
            15262.315508896865,
            16051.618832500611,
            12997.358145512204,
            12668.073218584346,
            12400.886689786805,
            13881.443234683273
        ],
        "FlagUp": 0,
        "Times": [
            -15,
            -10,
            -5,
            2,
            10,
            20,
            30,
            40
        ],
        "width": 0,
        "height": 0,
        "area": 0.8170841859252029,
        "distance": 0,
        "xpert": [
            [
                292.0,
                246.4
            ],
            [
                285.0,
                246.0
            ],
            [
                284.4,
                239.0
            ],
            [
                285.0,
                232.0
            ],
            [
                292.0,
                232.6
            ],
            [
                297.8,
                233.2
            ],
            [
                297.8,
                239.0
            ],
            [
                298.4,
                245.4
            ]
        ],
        "stack": 0
    },
    {
        "type": "Spine",
        "location": [
            274,
            270
        ],
        "radloc": [
            0,
            0
        ],
        "mean": [
            52.0940170940171,
            35.88034188034188,
            29.905982905982906,
            27.897435897435898,
            48.92307692307692,
            38.914529914529915,
            29.957264957264957,
            34.042735042735046
        ],
        "min": [
            11.0,
            9.0,
            10.0,
            10.0,
            14.0,
            10.0,
            9.0,
            9.0
        ],
        "max": [
            115.0,
            95.0,
            85.0,
            58.0,
            105.0,
            89.0,
            93.0,
            63.0
        ],
        "RawIntDen": [
            6095.0,
            4198.0,
            3499.0,
            3264.0,
            5724.0,
            4553.0,
            3505.0,
            3983.0
        ],
        "IntDen": [
            3330.563586384549,
            2293.9632380053054,
            1912.0003262936073,
            1783.5864718554828,
            3127.833628952446,
            2487.9501244969406,
            1915.2789778962829,
            2176.478222242766
        ],
        "FlagUp": 0,
        "Times": [
            -15,
            -10,
            -5,
            2,
            10,
            20,
            30,
            40
        ],
        "width": 0,
        "height": 0,
        "area": 0.5464419337792533,
        "distance": 1.18602,
        "xpert": [
            [
                274.0,
                276.0
            ],
            [
                269.0,
                275.0
            ],
            [
                268.0,
                270.0
            ],
            [
                270.2,
                266.2
            ],
            [
                274.0,
                264.8
            ],
            [
                278.8,
                265.2
            ],
            [
                284.0,
                270.0
            ],
            [
                278.0,
                274.0
            ]
        ],
        "stack": 0
    },
    {
        "type": "Spine",
        "location": [
            271,
            237
        ],
        "radloc": [
            0,
            0
        ],
        "mean": [
            104.83018867924528,
            97.78616352201257,
            69.37106918238993,
            70.98113207547169,
            29.867924528301888,
            35.61635220125786,
            49.911949685534594,
            48.9559748427673
        ],
        "min": [
            10.0,
            14.0,
            14.0,
            10.0,
            6.0,
            5.0,
            7.0,
            7.0
        ],
        "max": [
            255.0,
            240.0,
            174.0,
            162.0,
            132.0,
            103.0,
            157.0,
            138.0
        ],
        "RawIntDen": [
            16668.0,
            15548.0,
            11030.0,
            11286.0,
            4749.0,
            5663.0,
            7936.0,
            7784.0
        ],
        "IntDen": [
            12074.876730583404,
            11263.509923632755,
            7990.514179165763,
            8175.969449325912,
            3440.340148400563,
            4102.473417644217,
            5749.113374964597,
            5638.9993083070085
        ],
        "FlagUp": 0,
        "Times": [
            -15,
            -10,
            -5,
            2,
            10,
            20,
            30,
            40
        ],
        "width": 0,
        "height": 0,
        "area": 0.7244346490630792,
        "distance": 1.38369,
        "xpert": [
            [
                271.0,
                245.8
            ],
            [
                263.8,
                244.2
            ],
            [
                265.0,
                237.0
            ],
            [
                266.2,
                232.2
            ],
            [
                271.0,
                231.6
            ],
            [
                275.4,
                232.6
            ],
            [
                276.6,
                237.0
            ],
            [
                278.4,
                244.4
            ]
        ],
        "stack": 0
    },
    {
        "type": "Spine",
        "location": [
            215,
            262
        ],
        "radloc": [
            0,
            0
        ],
        "mean": [
            143.89928057553956,
            160.66187050359713,
            168.54676258992805,
            105.93525179856115,
            106.15827338129496,
            76.56115107913669,
            72.05035971223022,
            66.9568345323741
        ],
        "min": [
            25.0,
            28.0,
            28.0,
            13.0,
            15.0,
            10.0,
            11.0,
            10.0
        ],
        "max": [
            255.0,
            255.0,
            255.0,
            255.0,
            253.0,
            253.0,
            238.0,
            242.0
        ],
        "RawIntDen": [
            20002.0,
            22332.0,
            23428.0,
            14725.0,
            14756.0,
            10642.0,
            10015.0,
            9307.0
        ],
        "IntDen": [
            12547.31581381207,
            14008.931944508107,
            14696.45609868959,
            9237.037564162722,
            9256.483959034642,
            6675.7591686125415,
            6282.440149751419,
            5838.309582999147
        ],
        "FlagUp": 0,
        "Times": [
            -15,
            -10,
            -5,
            2,
            10,
            20,
            30,
            40
        ],
        "width": 0,
        "height": 0,
        "area": 0.6273030603845651,
        "distance": 5.1827001264990535,
        "xpert": [
            [
                215.0,
                266.6
            ],
            [
                211.8,
                265.2
            ],
            [
                209.8,
                262.0
            ],
            [
                210.6,
                257.6
            ],
            [
                215.0,
                251.2
            ],
            [
                222.0,
                255.0
            ],
            [
                222.6,
                262.0
            ],
            [
                218.8,
                265.8
            ]
        ],
        "stack": 0
    },
    {
        "type": "Spine",
        "location": [
            258,
            257
        ],
        "radloc": [
            0,
            0
        ],
        "mean": [
            111.78151260504201,
            139.42016806722688,
            162.3109243697479,
            171.96638655462183,
            190.7268907563025,
            206.99579831932772,
            194.7689075630252,
            190.39915966386553
        ],
        "min": [
            9.0,
            10.0,
            15.0,
            16.0,
            20.0,
            43.0,
            23.0,
            22.0
        ],
        "max": [
            255.0,
            255.0,
            255.0,
            255.0,
            255.0,
            255.0,
            255.0,
            255.0
        ],
        "RawIntDen": [
            26604.0,
            33182.0,
            38630.0,
            40928.0,
            45393.0,
            49265.0,
            46355.0,
            45315.0
        ],
        "IntDen": [
            30728.11518789036,
            38325.82762609299,
            44618.36903128118,
            47272.60180461497,
            52429.75991294193,
            56901.99198358963,
            53540.88781892413,
            52339.66846110553
        ],
        "FlagUp": 0,
        "Times": [
            -15,
            -10,
            -5,
            2,
            10,
            20,
            30,
            40
        ],
        "width": 0,
        "height": 0,
        "area": 1.1550186132871132,
        "distance": 2.24026,
        "xpert": [
            [
                258.0,
                262.0
            ],
            [
                254.0,
                261.0
            ],
            [
                251.8,
                257.0
            ],
            [
                246.6,
                245.6
            ],
            [
                258.0,
                244.2
            ],
            [
                267.0,
                248.0
            ],
            [
                264.0,
                257.0
            ],
            [
                262.2,
                261.2
            ]
        ],
        "stack": 0
    },
    {
        "type": "Spine",
        "location": [
            409,
            283
        ],
        "radloc": [
            0,
            0
        ],
        "mean": [
            99.62328767123287,
            79.68493150684931,
            73.41780821917808,
            89.97945205479452,
            72.6986301369863,
            64.72602739726027,
            59.04794520547945,
            46.23287671232877
        ],
        "min": [
            14.0,
            17.0,
            11.0,
            19.0,
            21.0,
            16.0,
            21.0,
            18.0
        ],
        "max": [
            195.0,
            157.0,
            168.0,
            188.0,
            153.0,
            164.0,
            120.0,
            86.0
        ],
        "RawIntDen": [
            14545.0,
            11634.0,
            10719.0,
            13137.0,
            10614.0,
            9450.0,
            8621.0,
            6750.0
        ],
        "IntDen": [
            9616.184457976315,
            7691.625299697247,
            7086.688291856179,
            8685.308712577164,
            7017.269290956385,
            6247.710080981518,
            5699.630540544092,
            4462.650057843942
        ],
        "FlagUp": 0,
        "Times": [
            -15,
            -10,
            -5,
            2,
            10,
            20,
            30,
            40
        ],
        "width": 0,
        "height": 0,
        "area": 0.6611333419028061,
        "distance": -0.13178,
        "xpert": [
            [
                409.0,
                291.4
            ],
            [
                404.4,
                287.6
            ],
            [
                401.0,
                283.0
            ],
            [
                402.6,
                276.6
            ],
            [
                409.0,
                275.8
            ],
            [
                414.4,
                277.6
            ],
            [
                413.8,
                283.0
            ],
            [
                413.4,
                287.4
            ]
        ],
        "stack": 0
    },
    {
        "type": "Spine",
        "location": [
            417,
            284
        ],
        "radloc": [
            0,
            0
        ],
        "mean": [
            61.4390243902439,
            63.170731707317074,
            69.14634146341463,
            76.0,
            63.34146341463415,
            43.333333333333336,
            30.69918699186992,
            22.739837398373982
        ],
        "min": [
            8.0,
            8.0,
            10.0,
            22.0,
            15.0,
            12.0,
            10.0,
            9.0
        ],
        "max": [
            143.0,
            133.0,
            168.0,
            167.0,
            187.0,
            112.0,
            79.0,
            60.0
        ],
        "RawIntDen": [
            7557.0,
            7770.0,
            8505.0,
            9348.0,
            7791.0,
            5330.0,
            3776.0,
            2797.0
        ],
        "IntDen": [
            4315.519462010427,
            4437.155778724496,
            4856.886730766002,
            5338.29243494422,
            4449.148091639968,
            3043.7632304506515,
            2156.3320747057523,
            1597.2618678368617
        ],
        "FlagUp": 0,
        "Times": [
            -15,
            -10,
            -5,
            2,
            10,
            20,
            30,
            40
        ],
        "width": 0,
        "height": 0,
        "area": 0.5710625197843624,
        "distance": -0.39534,
        "xpert": [
            [
                417.0,
                292.8
            ],
            [
                411.8,
                289.2
            ],
            [
                412.2,
                284.0
            ],
            [
                412.6,
                279.6
            ],
            [
                417.0,
                276.2
            ],
            [
                423.2,
                277.8
            ],
            [
                421.8,
                284.0
            ],
            [
                420.0,
                287.0
            ]
        ],
        "stack": 0
    }
]