[
    {
        "type": 0,
        "location": [
            81,
            120
        ],
        "bgloc": [
            93,
            169
        ],
        "mean": [
            [
                32.02777777777778,
                38.73412698412698,
                35.46031746031746,
                32.507936507936506,
                30.75,
                26.78174603174603,
                23.067460317460316,
                16.857142857142858
            ]
        ],
        "min": [
            [
                3,
                4,
                6,
                5,
                5,
                2,
                2,
                2
            ]
        ],
        "max": [
            [
                131,
                140,
                120,
                100,
                101,
                118,
                73,
                60
            ]
        ],
        "RawIntDen": [
            [
                8071,
                9761,
                8936,
                8192,
                7749,
                6749,
                5813,
                4248
            ]
        ],
        "IntDen": [
            [
                8831.228483159264,
                10680.413978951503,
                9777.705083076593,
                8963.625787887584,
                8478.898465617784,
                7384.705864557288,
                6360.541589964664,
                4648.130169304987
            ]
        ],
        "local_bg": [
            [
                3.4246031746031744,
                4.2896825396825395,
                4.313492063492063,
                4.222222222222222,
                4.591269841269841,
                4.079365079365079,
                4.119047619047619,
                4.432539682539683
            ]
        ],
        "area": [
            1.094192601060496
        ],
        "distance": 3.8397113216903245,
        "points": [
            [
                81.0,
                129.2
            ],
            [
                74.4,
                126.6
            ],
            [
                72.8,
                120.0
            ],
            [
                74.8,
                113.8
            ],
            [
                81.0,
                109.0
            ],
            [
                87.8,
                113.2
            ],
            [
                91.0,
                120.0
            ],
            [
                87.6,
                126.6
            ]
        ],
        "shift": null,
        "channel": 0,
        "closest_Dend": 0
    }
]