[
    {
        "type": "Stim",
        "location": [
            486,
            231
        ],
        "radloc": [
            0,
            0
        ],
        "mean": [
            30.619718309859156,
            28.47887323943662,
            31.408450704225352,
            33.774647887323944,
            44.985915492957744,
            59.84507042253521,
            53.40845070422535,
            45.225352112676056
        ],
        "min": [
            10.0,
            9.0,
            9.0,
            8.0,
            9.0,
            13.0,
            10.0,
            10.0
        ],
        "max": [
            79.0,
            99.0,
            100.0,
            95.0,
            119.0,
            143.0,
            132.0,
            111.0
        ],
        "RawIntDen": [
            2174.0,
            2022.0,
            2230.0,
            2398.0,
            3194.0,
            4249.0,
            3792.0,
            3211.0
        ],
        "IntDen": [
            700.7657315943262,
            651.770151464456,
            718.8167348000678,
            772.9697444172926,
            1029.5518614131913,
            1369.6198682356448,
            1222.310788503075,
            1035.0316302435056
        ],
        "FlagUp": 0,
        "Times": [
            -15,
            -10,
            -5,
            2,
            10,
            20,
            30,
            40
        ],
        "width": 0,
        "height": 0,
        "area": 0.32233934295967165,
        "distance": 0,
        "xpert": [
            [
                486.0,
                235.8
            ],
            [
                481.8,
                235.2
            ],
            [
                481.0,
                231.0
            ],
            [
                482.4,
                227.4
            ],
            [
                486.0,
                226.2
            ],
            [
                489.4,
                227.6
            ],
            [
                491.0,
                231.0
            ],
            [
                489.6,
                234.6
            ]
        ],
        "stack": 0
    },
    {
        "type": "Stim",
        "location": [
            466,
            257
        ],
        "radloc": [
            0,
            0
        ],
        "mean": [
            51.611570247933884,
            44.80165289256198,
            50.29752066115702,
            53.31404958677686,
            45.51239669421488,
            38.19834710743802,
            39.446280991735534,
            43.48760330578512
        ],
        "min": [
            17.0,
            15.0,
            19.0,
            11.0,
            8.0,
            7.0,
            6.0,
            7.0
        ],
        "max": [
            105.0,
            100.0,
            91.0,
            103.0,
            91.0,
            109.0,
            121.0,
            95.0
        ],
        "RawIntDen": [
            6245.0,
            5421.0,
            6086.0,
            6451.0,
            5507.0,
            4622.0,
            4773.0,
            5262.0
        ],
        "IntDen": [
            3314.755144036252,
            2877.387932076945,
            3230.360257262551,
            3424.096947026079,
            2923.035480897941,
            2453.2903564028115,
            2533.4389595652574,
            2792.993045303244
        ],
        "FlagUp": 0,
        "Times": [
            -15,
            -10,
            -5,
            2,
            10,
            20,
            30,
            40
        ],
        "width": 0,
        "height": 0,
        "area": 0.5307854514069259,
        "distance": 0,
        "xpert": [
            [
                466.0,
                262.4
            ],
            [
                461.0,
                262.0
            ],
            [
                459.2,
                257.0
            ],
            [
                460.2,
                251.2
            ],
            [
                466.0,
                249.0
            ],
            [
                470.4,
                252.6
            ],
            [
                471.2,
                257.0
            ],
            [
                469.2,
                260.2
            ]
        ],
        "stack": 0
    },
    {
        "type": "Stim",
        "location": [
            454,
            256
        ],
        "radloc": [
            0,
            0
        ],
        "mean": [
            37.07746478873239,
            34.190140845070424,
            37.58450704225352,
            42.640845070422536,
            29.366197183098592,
            28.049295774647888,
            22.485915492957748,
            28.330985915492956
        ],
        "min": [
            8.0,
            8.0,
            12.0,
            14.0,
            7.0,
            5.0,
            3.0,
            5.0
        ],
        "max": [
            97.0,
            76.0,
            81.0,
            87.0,
            67.0,
            118.0,
            83.0,
            89.0
        ],
        "RawIntDen": [
            5265.0,
            4855.0,
            5337.0,
            6055.0,
            4170.0,
            3983.0,
            3193.0,
            4023.0
        ],
        "IntDen": [
            3391.0006782402324,
            3126.9341486906605,
            3437.3733370879618,
            3899.811796152822,
            2685.74982493101,
            2565.3097248681565,
            2056.498606955567,
            2591.0723131168957
        ],
        "FlagUp": 0,
        "Times": [
            -15,
            -10,
            -5,
            2,
            10,
            20,
            30,
            40
        ],
        "width": 0,
        "height": 0,
        "area": 0.6440647062184677,
        "distance": 0,
        "xpert": [
            [
                454.0,
                261.8
            ],
            [
                449.8,
                260.2
            ],
            [
                448.0,
                256.0
            ],
            [
                446.8,
                248.8
            ],
            [
                454.0,
                248.8
            ],
            [
                459.6,
                250.4
            ],
            [
                460.6,
                256.0
            ],
            [
                458.6,
                260.6
            ]
        ],
        "stack": 0
    },
    {
        "type": "Stim",
        "location": [
            449,
            227
        ],
        "radloc": [
            0,
            0
        ],
        "mean": [
            19.508333333333333,
            21.983333333333334,
            24.183333333333334,
            25.0,
            30.95,
            42.983333333333334,
            39.25,
            41.208333333333336
        ],
        "min": [
            5.0,
            6.0,
            6.0,
            6.0,
            10.0,
            15.0,
            10.0,
            13.0
        ],
        "max": [
            48.0,
            48.0,
            56.0,
            54.0,
            60.0,
            95.0,
            92.0,
            89.0
        ],
        "RawIntDen": [
            2341.0,
            2638.0,
            2902.0,
            3000.0,
            3714.0,
            5158.0,
            4710.0,
            4945.0
        ],
        "IntDen": [
            1393.488022117332,
            1570.2782581569936,
            1727.4251346366927,
            1785.759959996581,
            2210.770830475767,
            3070.3166245541215,
            2803.6431371946323,
            2943.5276673943645
        ],
        "FlagUp": 0,
        "Times": [
            -15,
            -10,
            -5,
            2,
            10,
            20,
            30,
            40
        ],
        "width": 0,
        "height": 0,
        "area": 0.5952533199988603,
        "distance": 0,
        "xpert": [
            [
                449.0,
                234.8
            ],
            [
                443.0,
                233.0
            ],
            [
                443.8,
                227.0
            ],
            [
                443.6,
                221.6
            ],
            [
                449.0,
                221.4
            ],
            [
                452.4,
                223.6
            ],
            [
                454.6,
                227.0
            ],
            [
                455.0,
                233.0
            ]
        ],
        "stack": 0
    },
    {
        "type": "Stim",
        "location": [
            425,
            222
        ],
        "radloc": [
            0,
            0
        ],
        "mean": [
            52.354838709677416,
            50.26451612903226,
            57.696774193548386,
            68.67096774193548,
            77.92258064516129,
            105.58709677419355,
            110.0,
            104.09677419354838
        ],
        "min": [
            11.0,
            7.0,
            8.0,
            9.0,
            15.0,
            19.0,
            21.0,
            15.0
        ],
        "max": [
            142.0,
            139.0,
            128.0,
            161.0,
            171.0,
            226.0,
            218.0,
            209.0
        ],
        "RawIntDen": [
            8115.0,
            7791.0,
            8943.0,
            10644.0,
            12078.0,
            16366.0,
            17050.0,
            16135.0
        ],
        "IntDen": [
            5779.636516222044,
            5548.878385444971,
            6369.351739319006,
            7580.831925898636,
            8602.150319523085,
            11656.134470054216,
            12143.290523916925,
            11491.6124694076
        ],
        "FlagUp": 0,
        "Times": [
            -15,
            -10,
            -5,
            2,
            10,
            20,
            30,
            40
        ],
        "width": 0,
        "height": 0,
        "area": 0.7122164530156554,
        "distance": 0,
        "xpert": [
            [
                425.0,
                231.2
            ],
            [
                415.8,
                231.2
            ],
            [
                417.2,
                222.0
            ],
            [
                420.6,
                217.6
            ],
            [
                425.0,
                216.8
            ],
            [
                428.8,
                218.2
            ],
            [
                430.0,
                222.0
            ],
            [
                428.4,
                225.4
            ]
        ],
        "stack": 0
    },
    {
        "type": "Stim",
        "location": [
            411,
            215
        ],
        "radloc": [
            0,
            0
        ],
        "mean": [
            36.79710144927536,
            37.60144927536232,
            53.44202898550725,
            55.58695652173913,
            60.69565217391305,
            76.65942028985508,
            90.94927536231884,
            90.42753623188406
        ],
        "min": [
            8.0,
            7.0,
            7.0,
            9.0,
            13.0,
            13.0,
            38.0,
            16.0
        ],
        "max": [
            99.0,
            111.0,
            117.0,
            119.0,
            131.0,
            163.0,
            171.0,
            181.0
        ],
        "RawIntDen": [
            5078.0,
            5189.0,
            7375.0,
            7671.0,
            8376.0,
            10579.0,
            12551.0,
            12479.0
        ],
        "IntDen": [
            3153.6434936381497,
            3222.578985523505,
            4580.173447337801,
            4764.001425698749,
            5201.834955240871,
            6569.987105001573,
            7794.678906784642,
            7749.963993129277
        ],
        "FlagUp": 0,
        "Times": [
            -15,
            -10,
            -5,
            2,
            10,
            20,
            30,
            40
        ],
        "width": 0,
        "height": 0,
        "area": 0.621040467435634,
        "distance": 0,
        "xpert": [
            [
                411.0,
                224.8
            ],
            [
                406.0,
                220.0
            ],
            [
                405.0,
                215.0
            ],
            [
                406.2,
                210.2
            ],
            [
                411.0,
                209.6
            ],
            [
                414.6,
                211.4
            ],
            [
                417.2,
                215.0
            ],
            [
                417.2,
                221.2
            ]
        ],
        "stack": 0
    },
    {
        "type": "Stim",
        "location": [
            384,
            212
        ],
        "radloc": [
            0,
            0
        ],
        "mean": [
            35.66386554621849,
            38.91596638655462,
            44.680672268907564,
            44.81512605042017,
            44.87394957983193,
            56.21008403361345,
            55.15966386554622,
            59.46218487394958
        ],
        "min": [
            7.0,
            9.0,
            9.0,
            13.0,
            19.0,
            18.0,
            17.0,
            19.0
        ],
        "max": [
            84.0,
            80.0,
            90.0,
            90.0,
            120.0,
            113.0,
            104.0,
            147.0
        ],
        "RawIntDen": [
            4244.0,
            4631.0,
            5317.0,
            5333.0,
            5340.0,
            6689.0,
            6564.0,
            7076.0
        ],
        "IntDen": [
            2411.6029766524634,
            2631.511165145513,
            3021.3225793735032,
            3030.414390784069,
            3034.392058276191,
            3800.9454078294834,
            3729.9156311844417,
            4020.853596322533
        ],
        "FlagUp": 0,
        "Times": [
            -15,
            -10,
            -5,
            2,
            10,
            20,
            30,
            40
        ],
        "width": 0,
        "height": 0,
        "area": 0.5682382131603354,
        "distance": 0,
        "xpert": [
            [
                384.0,
                222.0
            ],
            [
                379.8,
                216.2
            ],
            [
                378.6,
                212.0
            ],
            [
                379.2,
                207.2
            ],
            [
                384.0,
                205.8
            ],
            [
                388.4,
                207.6
            ],
            [
                390.2,
                212.0
            ],
            [
                388.0,
                216.0
            ]
        ],
        "stack": 0
    },
    {
        "type": "Stim",
        "location": [
            351,
            223
        ],
        "radloc": [
            0,
            0
        ],
        "mean": [
            71.66666666666667,
            85.62745098039215,
            85.24509803921569,
            106.59803921568627,
            116.42156862745098,
            94.51960784313725,
            109.82352941176471,
            90.80392156862744
        ],
        "min": [
            14.0,
            17.0,
            14.0,
            20.0,
            26.0,
            15.0,
            22.0,
            17.0
        ],
        "max": [
            159.0,
            215.0,
            215.0,
            217.0,
            237.0,
            220.0,
            242.0,
            191.0
        ],
        "RawIntDen": [
            7310.0,
            8734.0,
            8695.0,
            10873.0,
            11875.0,
            9641.0,
            11202.0,
            9262.0
        ],
        "IntDen": [
            3480.5925961919943,
            4158.6177476252915,
            4140.04823856216,
            5177.083898549324,
            5654.177439094382,
            4590.477868657595,
            5333.734372440865,
            4410.020331864604
        ],
        "FlagUp": 0,
        "Times": [
            -15,
            -10,
            -5,
            2,
            10,
            20,
            30,
            40
        ],
        "width": 0,
        "height": 0,
        "area": 0.4761412580290006,
        "distance": 0,
        "xpert": [
            [
                351.0,
                228.8
            ],
            [
                346.4,
                227.6
            ],
            [
                345.4,
                223.0
            ],
            [
                347.0,
                219.0
            ],
            [
                351.0,
                218.0
            ],
            [
                354.6,
                219.4
            ],
            [
                357.6,
                223.0
            ],
            [
                356.8,
                228.8
            ]
        ],
        "stack": 0
    },
    {
        "type": "Stim",
        "location": [
            327,
            218
        ],
        "radloc": [
            0,
            0
        ],
        "mean": [
            64.25694444444444,
            74.35416666666667,
            79.67361111111111,
            92.65277777777777,
            83.39583333333333,
            102.04861111111111,
            85.97222222222223,
            92.3125
        ],
        "min": [
            26.0,
            26.0,
            19.0,
            36.0,
            25.0,
            38.0,
            15.0,
            12.0
        ],
        "max": [
            118.0,
            144.0,
            165.0,
            174.0,
            164.0,
            188.0,
            221.0,
            223.0
        ],
        "RawIntDen": [
            9253.0,
            10707.0,
            11473.0,
            13342.0,
            12009.0,
            14695.0,
            12380.0,
            13293.0
        ],
        "IntDen": [
            5987.936497500489,
            6928.870212767506,
            7424.575319985206,
            8634.069896212204,
            7771.439468116651,
            9509.643016402213,
            8011.526406468826,
            8602.360300580785
        ],
        "FlagUp": 0,
        "Times": [
            -15,
            -10,
            -5,
            2,
            10,
            20,
            30,
            40
        ],
        "width": 0,
        "height": 0,
        "area": 0.6471346047228455,
        "distance": 0,
        "xpert": [
            [
                327.0,
                226.2
            ],
            [
                321.2,
                223.8
            ],
            [
                319.2,
                218.0
            ],
            [
                322.4,
                213.4
            ],
            [
                327.0,
                212.6
            ],
            [
                330.8,
                214.2
            ],
            [
                332.8,
                218.0
            ],
            [
                333.4,
                224.4
            ]
        ],
        "stack": 0
    },
    {
        "type": "Stim",
        "location": [
            319,
            254
        ],
        "radloc": [
            0,
            0
        ],
        "mean": [
            40.152542372881356,
            37.66949152542373,
            42.5,
            46.889830508474574,
            66.09322033898304,
            79.36440677966101,
            66.78813559322033,
            62.99152542372882
        ],
        "min": [
            11.0,
            11.0,
            8.0,
            10.0,
            14.0,
            20.0,
            14.0,
            25.0
        ],
        "max": [
            84.0,
            81.0,
            92.0,
            104.0,
            149.0,
            147.0,
            127.0,
            118.0
        ],
        "RawIntDen": [
            4738.0,
            4445.0,
            5015.0,
            5533.0,
            7799.0,
            9365.0,
            7881.0,
            7433.0
        ],
        "IntDen": [
            2583.2238106006034,
            2423.476116107995,
            2734.2480815031713,
            3016.668920230717,
            4252.123786170136,
            5105.9288700453035,
            4296.831332069091,
            4052.5754715479707
        ],
        "FlagUp": 0,
        "Times": [
            -15,
            -10,
            -5,
            2,
            10,
            20,
            30,
            40
        ],
        "width": 0,
        "height": 0,
        "area": 0.5452139743775017,
        "distance": 0,
        "xpert": [
            [
                319.0,
                260.0
            ],
            [
                315.0,
                258.0
            ],
            [
                312.6,
                254.0
            ],
            [
                312.0,
                247.0
            ],
            [
                319.0,
                246.6
            ],
            [
                322.6,
                250.4
            ],
            [
                324.0,
                254.0
            ],
            [
                323.0,
                258.0
            ]
        ],
        "stack": 0
    },
    {
        "type": "Stim",
        "location": [
            285,
            263
        ],
        "radloc": [
            0,
            0
        ],
        "mean": [
            37.53174603174603,
            47.55555555555556,
            46.98412698412698,
            52.69047619047619,
            65.44444444444444,
            68.08730158730158,
            70.73809523809524,
            76.0
        ],
        "min": [
            6.0,
            6.0,
            6.0,
            6.0,
            7.0,
            12.0,
            14.0,
            20.0
        ],
        "max": [
            99.0,
            113.0,
            97.0,
            106.0,
            152.0,
            157.0,
            157.0,
            138.0
        ],
        "RawIntDen": [
            4729.0,
            5992.0,
            5920.0,
            6639.0,
            8246.0,
            8579.0,
            8913.0,
            9576.0
        ],
        "IntDen": [
            2832.3740103072537,
            3588.8316916390495,
            3545.7082133683534,
            3976.344058877111,
            4938.836136391122,
            5138.282223393092,
            5338.327247593265,
            5735.4226100025935
        ],
        "FlagUp": 0,
        "Times": [
            -15,
            -10,
            -5,
            2,
            10,
            20,
            30,
            40
        ],
        "width": 0,
        "height": 0,
        "area": 0.5989371982041137,
        "distance": 0,
        "xpert": [
            [
                285.0,
                269.0
            ],
            [
                280.8,
                267.2
            ],
            [
                279.2,
                263.0
            ],
            [
                279.0,
                257.0
            ],
            [
                285.0,
                254.2
            ],
            [
                289.0,
                259.0
            ],
            [
                291.0,
                263.0
            ],
            [
                290.6,
                268.6
            ]
        ],
        "stack": 0
    },
    {
        "type": "Stim",
        "location": [
            260,
            222
        ],
        "radloc": [
            0,
            0
        ],
        "mean": [
            60.435064935064936,
            65.09740259740259,
            56.298701298701296,
            61.59090909090909,
            58.58441558441559,
            66.45454545454545,
            61.5,
            55.55194805194805
        ],
        "min": [
            14.0,
            14.0,
            14.0,
            10.0,
            16.0,
            14.0,
            8.0,
            7.0
        ],
        "max": [
            122.0,
            143.0,
            117.0,
            143.0,
            147.0,
            144.0,
            141.0,
            137.0
        ],
        "RawIntDen": [
            9307.0,
            10025.0,
            8670.0,
            9485.0,
            9022.0,
            10234.0,
            9471.0,
            8555.0
        ],
        "IntDen": [
            7014.314390850006,
            7555.44233031818,
            6534.232918090636,
            7148.465885592812,
            6799.52126724495,
            7712.957287628555,
            7137.9146444332655,
            6447.562008565789
        ],
        "FlagUp": 0,
        "Times": [
            -15,
            -10,
            -5,
            2,
            10,
            20,
            30,
            40
        ],
        "width": 0,
        "height": 0,
        "area": 0.7536600828247562,
        "distance": 0,
        "xpert": [
            [
                260.0,
                233.2
            ],
            [
                252.2,
                229.8
            ],
            [
                254.8,
                222.0
            ],
            [
                256.0,
                218.0
            ],
            [
                260.0,
                215.4
            ],
            [
                263.6,
                218.4
            ],
            [
                264.8,
                222.0
            ],
            [
                266.0,
                228.0
            ]
        ],
        "stack": 0
    },
    {
        "type": "Stim",
        "location": [
            251,
            262
        ],
        "radloc": [
            0,
            0
        ],
        "mean": [
            29.273333333333333,
            32.56666666666667,
            37.45333333333333,
            43.3,
            46.78666666666667,
            61.92,
            52.52,
            49.20666666666666
        ],
        "min": [
            8.0,
            6.0,
            7.0,
            9.0,
            8.0,
            17.0,
            11.0,
            11.0
        ],
        "max": [
            82.0,
            94.0,
            102.0,
            124.0,
            131.0,
            157.0,
            140.0,
            105.0
        ],
        "RawIntDen": [
            4391.0,
            4885.0,
            5618.0,
            6495.0,
            7018.0,
            9288.0,
            7878.0,
            7381.0
        ],
        "IntDen": [
            3081.510702460485,
            3428.189428722266,
            3942.593287730131,
            4558.053293664507,
            4925.0836050712105,
            6518.12147675996,
            5528.613371437873,
            5179.82930878179
        ],
        "FlagUp": 0,
        "Times": [
            -15,
            -10,
            -5,
            2,
            10,
            20,
            30,
            40
        ],
        "width": 0,
        "height": 0,
        "area": 0.7017787981007709,
        "distance": 0,
        "xpert": [
            [
                251.0,
                269.2
            ],
            [
                246.6,
                266.4
            ],
            [
                243.8,
                262.0
            ],
            [
                245.8,
                256.8
            ],
            [
                251.0,
                253.2
            ],
            [
                258.4,
                254.6
            ],
            [
                256.2,
                262.0
            ],
            [
                255.0,
                266.0
            ]
        ],
        "stack": 0
    },
    {
        "type": "Stim",
        "location": [
            234,
            257
        ],
        "radloc": [
            0,
            0
        ],
        "mean": [
            76.02051282051282,
            75.44102564102565,
            80.75384615384615,
            91.94871794871794,
            106.07692307692308,
            124.95384615384616,
            128.43076923076924,
            116.82564102564102
        ],
        "min": [
            18.0,
            21.0,
            25.0,
            24.0,
            32.0,
            37.0,
            42.0,
            38.0
        ],
        "max": [
            150.0,
            159.0,
            136.0,
            196.0,
            192.0,
            240.0,
            226.0,
            224.0
        ],
        "RawIntDen": [
            14824.0,
            14711.0,
            15747.0,
            17930.0,
            20685.0,
            24366.0,
            25044.0,
            22781.0
        ],
        "IntDen": [
            12510.197425403752,
            12414.835019233311,
            13289.1310616455,
            15131.397722442613,
            17456.383819783907,
            20562.835298663507,
            21135.009735686155,
            19225.229866980768
        ],
        "FlagUp": 0,
        "Times": [
            -15,
            -10,
            -5,
            2,
            10,
            20,
            30,
            40
        ],
        "width": 0,
        "height": 0,
        "area": 0.8439150988534642,
        "distance": 0,
        "xpert": [
            [
                234.0,
                265.6
            ],
            [
                228.2,
                262.8
            ],
            [
                225.2,
                257.0
            ],
            [
                227.8,
                250.8
            ],
            [
                234.0,
                250.8
            ],
            [
                240.2,
                250.8
            ],
            [
                242.6,
                257.0
            ],
            [
                239.4,
                262.4
            ]
        ],
        "stack": 0
    },
    {
        "type": "Stim",
        "location": [
            210,
            259
        ],
        "radloc": [
            0,
            0
        ],
        "mean": [
            47.81118881118881,
            45.27972027972028,
            48.66433566433567,
            52.26573426573427,
            45.95104895104895,
            58.41958041958042,
            67.54545454545455,
            68.86713286713287
        ],
        "min": [
            7.0,
            10.0,
            12.0,
            13.0,
            8.0,
            13.0,
            7.0,
            8.0
        ],
        "max": [
            130.0,
            106.0,
            111.0,
            123.0,
            101.0,
            114.0,
            192.0,
            158.0
        ],
        "RawIntDen": [
            6837.0,
            6475.0,
            6959.0,
            7474.0,
            6571.0,
            8354.0,
            9659.0,
            9848.0
        ],
        "IntDen": [
            4481.12931189106,
            4243.866066183211,
            4561.0909582345885,
            4898.633973537192,
            4306.786705928938,
            5475.406504539697,
            6330.733951083186,
            6454.608960582588
        ],
        "FlagUp": 0,
        "Times": [
            -15,
            -10,
            -5,
            2,
            10,
            20,
            30,
            40
        ],
        "width": 0,
        "height": 0,
        "area": 0.6554233306846657,
        "distance": 0,
        "xpert": [
            [
                210.0,
                265.2
            ],
            [
                202.8,
                266.2
            ],
            [
                202.8,
                259.0
            ],
            [
                205.4,
                254.4
            ],
            [
                210.0,
                251.8
            ],
            [
                216.0,
                253.0
            ],
            [
                215.2,
                259.0
            ],
            [
                214.0,
                263.0
            ]
        ],
        "stack": 0
    },
    {
        "type": "Spine",
        "location": [
            223,
            230
        ],
        "radloc": [
            0,
            0
        ],
        "mean": [
            117.16778523489933,
            120.71812080536913,
            87.43624161073825,
            91.73825503355705,
            104.57718120805369,
            118.86577181208054,
            141.09395973154363,
            137.86577181208054
        ],
        "min": [
            23.0,
            20.0,
            17.0,
            12.0,
            17.0,
            23.0,
            16.0,
            14.0
        ],
        "max": [
            225.0,
            244.0,
            183.0,
            217.0,
            238.0,
            231.0,
            255.0,
            255.0
        ],
        "RawIntDen": [
            17458.0,
            17987.0,
            13028.0,
            13669.0,
            15582.0,
            17711.0,
            21023.0,
            20542.0
        ],
        "IntDen": [
            12101.590250592859,
            12468.284101123481,
            9030.789196054746,
            9475.119551801683,
            10801.178788219608,
            12276.965570411852,
            14572.787938951406,
            14239.366876370632
        ],
        "FlagUp": 0,
        "Times": [
            -15,
            -10,
            -5,
            2,
            10,
            20,
            30,
            40
        ],
        "width": 0,
        "height": 0,
        "area": 0.6931830822885129,
        "distance": -0.72479,
        "xpert": [
            [
                223.0,
                238.0
            ],
            [
                216.8,
                236.2
            ],
            [
                214.8,
                230.0
            ],
            [
                217.0,
                224.0
            ],
            [
                223.0,
                224.2
            ],
            [
                226.4,
                226.6
            ],
            [
                229.0,
                230.0
            ],
            [
                229.0,
                236.0
            ]
        ],
        "stack": 0
    },
    {
        "type": "Spine",
        "location": [
            354,
            243
        ],
        "radloc": [
            0,
            0
        ],
        "mean": [
            51.2952380952381,
            61.98095238095238,
            45.885714285714286,
            45.457142857142856,
            58.8,
            86.6952380952381,
            78.63809523809523,
            98.9047619047619
        ],
        "min": [
            10.0,
            11.0,
            10.0,
            10.0,
            11.0,
            22.0,
            29.0,
            31.0
        ],
        "max": [
            136.0,
            149.0,
            119.0,
            96.0,
            139.0,
            177.0,
            179.0,
            179.0
        ],
        "RawIntDen": [
            5386.0,
            6508.0,
            4818.0,
            4773.0,
            6174.0,
            9103.0,
            8257.0,
            10385.0
        ],
        "IntDen": [
            2592.605420429982,
            3132.691436345771,
            2319.192891873682,
            2297.5316880267924,
            2971.917167793299,
            4381.82085818309,
            3974.5902258615597,
            4998.9244877767105
        ],
        "FlagUp": 0,
        "Times": [
            -15,
            -10,
            -5,
            2,
            10,
            20,
            30,
            40
        ],
        "width": 0,
        "height": 0,
        "area": 0.481360085486443,
        "distance": -0.19767,
        "xpert": [
            [
                354.0,
                248.8
            ],
            [
                349.4,
                247.6
            ],
            [
                348.6,
                243.0
            ],
            [
                348.2,
                237.2
            ],
            [
                354.0,
                237.2
            ],
            [
                359.2,
                237.8
            ],
            [
                359.0,
                243.0
            ],
            [
                357.4,
                246.4
            ]
        ],
        "stack": 0
    },
    {
        "type": "Spine",
        "location": [
            408,
            245
        ],
        "radloc": [
            0,
            0
        ],
        "mean": [
            92.1938775510204,
            92.65306122448979,
            96.33673469387755,
            117.21428571428571,
            81.10204081632654,
            107.23469387755102,
            130.19387755102042,
            106.05102040816327
        ],
        "min": [
            19.0,
            30.0,
            37.0,
            26.0,
            15.0,
            11.0,
            14.0,
            16.0
        ],
        "max": [
            168.0,
            148.0,
            158.0,
            206.0,
            226.0,
            237.0,
            254.0,
            236.0
        ],
        "RawIntDen": [
            9035.0,
            9080.0,
            9441.0,
            11487.0,
            7948.0,
            10509.0,
            12759.0,
            10393.0
        ],
        "IntDen": [
            3919.1721110706803,
            3938.692060710767,
            4095.2854344901266,
            4982.792478126055,
            3447.6568830979268,
            4558.558905948177,
            5534.556387952497,
            4508.240813542621
        ],
        "FlagUp": 0,
        "Times": [
            -15,
            -10,
            -5,
            2,
            10,
            20,
            30,
            40
        ],
        "width": 0,
        "height": 0,
        "area": 0.43377665866858667,
        "distance": -0.19767,
        "xpert": [
            [
                408.0,
                250.4
            ],
            [
                403.8,
                249.2
            ],
            [
                401.0,
                245.0
            ],
            [
                403.8,
                240.8
            ],
            [
                408.0,
                240.8
            ],
            [
                412.2,
                240.8
            ],
            [
                414.4,
                245.0
            ],
            [
                412.2,
                249.2
            ]
        ],
        "stack": 0
    },
    {
        "type": "Spine",
        "location": [
            195,
            235
        ],
        "radloc": [
            0,
            0
        ],
        "mean": [
            54.94615384615385,
            51.323076923076925,
            42.40769230769231,
            43.13076923076923,
            45.86153846153846,
            57.90769230769231,
            61.46923076923077,
            62.54615384615385
        ],
        "min": [
            11.0,
            11.0,
            11.0,
            7.0,
            9.0,
            13.0,
            11.0,
            11.0
        ],
        "max": [
            127.0,
            105.0,
            93.0,
            112.0,
            107.0,
            133.0,
            146.0,
            148.0
        ],
        "RawIntDen": [
            7143.0,
            6672.0,
            5513.0,
            5607.0,
            5962.0,
            7528.0,
            7991.0,
            8131.0
        ],
        "IntDen": [
            4243.12315074515,
            3963.337205903912,
            3274.8618129718625,
            3330.7001968679906,
            3541.5791998799646,
            4471.822914575037,
            4746.856656531499,
            4830.020207015094
        ],
        "FlagUp": 0,
        "Times": [
            -15,
            -10,
            -5,
            2,
            10,
            20,
            30,
            40
        ],
        "width": 0,
        "height": 0,
        "area": 0.5940253605971091,
        "distance": 0.9883500000000001,
        "xpert": [
            [
                195.0,
                241.2
            ],
            [
                189.2,
                240.8
            ],
            [
                188.0,
                235.0
            ],
            [
                189.6,
                229.6
            ],
            [
                195.0,
                228.4
            ],
            [
                200.0,
                230.0
            ],
            [
                201.0,
                235.0
            ],
            [
                199.4,
                239.4
            ]
        ],
        "stack": 0
    },
    {
        "type": "Spine",
        "location": [
            174,
            239
        ],
        "radloc": [
            0,
            0
        ],
        "mean": [
            46.385245901639344,
            59.09836065573771,
            61.84426229508197,
            61.77049180327869,
            56.90163934426229,
            66.36065573770492,
            55.89344262295082,
            72.07377049180327
        ],
        "min": [
            13.0,
            9.0,
            12.0,
            12.0,
            12.0,
            15.0,
            7.0,
            10.0
        ],
        "max": [
            89.0,
            120.0,
            149.0,
            128.0,
            113.0,
            129.0,
            124.0,
            154.0
        ],
        "RawIntDen": [
            5659.0,
            7210.0,
            7545.0,
            7536.0,
            6942.0,
            8096.0,
            6819.0,
            8793.0
        ],
        "IntDen": [
            3109.687458893066,
            3961.980310764977,
            4146.066774579993,
            4141.12116808944,
            3814.711139712964,
            4448.847794168274,
            3747.1211843420774,
            4831.857541269965
        ],
        "FlagUp": 0,
        "Times": [
            -15,
            -10,
            -5,
            2,
            10,
            20,
            30,
            40
        ],
        "width": 0,
        "height": 0,
        "area": 0.5495118322836307,
        "distance": 2.37204,
        "xpert": [
            [
                174.0,
                243.2
            ],
            [
                169.8,
                243.2
            ],
            [
                166.6,
                239.0
            ],
            [
                168.4,
                233.4
            ],
            [
                174.0,
                232.8
            ],
            [
                179.0,
                234.0
            ],
            [
                181.4,
                239.0
            ],
            [
                178.2,
                243.2
            ]
        ],
        "stack": 0
    },
    {
        "type": "Spine",
        "location": [
            179,
            260
        ],
        "radloc": [
            0,
            0
        ],
        "mean": [
            69.86764705882354,
            54.779411764705884,
            57.52205882352941,
            61.24264705882353,
            81.81617647058823,
            79.1029411764706,
            81.5220588235294,
            66.81617647058823
        ],
        "min": [
            9.0,
            8.0,
            10.0,
            9.0,
            12.0,
            9.0,
            14.0,
            12.0
        ],
        "max": [
            200.0,
            165.0,
            162.0,
            174.0,
            209.0,
            192.0,
            198.0,
            168.0
        ],
        "RawIntDen": [
            9502.0,
            7450.0,
            7823.0,
            8329.0,
            11127.0,
            10758.0,
            11087.0,
            9087.0
        ],
        "IntDen": [
            6014.8902063689275,
            4715.9473834401715,
            4952.061259147981,
            5272.365873378952,
            7043.536447723327,
            6809.954624301929,
            7018.215924859219,
            5752.189781653804
        ],
        "FlagUp": 0,
        "Times": [
            -15,
            -10,
            -5,
            2,
            10,
            20,
            30,
            40
        ],
        "width": 0,
        "height": 0,
        "area": 0.6330130716027076,
        "distance": 2.04259,
        "xpert": [
            [
                179.0,
                265.6
            ],
            [
                175.0,
                264.0
            ],
            [
                173.4,
                260.0
            ],
            [
                172.0,
                253.0
            ],
            [
                179.0,
                252.2
            ],
            [
                185.8,
                253.2
            ],
            [
                184.4,
                260.0
            ],
            [
                183.0,
                264.0
            ]
        ],
        "stack": 0
    },
    {
        "type": "Spine",
        "location": [
            141,
            253
        ],
        "radloc": [
            0,
            0
        ],
        "mean": [
            115.41721854304636,
            117.02649006622516,
            102.49006622516556,
            119.29139072847683,
            96.35099337748345,
            107.39735099337749,
            89.71523178807946,
            100.67549668874172
        ],
        "min": [
            20.0,
            14.0,
            18.0,
            20.0,
            17.0,
            14.0,
            16.0,
            20.0
        ],
        "max": [
            238.0,
            248.0,
            210.0,
            244.0,
            210.0,
            246.0,
            222.0,
            223.0
        ],
        "RawIntDen": [
            17428.0,
            17671.0,
            15476.0,
            18013.0,
            14549.0,
            16217.0,
            13547.0,
            15202.0
        ],
        "IntDen": [
            12471.36075340457,
            12645.249935357593,
            11074.52255104941,
            12889.982858106296,
            10411.167523598982,
            11604.777217004928,
            9694.142995545772,
            10878.4499755139
        ],
        "FlagUp": 0,
        "Times": [
            -15,
            -10,
            -5,
            2,
            10,
            20,
            30,
            40
        ],
        "width": 0,
        "height": 0,
        "area": 0.715593341370471,
        "distance": 4.846627847872397,
        "xpert": [
            [
                141.0,
                265.4
            ],
            [
                135.6,
                258.4
            ],
            [
                134.8,
                253.0
            ],
            [
                137.0,
                249.0
            ],
            [
                141.0,
                247.6
            ],
            [
                144.4,
                249.6
            ],
            [
                146.0,
                253.0
            ],
            [
                147.8,
                259.8
            ]
        ],
        "stack": 0
    }
]