[
    {
        "type": 0,
        "location": [
            408,
            139
        ],
        "bgloc": [
            408,
            175
        ],
        "mean": [
            [
                80.81818181818181,
                74.98930481283422,
                61.22994652406417,
                64.1283422459893,
                32.6096256684492,
                51.31016042780749,
                49.2620320855615,
                73.10695187165776
            ]
        ],
        "min": [
            [
                20,
                9,
                5,
                6,
                5,
                5,
                5,
                6
            ]
        ],
        "max": [
            [
                166,
                181,
                155,
                183,
                153,
                190,
                141,
                216
            ]
        ],
        "RawIntDen": [
            [
                15113,
                14023,
                11450,
                11992,
                6098,
                9595,
                9212,
                13671
            ]
        ],
        "IntDen": [
            [
                12271.157261221035,
                11386.12044426008,
                9296.946380002702,
                9737.028907335582,
                4951.334412686156,
                7790.759870404012,
                7479.779043893878,
                11100.310389608467
            ]
        ],
        "local_bg": [
            [
                4.524064171122995,
                4.721925133689839,
                4.679144385026738,
                4.593582887700535,
                4.652406417112299,
                4.925133689839572,
                5.021390374331551,
                5.208556149732621
            ]
        ],
        "area": [
            0.8119603825329872
        ],
        "distance": 26.82594890537113,
        "points": [
            [
                408.0,
                147.2
            ],
            [
                402.2,
                144.8
            ],
            [
                401.2,
                139.0
            ],
            [
                401.2,
                132.2
            ],
            [
                408.0,
                128.4
            ],
            [
                414.0,
                133.0
            ],
            [
                414.0,
                139.0
            ],
            [
                412.6,
                143.6
            ]
        ],
        "shift": null,
        "channel": 0,
        "closest_Dend": 0
    },
    {
        "type": 0,
        "location": [
            158,
            112
        ],
        "bgloc": [
            159,
            65
        ],
        "mean": [
            [
                96.30188679245283,
                79.66666666666667,
                64.77987421383648,
                181.8993710691824,
                115.94339622641509,
                139.47169811320754,
                83.76729559748428,
                109.96855345911949
            ]
        ],
        "min": [
            [
                15,
                12,
                12,
                35,
                11,
                19,
                13,
                15
            ]
        ],
        "max": [
            [
                215,
                200,
                153,
                255,
                246,
                255,
                191,
                227
            ]
        ],
        "RawIntDen": [
            [
                15312,
                12667,
                10300,
                28922,
                18435,
                22176,
                13319,
                17485
            ]
        ],
        "IntDen": [
            [
                10571.151032074176,
                8745.086868030538,
                7110.949296653866,
                19967.269471633314,
                12727.218474156702,
                15309.942874038461,
                9195.216862342995,
                12071.354218640083
            ]
        ],
        "local_bg": [
            [
                4.433962264150943,
                4.754716981132075,
                4.49685534591195,
                4.8930817610062896,
                5.044025157232705,
                5.132075471698113,
                5.012578616352202,
                4.987421383647798
            ]
        ],
        "area": [
            0.6903834268595987
        ],
        "distance": 10.08950015864769,
        "points": [
            [
                158.0,
                122.6
            ],
            [
                152.0,
                118.0
            ],
            [
                152.8,
                112.0
            ],
            [
                154.0,
                108.0
            ],
            [
                158.0,
                106.6
            ],
            [
                163.6,
                106.4
            ],
            [
                165.6,
                112.0
            ],
            [
                163.8,
                117.8
            ]
        ],
        "shift": null,
        "channel": 0,
        "closest_Dend": 0
    },
    {
        "type": 0,
        "location": [
            442,
            137
        ],
        "bgloc": [
            448,
            171
        ],
        "mean": [
            [
                113.05990783410138,
                100.44239631336406,
                78.81566820276498,
                114.91705069124424,
                102.00921658986175,
                77.7741935483871,
                80.44700460829493,
                57.02764976958525
            ]
        ],
        "min": [
            [
                17,
                16,
                7,
                10,
                7,
                9,
                9,
                8
            ]
        ],
        "max": [
            [
                223,
                225,
                220,
                255,
                249,
                215,
                255,
                185
            ]
        ],
        "RawIntDen": [
            [
                24534,
                21796,
                17103,
                24937,
                22136,
                16877,
                17457,
                12375
            ]
        ],
        "IntDen": [
            [
                23116.45998630457,
                20536.657775393105,
                16114.81271483521,
                23496.17521311148,
                20857.013053592484,
                15901.87067697327,
                16448.359092725153,
                11659.989905050912
            ]
        ],
        "local_bg": [
            [
                4.612903225806452,
                4.907834101382488,
                4.824884792626728,
                5.110599078341014,
                5.377880184331797,
                5.082949308755761,
                5.248847926267281,
                5.11520737327189
            ]
        ],
        "area": [
            0.9422214064687605
        ],
        "distance": 28.844944323685233,
        "points": [
            [
                442.0,
                144.6
            ],
            [
                438.0,
                141.0
            ],
            [
                436.4,
                137.0
            ],
            [
                438.0,
                133.0
            ],
            [
                442.0,
                126.6
            ],
            [
                453.8,
                125.2
            ],
            [
                450.2,
                137.0
            ],
            [
                448.0,
                143.0
            ]
        ],
        "shift": null,
        "channel": 0,
        "closest_Dend": 0
    },
    {
        "type": 0,
        "location": [
            159,
            148
        ],
        "bgloc": [
            157,
            173
        ],
        "mean": [
            [
                68.91397849462365,
                70.36021505376344,
                118.25806451612904,
                108.51612903225806,
                135.4731182795699,
                66.1774193548387,
                70.15053763440861,
                93.74731182795699
            ]
        ],
        "min": [
            [
                13,
                11,
                9,
                9,
                8,
                7,
                7,
                9
            ]
        ],
        "max": [
            [
                180,
                205,
                255,
                255,
                255,
                248,
                235,
                255
            ]
        ],
        "RawIntDen": [
            [
                12818,
                13087,
                21996,
                20184,
                25198,
                12309,
                13048,
                17437
            ]
        ],
        "IntDen": [
            [
                10352.051989814205,
                10569.301325534287,
                17764.373191445877,
                16300.968744141825,
                20350.367143028423,
                9940.974250477691,
                10537.804209946618,
                14082.441141082094
            ]
        ],
        "local_bg": [
            [
                5.575268817204301,
                5.56989247311828,
                6.102150537634409,
                6.010752688172043,
                6.209677419354839,
                6.376344086021505,
                5.946236559139785,
                6.483870967741935
            ]
        ],
        "area": [
            0.8076183484017947
        ],
        "distance": 10.250153323261982,
        "points": [
            [
                159.0,
                157.0
            ],
            [
                153.0,
                154.0
            ],
            [
                152.2,
                148.0
            ],
            [
                152.8,
                141.8
            ],
            [
                159.0,
                141.2
            ],
            [
                165.0,
                142.0
            ],
            [
                166.8,
                148.0
            ],
            [
                164.8,
                153.8
            ]
        ],
        "shift": null,
        "channel": 0,
        "closest_Dend": 0
    },
    {
        "type": 0,
        "location": [
            212,
            146
        ],
        "bgloc": [
            215,
            165
        ],
        "mean": [
            [
                128.5195530726257,
                139.41899441340783,
                127.54189944134079,
                130.44692737430168,
                145.34078212290504,
                158.18435754189943,
                202.35754189944134,
                168.69832402234636
            ]
        ],
        "min": [
            [
                21,
                25,
                12,
                13,
                18,
                20,
                27,
                17
            ]
        ],
        "max": [
            [
                251,
                255,
                255,
                254,
                255,
                255,
                255,
                255
            ]
        ],
        "RawIntDen": [
            [
                23005,
                24956,
                22830,
                23350,
                26016,
                28315,
                36222,
                30197
            ]
        ],
        "IntDen": [
            [
                17880.040638666713,
                19396.40487626892,
                17744.02641950711,
                18148.1829564385,
                20220.26243232137,
                22007.100660023818,
                28152.61169370944,
                23469.83643407167
            ]
        ],
        "local_bg": [
            [
                7.636871508379889,
                8.162011173184357,
                7.268156424581005,
                7.212290502793296,
                8.307262569832401,
                8.905027932960893,
                10.558659217877095,
                8.843575418994414
            ]
        ],
        "area": [
            0.7772241094834476
        ],
        "distance": 13.589897680955412,
        "points": [
            [
                212.0,
                153.8
            ],
            [
                206.2,
                151.8
            ],
            [
                204.2,
                146.0
            ],
            [
                206.8,
                140.8
            ],
            [
                212.0,
                139.8
            ],
            [
                216.6,
                141.4
            ],
            [
                218.8,
                146.0
            ],
            [
                221.0,
                155.0
            ]
        ],
        "shift": null,
        "channel": 0,
        "closest_Dend": 0
    },
    {
        "type": 0,
        "location": [
            19,
            120
        ],
        "bgloc": [
            14,
            142
        ],
        "mean": [
            [
                127.8465909090909,
                87.2784090909091,
                82.85227272727273,
                123.2215909090909,
                59.59090909090909,
                71.44886363636364,
                47.57954545454545,
                61.55681818181818
            ]
        ],
        "min": [
            [
                28,
                9,
                11,
                17,
                7,
                6,
                6,
                6
            ]
        ],
        "max": [
            [
                235,
                242,
                214,
                255,
                221,
                244,
                227,
                226
            ]
        ],
        "RawIntDen": [
            [
                22501,
                15361,
                14582,
                21687,
                10488,
                12575,
                8374,
                10834
            ]
        ],
        "IntDen": [
            [
                17195.21935752917,
                11738.845586907497,
                11143.535339384489,
                16573.162179758016,
                8014.908698358559,
                9609.789939155118,
                6399.394111370574,
                8279.321208811654
            ]
        ],
        "local_bg": [
            [
                7.0,
                6.942857142857143,
                7.2628571428571425,
                7.251428571428572,
                6.902857142857143,
                6.988571428571428,
                6.88,
                6.937142857142857
            ]
        ],
        "area": [
            0.7641980070898703
        ],
        "distance": 0.8273730354106436,
        "points": [
            [
                19.0,
                127.6
            ],
            [
                14.2,
                124.8
            ],
            [
                12.0,
                120.0
            ],
            [
                9.8,
                110.8
            ],
            [
                19.0,
                112.8
            ],
            [
                25.0,
                114.0
            ],
            [
                25.0,
                120.0
            ],
            [
                23.6,
                124.6
            ]
        ],
        "shift": null,
        "channel": 0,
        "closest_Dend": 0
    },
    {
        "type": 0,
        "location": [
            331,
            113
        ],
        "bgloc": [
            327,
            93
        ],
        "mean": [
            [
                101.48672566371681,
                71.41592920353982,
                118.76991150442478,
                175.08849557522123,
                162.39823008849558,
                153.3716814159292,
                103.5575221238938,
                64.12389380530973
            ]
        ],
        "min": [
            [
                12,
                7,
                17,
                51,
                52,
                20,
                12,
                12
            ]
        ],
        "max": [
            [
                224,
                185,
                252,
                255,
                255,
                255,
                255,
                197
            ]
        ],
        "RawIntDen": [
            [
                11468,
                8070,
                13421,
                19785,
                18351,
                17331,
                11702,
                7246
            ]
        ],
        "IntDen": [
            [
                5626.77255806619,
                3959.5443445757023,
                6585.01172844492,
                9707.507417277604,
                9003.915522590918,
                8503.452668629678,
                5741.584624563181,
                3555.2488625521114
            ]
        ],
        "local_bg": [
            [
                7.265486725663717,
                6.8053097345132745,
                7.221238938053097,
                10.150442477876107,
                9.973451327433628,
                13.106194690265486,
                10.20353982300885,
                8.831858407079647
            ]
        ],
        "area": [
            0.49064985682474627
        ],
        "distance": 21.780217874182075,
        "points": [
            [
                331.0,
                119.4
            ],
            [
                324.4,
                119.6
            ],
            [
                325.6,
                113.0
            ],
            [
                326.8,
                108.8
            ],
            [
                331.0,
                108.0
            ],
            [
                335.0,
                109.0
            ],
            [
                336.8,
                113.0
            ],
            [
                335.8,
                117.8
            ]
        ],
        "shift": null,
        "channel": 0,
        "closest_Dend": 0
    },
    {
        "type": 0,
        "location": [
            436,
            109
        ],
        "bgloc": [
            431,
            87
        ],
        "mean": [
            [
                101.70860927152317,
                91.98675496688742,
                115.19867549668874,
                128.6953642384106,
                126.43708609271523,
                129.9205298013245,
                143.28476821192052,
                114.90066225165563
            ]
        ],
        "min": [
            [
                10,
                20,
                17,
                15,
                18,
                20,
                17,
                11
            ]
        ],
        "max": [
            [
                204,
                189,
                236,
                255,
                250,
                255,
                255,
                255
            ]
        ],
        "RawIntDen": [
            [
                15358,
                13890,
                17395,
                19433,
                19092,
                19618,
                21636,
                17350
            ]
        ],
        "IntDen": [
            [
                10069.428988214888,
                9106.938966421721,
                11404.982240525978,
                12741.19113999088,
                12517.615460541649,
                12862.485863445741,
                14185.58181983444,
                11375.478118604526
            ]
        ],
        "local_bg": [
            [
                7.105960264900662,
                7.19205298013245,
                7.748344370860927,
                8.450331125827814,
                9.105960264900663,
                10.33774834437086,
                10.026490066225165,
                8.814569536423841
            ]
        ],
        "area": [
            0.6556471538100591
        ],
        "distance": 28.81909852613606,
        "points": [
            [
                436.0,
                116.2
            ],
            [
                430.4,
                114.6
            ],
            [
                430.2,
                109.0
            ],
            [
                431.8,
                104.8
            ],
            [
                436.0,
                103.6
            ],
            [
                441.6,
                103.4
            ],
            [
                445.2,
                109.0
            ],
            [
                442.2,
                115.2
            ]
        ],
        "shift": null,
        "channel": 0,
        "closest_Dend": 0
    },
    {
        "type": 0,
        "location": [
            466,
            99
        ],
        "bgloc": [
            466,
            61
        ],
        "mean": [
            [
                78.08212560386474,
                88.21739130434783,
                74.58454106280193,
                76.6328502415459,
                67.71497584541063,
                79.28985507246377,
                59.09661835748792,
                59.55072463768116
            ]
        ],
        "min": [
            [
                11,
                11,
                8,
                9,
                9,
                10,
                9,
                9
            ]
        ],
        "max": [
            [
                178,
                245,
                240,
                221,
                210,
                254,
                175,
                187
            ]
        ],
        "RawIntDen": [
            [
                16163,
                18261,
                15439,
                15863,
                14017,
                16413,
                12233,
                12327
            ]
        ],
        "IntDen": [
            [
                14527.32161612994,
                16413.006250828985,
                13876.589644956392,
                14257.68129658289,
                12598.494530303371,
                14752.02188241915,
                10995.033430063575,
                11079.520730188318
            ]
        ],
        "local_bg": [
            [
                5.647342995169082,
                5.78743961352657,
                5.51207729468599,
                5.502415458937198,
                5.7101449275362315,
                5.763285024154589,
                5.579710144927536,
                5.734299516908212
            ]
        ],
        "area": [
            0.8988010651568361
        ],
        "distance": 30.661365581275188,
        "points": [
            [
                466.0,
                110.2
            ],
            [
                459.0,
                106.0
            ],
            [
                456.8,
                99.0
            ],
            [
                458.6,
                91.6
            ],
            [
                466.0,
                90.4
            ],
            [
                471.0,
                94.0
            ],
            [
                471.2,
                99.0
            ],
            [
                470.0,
                103.0
            ]
        ],
        "shift": null,
        "channel": 0,
        "closest_Dend": 0
    },
    {
        "type": 0,
        "location": [
            115,
            131
        ],
        "bgloc": [
            115,
            121
        ],
        "mean": [
            [
                87.98901098901099,
                91.91208791208791,
                93.65384615384616,
                140.66483516483515,
                140.4945054945055,
                116.72527472527473,
                131.76923076923077,
                134.7087912087912
            ]
        ],
        "min": [
            [
                16,
                20,
                16,
                26,
                33,
                17,
                21,
                27
            ]
        ],
        "max": [
            [
                202,
                221,
                190,
                255,
                255,
                231,
                253,
                255
            ]
        ],
        "RawIntDen": [
            [
                16014,
                16728,
                17045,
                25601,
                25570,
                21244,
                23982,
                24517
            ]
        ],
        "IntDen": [
            [
                12655.066892998677,
                13219.305544278874,
                13469.81486144389,
                20231.195674263716,
                20206.69791769553,
                16788.07550111552,
                18951.780581234812,
                19374.56444458902
            ]
        ],
        "local_bg": [
            [
                18.906593406593405,
                26.934065934065934,
                35.417582417582416,
                101.51098901098901,
                74.82967032967034,
                32.120879120879124,
                56.89010989010989,
                47.83516483516483
            ]
        ],
        "area": [
            0.7902502118770249
        ],
        "distance": 7.314382379815687,
        "points": [
            [
                115.0,
                139.4
            ],
            [
                110.2,
                135.8
            ],
            [
                109.4,
                131.0
            ],
            [
                111.0,
                127.0
            ],
            [
                115.0,
                125.8
            ],
            [
                119.2,
                126.8
            ],
            [
                123.6,
                131.0
            ],
            [
                126.4,
                142.4
            ]
        ],
        "shift": null,
        "channel": 0,
        "closest_Dend": 0
    },
    {
        "type": 0,
        "location": [
            51,
            112
        ],
        "bgloc": [
            56,
            99
        ],
        "mean": [
            [
                131.8235294117647,
                124.80672268907563,
                146.57142857142858,
                147.51260504201682,
                142.2941176470588,
                184.88235294117646,
                130.25210084033614,
                137.61344537815125
            ]
        ],
        "min": [
            [
                20,
                24,
                28,
                46,
                36,
                59,
                31,
                32
            ]
        ],
        "max": [
            [
                255,
                242,
                255,
                241,
                249,
                255,
                225,
                241
            ]
        ],
        "RawIntDen": [
            [
                15687,
                14852,
                17442,
                17554,
                16933,
                22001,
                15500,
                16376
            ]
        ],
        "IntDen": [
            [
                8105.50524050589,
                7674.059019059952,
                9012.317358634777,
                9070.187989535309,
                8749.316009274318,
                11367.962057523433,
                8008.881954984465,
                8461.51296095649
            ]
        ],
        "local_bg": [
            [
                11.126050420168067,
                11.092436974789916,
                13.109243697478991,
                13.327731092436975,
                14.487394957983193,
                17.756302521008404,
                14.46218487394958,
                14.201680672268907
            ]
        ],
        "area": [
            0.5167020616119009
        ],
        "distance": 2.7056220762315664,
        "points": [
            [
                51.0,
                117.4
            ],
            [
                47.0,
                116.0
            ],
            [
                43.4,
                112.0
            ],
            [
                46.8,
                107.8
            ],
            [
                51.0,
                106.0
            ],
            [
                55.4,
                107.6
            ],
            [
                57.4,
                112.0
            ],
            [
                57.0,
                118.0
            ]
        ],
        "shift": null,
        "channel": 0,
        "closest_Dend": 0
    },
    {
        "type": 0,
        "location": [
            494,
            141
        ],
        "bgloc": [
            490,
            179
        ],
        "mean": [
            [
                58.13297872340426,
                68.44148936170212,
                61.29255319148936,
                130.56914893617022,
                49.547872340425535,
                46.638297872340424,
                63.34574468085106,
                75.66489361702128
            ]
        ],
        "min": [
            [
                11,
                7,
                6,
                9,
                4,
                5,
                6,
                7
            ]
        ],
        "max": [
            [
                164,
                192,
                220,
                255,
                233,
                220,
                197,
                217
            ]
        ],
        "RawIntDen": [
            [
                10929,
                12867,
                11523,
                24547,
                9315,
                8768,
                11909,
                14225
            ]
        ],
        "IntDen": [
            [
                8921.369111722819,
                10503.363195217999,
                9406.252747221342,
                20037.77542185562,
                7603.8570112268335,
                7157.339589311527,
                9721.345480053715,
                11611.901877047954
            ]
        ],
        "local_bg": [
            [
                4.24468085106383,
                4.622340425531915,
                4.659574468085107,
                4.925531914893617,
                4.281914893617022,
                4.537234042553192,
                4.696808510638298,
                4.877659574468085
            ]
        ],
        "area": [
            0.8163024166641796
        ],
        "distance": 32.638583125266834,
        "points": [
            [
                494.0,
                150.8
            ],
            [
                488.4,
                146.6
            ],
            [
                487.6,
                141.0
            ],
            [
                488.6,
                135.6
            ],
            [
                494.0,
                135.0
            ],
            [
                499.6,
                135.4
            ],
            [
                502.6,
                141.0
            ],
            [
                501.6,
                148.6
            ]
        ],
        "shift": null,
        "channel": 0,
        "closest_Dend": 0
    },
    {
        "type": 0,
        "location": [
            188,
            143
        ],
        "bgloc": [
            186,
            155
        ],
        "mean": [
            [
                82.08759124087591,
                73.1094890510949,
                70.86131386861314,
                53.96350364963504,
                88.56204379562044,
                96.4087591240876,
                69.78832116788321,
                66.44525547445255
            ]
        ],
        "min": [
            [
                21,
                14,
                11,
                8,
                12,
                15,
                10,
                11
            ]
        ],
        "max": [
            [
                157,
                157,
                182,
                185,
                246,
                231,
                218,
                185
            ]
        ],
        "RawIntDen": [
            [
                11246,
                10016,
                9708,
                7393,
                12133,
                13208,
                9561,
                9103
            ]
        ],
        "IntDen": [
            [
                6689.780669996462,
                5958.1044985492235,
                5774.888026349427,
                4397.790191471087,
                7217.420315584836,
                7856.893392256204,
                5687.443800981342,
                5414.998527385541
            ]
        ],
        "local_bg": [
            [
                8.963503649635037,
                9.452554744525548,
                8.613138686131387,
                9.321167883211679,
                10.474452554744525,
                11.364963503649635,
                9.708029197080291,
                9.678832116788321
            ]
        ],
        "area": [
            0.594858675973365
        ],
        "distance": 12.181970567644845,
        "points": [
            [
                188.0,
                149.8
            ],
            [
                183.4,
                147.6
            ],
            [
                181.8,
                143.0
            ],
            [
                183.0,
                138.0
            ],
            [
                188.0,
                138.2
            ],
            [
                192.2,
                138.8
            ],
            [
                198.4,
                143.0
            ],
            [
                193.8,
                148.8
            ]
        ],
        "shift": null,
        "channel": 0,
        "closest_Dend": 0
    },
    {
        "type": 0,
        "location": [
            14,
            97
        ],
        "bgloc": [
            18,
            77
        ],
        "mean": [
            [
                100.08843537414965,
                104.6938775510204,
                125.18367346938776,
                106.79591836734694,
                112.5374149659864,
                127.06122448979592,
                115.83673469387755,
                110.7687074829932
            ]
        ],
        "min": [
            [
                16,
                17,
                38,
                21,
                23,
                41,
                47,
                35
            ]
        ],
        "max": [
            [
                181,
                200,
                255,
                230,
                237,
                214,
                177,
                181
            ]
        ],
        "RawIntDen": [
            [
                14713,
                15390,
                18402,
                15699,
                16543,
                18678,
                17028,
                16283
            ]
        ],
        "IntDen": [
            [
                9390.999181318462,
                9823.114076020604,
                11745.610476083895,
                10020.342292361758,
                10559.049782950542,
                11921.775484854636,
                10868.615106333908,
                10393.097238456367
            ]
        ],
        "local_bg": [
            [
                8.346938775510203,
                8.503401360544217,
                9.931972789115646,
                9.891156462585034,
                11.231292517006803,
                11.918367346938776,
                10.802721088435375,
                10.170068027210885
            ]
        ],
        "area": [
            0.6382790172852894
        ],
        "distance": 0.17579836877284513,
        "points": [
            [
                14.0,
                103.6
            ],
            [
                9.4,
                101.6
            ],
            [
                7.0,
                97.0
            ],
            [
                8.2,
                91.2
            ],
            [
                14.0,
                90.6
            ],
            [
                18.2,
                92.8
            ],
            [
                20.2,
                97.0
            ],
            [
                22.2,
                105.2
            ]
        ],
        "shift": null,
        "channel": 0,
        "closest_Dend": 0
    },
    {
        "type": 0,
        "location": [
            111,
            152
        ],
        "bgloc": [
            111,
            184
        ],
        "mean": [
            [
                94.75252525252525,
                98.21212121212122,
                87.44444444444444,
                101.5959595959596,
                82.65656565656566,
                116.12626262626263,
                100.33838383838383,
                102.15151515151516
            ]
        ],
        "min": [
            [
                19,
                25,
                12,
                15,
                14,
                15,
                15,
                40
            ]
        ],
        "max": [
            [
                196,
                202,
                196,
                216,
                205,
                213,
                220,
                198
            ]
        ],
        "RawIntDen": [
            [
                18761,
                19446,
                17314,
                20116,
                16366,
                22993,
                19867,
                20226
            ]
        ],
        "IntDen": [
            [
                16129.258662389688,
                16718.16875160332,
                14885.239831598266,
                17294.18299944731,
                14070.222657036918,
                19767.60537414456,
                17080.11203271126,
                17388.752502824682
            ]
        ],
        "local_bg": [
            [
                5.277777777777778,
                5.8232323232323235,
                5.065656565656566,
                5.459595959595959,
                6.055555555555555,
                5.97979797979798,
                5.91919191919192,
                6.217171717171717
            ]
        ],
        "area": [
            0.8597227579761041
        ],
        "distance": 7.050805927720513,
        "points": [
            [
                111.0,
                158.2
            ],
            [
                106.8,
                156.2
            ],
            [
                102.2,
                152.0
            ],
            [
                101.6,
                142.6
            ],
            [
                111.0,
                142.2
            ],
            [
                118.4,
                144.6
            ],
            [
                116.2,
                152.0
            ],
            [
                115.4,
                156.4
            ]
        ],
        "shift": null,
        "channel": 0,
        "closest_Dend": 0
    }
]