[
    {
        "type": 0,
        "location": [
            370,
            332
        ],
        "bgloc": [
            373,
            358
        ],
        "mean": [
            [
                29.43949044585987,
                23.878980891719745,
                30.85031847133758,
                34.9203821656051,
                35.30573248407644,
                44.24203821656051,
                31.786624203821656,
                30.168789808917197
            ]
        ],
        "min": [
            [
                6,
                6,
                7,
                7,
                6,
                12,
                8,
                9
            ]
        ],
        "max": [
            [
                111,
                79,
                89,
                110,
                121,
                117,
                122,
                97
            ]
        ],
        "RawIntDen": [
            [
                9244,
                7498,
                9687,
                10965,
                11086,
                13892,
                9981,
                9473
            ]
        ],
        "IntDen": [
            [
                12643.795296000002,
                10255.644432000001,
                13249.723608000002,
                14997.751560000002,
                15163.253424000002,
                19001.255328000003,
                13651.852104000001,
                12957.017832000001
            ]
        ],
        "local_bg": [
            [
                6.8312101910828025,
                6.748407643312102,
                7.2993630573248405,
                7.617834394904459,
                8.898089171974522,
                16.90764331210191,
                14.86624203821656,
                13.222929936305732
            ]
        ],
        "area": [
            1.367784
        ],
        "distance": 23.601218606080344,
        "points": [
            [
                370.0,
                345.0
            ],
            [
                361.6,
                340.4
            ],
            [
                358.6,
                332.0
            ],
            [
                362.6,
                324.6
            ],
            [
                370.0,
                324.8
            ],
            [
                377.2,
                324.8
            ],
            [
                377.8,
                332.0
            ],
            [
                378.2,
                340.2
            ]
        ],
        "shift": null,
        "channel": 0,
        "closest_Dend": 0
    },
    {
        "type": 0,
        "location": [
            188,
            309
        ],
        "bgloc": [
            188,
            333
        ],
        "mean": [
            [
                57.235099337748345,
                40.55298013245033,
                42.97682119205298,
                63.00993377483444,
                70.40397350993378,
                81.30132450331126,
                75.12913907284768,
                66.55298013245033
            ]
        ],
        "min": [
            [
                8,
                6,
                6,
                11,
                15,
                13,
                14,
                10
            ]
        ],
        "max": [
            [
                174,
                132,
                142,
                166,
                163,
                188,
                185,
                162
            ]
        ],
        "RawIntDen": [
            [
                17285,
                12247,
                12979,
                19029,
                21262,
                24553,
                22689,
                20099
            ]
        ],
        "IntDen": [
            [
                22738.624920000002,
                16111.075464000001,
                17074.030248000003,
                25032.877848000004,
                27970.416144000003,
                32299.766136000002,
                29847.651768000003,
                26440.475688000002
            ]
        ],
        "local_bg": [
            [
                7.172185430463577,
                7.3509933774834435,
                7.5198675496688745,
                7.933774834437086,
                9.390728476821192,
                9.57615894039735,
                8.271523178807946,
                8.105960264900663
            ]
        ],
        "area": [
            1.3155120000000002
        ],
        "distance": 11.645120724584348,
        "points": [
            [
                188.0,
                319.6
            ],
            [
                177.6,
                319.4
            ],
            [
                178.0,
                309.0
            ],
            [
                181.8,
                302.8
            ],
            [
                188.0,
                301.2
            ],
            [
                195.6,
                301.4
            ],
            [
                198.4,
                309.0
            ],
            [
                194.6,
                315.6
            ]
        ],
        "shift": null,
        "channel": 0,
        "closest_Dend": 0
    },
    {
        "type": 0,
        "location": [
            271,
            314
        ],
        "bgloc": [
            263,
            331
        ],
        "mean": [
            [
                39.73828125,
                39.1015625,
                40.40234375,
                48.765625,
                54.25390625,
                51.265625,
                40.4296875,
                43.90625
            ]
        ],
        "min": [
            [
                7,
                8,
                8,
                11,
                16,
                13,
                9,
                8
            ]
        ],
        "max": [
            [
                106,
                106,
                116,
                120,
                140,
                116,
                131,
                126
            ]
        ],
        "RawIntDen": [
            [
                10173,
                10010,
                10343,
                12484,
                13889,
                13124,
                10350,
                11240
            ]
        ],
        "IntDen": [
            [
                11344.278528,
                11162.51136,
                11533.851648000002,
                13921.357824000002,
                15488.123904000002,
                14635.044864000001,
                11541.6576,
                12534.12864
            ]
        ],
        "local_bg": [
            [
                8.8046875,
                8.86328125,
                8.42578125,
                8.9296875,
                9.421875,
                9.58984375,
                8.82421875,
                8.44140625
            ]
        ],
        "area": [
            1.1151360000000001
        ],
        "distance": 17.08033778318776,
        "points": [
            [
                271.0,
                323.8
            ],
            [
                264.4,
                320.6
            ],
            [
                262.0,
                314.0
            ],
            [
                263.6,
                306.6
            ],
            [
                271.0,
                307.4
            ],
            [
                275.6,
                309.4
            ],
            [
                284.0,
                314.0
            ],
            [
                278.8,
                321.8
            ]
        ],
        "shift": null,
        "channel": 0,
        "closest_Dend": 0
    },
    {
        "type": 0,
        "location": [
            340,
            329
        ],
        "bgloc": [
            342,
            339
        ],
        "mean": [
            [
                46.63598326359833,
                41.73430962343096,
                44.18828451882845,
                66.97280334728033,
                62.82426778242678,
                62.97907949790795,
                70.55857740585775,
                57.97280334728033
            ]
        ],
        "min": [
            [
                7,
                7,
                8,
                22,
                10,
                14,
                13,
                13
            ]
        ],
        "max": [
            [
                152,
                119,
                129,
                160,
                141,
                177,
                153,
                169
            ]
        ],
        "RawIntDen": [
            [
                22292,
                19949,
                21122,
                32013,
                30030,
                30104,
                33727,
                27711
            ]
        ],
        "IntDen": [
            [
                46415.689056,
                41537.169432,
                43979.552496000004,
                66656.444184,
                62527.505040000004,
                62681.585472000006,
                70225.280136,
                57698.95744800001
            ]
        ],
        "local_bg": [
            [
                17.430962343096233,
                17.192468619246863,
                19.96652719665272,
                38.63598326359833,
                31.223849372384937,
                30.322175732217573,
                30.813807531380753,
                30.610878661087867
            ]
        ],
        "area": [
            2.0821680000000002
        ],
        "distance": 21.628272659136,
        "points": [
            [
                340.0,
                341.6
            ],
            [
                328.0,
                341.0
            ],
            [
                322.0,
                329.0
            ],
            [
                334.4,
                323.4
            ],
            [
                340.0,
                323.4
            ],
            [
                347.6,
                321.4
            ],
            [
                355.0,
                329.0
            ],
            [
                350.2,
                339.2
            ]
        ],
        "shift": null,
        "channel": 0,
        "closest_Dend": 0
    },
    {
        "type": 0,
        "location": [
            282,
            292
        ],
        "bgloc": [
            293,
            264
        ],
        "mean": [
            [
                54.31799163179916,
                52.59832635983263,
                62.14225941422594,
                61.05020920502092,
                91.7489539748954,
                78.72803347280335,
                95.71548117154812,
                90.15899581589959
            ]
        ],
        "min": [
            [
                7,
                8,
                12,
                9,
                14,
                12,
                13,
                14
            ]
        ],
        "max": [
            [
                135,
                141,
                144,
                171,
                196,
                152,
                221,
                191
            ]
        ],
        "RawIntDen": [
            [
                12982,
                12571,
                14852,
                14591,
                21928,
                18816,
                22876,
                21548
            ]
        ],
        "IntDen": [
            [
                13515.352488000002,
                13087.466964000001,
                15462.179568000001,
                15190.456644000002,
                22828.889952,
                19589.036544000002,
                23815.837584000004,
                22433.278032000002
            ]
        ],
        "local_bg": [
            [
                7.2301255230125525,
                7.518828451882845,
                7.606694560669456,
                7.627615062761507,
                8.581589958158995,
                8.414225941422593,
                8.782426778242678,
                8.92050209205021
            ]
        ],
        "area": [
            1.0410840000000001
        ],
        "distance": 17.175666253443918,
        "points": [
            [
                282.0,
                301.6
            ],
            [
                274.8,
                299.2
            ],
            [
                275.0,
                292.0
            ],
            [
                276.6,
                286.6
            ],
            [
                282.0,
                286.0
            ],
            [
                286.6,
                287.4
            ],
            [
                288.4,
                292.0
            ],
            [
                296.2,
                306.2
            ]
        ],
        "shift": null,
        "channel": 0,
        "closest_Dend": 0
    },
    {
        "type": 0,
        "location": [
            105,
            272
        ],
        "bgloc": [
            106,
            247
        ],
        "mean": [
            [
                115.97409326424871,
                108.80310880829016,
                99.39378238341969,
                112.97927461139896,
                86.67875647668394,
                100.38860103626943,
                104.04663212435233,
                103.27979274611398
            ]
        ],
        "min": [
            [
                23,
                17,
                13,
                17,
                10,
                19,
                19,
                22
            ]
        ],
        "max": [
            [
                237,
                206,
                212,
                221,
                220,
                212,
                225,
                232
            ]
        ],
        "RawIntDen": [
            [
                22383,
                20999,
                19183,
                21805,
                16729,
                19375,
                20081,
                19933
            ]
        ],
        "IntDen": [
            [
                18817.567164000004,
                17654.027292000002,
                16127.301564000001,
                18331.63794,
                14064.204132,
                16288.717500000002,
                16882.257348000003,
                16757.832564
            ]
        ],
        "local_bg": [
            [
                8.046632124352332,
                8.191709844559586,
                7.44559585492228,
                7.61139896373057,
                7.937823834196891,
                8.186528497409327,
                7.839378238341969,
                7.901554404145077
            ]
        ],
        "area": [
            0.8407080000000001
        ],
        "distance": 5.643285453428395,
        "points": [
            [
                105.0,
                279.8
            ],
            [
                97.8,
                279.2
            ],
            [
                99.6,
                272.0
            ],
            [
                101.0,
                268.0
            ],
            [
                105.0,
                266.2
            ],
            [
                111.4,
                265.6
            ],
            [
                115.4,
                272.0
            ],
            [
                113.0,
                280.0
            ]
        ],
        "shift": null,
        "channel": 0,
        "closest_Dend": 0
    },
    {
        "type": 0,
        "location": [
            386,
            304
        ],
        "bgloc": [
            384,
            277
        ],
        "mean": [
            [
                35.144385026737964,
                29.32620320855615,
                29.887700534759357,
                25.727272727272727,
                21.732620320855617,
                28.32085561497326,
                28.796791443850267,
                23.636363636363637
            ]
        ],
        "min": [
            [
                6,
                5,
                7,
                6,
                6,
                6,
                8,
                8
            ]
        ],
        "max": [
            [
                96,
                99,
                88,
                96,
                65,
                80,
                92,
                66
            ]
        ],
        "RawIntDen": [
            [
                6572,
                5484,
                5589,
                4811,
                4064,
                5296,
                5385,
                4420
            ]
        ],
        "IntDen": [
            [
                5353.367184000001,
                4467.112848000001,
                4552.642908000001,
                3918.905892,
                3310.4206080000004,
                4313.973312,
                4386.47022,
                3600.40824
            ]
        ],
        "local_bg": [
            [
                6.770053475935829,
                7.197860962566845,
                6.893048128342246,
                6.791443850267379,
                7.331550802139038,
                7.390374331550802,
                7.331550802139038,
                7.550802139037433
            ]
        ],
        "area": [
            0.8145720000000001
        ],
        "distance": 24.822284743364488,
        "points": [
            [
                386.0,
                312.2
            ],
            [
                378.8,
                311.2
            ],
            [
                377.8,
                304.0
            ],
            [
                381.0,
                299.0
            ],
            [
                386.0,
                297.8
            ],
            [
                391.4,
                298.6
            ],
            [
                392.6,
                304.0
            ],
            [
                393.8,
                311.8
            ]
        ],
        "shift": null,
        "channel": 0,
        "closest_Dend": 0
    },
    {
        "type": 0,
        "location": [
            227,
            287
        ],
        "bgloc": [
            227,
            267
        ],
        "mean": [
            [
                26.875,
                19.205,
                16.255,
                22.59,
                30.3,
                29.405,
                47.095,
                38.56
            ]
        ],
        "min": [
            [
                6,
                5,
                5,
                6,
                8,
                10,
                13,
                9
            ]
        ],
        "max": [
            [
                72,
                63,
                67,
                78,
                93,
                73,
                125,
                102
            ]
        ],
        "RawIntDen": [
            [
                5375,
                3841,
                3251,
                4518,
                6060,
                5881,
                9419,
                7712
            ]
        ],
        "IntDen": [
            [
                4682.700000000001,
                3346.2792000000004,
                2832.2712,
                3936.0816000000004,
                5279.472000000001,
                5123.5272,
                8205.8328,
                6718.6944
            ]
        ],
        "local_bg": [
            [
                7.45,
                7.34,
                6.96,
                6.985,
                7.895,
                7.705,
                7.79,
                7.86
            ]
        ],
        "area": [
            0.8712000000000001
        ],
        "distance": 13.82312072458435,
        "points": [
            [
                227.0,
                293.8
            ],
            [
                220.6,
                293.4
            ],
            [
                219.2,
                287.0
            ],
            [
                220.8,
                280.8
            ],
            [
                227.0,
                278.6
            ],
            [
                233.4,
                280.6
            ],
            [
                235.8,
                287.0
            ],
            [
                233.2,
                293.2
            ]
        ],
        "shift": null,
        "channel": 0,
        "closest_Dend": 0
    },
    {
        "type": 0,
        "location": [
            292,
            330
        ],
        "bgloc": [
            277,
            353
        ],
        "mean": [
            [
                43.917705735660846,
                39.30174563591022,
                33.39650872817955,
                49.748129675810475,
                63.63840399002494,
                64.19950124688279,
                54.27431421446384,
                62.67082294264339
            ]
        ],
        "min": [
            [
                9,
                8,
                6,
                8,
                18,
                12,
                10,
                9
            ]
        ],
        "max": [
            [
                137,
                121,
                100,
                135,
                134,
                144,
                156,
                173
            ]
        ],
        "RawIntDen": [
            [
                17611,
                15760,
                13392,
                19949,
                25519,
                25744,
                21764,
                25131
            ]
        ],
        "IntDen": [
            [
                30762.119916000003,
                27528.874560000004,
                23392.556352000003,
                34846.035444,
                44575.46636400001,
                44968.48646400001,
                38016.397584000006,
                43897.725036
            ]
        ],
        "local_bg": [
            [
                8.620947630922693,
                9.104738154613466,
                8.947630922693266,
                8.386533665835412,
                9.057356608478804,
                8.678304239401497,
                7.827930174563591,
                8.17206982543641
            ]
        ],
        "area": [
            1.7467560000000002
        ],
        "distance": 18.901441482800593,
        "points": [
            [
                292.0,
                343.0
            ],
            [
                282.4,
                339.6
            ],
            [
                283.2,
                330.0
            ],
            [
                282.8,
                320.8
            ],
            [
                292.0,
                320.6
            ],
            [
                298.4,
                323.6
            ],
            [
                306.8,
                330.0
            ],
            [
                301.6,
                339.6
            ]
        ],
        "shift": null,
        "channel": 0,
        "closest_Dend": 0
    },
    {
        "type": 0,
        "location": [
            34,
            274
        ],
        "bgloc": [
            40,
            258
        ],
        "mean": [
            [
                43.62732919254658,
                47.52795031055901,
                36.34782608695652,
                58.82608695652174,
                34.12422360248447,
                44.18012422360248,
                50.62111801242236,
                36.20496894409938
            ]
        ],
        "min": [
            [
                8,
                9,
                6,
                7,
                7,
                6,
                9,
                8
            ]
        ],
        "max": [
            [
                123,
                114,
                102,
                155,
                104,
                128,
                122,
                100
            ]
        ],
        "RawIntDen": [
            [
                7024,
                7652,
                5852,
                9471,
                5494,
                7113,
                8150,
                5829
            ]
        ],
        "IntDen": [
            [
                4926.043584000001,
                5366.470032,
                4104.101232000001,
                6642.163836000001,
                3853.0301040000004,
                4988.4607080000005,
                5715.7254,
                4087.9709640000005
            ]
        ],
        "local_bg": [
            [
                8.229813664596273,
                8.726708074534162,
                8.79503105590062,
                8.149068322981366,
                8.105590062111801,
                8.198757763975156,
                8.695652173913043,
                8.279503105590063
            ]
        ],
        "area": [
            0.701316
        ],
        "distance": 0.7857568219538504,
        "points": [
            [
                34.0,
                279.8
            ],
            [
                29.8,
                278.2
            ],
            [
                28.0,
                274.0
            ],
            [
                29.8,
                269.8
            ],
            [
                34.0,
                268.0
            ],
            [
                40.2,
                267.8
            ],
            [
                42.4,
                274.0
            ],
            [
                42.6,
                282.6
            ]
        ],
        "shift": null,
        "channel": 0,
        "closest_Dend": 0
    },
    {
        "type": 0,
        "location": [
            18,
            265
        ],
        "bgloc": [
            24,
            244
        ],
        "mean": [
            [
                33.695035460992905,
                40.184397163120565,
                29.921985815602838,
                29.69503546099291,
                22.099290780141843,
                25.70212765957447,
                23.099290780141843,
                22.72340425531915
            ]
        ],
        "min": [
            [
                9,
                10,
                6,
                9,
                6,
                7,
                6,
                7
            ]
        ],
        "max": [
            [
                100,
                108,
                102,
                72,
                61,
                88,
                64,
                60
            ]
        ],
        "RawIntDen": [
            [
                4751,
                5666,
                4219,
                4187,
                3116,
                3624,
                3257,
                3204
            ]
        ],
        "IntDen": [
            [
                2918.0451960000005,
                3480.0345360000006,
                2591.2929240000003,
                2571.638652,
                1913.8347360000002,
                2225.846304,
                2000.4363720000001,
                1967.8839840000003
            ]
        ],
        "local_bg": [
            [
                6.957142857142857,
                7.3,
                7.3428571428571425,
                7.55,
                7.4071428571428575,
                7.5,
                7.692857142857143,
                7.771428571428571
            ]
        ],
        "area": [
            0.6141960000000001
        ],
        "distance": 0.37567858602800375,
        "points": [
            [
                18.0,
                272.2
            ],
            [
                14.0,
                269.0
            ],
            [
                14.0,
                265.0
            ],
            [
                14.2,
                261.2
            ],
            [
                18.0,
                258.2
            ],
            [
                24.0,
                259.0
            ],
            [
                26.4,
                265.0
            ],
            [
                24.2,
                271.2
            ]
        ],
        "shift": null,
        "channel": 0,
        "closest_Dend": 0
    },
    {
        "type": 0,
        "location": [
            102,
            293
        ],
        "bgloc": [
            102,
            311
        ],
        "mean": [
            [
                53.83394833948339,
                65.78966789667896,
                74.81180811808117,
                78.37269372693727,
                86.33210332103322,
                89.98154981549816,
                79.77121771217712,
                75.00738007380073
            ]
        ],
        "min": [
            [
                8,
                10,
                13,
                16,
                13,
                19,
                12,
                10
            ]
        ],
        "max": [
            [
                179,
                177,
                192,
                169,
                196,
                182,
                205,
                177
            ]
        ],
        "RawIntDen": [
            [
                14589,
                17829,
                20274,
                21239,
                23396,
                24385,
                21618,
                20327
            ]
        ],
        "IntDen": [
            [
                17221.964364000003,
                21046.706604000003,
                23932.970424000003,
                25072.129764,
                27618.416496,
                28785.907260000004,
                25519.530168,
                23995.535652000002
            ]
        ],
        "local_bg": [
            [
                7.907749077490775,
                8.261992619926199,
                8.302583025830259,
                8.756457564575646,
                12.804428044280442,
                10.476014760147601,
                9.059040590405903,
                9.092250922509225
            ]
        ],
        "area": [
            1.180476
        ],
        "distance": 5.49236275166621,
        "points": [
            [
                102.0,
                302.6
            ],
            [
                96.8,
                298.2
            ],
            [
                94.6,
                293.0
            ],
            [
                95.8,
                286.8
            ],
            [
                102.0,
                286.8
            ],
            [
                108.2,
                286.8
            ],
            [
                118.8,
                293.0
            ],
            [
                110.4,
                301.4
            ]
        ],
        "shift": null,
        "channel": 0,
        "closest_Dend": 0
    },
    {
        "type": 0,
        "location": [
            146,
            303
        ],
        "bgloc": [
            142,
            325
        ],
        "mean": [
            [
                60.75987841945289,
                64.37082066869301,
                70.77811550151975,
                75.34954407294833,
                84.26139817629179,
                86.29787234042553,
                86.90577507598785,
                71.8176291793313
            ]
        ],
        "min": [
            [
                8,
                11,
                16,
                16,
                27,
                23,
                15,
                16
            ]
        ],
        "max": [
            [
                169,
                155,
                172,
                156,
                226,
                179,
                189,
                173
            ]
        ],
        "RawIntDen": [
            [
                19990,
                21178,
                23286,
                24790,
                27722,
                28392,
                28592,
                23628
            ]
        ],
        "IntDen": [
            [
                28648.148760000004,
                30350.700072000003,
                33371.725464,
                35527.14396,
                39729.063528000006,
                40689.256608,
                40975.881408,
                33861.85387200001
            ]
        ],
        "local_bg": [
            [
                7.699088145896656,
                7.957446808510638,
                8.085106382978724,
                8.109422492401215,
                8.914893617021276,
                8.653495440729483,
                8.370820668693009,
                8.200607902735563
            ]
        ],
        "area": [
            1.433124
        ],
        "distance": 8.573886365936715,
        "points": [
            [
                146.0,
                313.2
            ],
            [
                139.8,
                309.2
            ],
            [
                125.2,
                303.0
            ],
            [
                140.2,
                297.2
            ],
            [
                146.0,
                296.0
            ],
            [
                152.2,
                296.8
            ],
            [
                158.4,
                303.0
            ],
            [
                154.0,
                311.0
            ]
        ],
        "shift": null,
        "channel": 0,
        "closest_Dend": 0
    },
    {
        "type": 0,
        "location": [
            212,
            289
        ],
        "bgloc": [
            212,
            273
        ],
        "mean": [
            [
                51.77952755905512,
                37.173228346456696,
                25.598425196850393,
                22.700787401574804,
                37.55118110236221,
                32.79527559055118,
                34.46456692913386,
                39.669291338582674
            ]
        ],
        "min": [
            [
                11,
                8,
                5,
                7,
                9,
                9,
                7,
                7
            ]
        ],
        "max": [
            [
                125,
                89,
                89,
                70,
                98,
                129,
                115,
                128
            ]
        ],
        "RawIntDen": [
            [
                6576,
                4721,
                3251,
                2883,
                4769,
                4165,
                4377,
                5038
            ]
        ],
        "IntDen": [
            [
                3637.922112,
                2611.7138520000003,
                1798.492212,
                1594.9101960000003,
                2638.2680280000004,
                2304.12798,
                2421.4089240000003,
                2787.082056
            ]
        ],
        "local_bg": [
            [
                8.244094488188976,
                8.188976377952756,
                7.724409448818897,
                7.480314960629921,
                8.692913385826772,
                8.68503937007874,
                8.015748031496063,
                8.291338582677165
            ]
        ],
        "area": [
            0.553212
        ],
        "distance": 12.833120724584349,
        "points": [
            [
                212.0,
                294.8
            ],
            [
                206.4,
                294.6
            ],
            [
                206.0,
                289.0
            ],
            [
                207.4,
                284.4
            ],
            [
                212.0,
                283.0
            ],
            [
                217.2,
                283.8
            ],
            [
                219.6,
                289.0
            ],
            [
                216.8,
                293.8
            ]
        ],
        "shift": null,
        "channel": 0,
        "closest_Dend": 0
    },
    {
        "type": 0,
        "location": [
            209,
            307
        ],
        "bgloc": [
            209,
            327
        ],
        "mean": [
            [
                36.4140350877193,
                44.536842105263155,
                55.487719298245615,
                57.96491228070175,
                59.99298245614035,
                61.18245614035088,
                39.97192982456141,
                42.58245614035088
            ]
        ],
        "min": [
            [
                7,
                7,
                10,
                7,
                15,
                14,
                8,
                6
            ]
        ],
        "max": [
            [
                97,
                121,
                148,
                199,
                174,
                140,
                107,
                120
            ]
        ],
        "RawIntDen": [
            [
                10378,
                12693,
                15814,
                16520,
                17098,
                17437,
                11392,
                12136
            ]
        ],
        "IntDen": [
            [
                12883.87188,
                15757.851780000003,
                19632.448440000004,
                20508.919200000004,
                21226.48308,
                21647.338020000003,
                14142.712320000002,
                15066.358560000002
            ]
        ],
        "local_bg": [
            [
                7.624561403508772,
                8.2,
                8.203508771929824,
                8.449122807017543,
                8.95438596491228,
                8.712280701754386,
                8.23157894736842,
                7.729824561403508
            ]
        ],
        "area": [
            1.2414600000000002
        ],
        "distance": 12.635120724584349,
        "points": [
            [
                209.0,
                315.6
            ],
            [
                202.2,
                313.8
            ],
            [
                198.0,
                307.0
            ],
            [
                202.2,
                300.2
            ],
            [
                209.0,
                300.2
            ],
            [
                215.8,
                300.2
            ],
            [
                222.8,
                307.0
            ],
            [
                217.0,
                315.0
            ]
        ],
        "shift": null,
        "channel": 0,
        "closest_Dend": 0
    }
]