[
    {
        "type": 0,
        "location": [
            71,
            190
        ],
        "bgloc": [
            77,
            224
        ],
        "mean": [
            [
                53.119601328903656,
                54.46843853820598,
                64.66112956810632,
                76.55813953488372,
                78.2358803986711,
                78.04651162790698,
                88.99667774086379,
                83.84717607973423
            ]
        ],
        "min": [
            [
                5,
                4,
                8,
                12,
                11,
                12,
                12,
                11
            ]
        ],
        "max": [
            [
                145,
                176,
                190,
                185,
                196,
                227,
                254,
                214
            ]
        ],
        "RawIntDen": [
            [
                15989,
                16395,
                19463,
                23044,
                23549,
                23492,
                26788,
                25238
            ]
        ],
        "IntDen": [
            [
                20964.073284000002,
                21496.40262,
                25519.029228000003,
                30214.278864000004,
                30876.412644000004,
                30801.676752000003,
                35123.246928,
                33090.955128
            ]
        ],
        "local_bg": [
            [
                3.514950166112957,
                3.9833887043189367,
                3.9667774086378738,
                4.760797342192691,
                5.106312292358804,
                5.59468438538206,
                6.0066445182724255,
                5.850498338870432
            ]
        ],
        "area": [
            1.3111560000000002
        ],
        "distance": 1.9321657437088517,
        "points": [
            [
                71.0,
                200.4
            ],
            [
                65.6,
                195.4
            ],
            [
                63.4,
                190.0
            ],
            [
                63.4,
                182.4
            ],
            [
                71.0,
                179.4
            ],
            [
                78.0,
                183.0
            ],
            [
                81.4,
                190.0
            ],
            [
                81.0,
                200.0
            ]
        ],
        "shift": null,
        "channel": 0,
        "closest_Dend": 0
    },
    {
        "type": 0,
        "location": [
            123,
            181
        ],
        "bgloc": [
            124,
            211
        ],
        "mean": [
            [
                56.804255319148936,
                58.94893617021277,
                82.42978723404255,
                92.94893617021276,
                100.85106382978724,
                101.92765957446808,
                103.10212765957446,
                110.9872340425532
            ]
        ],
        "min": [
            [
                7,
                3,
                10,
                12,
                20,
                21,
                21,
                24
            ]
        ],
        "max": [
            [
                237,
                203,
                240,
                203,
                255,
                244,
                255,
                255
            ]
        ],
        "RawIntDen": [
            [
                13349,
                13853,
                19371,
                21843,
                23700,
                23953,
                24229,
                26082
            ]
        ],
        "IntDen": [
            [
                13664.837340000002,
                14180.761980000001,
                19829.317860000003,
                22359.80538,
                24260.742000000002,
                24519.727980000003,
                24802.25814,
                26699.100120000003
            ]
        ],
        "local_bg": [
            [
                4.323404255319149,
                5.114893617021276,
                5.2,
                5.74468085106383,
                5.851063829787234,
                6.051063829787234,
                6.604255319148936,
                6.578723404255319
            ]
        ],
        "area": [
            1.02366
        ],
        "distance": 5.622007357392289,
        "points": [
            [
                123.0,
                189.4
            ],
            [
                118.0,
                186.0
            ],
            [
                116.0,
                181.0
            ],
            [
                114.2,
                172.2
            ],
            [
                123.0,
                172.8
            ],
            [
                129.0,
                175.0
            ],
            [
                132.2,
                181.0
            ],
            [
                131.2,
                189.2
            ]
        ],
        "shift": null,
        "channel": 0,
        "closest_Dend": 0
    },
    {
        "type": 0,
        "location": [
            200,
            171
        ],
        "bgloc": [
            219,
            219
        ],
        "mean": [
            [
                60.33596837944664,
                54.205533596837945,
                57.644268774703555,
                58.43873517786561,
                54.99209486166008,
                61.36363636363637,
                66.6403162055336,
                87.0
            ]
        ],
        "min": [
            [
                6,
                3,
                6,
                5,
                4,
                7,
                10,
                15
            ]
        ],
        "max": [
            [
                197,
                174,
                207,
                172,
                204,
                164,
                181,
                209
            ]
        ],
        "RawIntDen": [
            [
                15265,
                13714,
                14584,
                14785,
                13913,
                15525,
                16860,
                22011
            ]
        ],
        "IntDen": [
            [
                16823.068020000002,
                15113.760552000002,
                16072.559712000002,
                16294.075380000002,
                15333.072084000001,
                17109.605700000004,
                18580.86648,
                24257.618748000004
            ]
        ],
        "local_bg": [
            [
                1.9683794466403162,
                2.3794466403162056,
                2.1383399209486167,
                2.656126482213439,
                3.268774703557312,
                3.494071146245059,
                3.3873517786561265,
                3.9367588932806323
            ]
        ],
        "area": [
            1.102068
        ],
        "distance": 10.37646113514506,
        "points": [
            [
                200.0,
                178.8
            ],
            [
                194.8,
                176.2
            ],
            [
                194.0,
                171.0
            ],
            [
                193.6,
                164.6
            ],
            [
                200.0,
                156.6
            ],
            [
                206.6,
                164.4
            ],
            [
                210.4,
                171.0
            ],
            [
                207.6,
                178.6
            ]
        ],
        "shift": null,
        "channel": 0,
        "closest_Dend": 0
    }
]