[
    {
        "type": 0,
        "location": [
            156,
            184
        ],
        "bgloc": [
            172,
            143
        ],
        "mean": [
            [
                25.688976377952756,
                23.653543307086615,
                28.64566929133858,
                36.22047244094488,
                35.188976377952756,
                26.5748031496063,
                25.263779527559056,
                27.799212598425196
            ]
        ],
        "min": [
            [
                4,
                4,
                6,
                3,
                4,
                3,
                4,
                4
            ]
        ],
        "max": [
            [
                81,
                87,
                103,
                124,
                91,
                96,
                101,
                118
            ]
        ],
        "RawIntDen": [
            [
                6525,
                6008,
                7276,
                9200,
                8938,
                6750,
                6417,
                7061
            ]
        ],
        "IntDen": [
            [
                7219.4166000000005,
                6647.395392,
                8050.341024000001,
                10179.100800000002,
                9889.217712000001,
                7468.362000000001,
                7099.922808000001,
                7812.459864000001
            ]
        ],
        "local_bg": [
            [
                2.6653543307086616,
                4.196850393700787,
                3.822834645669291,
                4.1141732283464565,
                3.122047244094488,
                3.6377952755905514,
                3.6535433070866143,
                4.043307086614173
            ]
        ],
        "area": [
            1.106424
        ],
        "distance": 5.021337529061115,
        "points": [
            [
                156.0,
                197.2
            ],
            [
                150.2,
                189.8
            ],
            [
                148.4,
                184.0
            ],
            [
                150.0,
                178.0
            ],
            [
                156.0,
                176.2
            ],
            [
                162.6,
                177.4
            ],
            [
                165.2,
                184.0
            ],
            [
                164.0,
                192.0
            ]
        ],
        "shift": null,
        "channel": 0,
        "closest_Dend": 0
    },
    {
        "type": 0,
        "location": [
            166,
            229
        ],
        "bgloc": [
            166,
            269
        ],
        "mean": [
            [
                23.413265306122447,
                30.755102040816325,
                31.112244897959183,
                37.29081632653061,
                38.5969387755102,
                39.535714285714285,
                42.72959183673469,
                56.93877551020408
            ]
        ],
        "min": [
            [
                5,
                5,
                4,
                7,
                6,
                5,
                7,
                10
            ]
        ],
        "max": [
            [
                89,
                107,
                106,
                130,
                135,
                114,
                152,
                154
            ]
        ],
        "RawIntDen": [
            [
                4589,
                6028,
                6098,
                7309,
                7565,
                7749,
                8375,
                11160
            ]
        ],
        "IntDen": [
            [
                3917.9780640000004,
                5146.561728000001,
                5206.326048000001,
                6240.248784,
                6458.81544,
                6615.910224000001,
                7150.374000000001,
                9528.14016
            ]
        ],
        "local_bg": [
            [
                4.505102040816326,
                5.040816326530612,
                5.933673469387755,
                5.923469387755102,
                5.673469387755102,
                5.821428571428571,
                5.923469387755102,
                6.566326530612245
            ]
        ],
        "area": [
            0.8537760000000001
        ],
        "distance": 5.968758274290016,
        "points": [
            [
                166.0,
                238.2
            ],
            [
                159.0,
                236.0
            ],
            [
                158.8,
                229.0
            ],
            [
                164.44626025364744,
                225.18735790877167
            ],
            [
                166.0,
                220.6
            ],
            [
                172.2,
                222.8
            ],
            [
                175.0,
                229.0
            ],
            [
                172.6,
                235.6
            ]
        ],
        "shift": null,
        "channel": 0,
        "closest_Dend": 0
    },
    {
        "type": 0,
        "location": [
            203,
            195
        ],
        "bgloc": [
            215,
            164
        ],
        "mean": [
            [
                44.03879310344828,
                38.73706896551724,
                54.849137931034484,
                59.74568965517241,
                52.685344827586206,
                49.922413793103445,
                43.900862068965516,
                45.66379310344828
            ]
        ],
        "min": [
            [
                6,
                6,
                10,
                10,
                7,
                5,
                6,
                7
            ]
        ],
        "max": [
            [
                134,
                94,
                121,
                134,
                132,
                144,
                140,
                128
            ]
        ],
        "RawIntDen": [
            [
                10217,
                8987,
                12725,
                13861,
                12223,
                11582,
                10185,
                10594
            ]
        ],
        "IntDen": [
            [
                10325.218464000001,
                9082.190304000002,
                12859.783200000002,
                14007.815712000001,
                12352.466016000002,
                11704.676544000002,
                10292.87952,
                10706.211648
            ]
        ],
        "local_bg": [
            [
                3.25,
                3.4870689655172415,
                4.163793103448276,
                4.530172413793103,
                4.094827586206897,
                4.051724137931035,
                4.521551724137931,
                4.616379310344827
            ]
        ],
        "area": [
            1.0105920000000002
        ],
        "distance": 8.302583100119902,
        "points": [
            [
                203.0,
                205.2
            ],
            [
                195.2,
                202.8
            ],
            [
                192.0,
                195.0
            ],
            [
                197.2,
                189.2
            ],
            [
                203.0,
                187.4
            ],
            [
                208.4,
                189.6
            ],
            [
                210.0,
                195.0
            ],
            [
                209.4,
                201.4
            ]
        ],
        "shift": null,
        "channel": 0,
        "closest_Dend": 0
    }
]