[
    {
        "type": "Stim",
        "location": [
            430,
            214
        ],
        "radloc": [
            0,
            0
        ],
        "mean": [
            37.01360544217687,
            57.63265306122449,
            48.91156462585034,
            49.02721088435374,
            46.585034013605444,
            55.7891156462585,
            47.36054421768708,
            58.585034013605444
        ],
        "min": [
            8.0,
            9.0,
            9.0,
            10.0,
            13.0,
            18.0,
            11.0,
            20.0
        ],
        "max": [
            111.0,
            165.0,
            131.0,
            133.0,
            115.0,
            122.0,
            102.0,
            120.0
        ],
        "RawIntDen": [
            5441.0,
            8472.0,
            7190.0,
            7207.0,
            6848.0,
            8201.0,
            6962.0,
            8612.0
        ],
        "IntDen": [
            3921.939010592677,
            6106.720694310083,
            5182.639493872698,
            5194.893300742772,
            4936.121732133552,
            5911.3805965577185,
            5018.294319379934,
            6207.634397945991
        ],
        "FlagUp": 0,
        "Times": [
            -15,
            -10,
            -5,
            2,
            10,
            20,
            30,
            40
        ],
        "width": 0,
        "height": 0,
        "area": 0.7208121688279134,
        "distance": 0,
        "xpert": [
            [
                430.0,
                220.8
            ],
            [
                421.0,
                223.0
            ],
            [
                424.0,
                214.0
            ],
            [
                426.4,
                210.4
            ],
            [
                430.0,
                207.0
            ],
            [
                435.4,
                208.6
            ],
            [
                436.2,
                214.0
            ],
            [
                434.6,
                218.6
            ]
        ],
        "stack": 0
    },
    {
        "type": "Stim",
        "location": [
            487,
            258
        ],
        "radloc": [
            0,
            0
        ],
        "mean": [
            87.7840909090909,
            123.51704545454545,
            111.64204545454545,
            142.7840909090909,
            137.30113636363637,
            135.39772727272728,
            111.03977272727273,
            142.86363636363637
        ],
        "min": [
            13.0,
            21.0,
            17.0,
            50.0,
            28.0,
            40.0,
            22.0,
            36.0
        ],
        "max": [
            205.0,
            244.0,
            234.0,
            239.0,
            251.0,
            228.0,
            228.0,
            252.0
        ],
        "RawIntDen": [
            15450.0,
            21739.0,
            19649.0,
            25130.0,
            24165.0,
            23830.0,
            19543.0,
            25144.0
        ],
        "IntDen": [
            12180.006510029283,
            17137.939257056736,
            15490.287890975105,
            19811.233889775784,
            19050.476201608908,
            18786.37897307429,
            15406.722797767137,
            19822.270788878723
        ],
        "FlagUp": 0,
        "Times": [
            -15,
            -10,
            -5,
            2,
            10,
            20,
            30,
            40
        ],
        "width": 0,
        "height": 0,
        "area": 0.7883499359242254,
        "distance": 0,
        "xpert": [
            [
                487.0,
                268.8
            ],
            [
                480.0,
                265.0
            ],
            [
                479.0,
                258.0
            ],
            [
                481.0,
                252.0
            ],
            [
                487.0,
                251.8
            ],
            [
                490.8,
                254.2
            ],
            [
                493.2,
                258.0
            ],
            [
                492.0,
                263.0
            ]
        ],
        "stack": 0
    },
    {
        "type": "Stim",
        "location": [
            381,
            268
        ],
        "radloc": [
            0,
            0
        ],
        "mean": [
            66.67613636363636,
            73.64772727272727,
            67.75,
            127.35795454545455,
            125.29545454545455,
            105.42613636363636,
            110.25,
            92.25
        ],
        "min": [
            5.0,
            6.0,
            10.0,
            24.0,
            23.0,
            19.0,
            14.0,
            9.0
        ],
        "max": [
            201.0,
            196.0,
            186.0,
            244.0,
            232.0,
            207.0,
            213.0,
            222.0
        ],
        "RawIntDen": [
            11735.0,
            12962.0,
            11924.0,
            22415.0,
            22052.0,
            18555.0,
            19404.0,
            16236.0
        ],
        "IntDen": [
            9355.75974902252,
            10333.988740249672,
            9506.440498282447,
            17870.417961170835,
            17581.015252274785,
            14793.02276464532,
            15469.890257352617,
            12944.193888805252
        ],
        "FlagUp": 0,
        "Times": [
            -15,
            -10,
            -5,
            2,
            10,
            20,
            30,
            40
        ],
        "width": 0,
        "height": 0,
        "area": 0.7972526415869211,
        "distance": 0,
        "xpert": [
            [
                381.0,
                275.4
            ],
            [
                376.0,
                273.0
            ],
            [
                372.6,
                268.0
            ],
            [
                374.8,
                261.8
            ],
            [
                381.0,
                256.8
            ],
            [
                387.0,
                262.0
            ],
            [
                386.2,
                268.0
            ],
            [
                385.4,
                272.4
            ]
        ],
        "stack": 0
    },
    {
        "type": "Stim",
        "location": [
            358,
            261
        ],
        "radloc": [
            0,
            0
        ],
        "mean": [
            49.44025157232704,
            78.33962264150944,
            60.666666666666664,
            118.062893081761,
            124.41509433962264,
            128.60377358490567,
            89.17610062893081,
            88.49685534591195
        ],
        "min": [
            7.0,
            7.0,
            6.0,
            14.0,
            29.0,
            32.0,
            17.0,
            16.0
        ],
        "max": [
            171.0,
            215.0,
            197.0,
            248.0,
            206.0,
            230.0,
            177.0,
            205.0
        ],
        "RawIntDen": [
            7861.0,
            12456.0,
            9646.0,
            18772.0,
            19782.0,
            20448.0,
            14179.0,
            14071.0
        ],
        "IntDen": [
            6033.118035728521,
            9559.663942632547,
            7403.060243307125,
            14407.033681045134,
            15182.183053400533,
            15693.321154379442,
            10882.022723393295,
            10799.135463775094
        ],
        "FlagUp": 0,
        "Times": [
            -15,
            -10,
            -5,
            2,
            10,
            20,
            30,
            40
        ],
        "width": 0,
        "height": 0,
        "area": 0.7674746260944563,
        "distance": 0,
        "xpert": [
            [
                358.0,
                266.8
            ],
            [
                352.8,
                266.2
            ],
            [
                352.0,
                261.0
            ],
            [
                349.8,
                252.8
            ],
            [
                358.0,
                252.8
            ],
            [
                364.6,
                254.4
            ],
            [
                364.4,
                261.0
            ],
            [
                362.4,
                265.4
            ]
        ],
        "stack": 0
    },
    {
        "type": "Stim",
        "location": [
            351,
            237
        ],
        "radloc": [
            0,
            0
        ],
        "mean": [
            78.2554347826087,
            54.10326086956522,
            52.08152173913044,
            45.29891304347826,
            54.56521739130435,
            38.05434782608695,
            38.375,
            40.96739130434783
        ],
        "min": [
            14.0,
            14.0,
            11.0,
            9.0,
            9.0,
            10.0,
            8.0,
            10.0
        ],
        "max": [
            255.0,
            197.0,
            185.0,
            167.0,
            196.0,
            118.0,
            155.0,
            181.0
        ],
        "RawIntDen": [
            14399.0,
            9955.0,
            9583.0,
            8335.0,
            10040.0,
            7002.0,
            7061.0,
            7538.0
        ],
        "IntDen": [
            13252.199875647984,
            9162.139715402158,
            8819.767442762319,
            7671.163689389954,
            9240.369938989219,
            6444.329712430528,
            6498.630691155664,
            6937.640298814814
        ],
        "FlagUp": 0,
        "Times": [
            -15,
            -10,
            -5,
            2,
            10,
            20,
            30,
            40
        ],
        "width": 0,
        "height": 0,
        "area": 0.920355571612472,
        "distance": 0,
        "xpert": [
            [
                351.0,
                245.0
            ],
            [
                341.8,
                246.2
            ],
            [
                343.4,
                237.0
            ],
            [
                346.2,
                232.2
            ],
            [
                351.0,
                229.0
            ],
            [
                355.4,
                232.6
            ],
            [
                356.6,
                237.0
            ],
            [
                357.6,
                243.6
            ]
        ],
        "stack": 0
    },
    {
        "type": "Stim",
        "location": [
            310,
            257
        ],
        "radloc": [
            0,
            0
        ],
        "mean": [
            42.89903846153846,
            44.08173076923077,
            41.28846153846154,
            47.77403846153846,
            82.7548076923077,
            87.11538461538461,
            68.84615384615384,
            51.38942307692308
        ],
        "min": [
            6.0,
            7.0,
            8.0,
            9.0,
            14.0,
            17.0,
            15.0,
            9.0
        ],
        "max": [
            111.0,
            150.0,
            102.0,
            113.0,
            166.0,
            183.0,
            136.0,
            117.0
        ],
        "RawIntDen": [
            8923.0,
            9169.0,
            8588.0,
            9937.0,
            17213.0,
            18120.0,
            14320.0,
            10689.0
        ],
        "IntDen": [
            8330.12139422271,
            8559.77620347731,
            8017.380088936976,
            9276.747315296545,
            16069.30175487566,
            16916.037169485095,
            13368.523855796167,
            9978.78152895288
        ],
        "FlagUp": 0,
        "Times": [
            -15,
            -10,
            -5,
            2,
            10,
            20,
            30,
            40
        ],
        "width": 0,
        "height": 0,
        "area": 0.9335561351812967,
        "distance": 0,
        "xpert": [
            [
                310.0,
                263.8
            ],
            [
                304.2,
                262.8
            ],
            [
                302.0,
                257.0
            ],
            [
                304.0,
                251.0
            ],
            [
                310.0,
                248.0
            ],
            [
                316.0,
                251.0
            ],
            [
                320.8,
                257.0
            ],
            [
                316.0,
                263.0
            ]
        ],
        "stack": 0
    },
    {
        "type": "Stim",
        "location": [
            281,
            212
        ],
        "radloc": [
            0,
            0
        ],
        "mean": [
            100.8128078817734,
            127.51231527093596,
            76.49753694581281,
            73.50738916256158,
            77.89655172413794,
            76.36453201970443,
            70.82758620689656,
            83.28571428571429
        ],
        "min": [
            15.0,
            23.0,
            9.0,
            13.0,
            11.0,
            10.0,
            10.0,
            13.0
        ],
        "max": [
            238.0,
            248.0,
            211.0,
            203.0,
            219.0,
            189.0,
            152.0,
            181.0
        ],
        "RawIntDen": [
            20465.0,
            25885.0,
            15529.0,
            14922.0,
            15813.0,
            15502.0,
            14378.0,
            16907.0
        ],
        "IntDen": [
            18250.79987515278,
            23084.38576928071,
            13848.847850537384,
            13307.521902615676,
            14102.120616945564,
            13824.769101618296,
            12822.37970217184,
            15077.755850926367
        ],
        "FlagUp": 0,
        "Times": [
            -15,
            -10,
            -5,
            2,
            10,
            20,
            30,
            40
        ],
        "width": 0,
        "height": 0,
        "area": 0.8918055155217582,
        "distance": 0,
        "xpert": [
            [
                281.0,
                221.4
            ],
            [
                273.8,
                219.2
            ],
            [
                274.0,
                212.0
            ],
            [
                275.2,
                206.2
            ],
            [
                281.0,
                203.6
            ],
            [
                285.6,
                207.4
            ],
            [
                288.8,
                212.0
            ],
            [
                287.8,
                218.8
            ]
        ],
        "stack": 0
    },
    {
        "type": "Stim",
        "location": [
            256,
            247
        ],
        "radloc": [
            0,
            0
        ],
        "mean": [
            66.06349206349206,
            83.6931216931217,
            103.98941798941799,
            142.26455026455025,
            139.67724867724868,
            134.21693121693121,
            115.34920634920636,
            100.7989417989418
        ],
        "min": [
            8.0,
            8.0,
            12.0,
            24.0,
            49.0,
            33.0,
            34.0,
            11.0
        ],
        "max": [
            218.0,
            234.0,
            245.0,
            255.0,
            236.0,
            241.0,
            230.0,
            252.0
        ],
        "RawIntDen": [
            12486.0,
            15818.0,
            19654.0,
            26888.0,
            26399.0,
            25367.0,
            21801.0,
            19051.0
        ],
        "IntDen": [
            10820.771494454246,
            13708.390477276731,
            17032.79216338329,
            23302.0105672662,
            22878.227349198914,
            21983.862766283906,
            18893.45181407953,
            16510.212857668415
        ],
        "FlagUp": 0,
        "Times": [
            -15,
            -10,
            -5,
            2,
            10,
            20,
            30,
            40
        ],
        "width": 0,
        "height": 0,
        "area": 0.8666323477858598,
        "distance": 0,
        "xpert": [
            [
                256.0,
                254.6
            ],
            [
                249.8,
                253.2
            ],
            [
                247.0,
                247.0
            ],
            [
                249.4,
                240.4
            ],
            [
                256.0,
                240.2
            ],
            [
                262.8,
                240.2
            ],
            [
                262.4,
                247.0
            ],
            [
                262.2,
                253.2
            ]
        ],
        "stack": 0
    },
    {
        "type": "Stim",
        "location": [
            213,
            244
        ],
        "radloc": [
            0,
            0
        ],
        "mean": [
            108.35833333333333,
            123.31666666666666,
            89.54166666666667,
            60.65833333333333,
            76.05,
            50.608333333333334,
            20.258333333333333,
            27.158333333333335
        ],
        "min": [
            10.0,
            21.0,
            15.0,
            7.0,
            9.0,
            6.0,
            5.0,
            4.0
        ],
        "max": [
            248.0,
            233.0,
            236.0,
            221.0,
            246.0,
            193.0,
            91.0,
            87.0
        ],
        "RawIntDen": [
            13003.0,
            14798.0,
            10745.0,
            7279.0,
            9126.0,
            6073.0,
            2431.0,
            3259.0
        ],
        "IntDen": [
            7037.524051502502,
            8009.019527350151,
            5815.442277427854,
            3939.5629909164586,
            4939.202068292842,
            3286.847924692355,
            1315.7133714683212,
            1763.8461035027804
        ],
        "FlagUp": 0,
        "Times": [
            -15,
            -10,
            -5,
            2,
            10,
            20,
            30,
            40
        ],
        "width": 0,
        "height": 0,
        "area": 0.5412231063218105,
        "distance": 0,
        "xpert": [
            [
                213.0,
                250.4
            ],
            [
                209.2,
                247.8
            ],
            [
                206.0,
                244.0
            ],
            [
                207.8,
                238.8
            ],
            [
                213.0,
                238.8
            ],
            [
                216.8,
                240.2
            ],
            [
                221.0,
                244.0
            ],
            [
                218.2,
                249.2
            ]
        ],
        "stack": 0
    },
    {
        "type": "Stim",
        "location": [
            186,
            247
        ],
        "radloc": [
            0,
            0
        ],
        "mean": [
            65.93023255813954,
            52.83720930232558,
            53.68217054263566,
            64.93798449612403,
            55.86046511627907,
            52.92248062015504,
            81.06976744186046,
            56.87596899224806
        ],
        "min": [
            13.0,
            9.0,
            12.0,
            9.0,
            10.0,
            7.0,
            11.0,
            7.0
        ],
        "max": [
            172.0,
            155.0,
            121.0,
            156.0,
            139.0,
            145.0,
            180.0,
            135.0
        ],
        "RawIntDen": [
            8505.0,
            6816.0,
            6925.0,
            8377.0,
            7206.0,
            6827.0,
            10458.0,
            7337.0
        ],
        "IntDen": [
            4898.139719877987,
            3925.422731415445,
            3988.1972439923643,
            4824.422861072063,
            4150.028785589744,
            3931.757773969079,
            6022.897729627747,
            4225.473383273932
        ],
        "FlagUp": 0,
        "Times": [
            -15,
            -10,
            -5,
            2,
            10,
            20,
            30,
            40
        ],
        "width": 0,
        "height": 0,
        "area": 0.5759129594212801,
        "distance": 0,
        "xpert": [
            [
                186.0,
                254.0
            ],
            [
                180.6,
                252.4
            ],
            [
                177.0,
                247.0
            ],
            [
                180.8,
                241.8
            ],
            [
                186.0,
                241.8
            ],
            [
                190.6,
                242.4
            ],
            [
                191.2,
                247.0
            ],
            [
                190.0,
                251.0
            ]
        ],
        "stack": 0
    },
    {
        "type": "Stim",
        "location": [
            155,
            225
        ],
        "radloc": [
            0,
            0
        ],
        "mean": [
            61.42574257425743,
            65.48019801980197,
            80.34653465346534,
            142.25742574257427,
            146.33168316831683,
            109.34653465346534,
            105.25247524752476,
            81.65841584158416
        ],
        "min": [
            8.0,
            8.0,
            10.0,
            31.0,
            49.0,
            25.0,
            15.0,
            17.0
        ],
        "max": [
            220.0,
            221.0,
            226.0,
            255.0,
            243.0,
            212.0,
            216.0,
            163.0
        ],
        "RawIntDen": [
            12408.0,
            13227.0,
            16230.0,
            28736.0,
            29559.0,
            22088.0,
            21261.0,
            16495.0
        ],
        "IntDen": [
            11476.908883531032,
            12234.451466994275,
            15012.1076063595,
            26579.662610988697,
            27340.905036129414,
            20430.52574302333,
            19665.58347620513,
            15257.222117492294
        ],
        "FlagUp": 0,
        "Times": [
            -15,
            -10,
            -5,
            2,
            10,
            20,
            30,
            40
        ],
        "width": 0,
        "height": 0,
        "area": 0.9249604193690387,
        "distance": 0,
        "xpert": [
            [
                155.0,
                232.6
            ],
            [
                148.6,
                231.4
            ],
            [
                147.0,
                225.0
            ],
            [
                148.6,
                218.6
            ],
            [
                155.0,
                218.0
            ],
            [
                161.8,
                218.2
            ],
            [
                163.8,
                225.0
            ],
            [
                161.6,
                231.6
            ]
        ],
        "stack": 0
    },
    {
        "type": "Stim",
        "location": [
            151,
            244
        ],
        "radloc": [
            0,
            0
        ],
        "mean": [
            118.90566037735849,
            119.49528301886792,
            114.83490566037736,
            124.72169811320755,
            128.1320754716981,
            118.84433962264151,
            108.90566037735849,
            119.26886792452831
        ],
        "min": [
            10.0,
            15.0,
            10.0,
            24.0,
            28.0,
            11.0,
            10.0,
            15.0
        ],
        "max": [
            245.0,
            236.0,
            243.0,
            241.0,
            251.0,
            236.0,
            250.0,
            246.0
        ],
        "RawIntDen": [
            25208.0,
            25333.0,
            24345.0,
            26441.0,
            27164.0,
            25195.0,
            23088.0,
            25285.0
        ],
        "IntDen": [
            24693.873078125464,
            24816.323654718835,
            23848.474297324836,
            25901.72556564247,
            26609.979700658525,
            24681.138218159755,
            22617.1112991019,
            24769.302633306983
        ],
        "FlagUp": 0,
        "Times": [
            -15,
            -10,
            -5,
            2,
            10,
            20,
            30,
            40
        ],
        "width": 0,
        "height": 0,
        "area": 0.9796046127469639,
        "distance": 0,
        "xpert": [
            [
                151.0,
                249.2
            ],
            [
                145.6,
                249.4
            ],
            [
                141.6,
                244.0
            ],
            [
                143.2,
                236.2
            ],
            [
                151.0,
                233.6
            ],
            [
                159.2,
                235.8
            ],
            [
                157.0,
                244.0
            ],
            [
                155.8,
                248.8
            ]
        ],
        "stack": 0
    },
    {
        "type": "Stim",
        "location": [
            117,
            253
        ],
        "radloc": [
            0,
            0
        ],
        "mean": [
            82.23333333333333,
            100.18888888888888,
            54.65555555555556,
            99.72222222222223,
            66.38888888888889,
            68.13333333333334,
            64.74444444444444,
            68.72222222222223
        ],
        "min": [
            9.0,
            16.0,
            9.0,
            24.0,
            9.0,
            10.0,
            11.0,
            7.0
        ],
        "max": [
            239.0,
            239.0,
            183.0,
            215.0,
            230.0,
            183.0,
            197.0,
            209.0
        ],
        "RawIntDen": [
            7401.0,
            9017.0,
            4919.0,
            8975.0,
            5975.0,
            6132.0,
            5827.0,
            6185.0
        ],
        "IntDen": [
            3164.94041314441,
            3856.001581586697,
            2103.545722504709,
            3838.0408333969835,
            2555.1302484174907,
            2622.2692356980842,
            2491.8399928918357,
            2644.933989366055
        ],
        "FlagUp": 0,
        "Times": [
            -15,
            -10,
            -5,
            2,
            10,
            20,
            30,
            40
        ],
        "width": 0,
        "height": 0,
        "area": 0.42763686165983106,
        "distance": 0,
        "xpert": [
            [
                117.0,
                258.2
            ],
            [
                112.8,
                257.2
            ],
            [
                111.2,
                253.0
            ],
            [
                112.0,
                248.0
            ],
            [
                117.0,
                247.6
            ],
            [
                120.6,
                249.4
            ],
            [
                122.0,
                253.0
            ],
            [
                121.0,
                257.0
            ]
        ],
        "stack": 0
    },
    {
        "type": "Stim",
        "location": [
            77,
            260
        ],
        "radloc": [
            0,
            0
        ],
        "mean": [
            102.26612903225806,
            90.38709677419355,
            71.11290322580645,
            123.83064516129032,
            143.63709677419354,
            119.69354838709677,
            114.71774193548387,
            168.9516129032258
        ],
        "min": [
            15.0,
            13.0,
            10.0,
            44.0,
            18.0,
            22.0,
            18.0,
            48.0
        ],
        "max": [
            242.0,
            244.0,
            250.0,
            252.0,
            255.0,
            255.0,
            233.0,
            255.0
        ],
        "RawIntDen": [
            12681.0,
            11208.0,
            8818.0,
            15355.0,
            17811.0,
            14842.0,
            14225.0,
            20950.0
        ],
        "IntDen": [
            8011.667007820328,
            7081.047537548318,
            5571.081119388033,
            9701.060397845684,
            11252.724633411233,
            9376.954635286595,
            8987.143221058604,
            13235.898100610035
        ],
        "FlagUp": 0,
        "Times": [
            -15,
            -10,
            -5,
            2,
            10,
            20,
            30,
            40
        ],
        "width": 0,
        "height": 0,
        "area": 0.6317851122009563,
        "distance": 0,
        "xpert": [
            [
                77.0,
                265.0
            ],
            [
                72.0,
                265.0
            ],
            [
                63.8,
                260.0
            ],
            [
                72.8,
                255.8
            ],
            [
                77.0,
                255.8
            ],
            [
                81.2,
                255.8
            ],
            [
                82.6,
                260.0
            ],
            [
                81.2,
                264.2
            ]
        ],
        "stack": 0
    },
    {
        "type": "Stim",
        "location": [
            45,
            278
        ],
        "radloc": [
            0,
            0
        ],
        "mean": [
            44.138364779874216,
            46.119496855345915,
            40.54716981132076,
            26.90566037735849,
            33.069182389937104,
            24.238993710691823,
            33.893081761006286,
            42.81132075471698
        ],
        "min": [
            6.0,
            8.0,
            7.0,
            6.0,
            7.0,
            6.0,
            7.0,
            7.0
        ],
        "max": [
            104.0,
            104.0,
            110.0,
            76.0,
            83.0,
            62.0,
            81.0,
            115.0
        ],
        "RawIntDen": [
            7018.0,
            7333.0,
            6447.0,
            4278.0,
            5258.0,
            3854.0,
            5389.0,
            6807.0
        ],
        "IntDen": [
            5218.08945384185,
            5452.301220436347,
            4793.534156300713,
            3180.8188491786022,
            3909.4776785837053,
            2865.5623760482313,
            4006.880032310306,
            5061.204746694424
        ],
        "FlagUp": 0,
        "Times": [
            -15,
            -10,
            -5,
            2,
            10,
            20,
            30,
            40
        ],
        "width": 0,
        "height": 0,
        "area": 0.7435294177603091,
        "distance": 0,
        "xpert": [
            [
                45.0,
                285.2
            ],
            [
                40.6,
                282.4
            ],
            [
                38.0,
                278.0
            ],
            [
                38.2,
                271.2
            ],
            [
                45.0,
                270.2
            ],
            [
                49.4,
                273.6
            ],
            [
                51.0,
                278.0
            ],
            [
                52.4,
                285.4
            ]
        ],
        "stack": 0
    },
    {
        "type": "Spine",
        "location": [
            203,
            218
        ],
        "radloc": [
            0,
            0
        ],
        "mean": [
            52.8957345971564,
            52.203791469194314,
            82.0521327014218,
            79.20379146919431,
            177.9004739336493,
            157.54976303317537,
            123.7867298578199,
            108.76303317535545
        ],
        "min": [
            7.0,
            4.0,
            8.0,
            8.0,
            32.0,
            14.0,
            15.0,
            10.0
        ],
        "max": [
            255.0,
            209.0,
            243.0,
            255.0,
            255.0,
            255.0,
            247.0,
            232.0
        ],
        "RawIntDen": [
            11161.0,
            11015.0,
            17313.0,
            16712.0,
            37537.0,
            33243.0,
            26119.0,
            22949.0
        ],
        "IntDen": [
            10614.719906840406,
            10475.865941568594,
            16465.607539389657,
            15894.023750839251,
            35699.734893205656,
            31615.90662692372,
            24840.593965304593,
            21825.751020704283
        ],
        "FlagUp": 0,
        "Times": [
            -15,
            -10,
            -5,
            2,
            10,
            20,
            30,
            40
        ],
        "width": 0,
        "height": 0,
        "area": 0.95105455665625,
        "distance": -0.6589,
        "xpert": [
            [
                203.0,
                227.2
            ],
            [
                196.6,
                224.4
            ],
            [
                195.0,
                218.0
            ],
            [
                197.4,
                212.4
            ],
            [
                203.0,
                211.2
            ],
            [
                208.2,
                212.8
            ],
            [
                210.2,
                218.0
            ],
            [
                212.2,
                227.2
            ]
        ],
        "stack": 0
    },
    {
        "type": "Spine",
        "location": [
            36,
            242
        ],
        "radloc": [
            0,
            0
        ],
        "mean": [
            30.426966292134832,
            41.53932584269663,
            63.08988764044944,
            76.53932584269663,
            85.31460674157303,
            62.26966292134831,
            46.21348314606742,
            40.17977528089887
        ],
        "min": [
            12.0,
            8.0,
            16.0,
            15.0,
            21.0,
            13.0,
            11.0,
            9.0
        ],
        "max": [
            153.0,
            175.0,
            149.0,
            220.0,
            214.0,
            193.0,
            161.0,
            159.0
        ],
        "RawIntDen": [
            2708.0,
            3697.0,
            5615.0,
            6812.0,
            7593.0,
            5542.0,
            4113.0,
            3576.0
        ],
        "IntDen": [
            1082.3897265111407,
            1477.6938031431637,
            2244.31990929101,
            2722.761749259191,
            3034.928062555056,
            2215.1417519663005,
            1643.9693298154807,
            1429.3300081254945
        ],
        "FlagUp": 0,
        "Times": [
            -15,
            -10,
            -5,
            2,
            10,
            20,
            30,
            40
        ],
        "width": 0,
        "height": 0,
        "area": 0.39970078526999286,
        "distance": 1.2792025316247633,
        "xpert": [
            [
                36.0,
                247.2
            ],
            [
                32.0,
                246.0
            ],
            [
                31.0,
                242.0
            ],
            [
                32.6,
                238.6
            ],
            [
                36.0,
                236.4
            ],
            [
                40.8,
                237.2
            ],
            [
                42.2,
                242.0
            ],
            [
                40.0,
                246.0
            ]
        ],
        "stack": 0
    },
    {
        "type": "Spine",
        "location": [
            234,
            246
        ],
        "radloc": [
            0,
            0
        ],
        "mean": [
            43.53191489361702,
            54.659574468085104,
            67.43617021276596,
            34.255319148936174,
            64.92553191489361,
            29.872340425531913,
            40.61702127659574,
            35.361702127659576
        ],
        "min": [
            10.0,
            13.0,
            11.0,
            5.0,
            17.0,
            7.0,
            7.0,
            6.0
        ],
        "max": [
            114.0,
            120.0,
            149.0,
            99.0,
            131.0,
            102.0,
            111.0,
            113.0
        ],
        "RawIntDen": [
            4092.0,
            5138.0,
            6339.0,
            3220.0,
            6103.0,
            2808.0,
            3818.0,
            3324.0
        ],
        "IntDen": [
            1724.7659885522003,
            2165.651918177225,
            2671.8698928231665,
            1357.2205481764627,
            2572.396585565513,
            1183.5637575402195,
            1609.2757928378057,
            1401.0562429001743
        ],
        "FlagUp": 0,
        "Times": [
            -15,
            -10,
            -5,
            2,
            10,
            20,
            30,
            40
        ],
        "width": 0,
        "height": 0,
        "area": 0.42149706465107534,
        "distance": -1.38369,
        "xpert": [
            [
                234.0,
                250.8
            ],
            [
                230.8,
                249.2
            ],
            [
                228.8,
                246.0
            ],
            [
                229.6,
                241.6
            ],
            [
                234.0,
                239.8
            ],
            [
                240.0,
                240.0
            ],
            [
                239.2,
                246.0
            ],
            [
                237.6,
                249.6
            ]
        ],
        "stack": 0
    },
    {
        "type": "Spine",
        "location": [
            433,
            264
        ],
        "radloc": [
            0,
            0
        ],
        "mean": [
            57.838862559241704,
            66.59241706161137,
            60.7345971563981,
            71.39336492890995,
            63.22274881516588,
            55.824644549763036,
            46.985781990521325,
            34.90521327014218
        ],
        "min": [
            18.0,
            14.0,
            14.0,
            15.0,
            14.0,
            14.0,
            13.0,
            11.0
        ],
        "max": [
            120.0,
            202.0,
            155.0,
            232.0,
            225.0,
            167.0,
            138.0,
            88.0
        ],
        "RawIntDen": [
            12204.0,
            14051.0,
            12815.0,
            15064.0,
            13340.0,
            11779.0,
            9914.0,
            7365.0
        ],
        "IntDen": [
            11861.432090595385,
            13656.586553995063,
            12455.281239018343,
            14641.151508745399,
            12965.544418923502,
            11448.361897338826,
            9635.712696342398,
            7158.263466669535
        ],
        "FlagUp": 0,
        "Times": [
            -15,
            -10,
            -5,
            2,
            10,
            20,
            30,
            40
        ],
        "width": 0,
        "height": 0,
        "area": 0.9719298664860196,
        "distance": -0.19767,
        "xpert": [
            [
                433.0,
                273.0
            ],
            [
                424.6,
                272.4
            ],
            [
                422.8,
                264.0
            ],
            [
                426.8,
                257.8
            ],
            [
                433.0,
                257.6
            ],
            [
                437.6,
                259.4
            ],
            [
                439.0,
                264.0
            ],
            [
                440.0,
                271.0
            ]
        ],
        "stack": 0
    },
    {
        "type": "Spine",
        "location": [
            408,
            258
        ],
        "radloc": [
            0,
            0
        ],
        "mean": [
            81.49101796407186,
            70.77245508982035,
            92.94610778443113,
            122.57485029940119,
            122.86826347305389,
            98.73652694610779,
            90.59281437125749,
            102.63473053892216
        ],
        "min": [
            9.0,
            10.0,
            12.0,
            30.0,
            26.0,
            26.0,
            14.0,
            14.0
        ],
        "max": [
            200.0,
            165.0,
            185.0,
            237.0,
            226.0,
            187.0,
            195.0,
            221.0
        ],
        "RawIntDen": [
            13609.0,
            11819.0,
            15522.0,
            20470.0,
            20519.0,
            16489.0,
            15129.0,
            17140.0
        ],
        "IntDen": [
            10536.474333760825,
            9150.60549274151,
            12017.573268325046,
            15848.45540539967,
            15886.39259713707,
            12766.252133836599,
            11713.30150602304,
            13270.274824062059
        ],
        "FlagUp": 0,
        "Times": [
            -15,
            -10,
            -5,
            2,
            10,
            20,
            30,
            40
        ],
        "width": 0,
        "height": 0,
        "area": 0.7742284028040874,
        "distance": -1.44958,
        "xpert": [
            [
                408.0,
                264.8
            ],
            [
                402.4,
                263.6
            ],
            [
                399.4,
                258.0
            ],
            [
                402.2,
                252.2
            ],
            [
                408.0,
                252.0
            ],
            [
                413.8,
                252.2
            ],
            [
                416.2,
                258.0
            ],
            [
                414.0,
                264.0
            ]
        ],
        "stack": 0
    },
    {
        "type": "Spine",
        "location": [
            448,
            261
        ],
        "radloc": [
            0,
            0
        ],
        "mean": [
            36.52482269503546,
            43.47517730496454,
            52.255319148936174,
            53.00709219858156,
            53.0709219858156,
            54.815602836879435,
            48.0,
            61.60283687943262
        ],
        "min": [
            10.0,
            11.0,
            14.0,
            12.0,
            11.0,
            15.0,
            14.0,
            15.0
        ],
        "max": [
            118.0,
            112.0,
            138.0,
            141.0,
            178.0,
            123.0,
            174.0,
            184.0
        ],
        "RawIntDen": [
            5150.0,
            6130.0,
            7368.0,
            7474.0,
            7483.0,
            7729.0,
            6768.0,
            8686.0
        ],
        "IntDen": [
            3783.3275673027097,
            4503.261745158371,
            5412.729614735216,
            5490.600046217563,
            5497.211686626442,
            5677.929857802455,
            4971.953587476649,
            6380.967621279871
        ],
        "FlagUp": 0,
        "Times": [
            -15,
            -10,
            -5,
            2,
            10,
            20,
            30,
            40
        ],
        "width": 0,
        "height": 0,
        "area": 0.7346267120976135,
        "distance": -1.18602,
        "xpert": [
            [
                448.0,
                268.2
            ],
            [
                441.4,
                267.6
            ],
            [
                441.2,
                261.0
            ],
            [
                440.2,
                253.2
            ],
            [
                448.0,
                253.2
            ],
            [
                451.8,
                257.2
            ],
            [
                453.6,
                261.0
            ],
            [
                451.4,
                264.4
            ]
        ],
        "stack": 0
    },
    {
        "type": "Spine",
        "location": [
            409,
            198
        ],
        "radloc": [
            0,
            0
        ],
        "mean": [
            80.71982758620689,
            83.56896551724138,
            94.82758620689656,
            77.6896551724138,
            79.13362068965517,
            67.11206896551724,
            99.78879310344827,
            93.04310344827586
        ],
        "min": [
            8.0,
            9.0,
            12.0,
            10.0,
            10.0,
            11.0,
            11.0,
            10.0
        ],
        "max": [
            246.0,
            239.0,
            239.0,
            201.0,
            201.0,
            183.0,
            241.0,
            231.0
        ],
        "RawIntDen": [
            18727.0,
            19388.0,
            22000.0,
            18024.0,
            18359.0,
            15570.0,
            23151.0,
            21586.0
        ],
        "IntDen": [
            19333.883398725913,
            20016.304337827627,
            22712.951074489778,
            18608.10137120926,
            18953.95767166172,
            16074.574919536628,
            23901.2513784324,
            22285.53463154256
        ],
        "FlagUp": 0,
        "Times": [
            -15,
            -10,
            -5,
            2,
            10,
            20,
            30,
            40
        ],
        "width": 0,
        "height": 0,
        "area": 1.0324068670222626,
        "distance": -1.38369,
        "xpert": [
            [
                409.0,
                208.4
            ],
            [
                401.2,
                205.8
            ],
            [
                399.6,
                198.0
            ],
            [
                402.4,
                191.4
            ],
            [
                409.0,
                189.4
            ],
            [
                414.0,
                193.0
            ],
            [
                416.4,
                198.0
            ],
            [
                415.2,
                204.2
            ]
        ],
        "stack": 0
    }
]