[
    {
        "type": 0,
        "location": [
            39,
            247
        ],
        "bgloc": [
            36.014351294606,
            266.33263313200297
        ],
        "mean": [
            [
            48.14503816793893,
            57.97709923664122,
            52.13740458015267,
            63.74045801526717,
            54.13740458015267,
            47.36641221374046,
            47.54961832061068,
            62.74045801526717
            ]
        ],
        "min": [
            [
                7,
                7,
                7,
                8,
                7,
                7,
                6,
                7
            ]
        ],
        "max": [
            [
                161,
                179,
                193,
                163,
                179,
                158,
                173,
                143
            ]
        ],
        "RawIntDen": [
            [
                11366,
                12492,
                11775,
                13040,
                11877,
                11085,
                9771,
                12100
            ]
        ],
        "IntDen": [
            [
                11931.981336,
                13114.051632,
                12361.3479,
                13689.339840000002,
                12468.427092000002,
                11636.98866,
                10257.556716000001,
                12702.531600000002
            ]
        ],
        "local_bg": [
            [
                7.8884297520661155,
                7.652892561983471,
                7.528925619834711,
                7.553719008264463,
                7.471074380165289,
                7.904958677685951,
                7.582644628099174,
                7.801652892561983
            ]
        ],
        "area": [
            1.0497960000000002
        ],
        "distance": 1.6116449961469426,
        "points": [
            [
                39.0,
                253.8
            ],
            [
                32.6,
                253.4
            ],
            [
                24.6,
                247.0
            ],
            [
                30.6,
                238.6
            ],
            [
                39.0,
                239.2
            ],
            [
                45.4,
                240.6
            ],
            [
                45.0,
                247.0
            ],
            [
                44.6,
                252.6
            ]
        ],
        "shift": null,
        "channel": 0,
        "closest_Dend": 0
    },
    {
        "type": 0,
        "location": [
            66,
            265
        ],
        "bgloc": [
            84.65084336443033,
            282.02182412226887
        ],
        "mean": [
            [
            36.69672131147541,
            24.65573770491803,
            25.19672131147541,
            89.82786885245902,
            30.852459016393443,
            32.84426229508197,
            32.83606557377049,
            28.762295081967213
            ]
        ],
        "min": [
            [
                6,
                4,
                6,
                13,
                4,
                4,
                5,
                5
            ]
        ],
        "max": [
            [
                117,
                85,
                82,
                177,
                68,
                92,
                88,
                86
            ]
        ],
        "RawIntDen": [
            [
                6299,
                4680,
                4722,
                15198,
                5436,
                5767,
                5415,
                5032
            ]
        ],
        "IntDen": [
            [
                6310.842120000001,
                4688.798400000001,
                4730.87736,
                15226.572240000001,
                5446.219680000001,
                5777.841960000001,
                5425.180200000001,
                5041.4601600000005
            ]
        ],
        "local_bg": [
            [
                7.035398230088496,
                7.486725663716814,
                7.106194690265487,
                7.628318584070796,
                7.004424778761062,
                7.247787610619469,
                7.433628318584071,
                7.256637168141593
            ]
        ],
        "area": [
            1.00188
        ],
        "distance": 3.9747008090465474,
        "points": [
            [
                66.0,
                276.8
            ],
            [
                57.6,
                273.4
            ],
            [
                56.8,
                265.0
            ],
            [
                60.4,
                259.4
            ],
            [
                66.0,
                257.4
            ],
            [
                71.0,
                260.0
            ],
            [
                72.0,
                265.0
            ],
            [
                72.6,
                271.6
            ]
        ],
        "shift": null,
        "channel": 0,
        "closest_Dend": 0
    },
    {
        "type": 0,
        "location": [
            57,
            219
        ],
        "bgloc": [
            50.13462318584533,
            196.51573322531965
        ],
        "mean": [
            [
            50.091603053435115,
            45.56488549618321,
            42.961832061068705,
            119.13740458015268,
            44.48091603053435,
            38.099236641221374,
            52.55725190839695,
            37.19847328244275
            ]
        ],
        "min": [
            [
                7,
                6,
                6,
                18,
                6,
                5,
                5,
                6
            ]
        ],
        "max": [
            [
                140,
                121,
                111,
                218,
                104,
                100,
                130,
                110
            ]
        ],
        "RawIntDen": [
            [
                8082,
                7526,
                6913,
                18648,
                6684,
                5777,
                7448,
                5548
            ]
        ],
        "IntDen": [
            [
                6688.9864800000005,
                6228.81864,
                5721.4753200000005,
                15433.830720000002,
                5531.9457600000005,
                4781.276280000001,
                6164.262720000001,
                4591.74672
            ]
        ],
        "local_bg": [
            [
                6.792553191489362,
                6.9361702127659575,
                6.8563829787234045,
                7.808510638297872,
                6.5212765957446805,
                6.888297872340425,
                6.930851063829787,
                6.51595744680851
            ]
        ],
        "area": [
            0.82764
        ],
        "distance": 2.187795949642297,
        "points": [
            [
                57.0,
                226.0
            ],
            [
                51.0,
                225.0
            ],
            [
                49.0,
                219.0
            ],
            [
                51.2,
                213.2
            ],
            [
                57.0,
                210.2
            ],
            [
                63.0,
                213.0
            ],
            [
                65.4,
                219.0
            ],
            [
                62.4,
                224.4
            ]
        ],
        "shift": null,
        "channel": 0,
        "closest_Dend": 0
    }
]