[
    {
        "type": "Stim",
        "location": [
            67,
            264
        ],
        "radloc": [
            0,
            0
        ],
        "mean": [
            85.13815789473684,
            93.57894736842105,
            90.28289473684211,
            88.67105263157895,
            100.39473684210526,
            73.625,
            84.09868421052632,
            85.09210526315789
        ],
        "min": [
            15.0,
            18.0,
            17.0,
            12.0,
            28.0,
            11.0,
            19.0,
            22.0
        ],
        "max": [
            196.0,
            204.0,
            211.0,
            205.0,
            204.0,
            202.0,
            205.0,
            166.0
        ],
        "RawIntDen": [
            12941.0,
            14224.0,
            13723.0,
            13478.0,
            15260.0,
            11191.0,
            12783.0,
            12934.0
        ],
        "IntDen": [
            8832.230371118505,
            9707.87766005638,
            9365.945242474247,
            9198.732782778394,
            10414.947489627415,
            7637.8556590052685,
            8724.395397110568,
            8827.452872270052
        ],
        "FlagUp": 0,
        "Times": [
            -15,
            -10,
            -5,
            2,
            10,
            20,
            30,
            40
        ],
        "width": 0,
        "height": 0,
        "area": 0.6824998354932775,
        "distance": 0,
        "xpert": [
            [
                67.0,
                271.0
            ],
            [
                62.0,
                269.0
            ],
            [
                60.4,
                264.0
            ],
            [
                60.0,
                257.0
            ],
            [
                67.0,
                257.0
            ],
            [
                72.4,
                258.6
            ],
            [
                73.2,
                264.0
            ],
            [
                72.4,
                269.4
            ]
        ],
        "stack": 0
    },
    {
        "type": "Stim",
        "location": [
            101,
            275
        ],
        "radloc": [
            0,
            0
        ],
        "mean": [
            101.21951219512195,
            113.92073170731707,
            87.0060975609756,
            84.59756097560975,
            82.90243902439025,
            88.85975609756098,
            84.25,
            102.46341463414635
        ],
        "min": [
            17.0,
            16.0,
            13.0,
            6.0,
            6.0,
            15.0,
            11.0,
            11.0
        ],
        "max": [
            213.0,
            255.0,
            218.0,
            236.0,
            236.0,
            242.0,
            230.0,
            231.0
        ],
        "RawIntDen": [
            16600.0,
            18683.0,
            14269.0,
            13874.0,
            13596.0,
            14573.0,
            13817.0,
            16804.0
        ],
        "IntDen": [
            12084.72914004742,
            13601.144248403973,
            10387.771090321485,
            10100.212776446862,
            9897.829963137634,
            10609.081792645246,
            10058.717019761158,
            12233.240269238366
        ],
        "FlagUp": 0,
        "Times": [
            -15,
            -10,
            -5,
            2,
            10,
            20,
            30,
            40
        ],
        "width": 0,
        "height": 0,
        "area": 0.7279957313281579,
        "distance": 0,
        "xpert": [
            [
                101.0,
                284.0
            ],
            [
                95.0,
                281.0
            ],
            [
                93.2,
                275.0
            ],
            [
                95.4,
                269.4
            ],
            [
                101.0,
                268.0
            ],
            [
                106.0,
                270.0
            ],
            [
                107.0,
                275.0
            ],
            [
                106.6,
                280.6
            ]
        ],
        "stack": 0
    },
    {
        "type": "Stim",
        "location": [
            138,
            238
        ],
        "radloc": [
            0,
            0
        ],
        "mean": [
            122.97894736842105,
            138.50526315789475,
            127.8,
            129.46315789473684,
            117.92631578947369,
            92.69473684210526,
            112.37894736842105,
            88.6
        ],
        "min": [
            18.0,
            39.0,
            33.0,
            25.0,
            18.0,
            14.0,
            19.0,
            15.0
        ],
        "max": [
            244.0,
            237.0,
            237.0,
            242.0,
            233.0,
            222.0,
            237.0,
            203.0
        ],
        "RawIntDen": [
            11683.0,
            13158.0,
            12141.0,
            12299.0,
            11203.0,
            8806.0,
            10676.0,
            8417.0
        ],
        "IntDen": [
            4965.954330421428,
            5592.915097122755,
            5160.6309617090255,
            5227.790148921778,
            4761.926419901673,
            3743.062041743652,
            4537.92077647686,
            3577.7144225932684
        ],
        "FlagUp": 0,
        "Times": [
            -15,
            -10,
            -5,
            2,
            10,
            20,
            30,
            40
        ],
        "width": 0,
        "height": 0,
        "area": 0.425058146916154,
        "distance": 0,
        "xpert": [
            [
                138.0,
                243.8
            ],
            [
                132.2,
                243.8
            ],
            [
                131.6,
                238.0
            ],
            [
                133.6,
                233.6
            ],
            [
                138.0,
                232.8
            ],
            [
                141.0,
                235.0
            ],
            [
                142.0,
                238.0
            ],
            [
                142.2,
                242.2
            ]
        ],
        "stack": 0
    },
    {
        "type": "Stim",
        "location": [
            138,
            268
        ],
        "radloc": [
            0,
            0
        ],
        "mean": [
            85.45378151260505,
            86.92436974789916,
            88.75630252100841,
            86.8655462184874,
            84.91596638655462,
            82.80672268907563,
            75.8655462184874,
            73.47058823529412
        ],
        "min": [
            13.0,
            14.0,
            12.0,
            13.0,
            17.0,
            9.0,
            9.0,
            7.0
        ],
        "max": [
            197.0,
            206.0,
            209.0,
            229.0,
            218.0,
            185.0,
            156.0,
            160.0
        ],
        "RawIntDen": [
            10169.0,
            10344.0,
            10562.0,
            10337.0,
            10105.0,
            9854.0,
            9028.0,
            8743.0
        ],
        "IntDen": [
            5468.109478590741,
            5562.211077445434,
            5679.434783447281,
            5558.447013491246,
            5433.695179581024,
            5298.726600652292,
            4854.567054058138,
            4701.315878780494
        ],
        "FlagUp": 0,
        "Times": [
            -15,
            -10,
            -5,
            2,
            10,
            20,
            30,
            40
        ],
        "width": 0,
        "height": 0,
        "area": 0.5377234220268208,
        "distance": 0,
        "xpert": [
            [
                138.0,
                275.0
            ],
            [
                132.2,
                273.8
            ],
            [
                132.8,
                268.0
            ],
            [
                133.2,
                263.2
            ],
            [
                138.0,
                261.2
            ],
            [
                142.6,
                263.4
            ],
            [
                143.8,
                268.0
            ],
            [
                142.4,
                272.4
            ]
        ],
        "stack": 0
    },
    {
        "type": "Stim",
        "location": [
            170,
            238
        ],
        "radloc": [
            0,
            0
        ],
        "mean": [
            99.52459016393442,
            94.28688524590164,
            105.18852459016394,
            124.13934426229508,
            102.56557377049181,
            98.80327868852459,
            106.29508196721312,
            127.28688524590164
        ],
        "min": [
            9.0,
            9.0,
            11.0,
            24.0,
            13.0,
            15.0,
            18.0,
            39.0
        ],
        "max": [
            253.0,
            241.0,
            240.0,
            237.0,
            218.0,
            204.0,
            222.0,
            245.0
        ],
        "RawIntDen": [
            12142.0,
            11503.0,
            12833.0,
            15145.0,
            12513.0,
            12054.0,
            12968.0,
            15529.0
        ],
        "IntDen": [
            6672.17266758785,
            6321.03460675861,
            7051.885343695839,
            8322.356699935595,
            6876.041557365077,
            6623.815626346891,
            7126.069441054129,
            8533.369243532508
        ],
        "FlagUp": 0,
        "Times": [
            -15,
            -10,
            -5,
            2,
            10,
            20,
            30,
            40
        ],
        "width": 0,
        "height": 0,
        "area": 0.5495118322836312,
        "distance": 0,
        "xpert": [
            [
                170.0,
                243.8
            ],
            [
                164.4,
                243.6
            ],
            [
                163.4,
                238.0
            ],
            [
                165.2,
                233.2
            ],
            [
                170.0,
                232.6
            ],
            [
                174.0,
                234.0
            ],
            [
                176.6,
                238.0
            ],
            [
                175.8,
                243.8
            ]
        ],
        "stack": 0
    },
    {
        "type": "Stim",
        "location": [
            179,
            264
        ],
        "radloc": [
            0,
            0
        ],
        "mean": [
            168.876,
            171.196,
            179.636,
            169.396,
            158.98,
            149.272,
            140.724,
            152.488
        ],
        "min": [
            26.0,
            33.0,
            52.0,
            29.0,
            32.0,
            24.0,
            25.0,
            34.0
        ],
        "max": [
            255.0,
            255.0,
            255.0,
            255.0,
            255.0,
            255.0,
            255.0,
            255.0
        ],
        "RawIntDen": [
            42219.0,
            42799.0,
            44909.0,
            42349.0,
            39745.0,
            37318.0,
            35181.0,
            38122.0
        ],
        "IntDen": [
            46226.00531412378,
            46861.05311445519,
            49171.31321566083,
            46368.343614198064,
            43517.19797271015,
            40859.851401323365,
            38520.02873010229,
            41740.15904178277
        ],
        "FlagUp": 0,
        "Times": [
            -15,
            -10,
            -5,
            2,
            10,
            20,
            30,
            40
        ],
        "width": 0,
        "height": 0,
        "area": 1.0949100005713963,
        "distance": 0,
        "xpert": [
            [
                179.0,
                275.2
            ],
            [
                172.4,
                270.6
            ],
            [
                169.0,
                264.0
            ],
            [
                172.2,
                257.2
            ],
            [
                179.0,
                255.2
            ],
            [
                184.6,
                258.4
            ],
            [
                188.0,
                264.0
            ],
            [
                185.6,
                270.6
            ]
        ],
        "stack": 0
    },
    {
        "type": "Stim",
        "location": [
            333,
            262
        ],
        "radloc": [
            0,
            0
        ],
        "mean": [
            122.3917525773196,
            98.38144329896907,
            93.74226804123711,
            87.62886597938144,
            91.14432989690722,
            66.04123711340206,
            75.76288659793815,
            77.08247422680412
        ],
        "min": [
            43.0,
            22.0,
            33.0,
            19.0,
            18.0,
            14.0,
            23.0,
            25.0
        ],
        "max": [
            244.0,
            216.0,
            189.0,
            164.0,
            168.0,
            142.0,
            146.0,
            155.0
        ],
        "RawIntDen": [
            11872.0,
            9543.0,
            9093.0,
            8500.0,
            8841.0,
            6406.0,
            7349.0,
            7477.0
        ],
        "IntDen": [
            5123.555490481791,
            4118.437503846676,
            3924.2326545612304,
            3668.313819836188,
            3815.4779389613814,
            2764.6139211612494,
            3171.580971997194,
            3226.8214624606094
        ],
        "FlagUp": 0,
        "Times": [
            -15,
            -10,
            -5,
            2,
            10,
            20,
            30,
            40
        ],
        "width": 0,
        "height": 0,
        "area": 0.4315663317454339,
        "distance": 0,
        "xpert": [
            [
                333.0,
                267.8
            ],
            [
                328.6,
                266.4
            ],
            [
                327.6,
                262.0
            ],
            [
                328.6,
                257.6
            ],
            [
                333.0,
                255.6
            ],
            [
                337.8,
                257.2
            ],
            [
                338.0,
                262.0
            ],
            [
                336.8,
                265.8
            ]
        ],
        "stack": 0
    },
    {
        "type": "Spine",
        "location": [
            215,
            230
        ],
        "radloc": [
            0,
            0
        ],
        "mean": [
            90.33566433566433,
            80.00699300699301,
            71.53146853146853,
            76.7972027972028,
            73.7062937062937,
            56.40559440559441,
            66.95104895104895,
            79.58741258741259
        ],
        "min": [
            15.0,
            19.0,
            9.0,
            9.0,
            17.0,
            8.0,
            15.0,
            13.0
        ],
        "max": [
            229.0,
            196.0,
            201.0,
            212.0,
            170.0,
            144.0,
            154.0,
            169.0
        ],
        "RawIntDen": [
            12918.0,
            11441.0,
            10229.0,
            10982.0,
            10540.0,
            8066.0,
            9574.0,
            11381.0
        ],
        "IntDen": [
            8261.335590588427,
            7316.762694838381,
            6541.662932042811,
            7023.222438136098,
            6740.554042793159,
            5158.3784543804195,
            6122.776509079858,
            7278.391419452461
        ],
        "FlagUp": 0,
        "Times": [
            -15,
            -10,
            -5,
            2,
            10,
            20,
            30,
            40
        ],
        "width": 0,
        "height": 0,
        "area": 0.6395212564319885,
        "distance": -2.6596921020055926,
        "xpert": [
            [
                215.0,
                238.6
            ],
            [
                211.0,
                234.0
            ],
            [
                210.0,
                230.0
            ],
            [
                210.6,
                225.6
            ],
            [
                215.0,
                223.0
            ],
            [
                220.0,
                225.0
            ],
            [
                222.8,
                230.0
            ],
            [
                221.6,
                236.6
            ]
        ],
        "stack": 0
    },
    {
        "type": "Spine",
        "location": [
            280,
            236
        ],
        "radloc": [
            0,
            0
        ],
        "mean": [
            83.68518518518519,
            121.6574074074074,
            114.31481481481481,
            108.25925925925925,
            96.94444444444444,
            109.63888888888889,
            113.92592592592592,
            104.25925925925925
        ],
        "min": [
            7.0,
            22.0,
            20.0,
            12.0,
            19.0,
            23.0,
            34.0,
            18.0
        ],
        "max": [
            237.0,
            236.0,
            243.0,
            228.0,
            210.0,
            218.0,
            221.0,
            207.0
        ],
        "RawIntDen": [
            9038.0,
            13139.0,
            12346.0,
            11692.0,
            10470.0,
            11841.0,
            12304.0,
            11260.0
        ],
        "IntDen": [
            4281.723010773691,
            6224.558380012782,
            5848.877217416684,
            5539.046851290772,
            4960.128338437768,
            5609.6351151329145,
            5828.97985445447,
            5334.38826082228
        ],
        "FlagUp": 0,
        "Times": [
            -15,
            -10,
            -5,
            2,
            10,
            20,
            30,
            40
        ],
        "width": 0,
        "height": 0,
        "area": 0.47374673719558436,
        "distance": -2.7640688606866717,
        "xpert": [
            [
                280.0,
                241.2
            ],
            [
                274.8,
                241.2
            ],
            [
                273.8,
                236.0
            ],
            [
                275.8,
                231.8
            ],
            [
                280.0,
                231.0
            ],
            [
                284.4,
                231.6
            ],
            [
                286.0,
                236.0
            ],
            [
                285.2,
                241.2
            ]
        ],
        "stack": 0
    },
    {
        "type": "Spine",
        "location": [
            337,
            252
        ],
        "radloc": [
            0,
            0
        ],
        "mean": [
            110.79207920792079,
            132.35643564356437,
            115.88118811881188,
            115.84158415841584,
            68.22772277227723,
            73.42574257425743,
            56.851485148514854,
            68.83168316831683
        ],
        "min": [
            30.0,
            30.0,
            41.0,
            44.0,
            17.0,
            17.0,
            14.0,
            16.0
        ],
        "max": [
            225.0,
            252.0,
            246.0,
            238.0,
            157.0,
            158.0,
            131.0,
            178.0
        ],
        "RawIntDen": [
            11190.0,
            13368.0,
            11704.0,
            11700.0,
            6891.0,
            7416.0,
            5742.0,
            6952.0
        ],
        "IntDen": [
            5063.509012511815,
            6049.06063264146,
            5296.095574838095,
            5294.285562679914,
            3118.1984455066054,
            3355.7625412678835,
            2598.2724530690653,
            3145.8011309188682
        ],
        "FlagUp": 0,
        "Times": [
            -15,
            -10,
            -5,
            2,
            10,
            20,
            30,
            40
        ],
        "width": 0,
        "height": 0,
        "area": 0.45250303954529175,
        "distance": 0.6522777213733427,
        "xpert": [
            [
                337.0,
                258.0
            ],
            [
                332.2,
                256.8
            ],
            [
                330.8,
                252.0
            ],
            [
                333.0,
                248.0
            ],
            [
                337.0,
                244.8
            ],
            [
                340.4,
                248.6
            ],
            [
                342.0,
                252.0
            ],
            [
                341.6,
                256.6
            ]
        ],
        "stack": 0
    },
    {
        "type": "Spine",
        "location": [
            343,
            239
        ],
        "radloc": [
            0,
            0
        ],
        "mean": [
            109.54954954954955,
            117.990990990991,
            128.86486486486487,
            103.53153153153153,
            84.52252252252252,
            86.67567567567568,
            90.06306306306307,
            97.05405405405405
        ],
        "min": [
            15.0,
            26.0,
            24.0,
            16.0,
            15.0,
            14.0,
            13.0,
            8.0
        ],
        "max": [
            255.0,
            247.0,
            219.0,
            217.0,
            177.0,
            191.0,
            219.0,
            229.0
        ],
        "RawIntDen": [
            12160.0,
            13097.0,
            14304.0,
            11492.0,
            9382.0,
            9621.0,
            9997.0,
            10773.0
        ],
        "IntDen": [
            6015.350691144572,
            6478.869079105301,
            7075.9519972148,
            5684.902149887617,
            4641.120080947235,
            4759.3494243011455,
            4945.350399619432,
            5329.224752935895
        ],
        "FlagUp": 0,
        "Times": [
            -15,
            -10,
            -5,
            2,
            10,
            20,
            30,
            40
        ],
        "width": 0,
        "height": 0,
        "area": 0.4946834449954418,
        "distance": 1.537511771808594,
        "xpert": [
            [
                343.0,
                245.2
            ],
            [
                337.0,
                245.0
            ],
            [
                335.6,
                239.0
            ],
            [
                339.0,
                235.0
            ],
            [
                343.0,
                232.0
            ],
            [
                346.4,
                235.6
            ],
            [
                348.2,
                239.0
            ],
            [
                346.6,
                242.6
            ]
        ],
        "stack": 0
    },
    {
        "type": "Spine",
        "location": [
            119,
            241
        ],
        "radloc": [
            0,
            0
        ],
        "mean": [
            73.02941176470588,
            87.52941176470588,
            127.02941176470588,
            112.36274509803921,
            145.97058823529412,
            124.58823529411765,
            107.98039215686275,
            128.6764705882353
        ],
        "min": [
            7.0,
            10.0,
            24.0,
            15.0,
            34.0,
            31.0,
            20.0,
            35.0
        ],
        "max": [
            255.0,
            253.0,
            249.0,
            249.0,
            255.0,
            252.0,
            195.0,
            247.0
        ],
        "RawIntDen": [
            7449.0,
            8928.0,
            12957.0,
            11461.0,
            14889.0,
            12708.0,
            11014.0,
            13125.0
        ],
        "IntDen": [
            3413.2290151368256,
            4090.926117215946,
            5937.066498741824,
            5251.579774799726,
            6822.33411281678,
            5822.971449101729,
            5046.75854110847,
            6014.046291270081
        ],
        "FlagUp": 0,
        "Times": [
            -15,
            -10,
            -5,
            2,
            10,
            20,
            30,
            40
        ],
        "width": 0,
        "height": 0,
        "area": 0.45821305076343477,
        "distance": -1.0895263290619082,
        "xpert": [
            [
                119.0,
                247.4
            ],
            [
                113.2,
                246.8
            ],
            [
                112.0,
                241.0
            ],
            [
                114.6,
                236.6
            ],
            [
                119.0,
                236.2
            ],
            [
                122.2,
                237.8
            ],
            [
                124.2,
                241.0
            ],
            [
                123.0,
                245.0
            ]
        ],
        "stack": 0
    },
    {
        "type": "Spine",
        "location": [
            105,
            242
        ],
        "radloc": [
            0,
            0
        ],
        "mean": [
            34.068627450980394,
            41.490196078431374,
            49.77450980392157,
            46.990196078431374,
            55.35294117647059,
            53.27450980392157,
            68.47058823529412,
            64.52941176470588
        ],
        "min": [
            8.0,
            9.0,
            6.0,
            14.0,
            14.0,
            11.0,
            20.0,
            19.0
        ],
        "max": [
            104.0,
            127.0,
            128.0,
            116.0,
            143.0,
            121.0,
            126.0,
            120.0
        ],
        "RawIntDen": [
            3475.0,
            4232.0,
            5077.0,
            4793.0,
            5646.0,
            5434.0,
            6984.0,
            6582.0
        ],
        "IntDen": [
            1546.6317509473226,
            1883.5526820169982,
            2259.6401149811672,
            2133.2391315943933,
            2512.88715563988,
            2418.5314919849643,
            3108.3960139902447,
            2929.476312154037
        ],
        "FlagUp": 0,
        "Times": [
            -15,
            -10,
            -5,
            2,
            10,
            20,
            30,
            40
        ],
        "width": 0,
        "height": 0,
        "area": 0.44507388516469715,
        "distance": -0.26356,
        "xpert": [
            [
                105.0,
                247.2
            ],
            [
                100.6,
                246.4
            ],
            [
                100.0,
                242.0
            ],
            [
                101.8,
                238.8
            ],
            [
                105.0,
                236.6
            ],
            [
                109.4,
                237.6
            ],
            [
                112.8,
                242.0
            ],
            [
                110.0,
                247.0
            ]
        ],
        "stack": 0
    },
    {
        "type": "Spine",
        "location": [
            78,
            262
        ],
        "radloc": [
            0,
            0
        ],
        "mean": [
            93.46206896551725,
            99.9103448275862,
            95.39310344827587,
            110.42758620689655,
            98.44827586206897,
            102.36551724137931,
            104.57931034482759,
            101.73793103448276
        ],
        "min": [
            20.0,
            16.0,
            15.0,
            17.0,
            12.0,
            11.0,
            17.0,
            14.0
        ],
        "max": [
            208.0,
            246.0,
            206.0,
            242.0,
            224.0,
            241.0,
            249.0,
            212.0
        ],
        "RawIntDen": [
            13552.0,
            14487.0,
            13832.0,
            16012.0,
            14275.0,
            14843.0,
            15164.0,
            14752.0
        ],
        "IntDen": [
            8733.357290416436,
            9335.902233342895,
            8913.798556747353,
            10318.662701752359,
            9199.282417406628,
            9565.320414820775,
            9772.183438007292,
            9506.677003263227
        ],
        "FlagUp": 0,
        "Times": [
            -15,
            -10,
            -5,
            2,
            10,
            20,
            30,
            40
        ],
        "width": 0,
        "height": 0,
        "area": 0.6444330940389932,
        "distance": -0.72479,
        "xpert": [
            [
                78.0,
                270.6
            ],
            [
                72.8,
                267.2
            ],
            [
                71.8,
                262.0
            ],
            [
                72.2,
                256.2
            ],
            [
                78.0,
                255.8
            ],
            [
                83.2,
                256.8
            ],
            [
                84.6,
                262.0
            ],
            [
                83.0,
                267.0
            ]
        ],
        "stack": 0
    },
    {
        "type": "Spine",
        "location": [
            51,
            244
        ],
        "radloc": [
            0,
            0
        ],
        "mean": [
            37.01538461538462,
            38.43076923076923,
            61.215384615384615,
            98.63076923076923,
            85.27692307692308,
            80.52307692307693,
            43.353846153846156,
            51.83076923076923
        ],
        "min": [
            7.0,
            7.0,
            13.0,
            18.0,
            19.0,
            24.0,
            11.0,
            9.0
        ],
        "max": [
            172.0,
            159.0,
            184.0,
            241.0,
            241.0,
            225.0,
            151.0,
            171.0
        ],
        "RawIntDen": [
            2406.0,
            2498.0,
            3979.0,
            6411.0,
            5543.0,
            5234.0,
            2818.0,
            3369.0
        ],
        "IntDen": [
            692.0846726036468,
            718.5484256707854,
            1144.5573201537452,
            1844.1208794937572,
            1594.4411222951016,
            1505.557429928299,
            810.5962624260502,
            969.0911313390217
        ],
        "FlagUp": 0,
        "Times": [
            -15,
            -10,
            -5,
            2,
            10,
            20,
            30,
            40
        ],
        "width": 0,
        "height": 0,
        "area": 0.28764948986020233,
        "distance": 1.05424,
        "xpert": [
            [
                51.0,
                248.2
            ],
            [
                47.6,
                247.4
            ],
            [
                45.8,
                244.0
            ],
            [
                47.8,
                240.8
            ],
            [
                51.0,
                239.2
            ],
            [
                54.4,
                240.6
            ],
            [
                56.2,
                244.0
            ],
            [
                54.6,
                247.6
            ]
        ],
        "stack": 0
    },
    {
        "type": "Spine",
        "location": [
            372,
            189
        ],
        "radloc": [
            0,
            0
        ],
        "mean": [
            86.2089552238806,
            68.27611940298507,
            68.58955223880596,
            65.80597014925372,
            68.63432835820896,
            61.83582089552239,
            56.46268656716418,
            61.94776119402985
        ],
        "min": [
            17.0,
            8.0,
            8.0,
            10.0,
            6.0,
            7.0,
            10.0,
            7.0
        ],
        "max": [
            199.0,
            160.0,
            155.0,
            172.0,
            204.0,
            149.0,
            161.0,
            149.0
        ],
        "RawIntDen": [
            11552.0,
            9149.0,
            9191.0,
            8818.0,
            9197.0,
            8286.0,
            7566.0,
            8301.0
        ],
        "IntDen": [
            6826.008228744773,
            5406.089792658062,
            5430.907343351213,
            5210.503857433467,
            5434.452707735949,
            4896.1482153202205,
            4470.704489151918,
            4905.01162628206
        ],
        "FlagUp": 0,
        "Times": [
            -15,
            -10,
            -5,
            2,
            10,
            20,
            30,
            40
        ],
        "width": 0,
        "height": 0,
        "area": 0.5908940641226431,
        "distance": 4.619157594052434,
        "xpert": [
            [
                372.0,
                198.2
            ],
            [
                366.0,
                195.0
            ],
            [
                365.8,
                189.0
            ],
            [
                366.8,
                183.8
            ],
            [
                372.0,
                182.4
            ],
            [
                375.4,
                185.6
            ],
            [
                376.8,
                189.0
            ],
            [
                376.8,
                193.8
            ]
        ],
        "stack": 0
    }
]