[
    {
        "type": 0,
        "location": [
            115,
            250
        ],
        "bgloc": [
            362.7989635991466,
            177.1669931922383
        ],
        "mean": [
            [
                42.388535031847134,
                96.22929936305732,
                48.97452229299363,
                45.00636942675159,
                44.84076433121019,
                35.9171974522293,
                29.796178343949045,
                28.0
            ]
        ],
        "min": [
            [
                6,
                16,
                7,
                7,
                6,
                6,
                6,
                6
            ]
        ],
        "max": [
            [
                129,
                216,
                159,
                149,
                159,
                142,
                130,
                118
            ]
        ],
        "RawIntDen": [
            [
                6655,
                15108,
                7689,
                7066,
                7040,
                5639,
                4678,
                4396
            ]
        ],
        "IntDen": [
            [
                4551.30126,
                10332.240336,
                5258.4455880000005,
                4832.380872000001,
                4814.59968,
                3856.4669880000006,
                3199.2467760000004,
                3006.3892320000004
            ]
        ],
        "local_bg": [
            [
                6.75,
                6.975,
                6.8,
                6.81875,
                6.78125,
                6.95625,
                6.78125,
                6.78125
            ]
        ],
        "area": [
            0.683892
        ],
        "distance": 3.6022745699306995,
        "points": [
            [
                115.0,
                257.2
            ],
            [
                108.2,
                256.8
            ],
            [
                109.4,
                250.0
            ],
            [
                110.2,
                245.2
            ],
            [
                115.0,
                243.8
            ],
            [
                121.2,
                243.8
            ],
            [
                121.8,
                250.0
            ],
            [
                121.0,
                256.0
            ]
        ],
        "shift": null,
        "channel": 0,
        "closest_Dend": 0
    }
]