[
    {
        "type": 0,
        "location": [
            173,
            156
        ],
        "bgloc": [
            181,
            200
        ],
        "mean": [
            [
                22.809128630705395,
                19.518672199170126,
                20.925311203319502,
                21.282157676348547,
                23.236514522821576,
                23.53526970954357,
                22.29875518672199,
                25.775933609958507
            ]
        ],
        "min": [
            [
                2,
                1,
                1,
                1,
                5,
                3,
                2,
                5
            ]
        ],
        "max": [
            [
                70,
                67,
                74,
                75,
                64,
                70,
                67,
                94
            ]
        ],
        "RawIntDen": [
            [
                5497,
                4704,
                5043,
                5129,
                5600,
                5672,
                5374,
                6212
            ]
        ],
        "IntDen": [
            [
                23.944932,
                20.490624000000004,
                21.967308000000003,
                22.341924000000002,
                24.393600000000003,
                24.707232,
                23.409144,
                27.059472000000003
            ]
        ],
        "local_bg": [
            [
                5.556016597510373,
                6.33609958506224,
                5.8879668049792535,
                5.908713692946058,
                6.626556016597511,
                6.398340248962656,
                6.4149377593361,
                7.589211618257261
            ]
        ],
        "area": [
            1.0497960000000002
        ],
        "distance": 0.9020846072500858,
        "points": [
            [
                173.0,
                165.4
            ],
            [
                165.6,
                163.4
            ],
            [
                165.6,
                156.0
            ],
            [
                169.1657512798472,
                150.12537133829088
            ],
            [
                173.0,
                144.6
            ],
            [
                182.0,
                147.0
            ],
            [
                180.6,
                156.0
            ],
            [
                178.6,
                161.6
            ]
        ],
        "shift": [
            [
                0,
                0
            ],
            [
                0,
                0
            ],
            [
                0,
                0
            ],
            [
                1,
                0
            ],
            [
                0,
                0
            ],
            [
                -1,
                0
            ],
            [
                1,
                0
            ],
            [
                2,
                0
            ]
        ],
        "channel": 0,
        "closest_Dend": 0
    },
    {
        "type": 0,
        "location": [
            179,
            114
        ],
        "bgloc": [
            173,
            84
        ],
        "mean": [
            [
                27.28723404255319,
                35.46808510638298,
                32.06028368794326,
                48.269503546099294,
                38.173758865248224,
                42.223404255319146,
                50.790780141843975,
                54.0
            ]
        ],
        "min": [
            [
                1,
                1,
                1,
                3,
                6,
                1,
                7,
                2
            ]
        ],
        "max": [
            [
                129,
                156,
                163,
                172,
                134,
                161,
                156,
                178
            ]
        ],
        "RawIntDen": [
            [
                7695,
                10002,
                9041,
                13612,
                10765,
                11907,
                14323,
                15228
            ]
        ],
        "IntDen": [
            [
                33.519420000000004,
                43.568712000000005,
                39.38259600000001,
                59.29387200000001,
                46.892340000000004,
                51.86689200000001,
                62.39098800000001,
                66.333168
            ]
        ],
        "local_bg": [
            [
                4.223404255319149,
                5.329787234042553,
                4.74113475177305,
                4.865248226950355,
                5.907801418439717,
                5.216312056737588,
                5.904255319148936,
                6.00354609929078
            ]
        ],
        "area": [
            1.2283920000000002
        ],
        "distance": 1.8430163947560976,
        "points": [
            [
                179.47877755439328,
                122.13135994062755
            ],
            [
                174.07877755439327,
                120.33135994062755
            ],
            [
                171.47877755439328,
                114.93135994062754
            ],
            [
                174.77442022671568,
                102.69693839237647
            ],
            [
                180.982916345486,
                98.85358365218534
            ],
            [
                186.30448444728916,
                105.65336511560045
            ],
            [
                187.461129707098,
                114.63571726830514
            ],
            [
                186.87877755439328,
                122.33135994062755
            ]
        ],
        "shift": [
            [
                0,
                0
            ],
            [
                -3.0,
                -1.0
            ],
            [
                0,
                0
            ],
            [
                1,
                0
            ],
            [
                0,
                0
            ],
            [
                0,
                0
            ],
            [
                2,
                0
            ],
            [
                0.0,
                -1.0
            ]
        ],
        "channel": 0,
        "closest_Dend": 0
    },
    {
        "type": 0,
        "location": [
            203,
            132
        ],
        "bgloc": [
            203.50744918304267,
            151.0129725528002
        ],
        "mean": [
            [
                29.30597014925373,
                28.313432835820894,
                33.73880597014925,
                33.83582089552239,
                32.47014925373134,
                27.611940298507463,
                33.73134328358209,
                26.51492537313433
            ]
        ],
        "min": [
            [
                5,
                6,
                7,
                7,
                7,
                8,
                7,
                4
            ]
        ],
        "max": [
            [
                83,
                74,
                104,
                92,
                89,
                70,
                91,
                81
            ]
        ],
        "RawIntDen": [
            [
                3927,
                3794,
                4521,
                4534,
                4351,
                3700,
                4520,
                3553
            ]
        ],
        "IntDen": [
            [
                17.106012000000003,
                16.526664,
                19.693476000000004,
                19.750104000000004,
                18.952956000000004,
                16.1172,
                19.689120000000003,
                15.476868000000001
            ]
        ],
        "local_bg": [
            [
                7.442028985507246,
                6.884057971014493,
                5.608695652173913,
                7.202898550724638,
                7.971014492753623,
                7.094202898550725,
                8.0,
                8.615942028985508
            ]
        ],
        "area": [
            0.5837040000000001
        ],
        "distance": 3.245378761544324,
        "points": [
            [
                202.19833311844582,
                139.36043299684133
            ],
            [
                196.19833311844582,
                138.16043299684134
            ],
            [
                196.41646374739753,
                132.77362199789422
            ],
            [
                197.3985516550307,
                128.5432222227158
            ],
            [
                202.128834412189,
                127.951936878071
            ],
            [
                208.33733053095932,
                128.5432222227158
            ],
            [
                210.7983331184458,
                132.16043299684134
            ],
            [
                208.3983331184458,
                138.36043299684133
            ]
        ],
        "shift": [
            [
                0,
                0
            ],
            [
                -0.0,
                -1.0
            ],
            [
                -1.0,
                -1.0
            ],
            [
                1,
                0
            ],
            [
                1,
                0
            ],
            [
                -0.0,
                -0.0
            ],
            [
                3,
                0
            ],
            [
                2.0,
                2.0
            ]
        ],
        "channel": 0,
        "closest_Dend": 0
    },
    {
        "type": 0,
        "location": [
            259,
            167
        ],
        "bgloc": [
            248,
            222
        ],
        "mean": [
            [
                57.98993288590604,
                51.788590604026844,
                55.79865771812081,
                64.18120805369128,
                77.3993288590604,
                69.04026845637584,
                59.13422818791946,
                50.13422818791946
            ]
        ],
        "min": [
            [
                5,
                1,
                4,
                4,
                7,
                9,
                6,
                5
            ]
        ],
        "max": [
            [
                229,
                208,
                226,
                245,
                239,
                179,
                201,
                198
            ]
        ],
        "RawIntDen": [
            [
                17281,
                15433,
                16628,
                19126,
                23065,
                20574,
                17622,
                14940
            ]
        ],
        "IntDen": [
            [
                75.276036,
                67.22614800000001,
                72.43156800000001,
                83.31285600000001,
                100.47114,
                89.62034400000002,
                76.76143200000001,
                65.07864000000001
            ]
        ],
        "local_bg": [
            [
                4.238255033557047,
                4.842281879194631,
                4.657718120805369,
                4.395973154362416,
                4.802013422818792,
                4.5,
                4.476510067114094,
                5.238255033557047
            ]
        ],
        "area": [
            1.2980880000000001
        ],
        "distance": 7.422628202246325,
        "points": [
            [
                260.26726763192124,
                176.0029290901482
            ],
            [
                252.88469694263165,
                173.3336489204763
            ],
            [
                249.28469694263163,
                167.1336489204763
            ],
            [
                250.28469694263163,
                158.3336489204763
            ],
            [
                259.08469694263164,
                157.93364892047632
            ],
            [
                266.77140642301396,
                157.08179806151483
            ],
            [
                271.50168918017226,
                164.47286486957472
            ],
            [
                264.7019077167572,
                173.34214503924662
            ]
        ],
        "shift": [
            [
                0,
                0
            ],
            [
                0.0,
                -1.0
            ],
            [
                -2,
                0
            ],
            [
                -1,
                0
            ],
            [
                1.0,
                -2.0
            ],
            [
                -3.0,
                -4.0
            ],
            [
                -1,
                0
            ],
            [
                -1,
                0
            ]
        ],
        "channel": 0,
        "closest_Dend": 0
    },
    {
        "type": 0,
        "location": [
            280,
            148
        ],
        "bgloc": [
            280,
            166
        ],
        "mean": [
            [
                50.68263473053892,
                48.59281437125748,
                48.532934131736525,
                73.1497005988024,
                52.61077844311377,
                61.73053892215569,
                48.874251497005986,
                41.15568862275449
            ]
        ],
        "min": [
            [
                10,
                10,
                9,
                15,
                11,
                13,
                10,
                7
            ]
        ],
        "max": [
            [
                141,
                123,
                126,
                210,
                156,
                137,
                128,
                149
            ]
        ],
        "RawIntDen": [
            [
                8464,
                8115,
                8105,
                12216,
                8786,
                10309,
                8162,
                6873
            ]
        ],
        "IntDen": [
            [
                36.869184000000004,
                35.348940000000006,
                35.30538000000001,
                53.21289600000001,
                38.271816,
                44.906004,
                35.553672000000006,
                29.938788000000002
            ]
        ],
        "local_bg": [
            [
                8.994011976047904,
                7.916167664670659,
                7.467065868263473,
                7.550898203592815,
                9.023952095808383,
                8.70059880239521,
                8.293413173652695,
                7.497005988023952
            ]
        ],
        "area": [
            0.7274520000000001
        ],
        "distance": 8.442360558297763,
        "points": [
            [
                279.8550106827212,
                155.2073879363906
            ],
            [
                275.973910637019,
                153.08047134255023
            ],
            [
                270.1247279255628,
                149.58995862568017
            ],
            [
                271.01165594253,
                144.56403319619943
            ],
            [
                280.4780494281117,
                143.02862048358875
            ],
            [
                286.39090287455963,
                143.32426315591115
            ],
            [
                289.25501068272115,
                147.4073879363906
            ],
            [
                286.25501068272115,
                153.8073879363906
            ]
        ],
        "shift": [
            [
                0,
                0
            ],
            [
                -2,
                0
            ],
            [
                -4.0,
                1.0
            ],
            [
                1,
                0
            ],
            [
                0,
                0
            ],
            [
                -6.0,
                -1.0
            ],
            [
                -3.0,
                1.0
            ],
            [
                -2.0,
                -0.0
            ]
        ],
        "channel": 0,
        "closest_Dend": 0
    },
    {
        "type": 0,
        "location": [
            305,
            148
        ],
        "bgloc": [
            305,
            166
        ],
        "mean": [
            [
                25.974683544303797,
                21.031645569620252,
                25.189873417721518,
                22.40506329113924,
                23.424050632911392,
                23.90506329113924,
                24.917721518987342,
                22.974683544303797
            ]
        ],
        "min": [
            [
                7,
                4,
                5,
                6,
                6,
                8,
                6,
                6
            ]
        ],
        "max": [
            [
                74,
                74,
                76,
                63,
                75,
                67,
                76,
                68
            ]
        ],
        "RawIntDen": [
            [
                4104,
                3323,
                3980,
                3540,
                3701,
                3777,
                3937,
                3630
            ]
        ],
        "IntDen": [
            [
                17.877024000000002,
                14.474988000000002,
                17.33688,
                15.420240000000002,
                16.121556,
                16.452612000000002,
                17.149572000000003,
                15.812280000000001
            ]
        ],
        "local_bg": [
            [
                8.60126582278481,
                7.563291139240507,
                7.791139240506329,
                7.265822784810126,
                11.278481012658228,
                9.468354430379748,
                11.924050632911392,
                11.082278481012658
            ]
        ],
        "area": [
            0.6882480000000001
        ],
        "distance": 10.092360558297761,
        "points": [
            [
                305.25326239004204,
                155.1117452640682
            ],
            [
                299.653262390042,
                153.71174526406818
            ],
            [
                298.5877430507999,
                148.6471579766789
            ],
            [
                300.05326239004205,
                142.9117452640682
            ],
            [
                305.25326239004204,
                142.5117452640682
            ],
            [
                311.453262390042,
                141.9117452640682
            ],
            [
                312.93997187042436,
                148.703030608713
            ],
            [
                311.85326239004206,
                154.71174526406818
            ]
        ],
        "shift": [
            [
                0,
                0
            ],
            [
                0.0,
                -0.0
            ],
            [
                -2.0,
                0.0
            ],
            [
                1,
                0
            ],
            [
                0,
                0
            ],
            [
                -2.0,
                -1.0
            ],
            [
                -4.0,
                0.0
            ],
            [
                -2.0,
                0.0
            ]
        ],
        "channel": 0,
        "closest_Dend": 0
    },
    {
        "type": 0,
        "location": [
            414,
            199
        ],
        "bgloc": [
            421,
            179
        ],
        "mean": [
            [
                29.710982658959537,
                28.329479768786126,
                31.710982658959537,
                33.47398843930636,
                45.641618497109825,
                45.0635838150289,
                62.664739884393065,
                67.09248554913295
            ]
        ],
        "min": [
            [
                2,
                3,
                2,
                6,
                6,
                8,
                7,
                7
            ]
        ],
        "max": [
            [
                94,
                95,
                101,
                100,
                139,
                126,
                172,
                156
            ]
        ],
        "RawIntDen": [
            [
                5140,
                4901,
                5486,
                5791,
                7896,
                7796,
                10841,
                11607
            ]
        ],
        "IntDen": [
            [
                22.389840000000003,
                21.348756,
                23.897016000000004,
                25.225596000000003,
                34.39497600000001,
                33.959376000000006,
                47.22339600000001,
                50.560092000000004
            ]
        ],
        "local_bg": [
            [
                7.508670520231214,
                6.716763005780347,
                6.815028901734104,
                6.682080924855492,
                7.76878612716763,
                6.763005780346821,
                7.138728323699422,
                7.682080924855492
            ]
        ],
        "area": [
            0.753588
        ],
        "distance": 18.722450959735948,
        "points": [
            [
                414.100320356458,
                206.02141625753916
            ],
            [
                408.50032035645796,
                204.42141625753916
            ],
            [
                406.95562244200005,
                198.983795755595
            ],
            [
                407.700320356458,
                192.42141625753916
            ],
            [
                414.100320356458,
                189.42141625753916
            ],
            [
                420.100320356458,
                192.82141625753917
            ],
            [
                420.300320356458,
                198.82141625753917
            ],
            [
                418.5334411370946,
                204.08656641398312
            ]
        ],
        "shift": [
            [
                0,
                0
            ],
            [
                -2.0,
                -3.0
            ],
            [
                -2.0,
                -4.0
            ],
            [
                -2.0,
                -5.0
            ],
            [
                -5.0,
                -4.0
            ],
            [
                -12.0,
                -2.0
            ],
            [
                -10.0,
                1.0
            ],
            [
                -11.0,
                0.0
            ]
        ],
        "channel": 0,
        "closest_Dend": 0
    }
]