[
    {
        "type": "Stim",
        "location": [
            249,
            287
        ],
        "radloc": [
            0,
            0
        ],
        "mean": [
            40.845360824742265,
            31.164948453608247,
            36.96907216494845,
            40.06185567010309,
            27.88659793814433,
            29.123711340206185,
            25.742268041237114,
            29.742268041237114
        ],
        "min": [
            12.0,
            8.0,
            11.0,
            12.0,
            9.0,
            9.0,
            9.0,
            8.0
        ],
        "max": [
            94.0,
            90.0,
            94.0,
            109.0,
            66.0,
            67.0,
            59.0,
            68.0
        ],
        "RawIntDen": [
            3962.0,
            3023.0,
            3586.0,
            3886.0,
            2705.0,
            2825.0,
            2497.0,
            2885.0
        ],
        "IntDen": [
            1747.570913785883,
            1333.3939607205261,
            1581.7236993528966,
            1714.0486044855986,
            1193.1295612798622,
            1246.059523332943,
            1101.384293721189,
            1272.5245043594832
        ],
        "FlagUp": 0,
        "Times": [
            -15,
            -10,
            -5,
            2,
            10,
            20,
            30,
            40
        ],
        "width": 0,
        "height": 0,
        "area": 0.4410830171090063,
        "distance": 0,
        "xpert": [
            [
                249.0,
                293.0
            ],
            [
                243.4,
                292.6
            ],
            [
                241.6,
                287.0
            ],
            [
                244.2,
                282.2
            ],
            [
                249.0,
                282.2
            ],
            [
                252.2,
                283.8
            ],
            [
                253.6,
                287.0
            ],
            [
                252.4,
                290.4
            ]
        ],
        "stack": 0
    },
    {
        "type": "Spine",
        "location": [
            229,
            280
        ],
        "radloc": [
            0,
            0
        ],
        "mean": [
            53.666666666666664,
            48.6764705882353,
            49.705882352941174,
            51.78431372549019,
            46.794117647058826,
            43.78431372549019,
            32.254901960784316,
            31.352941176470587
        ],
        "min": [
            13.0,
            12.0,
            15.0,
            8.0,
            12.0,
            12.0,
            7.0,
            6.0
        ],
        "max": [
            108.0,
            104.0,
            104.0,
            120.0,
            103.0,
            90.0,
            90.0,
            97.0
        ],
        "RawIntDen": [
            5474.0,
            4965.0,
            5070.0,
            5282.0,
            4773.0,
            4466.0,
            3290.0,
            3198.0
        ],
        "IntDen": [
            2512.627442226404,
            2278.9907290197475,
            2327.1869075790773,
            2424.4972871464865,
            2190.8605739398295,
            2049.9441280568362,
            1510.1469281923403,
            1467.9178955498796
        ],
        "FlagUp": 0,
        "Times": [
            -15,
            -10,
            -5,
            2,
            10,
            20,
            30,
            40
        ],
        "width": 0,
        "height": 0,
        "area": 0.4590112243745715,
        "distance": 1.3178,
        "xpert": [
            [
                229.0,
                285.0
            ],
            [
                225.6,
                283.4
            ],
            [
                224.4,
                280.0
            ],
            [
                225.6,
                276.6
            ],
            [
                229.0,
                273.8
            ],
            [
                235.2,
                273.8
            ],
            [
                236.0,
                280.0
            ],
            [
                233.6,
                284.6
            ]
        ],
        "stack": 0
    },
    {
        "type": "Spine",
        "location": [
            212,
            253
        ],
        "radloc": [
            0,
            0
        ],
        "mean": [
            130.25174825174824,
            100.20979020979021,
            99.32867132867133,
            85.23076923076923,
            84.00699300699301,
            87.32167832167832,
            88.21678321678321,
            83.4965034965035
        ],
        "min": [
            50.0,
            28.0,
            18.0,
            17.0,
            18.0,
            18.0,
            21.0,
            11.0
        ],
        "max": [
            232.0,
            216.0,
            215.0,
            196.0,
            179.0,
            181.0,
            209.0,
            193.0
        ],
        "RawIntDen": [
            18626.0,
            14330.0,
            14204.0,
            12188.0,
            12013.0,
            12487.0,
            12615.0,
            11940.0
        ],
        "IntDen": [
            11815.660640670736,
            9090.433640116593,
            9010.503797921569,
            7731.6263228011885,
            7620.612653085877,
            7921.301107057634,
            8002.4996769065465,
            7574.304093718919
        ],
        "FlagUp": 0,
        "Times": [
            -15,
            -10,
            -5,
            2,
            10,
            20,
            30,
            40
        ],
        "width": 0,
        "height": 0,
        "area": 0.6343638269446331,
        "distance": 2.5743926581238163,
        "xpert": [
            [
                212.0,
                259.2
            ],
            [
                206.0,
                259.0
            ],
            [
                205.2,
                253.0
            ],
            [
                206.4,
                247.4
            ],
            [
                212.0,
                247.0
            ],
            [
                216.0,
                249.0
            ],
            [
                219.0,
                253.0
            ],
            [
                218.2,
                259.2
            ]
        ],
        "stack": 0
    },
    {
        "type": "Spine",
        "location": [
            200,
            254
        ],
        "radloc": [
            0,
            0
        ],
        "mean": [
            89.3963963963964,
            82.50450450450451,
            79.6036036036036,
            71.14414414414415,
            82.15315315315316,
            86.8108108108108,
            71.04504504504504,
            113.90090090090091
        ],
        "min": [
            26.0,
            20.0,
            10.0,
            11.0,
            19.0,
            20.0,
            14.0,
            30.0
        ],
        "max": [
            174.0,
            150.0,
            175.0,
            160.0,
            167.0,
            178.0,
            159.0,
            217.0
        ],
        "RawIntDen": [
            9923.0,
            9158.0,
            8836.0,
            7897.0,
            9119.0,
            9636.0,
            7886.0,
            12643.0
        ],
        "IntDen": [
            4842.944602514456,
            4469.584467381577,
            4312.43157390081,
            3854.1503099926094,
            4450.550421276764,
            4702.873545281599,
            3848.781732886124,
            6170.447305209138
        ],
        "FlagUp": 0,
        "Times": [
            -15,
            -10,
            -5,
            2,
            10,
            20,
            30,
            40
        ],
        "width": 0,
        "height": 0,
        "area": 0.48805246422598575,
        "distance": 3.5015353162476326,
        "xpert": [
            [
                200.0,
                260.2
            ],
            [
                195.8,
                258.2
            ],
            [
                194.8,
                254.0
            ],
            [
                196.4,
                250.4
            ],
            [
                200.0,
                247.6
            ],
            [
                205.2,
                248.8
            ],
            [
                206.8,
                254.0
            ],
            [
                205.0,
                259.0
            ]
        ],
        "stack": 0
    },
    {
        "type": "Spine",
        "location": [
            189,
            277
        ],
        "radloc": [
            0,
            0
        ],
        "mean": [
            51.85507246376812,
            52.833333333333336,
            60.55797101449275,
            58.391304347826086,
            55.405797101449274,
            54.166666666666664,
            46.97826086956522,
            49.34057971014493
        ],
        "min": [
            14.0,
            15.0,
            17.0,
            19.0,
            12.0,
            18.0,
            16.0,
            15.0
        ],
        "max": [
            140.0,
            145.0,
            154.0,
            160.0,
            121.0,
            108.0,
            117.0,
            103.0
        ],
        "RawIntDen": [
            7156.0,
            7291.0,
            8357.0,
            8058.0,
            7646.0,
            7475.0,
            6483.0,
            6809.0
        ],
        "IntDen": [
            4484.587061372478,
            4569.190087264777,
            5237.240647273589,
            5049.860612149166,
            4791.664710907487,
            4684.500878110575,
            4062.825310072356,
            4267.125950375238
        ],
        "FlagUp": 0,
        "Times": [
            -15,
            -10,
            -5,
            2,
            10,
            20,
            30,
            40
        ],
        "width": 0,
        "height": 0,
        "area": 0.626689080683689,
        "distance": 4.226325316247633,
        "xpert": [
            [
                189.0,
                282.8
            ],
            [
                183.2,
                282.8
            ],
            [
                183.6,
                277.0
            ],
            [
                183.6,
                271.6
            ],
            [
                189.0,
                270.2
            ],
            [
                195.2,
                270.8
            ],
            [
                195.2,
                277.0
            ],
            [
                194.4,
                282.4
            ]
        ],
        "stack": 0
    },
    {
        "type": "Spine",
        "location": [
            199,
            286
        ],
        "radloc": [
            0,
            0
        ],
        "mean": [
            52.48765432098765,
            38.370370370370374,
            49.91975308641975,
            51.166666666666664,
            42.74074074074074,
            48.97530864197531,
            51.5679012345679,
            48.49382716049383
        ],
        "min": [
            8.0,
            9.0,
            13.0,
            11.0,
            10.0,
            10.0,
            10.0,
            6.0
        ],
        "max": [
            133.0,
            98.0,
            122.0,
            127.0,
            100.0,
            117.0,
            130.0,
            135.0
        ],
        "RawIntDen": [
            8503.0,
            6216.0,
            8087.0,
            8289.0,
            6924.0,
            7934.0,
            8354.0,
            7856.0
        ],
        "IntDen": [
            6118.1024658110055,
            4472.553796010962,
            5818.780976245279,
            5964.1245841594055,
            4981.975946521863,
            5708.693986092499,
            6010.89356690405,
            5652.571206798925
        ],
        "FlagUp": 0,
        "Times": [
            -15,
            -10,
            -5,
            2,
            10,
            20,
            30,
            40
        ],
        "width": 0,
        "height": 0,
        "area": 0.719522811456075,
        "distance": 3.3181087729996688,
        "xpert": [
            [
                199.0,
                295.6
            ],
            [
                193.4,
                291.6
            ],
            [
                193.0,
                286.0
            ],
            [
                193.8,
                280.8
            ],
            [
                199.0,
                279.6
            ],
            [
                204.0,
                281.0
            ],
            [
                206.8,
                286.0
            ],
            [
                205.0,
                292.0
            ]
        ],
        "stack": 0
    },
    {
        "type": "Spine",
        "location": [
            276,
            246
        ],
        "radloc": [
            0,
            0
        ],
        "mean": [
            36.916666666666664,
            29.174242424242426,
            26.416666666666668,
            22.765151515151516,
            19.931818181818183,
            23.78787878787879,
            24.151515151515152,
            25.59090909090909
        ],
        "min": [
            9.0,
            8.0,
            6.0,
            7.0,
            6.0,
            7.0,
            8.0,
            6.0
        ],
        "max": [
            97.0,
            71.0,
            61.0,
            54.0,
            48.0,
            54.0,
            71.0,
            64.0
        ],
        "RawIntDen": [
            4873.0,
            3851.0,
            3487.0,
            3005.0,
            2631.0,
            3140.0,
            3188.0,
            3378.0
        ],
        "IntDen": [
            2812.7068897328663,
            2222.8061219702995,
            2012.7044786576043,
            1734.492961963321,
            1518.6192954826947,
            1812.4152747303922,
            1840.1209859364617,
            1949.7894261271542
        ],
        "FlagUp": 0,
        "Times": [
            -15,
            -10,
            -5,
            2,
            10,
            20,
            30,
            40
        ],
        "width": 0,
        "height": 0,
        "area": 0.5772023167931185,
        "distance": 2.2063451897485793,
        "xpert": [
            [
                276.0,
                255.2
            ],
            [
                271.4,
                250.6
            ],
            [
                269.6,
                246.0
            ],
            [
                271.4,
                241.4
            ],
            [
                276.0,
                240.6
            ],
            [
                281.4,
                240.6
            ],
            [
                282.0,
                246.0
            ],
            [
                280.6,
                250.6
            ]
        ],
        "stack": 0
    },
    {
        "type": "Spine",
        "location": [
            263,
            275
        ],
        "radloc": [
            0,
            0
        ],
        "mean": [
            120.6029411764706,
            106.46323529411765,
            104.41176470588235,
            112.86764705882354,
            107.1029411764706,
            94.63970588235294,
            81.70588235294117,
            72.55882352941177
        ],
        "min": [
            19.0,
            20.0,
            15.0,
            26.0,
            24.0,
            26.0,
            14.0,
            14.0
        ],
        "max": [
            228.0,
            210.0,
            237.0,
            236.0,
            233.0,
            212.0,
            189.0,
            171.0
        ],
        "RawIntDen": [
            16402.0,
            14479.0,
            14200.0,
            15350.0,
            14566.0,
            12871.0,
            11112.0,
            9868.0
        ],
        "IntDen": [
            9951.663212126652,
            8784.912306327386,
            8615.633313754326,
            9313.378265220346,
            8837.698228742642,
            7809.28284375577,
            6742.036435382963,
            5987.258418318851
        ],
        "FlagUp": 0,
        "Times": [
            -15,
            -10,
            -5,
            2,
            10,
            20,
            30,
            40
        ],
        "width": 0,
        "height": 0,
        "area": 0.6067347404052342,
        "distance": 0.9224600000000001,
        "xpert": [
            [
                263.0,
                282.6
            ],
            [
                258.4,
                279.6
            ],
            [
                255.8,
                275.0
            ],
            [
                257.6,
                269.6
            ],
            [
                263.0,
                269.4
            ],
            [
                268.6,
                269.4
            ],
            [
                269.4,
                275.0
            ],
            [
                268.0,
                280.0
            ]
        ],
        "stack": 0
    },
    {
        "type": "Spine",
        "location": [
            313,
            249
        ],
        "radloc": [
            0,
            0
        ],
        "mean": [
            35.871428571428574,
            34.1,
            33.01428571428571,
            25.992857142857144,
            23.478571428571428,
            26.885714285714286,
            21.87142857142857,
            23.664285714285715
        ],
        "min": [
            9.0,
            11.0,
            8.0,
            8.0,
            9.0,
            8.0,
            6.0,
            7.0
        ],
        "max": [
            110.0,
            80.0,
            88.0,
            59.0,
            55.0,
            82.0,
            53.0,
            66.0
        ],
        "RawIntDen": [
            5022.0,
            4774.0,
            4622.0,
            3639.0,
            3287.0,
            3764.0,
            3062.0,
            3313.0
        ],
        "IntDen": [
            3189.1668855795256,
            3031.6771628348574,
            2935.151203733287,
            2310.9076655961558,
            2087.3738655714656,
            2390.287566173105,
            1944.4900445329565,
            2103.8848848914713
        ],
        "FlagUp": 0,
        "Times": [
            -15,
            -10,
            -5,
            2,
            10,
            20,
            30,
            40
        ],
        "width": 0,
        "height": 0,
        "area": 0.6350392046155965,
        "distance": 4.489885316247632,
        "xpert": [
            [
                313.0,
                256.8
            ],
            [
                305.6,
                256.4
            ],
            [
                307.4,
                249.0
            ],
            [
                309.0,
                245.0
            ],
            [
                313.0,
                243.6
            ],
            [
                318.0,
                244.0
            ],
            [
                320.4,
                249.0
            ],
            [
                317.8,
                253.8
            ]
        ],
        "stack": 0
    },
    {
        "type": "Spine",
        "location": [
            174,
            290
        ],
        "radloc": [
            0,
            0
        ],
        "mean": [
            20.175257731958762,
            20.278350515463917,
            16.443298969072163,
            18.11340206185567,
            19.0,
            15.061855670103093,
            19.195876288659793,
            15.010309278350515
        ],
        "min": [
            7.0,
            9.0,
            6.0,
            7.0,
            7.0,
            7.0,
            7.0,
            6.0
        ],
        "max": [
            56.0,
            44.0,
            31.0,
            36.0,
            37.0,
            35.0,
            45.0,
            31.0
        ],
        "RawIntDen": [
            1957.0,
            1967.0,
            1595.0,
            1757.0,
            1843.0,
            1461.0,
            1862.0,
            1456.0
        ],
        "IntDen": [
            915.707561082935,
            920.3867003833077,
            746.3227184094437,
            822.1247750754812,
            862.3653730586864,
            683.6222517844496,
            871.2557377293945,
            681.2826821342634
        ],
        "FlagUp": 0,
        "Times": [
            -15,
            -10,
            -5,
            2,
            10,
            20,
            30,
            40
        ],
        "width": 0,
        "height": 0,
        "area": 0.4679139300372688,
        "distance": 5.2146753162476305,
        "xpert": [
            [
                174.0,
                295.6
            ],
            [
                170.0,
                294.0
            ],
            [
                169.0,
                290.0
            ],
            [
                169.6,
                285.6
            ],
            [
                174.0,
                285.0
            ],
            [
                180.6,
                283.4
            ],
            [
                179.8,
                290.0
            ],
            [
                178.0,
                294.0
            ]
        ],
        "stack": 0
    },
    {
        "type": "Spine",
        "location": [
            177,
            274
        ],
        "radloc": [
            0,
            0
        ],
        "mean": [
            58.598130841121495,
            66.11214953271028,
            71.26168224299066,
            69.11214953271028,
            68.2803738317757,
            52.3177570093458,
            51.0,
            54.074766355140184
        ],
        "min": [
            15.0,
            19.0,
            27.0,
            26.0,
            24.0,
            17.0,
            15.0,
            12.0
        ],
        "max": [
            127.0,
            114.0,
            125.0,
            142.0,
            150.0,
            111.0,
            129.0,
            110.0
        ],
        "RawIntDen": [
            6270.0,
            7074.0,
            7625.0,
            7395.0,
            7306.0,
            5598.0,
            5457.0,
            5786.0
        ],
        "IntDen": [
            2862.98673120305,
            3230.10656085014,
            3481.702364501317,
            3376.680522686851,
            3336.041636071688,
            2556.1403064233928,
            2491.75735122409,
            2641.9842466891305
        ],
        "FlagUp": 0,
        "Times": [
            -15,
            -10,
            -5,
            2,
            10,
            20,
            30,
            40
        ],
        "width": 0,
        "height": 0,
        "area": 0.4566167035411563,
        "distance": 5.017005316247631,
        "xpert": [
            [
                177.0,
                279.2
            ],
            [
                173.4,
                277.6
            ],
            [
                170.4,
                274.0
            ],
            [
                171.8,
                268.8
            ],
            [
                177.0,
                268.8
            ],
            [
                182.2,
                268.8
            ],
            [
                182.2,
                274.0
            ],
            [
                181.4,
                278.4
            ]
        ],
        "stack": 0
    },
    {
        "type": "Spine",
        "location": [
            165,
            274
        ],
        "radloc": [
            0,
            0
        ],
        "mean": [
            46.64462809917355,
            49.917355371900825,
            52.52892561983471,
            58.96694214876033,
            44.85950413223141,
            46.52066115702479,
            36.85950413223141,
            39.30578512396694
        ],
        "min": [
            11.0,
            11.0,
            15.0,
            12.0,
            13.0,
            13.0,
            9.0,
            8.0
        ],
        "max": [
            114.0,
            126.0,
            105.0,
            116.0,
            98.0,
            101.0,
            95.0,
            99.0
        ],
        "RawIntDen": [
            5644.0,
            6040.0,
            6356.0,
            7135.0,
            5428.0,
            5629.0,
            4460.0,
            4756.0
        ],
        "IntDen": [
            3056.0493326529954,
            3270.4709371410513,
            3441.575045772934,
            3863.3791616724175,
            2939.0920938413287,
            3047.927302179963,
            2414.9503939816373,
            2575.225128649477
        ],
        "FlagUp": 0,
        "Times": [
            -15,
            -10,
            -5,
            2,
            10,
            20,
            30,
            40
        ],
        "width": 0,
        "height": 0,
        "area": 0.5414686982021608,
        "distance": 6.230317847872394,
        "xpert": [
            [
                165.0,
                280.8
            ],
            [
                160.6,
                278.4
            ],
            [
                158.8,
                274.0
            ],
            [
                160.6,
                269.6
            ],
            [
                165.0,
                269.2
            ],
            [
                170.2,
                268.8
            ],
            [
                171.8,
                274.0
            ],
            [
                170.8,
                279.8
            ]
        ],
        "stack": 0
    },
    {
        "type": "Spine",
        "location": [
            156,
            289
        ],
        "radloc": [
            0,
            0
        ],
        "mean": [
            23.846938775510203,
            26.591836734693878,
            24.122448979591837,
            33.53061224489796,
            26.3265306122449,
            25.23469387755102,
            31.622448979591837,
            31.897959183673468
        ],
        "min": [
            6.0,
            6.0,
            6.0,
            10.0,
            8.0,
            9.0,
            10.0,
            8.0
        ],
        "max": [
            67.0,
            90.0,
            66.0,
            94.0,
            70.0,
            63.0,
            66.0,
            96.0
        ],
        "RawIntDen": [
            2337.0,
            2606.0,
            2364.0,
            3286.0,
            2580.0,
            2473.0,
            3099.0,
            3126.0
        ],
        "IntDen": [
            1055.2038105198299,
            1176.6628712942563,
            1067.3948686644749,
            1483.696928270501,
            1164.9233338216352,
            1116.6106219150788,
            1399.2625626020338,
            1411.4536207466788
        ],
        "FlagUp": 0,
        "Times": [
            -15,
            -10,
            -5,
            2,
            10,
            20,
            30,
            40
        ],
        "width": 0,
        "height": 0,
        "area": 0.45152067202388957,
        "distance": 7.480288227369553,
        "xpert": [
            [
                156.0,
                296.4
            ],
            [
                152.2,
                292.8
            ],
            [
                150.6,
                289.0
            ],
            [
                149.6,
                282.6
            ],
            [
                156.0,
                284.0
            ],
            [
                159.0,
                286.0
            ],
            [
                160.6,
                289.0
            ],
            [
                160.2,
                293.2
            ]
        ],
        "stack": 0
    },
    {
        "type": "Spine",
        "location": [
            137,
            256
        ],
        "radloc": [
            0,
            0
        ],
        "mean": [
            82.88372093023256,
            60.27906976744186,
            62.45348837209303,
            66.93023255813954,
            61.58139534883721,
            69.3953488372093,
            61.16279069767442,
            67.22093023255815
        ],
        "min": [
            19.0,
            17.0,
            14.0,
            9.0,
            18.0,
            22.0,
            15.0,
            15.0
        ],
        "max": [
            172.0,
            142.0,
            154.0,
            153.0,
            144.0,
            128.0,
            127.0,
            137.0
        ],
        "RawIntDen": [
            7128.0,
            5184.0,
            5371.0,
            5756.0,
            5296.0,
            5968.0,
            5260.0,
            5781.0
        ],
        "IntDen": [
            2667.006989398323,
            1939.641446835144,
            2009.6092227915815,
            2153.660526231306,
            1981.5472805630639,
            2232.9822829305826,
            1968.0775482933755,
            2163.014506974145
        ],
        "FlagUp": 0,
        "Times": [
            -15,
            -10,
            -5,
            2,
            10,
            20,
            30,
            40
        ],
        "width": 0,
        "height": 0,
        "area": 0.37415922971356946,
        "distance": 7.734482911121921,
        "xpert": [
            [
                137.0,
                261.8
            ],
            [
                132.6,
                260.4
            ],
            [
                131.8,
                256.0
            ],
            [
                133.6,
                252.6
            ],
            [
                137.0,
                251.0
            ],
            [
                140.4,
                252.6
            ],
            [
                142.2,
                256.0
            ],
            [
                141.8,
                260.8
            ]
        ],
        "stack": 0
    },
    {
        "type": "Spine",
        "location": [
            135,
            289
        ],
        "radloc": [
            0,
            0
        ],
        "mean": [
            36.78813559322034,
            38.82203389830509,
            30.203389830508474,
            38.66101694915254,
            28.449152542372882,
            30.64406779661017,
            27.423728813559322,
            27.991525423728813
        ],
        "min": [
            11.0,
            10.0,
            8.0,
            10.0,
            7.0,
            9.0,
            6.0,
            6.0
        ],
        "max": [
            91.0,
            109.0,
            76.0,
            98.0,
            73.0,
            79.0,
            79.0,
            70.0
        ],
        "RawIntDen": [
            4341.0,
            4581.0,
            3564.0,
            4562.0,
            3357.0,
            3616.0,
            3236.0,
            3303.0
        ],
        "IntDen": [
            2356.379247834884,
            2486.655916685465,
            1934.608532431128,
            2476.3423470681273,
            1822.244905547502,
            1962.8351440154206,
            1756.5637516686672,
            1792.9326550561211
        ],
        "FlagUp": 0,
        "Times": [
            -15,
            -10,
            -5,
            2,
            10,
            20,
            30,
            40
        ],
        "width": 0,
        "height": 0,
        "area": 0.5428194535440876,
        "distance": 7.866262911121921,
        "xpert": [
            [
                135.0,
                297.0
            ],
            [
                130.6,
                293.4
            ],
            [
                130.2,
                289.0
            ],
            [
                131.2,
                285.2
            ],
            [
                135.0,
                279.2
            ],
            [
                138.6,
                285.4
            ],
            [
                140.2,
                289.0
            ],
            [
                140.0,
                294.0
            ]
        ],
        "stack": 0
    },
    {
        "type": "Spine",
        "location": [
            111,
            286
        ],
        "radloc": [
            0,
            0
        ],
        "mean": [
            41.24193548387097,
            37.00806451612903,
            35.935483870967744,
            33.16935483870968,
            31.93548387096774,
            32.79032258064516,
            24.274193548387096,
            21.491935483870968
        ],
        "min": [
            10.0,
            9.0,
            12.0,
            9.0,
            11.0,
            8.0,
            6.0,
            6.0
        ],
        "max": [
            99.0,
            91.0,
            118.0,
            72.0,
            78.0,
            116.0,
            54.0,
            50.0
        ],
        "RawIntDen": [
            5114.0,
            4589.0,
            4456.0,
            4113.0,
            3960.0,
            4066.0,
            3010.0,
            2665.0
        ],
        "IntDen": [
            2870.8034295708503,
            2576.088568302822,
            2501.4274701149216,
            2308.8804274198096,
            2222.9920964216985,
            2282.496430315815,
            1689.6985379366952,
            1496.0287719605624
        ],
        "FlagUp": 0,
        "Times": [
            -15,
            -10,
            -5,
            2,
            10,
            20,
            30,
            40
        ],
        "width": 0,
        "height": 0,
        "area": 0.56136164051053,
        "distance": 9.038370526351889,
        "xpert": [
            [
                111.0,
                292.8
            ],
            [
                106.8,
                290.2
            ],
            [
                105.8,
                286.0
            ],
            [
                106.8,
                281.8
            ],
            [
                111.0,
                276.4
            ],
            [
                115.8,
                281.2
            ],
            [
                116.8,
                286.0
            ],
            [
                116.0,
                291.0
            ]
        ],
        "stack": 0
    },
    {
        "type": "Spine",
        "location": [
            118,
            253
        ],
        "radloc": [
            0,
            0
        ],
        "mean": [
            41.33009708737864,
            45.10679611650485,
            36.9126213592233,
            37.61165048543689,
            31.446601941747574,
            29.12621359223301,
            31.184466019417474,
            36.883495145631066
        ],
        "min": [
            13.0,
            11.0,
            11.0,
            12.0,
            11.0,
            11.0,
            9.0,
            11.0
        ],
        "max": [
            97.0,
            112.0,
            80.0,
            83.0,
            96.0,
            72.0,
            72.0,
            94.0
        ],
        "RawIntDen": [
            4257.0,
            4646.0,
            3802.0,
            3874.0,
            3239.0,
            3000.0,
            3212.0,
            3799.0
        ],
        "IntDen": [
            1931.0101202002322,
            2107.4637111699035,
            1724.6183878321078,
            1757.2781784486024,
            1469.2369695392417,
            1360.8246090206007,
            1456.9895480580565,
            1723.2575632230873
        ],
        "FlagUp": 0,
        "Times": [
            -15,
            -10,
            -5,
            2,
            10,
            20,
            30,
            40
        ],
        "width": 0,
        "height": 0,
        "area": 0.4536082030068669,
        "distance": 9.379026301023892,
        "xpert": [
            [
                118.0,
                259.4
            ],
            [
                112.8,
                258.2
            ],
            [
                112.6,
                253.0
            ],
            [
                114.6,
                249.6
            ],
            [
                118.0,
                248.0
            ],
            [
                121.8,
                249.2
            ],
            [
                124.0,
                253.0
            ],
            [
                123.4,
                258.4
            ]
        ],
        "stack": 0
    },
    {
        "type": "Spine",
        "location": [
            102,
            279
        ],
        "radloc": [
            0,
            0
        ],
        "mean": [
            66.744,
            91.456,
            87.352,
            77.92,
            62.872,
            68.752,
            51.04,
            57.792
        ],
        "min": [
            11.0,
            17.0,
            16.0,
            15.0,
            12.0,
            12.0,
            10.0,
            14.0
        ],
        "max": [
            182.0,
            255.0,
            255.0,
            236.0,
            176.0,
            215.0,
            180.0,
            173.0
        ],
        "RawIntDen": [
            8343.0,
            11432.0,
            10919.0,
            9740.0,
            7859.0,
            8594.0,
            6380.0,
            7224.0
        ],
        "IntDen": [
            4653.730057441791,
            6376.775981861988,
            6090.624295482072,
            5432.977437310686,
            4383.754587250994,
            4793.737997561399,
            3558.767561605973,
            4029.5512327651327
        ],
        "FlagUp": 0,
        "Times": [
            -15,
            -10,
            -5,
            2,
            10,
            20,
            30,
            40
        ],
        "width": 0,
        "height": 0,
        "area": 0.5578005582454503,
        "distance": 10.149803037620975,
        "xpert": [
            [
                102.0,
                284.0
            ],
            [
                99.0,
                282.0
            ],
            [
                97.2,
                279.0
            ],
            [
                96.6,
                273.6
            ],
            [
                102.0,
                270.2
            ],
            [
                108.4,
                272.6
            ],
            [
                108.4,
                279.0
            ],
            [
                106.4,
                283.4
            ]
        ],
        "stack": 0
    },
    {
        "type": "Spine",
        "location": [
            95,
            243
        ],
        "radloc": [
            0,
            0
        ],
        "mean": [
            16.033333333333335,
            13.477777777777778,
            12.28888888888889,
            15.277777777777779,
            12.622222222222222,
            45.25555555555555,
            15.277777777777779,
            15.088888888888889
        ],
        "min": [
            7.0,
            6.0,
            6.0,
            7.0,
            6.0,
            10.0,
            6.0,
            6.0
        ],
        "max": [
            45.0,
            30.0,
            28.0,
            49.0,
            33.0,
            107.0,
            57.0,
            66.0
        ],
        "RawIntDen": [
            1443.0,
            1213.0,
            1106.0,
            1375.0,
            1136.0,
            4073.0,
            1375.0,
            1358.0
        ],
        "IntDen": [
            584.653390249034,
            491.4653931892434,
            448.1127162962104,
            557.1021563357045,
            460.26767243444397,
            1650.237878367509,
            557.1021563357045,
            550.2143478573722
        ],
        "FlagUp": 0,
        "Times": [
            -15,
            -10,
            -5,
            2,
            10,
            20,
            30,
            40
        ],
        "width": 0,
        "height": 0,
        "area": 0.40516520460778516,
        "distance": 11.142835695744795,
        "xpert": [
            [
                95.0,
                250.2
            ],
            [
                89.4,
                248.6
            ],
            [
                89.4,
                243.0
            ],
            [
                91.6,
                239.6
            ],
            [
                95.0,
                238.2
            ],
            [
                98.0,
                240.0
            ],
            [
                100.0,
                243.0
            ],
            [
                98.8,
                246.8
            ]
        ],
        "stack": 0
    },
    {
        "type": "Spine",
        "location": [
            81,
            247
        ],
        "radloc": [
            0,
            0
        ],
        "mean": [
            50.151898734177216,
            49.0,
            36.55696202531646,
            37.822784810126585,
            39.29113924050633,
            23.531645569620252,
            29.063291139240505,
            29.873417721518987
        ],
        "min": [
            11.0,
            14.0,
            12.0,
            12.0,
            8.0,
            9.0,
            8.0,
            8.0
        ],
        "max": [
            151.0,
            99.0,
            80.0,
            77.0,
            110.0,
            84.0,
            84.0,
            90.0
        ],
        "RawIntDen": [
            3962.0,
            3871.0,
            2888.0,
            2988.0,
            3104.0,
            1859.0,
            2296.0,
            2360.0
        ],
        "IntDen": [
            1483.635161912594,
            1449.5587359322694,
            1081.458442100851,
            1118.9050640572516,
            1162.3431455266764,
            696.1327021694882,
            859.7744401189591,
            883.7402781710555
        ],
        "FlagUp": 0,
        "Times": [
            -15,
            -10,
            -5,
            2,
            10,
            20,
            30,
            40
        ],
        "width": 0,
        "height": 0,
        "area": 0.37446621956400655,
        "distance": 11.841074278372357,
        "xpert": [
            [
                81.0,
                252.0
            ],
            [
                76.4,
                251.6
            ],
            [
                76.0,
                247.0
            ],
            [
                77.4,
                243.4
            ],
            [
                81.0,
                240.4
            ],
            [
                84.2,
                243.8
            ],
            [
                85.4,
                247.0
            ],
            [
                85.6,
                251.6
            ]
        ],
        "stack": 0
    },
    {
        "type": "Spine",
        "location": [
            38,
            235
        ],
        "radloc": [
            0,
            0
        ],
        "mean": [
            26.060344827586206,
            26.68103448275862,
            23.362068965517242,
            24.29310344827586,
            24.060344827586206,
            21.71551724137931,
            27.146551724137932,
            19.336206896551722
        ],
        "min": [
            9.0,
            7.0,
            7.0,
            7.0,
            8.0,
            8.0,
            7.0,
            6.0
        ],
        "max": [
            74.0,
            83.0,
            51.0,
            70.0,
            66.0,
            48.0,
            90.0,
            45.0
        ],
        "RawIntDen": [
            3023.0,
            3095.0,
            2710.0,
            2818.0,
            2791.0,
            2519.0,
            3149.0,
            2243.0
        ],
        "IntDen": [
            1580.8068434655797,
            1618.4575522745515,
            1417.1308454487996,
            1473.6069086622574,
            1459.487892858893,
            1317.2518818027772,
            1646.6955838812805,
            1172.9241647017186
        ],
        "FlagUp": 0,
        "Times": [
            -15,
            -10,
            -5,
            2,
            10,
            20,
            30,
            40
        ],
        "width": 0,
        "height": 0,
        "area": 0.5229265112357194,
        "distance": 15.166276115953316,
        "xpert": [
            [
                38.0,
                241.8
            ],
            [
                32.2,
                240.8
            ],
            [
                31.4,
                235.0
            ],
            [
                33.6,
                230.6
            ],
            [
                38.0,
                230.2
            ],
            [
                41.4,
                231.6
            ],
            [
                44.0,
                235.0
            ],
            [
                43.6,
                240.6
            ]
        ],
        "stack": 0
    },
    {
        "type": "Spine",
        "location": [
            26,
            260
        ],
        "radloc": [
            0,
            0
        ],
        "mean": [
            101.23809523809524,
            91.78571428571429,
            78.34920634920636,
            86.41269841269842,
            74.38095238095238,
            69.84126984126983,
            54.74603174603175,
            64.65079365079364
        ],
        "min": [
            18.0,
            14.0,
            22.0,
            15.0,
            12.0,
            9.0,
            8.0,
            9.0
        ],
        "max": [
            218.0,
            199.0,
            196.0,
            218.0,
            198.0,
            189.0,
            174.0,
            191.0
        ],
        "RawIntDen": [
            12756.0,
            11565.0,
            9872.0,
            10888.0,
            9372.0,
            8800.0,
            6898.0,
            8146.0
        ],
        "IntDen": [
            7416.833035957177,
            6724.339452872747,
            5739.963603870277,
            6330.705401027105,
            5449.244215505697,
            5116.661235216617,
            4010.7646818777525,
            4736.4002752357455
        ],
        "FlagUp": 0,
        "Times": [
            -15,
            -10,
            -5,
            2,
            10,
            20,
            30,
            40
        ],
        "width": 0,
        "height": 0,
        "area": 0.581438776729161,
        "distance": 15.484953417118142,
        "xpert": [
            [
                26.0,
                266.6
            ],
            [
                21.2,
                264.8
            ],
            [
                20.0,
                260.0
            ],
            [
                20.2,
                254.2
            ],
            [
                26.0,
                254.2
            ],
            [
                31.8,
                254.2
            ],
            [
                32.8,
                260.0
            ],
            [
                30.4,
                264.4
            ]
        ],
        "stack": 0
    },
    {
        "type": "Spine",
        "location": [
            56,
            245
        ],
        "radloc": [
            0,
            0
        ],
        "mean": [
            98.11428571428571,
            95.83809523809524,
            80.99047619047619,
            85.80952380952381,
            81.97142857142858,
            78.0952380952381,
            75.97142857142858,
            72.15238095238095
        ],
        "min": [
            18.0,
            21.0,
            15.0,
            27.0,
            19.0,
            12.0,
            13.0,
            11.0
        ],
        "max": [
            205.0,
            201.0,
            202.0,
            193.0,
            160.0,
            183.0,
            178.0,
            158.0
        ],
        "RawIntDen": [
            10302.0,
            10063.0,
            8504.0,
            9010.0,
            8607.0,
            8200.0,
            7977.0,
            7576.0
        ],
        "IntDen": [
            5008.940829820859,
            4892.736514316375,
            4134.734305649056,
            4380.756831361477,
            4184.813989736763,
            3986.926306011555,
            3878.501358909046,
            3683.5309383345784
        ],
        "FlagUp": 0,
        "Times": [
            -15,
            -10,
            -5,
            2,
            10,
            20,
            30,
            40
        ],
        "width": 0,
        "height": 0,
        "area": 0.4862105251233604,
        "distance": 13.371790758994324,
        "xpert": [
            [
                56.0,
                250.8
            ],
            [
                50.2,
                250.8
            ],
            [
                50.6,
                245.0
            ],
            [
                52.8,
                241.8
            ],
            [
                56.0,
                240.2
            ],
            [
                60.8,
                240.2
            ],
            [
                63.4,
                245.0
            ],
            [
                60.6,
                249.6
            ]
        ],
        "stack": 0
    },
    {
        "type": "Spine",
        "location": [
            333,
            294
        ],
        "radloc": [
            0,
            0
        ],
        "mean": [
            29.80141843971631,
            24.69503546099291,
            32.54609929078014,
            28.602836879432623,
            35.53191489361702,
            32.652482269503544,
            28.43262411347518,
            36.255319148936174
        ],
        "min": [
            5.0,
            4.0,
            6.0,
            7.0,
            7.0,
            7.0,
            3.0,
            7.0
        ],
        "max": [
            95.0,
            59.0,
            92.0,
            81.0,
            96.0,
            102.0,
            79.0,
            108.0
        ],
        "RawIntDen": [
            4202.0,
            3482.0,
            4589.0,
            4033.0,
            5010.0,
            4604.0,
            4009.0,
            5112.0
        ],
        "IntDen": [
            2650.891127413805,
            2196.668944706061,
            2895.0355506192172,
            2544.275087306015,
            3160.6293546747174,
            2904.4985127589616,
            2529.1343478824238,
            3224.977497224981
        ],
        "FlagUp": 0,
        "Times": [
            -15,
            -10,
            -5,
            2,
            10,
            20,
            30,
            40
        ],
        "width": 0,
        "height": 0,
        "area": 0.6308641426496442,
        "distance": 6.098537847872394,
        "xpert": [
            [
                333.0,
                299.6
            ],
            [
                328.2,
                298.8
            ],
            [
                326.6,
                294.0
            ],
            [
                328.4,
                289.4
            ],
            [
                333.0,
                283.4
            ],
            [
                338.2,
                288.8
            ],
            [
                340.2,
                294.0
            ],
            [
                337.0,
                298.0
            ]
        ],
        "stack": 0
    },
    {
        "type": "Spine",
        "location": [
            327,
            249
        ],
        "radloc": [
            0,
            0
        ],
        "mean": [
            31.516129032258064,
            38.87096774193548,
            30.980645161290322,
            36.651612903225804,
            37.593548387096774,
            38.29032258064516,
            35.81935483870968,
            31.993548387096773
        ],
        "min": [
            9.0,
            7.0,
            8.0,
            7.0,
            13.0,
            9.0,
            9.0,
            7.0
        ],
        "max": [
            70.0,
            99.0,
            74.0,
            93.0,
            73.0,
            96.0,
            80.0,
            72.0
        ],
        "RawIntDen": [
            4885.0,
            6025.0,
            4802.0,
            5681.0,
            5827.0,
            5935.0,
            5552.0,
            4959.0
        ],
        "IntDen": [
            3472.2790040522955,
            4282.595905714448,
            3413.282247176893,
            4038.0792266163953,
            4141.856654373127,
            4218.62351874112,
            3946.3854719546252,
            3524.878522230365
        ],
        "FlagUp": 0,
        "Times": [
            -15,
            -10,
            -5,
            2,
            10,
            20,
            30,
            40
        ],
        "width": 0,
        "height": 0,
        "area": 0.7108042997036429,
        "distance": 5.412345316247631,
        "xpert": [
            [
                327.0,
                256.8
            ],
            [
                321.6,
                254.4
            ],
            [
                320.4,
                249.0
            ],
            [
                322.6,
                244.6
            ],
            [
                327.0,
                243.2
            ],
            [
                331.6,
                244.4
            ],
            [
                335.0,
                249.0
            ],
            [
                334.8,
                256.8
            ]
        ],
        "stack": 0
    },
    {
        "type": "Spine",
        "location": [
            376,
            288
        ],
        "radloc": [
            0,
            0
        ],
        "mean": [
            50.16793893129771,
            32.48854961832061,
            31.931297709923665,
            31.389312977099237,
            41.732824427480914,
            37.20610687022901,
            29.137404580152673,
            37.969465648854964
        ],
        "min": [
            7.0,
            6.0,
            7.0,
            6.0,
            7.0,
            5.0,
            6.0,
            8.0
        ],
        "max": [
            119.0,
            97.0,
            115.0,
            78.0,
            120.0,
            95.0,
            81.0,
            92.0
        ],
        "RawIntDen": [
            6572.0,
            4256.0,
            4183.0,
            4112.0,
            5467.0,
            4874.0,
            3817.0,
            4974.0
        ],
        "IntDen": [
            3816.373551151047,
            2471.4677166309884,
            2429.0764705515567,
            2387.846628474301,
            3174.6978399486875,
            2830.3415533034395,
            2216.539538153309,
            2888.41175341225
        ],
        "FlagUp": 0,
        "Times": [
            -15,
            -10,
            -5,
            2,
            10,
            20,
            30,
            40
        ],
        "width": 0,
        "height": 0,
        "area": 0.5807020010881082,
        "distance": 8.804710505996209,
        "xpert": [
            [
                376.0,
                295.0
            ],
            [
                371.4,
                292.6
            ],
            [
                370.2,
                288.0
            ],
            [
                371.6,
                283.6
            ],
            [
                376.0,
                281.0
            ],
            [
                381.4,
                282.6
            ],
            [
                383.0,
                288.0
            ],
            [
                381.4,
                293.4
            ]
        ],
        "stack": 0
    },
    {
        "type": "Spine",
        "location": [
            398,
            280
        ],
        "radloc": [
            0,
            0
        ],
        "mean": [
            65.45685279187818,
            62.77157360406091,
            49.54314720812183,
            50.380710659898476,
            48.69035532994924,
            55.72081218274111,
            50.46700507614213,
            43.015228426395936
        ],
        "min": [
            8.0,
            7.0,
            7.0,
            7.0,
            7.0,
            7.0,
            6.0,
            6.0
        ],
        "max": [
            180.0,
            179.0,
            152.0,
            153.0,
            150.0,
            169.0,
            180.0,
            164.0
        ],
        "RawIntDen": [
            12895.0,
            12366.0,
            9760.0,
            9925.0,
            9592.0,
            10977.0,
            9942.0,
            8474.0
        ],
        "IntDen": [
            11164.931675983022,
            10706.905397844594,
            8450.541539945272,
            8593.4041786841,
            8305.081398683918,
            9504.261729915906,
            8608.123359645071,
            7337.078791956582
        ],
        "FlagUp": 0,
        "Times": [
            -15,
            -10,
            -5,
            2,
            10,
            20,
            30,
            40
        ],
        "width": 0,
        "height": 0,
        "area": 0.8658341741747205,
        "distance": 10.014088416290127,
        "xpert": [
            [
                398.0,
                288.0
            ],
            [
                392.2,
                285.8
            ],
            [
                388.4,
                280.0
            ],
            [
                391.8,
                273.8
            ],
            [
                398.0,
                273.6
            ],
            [
                404.4,
                273.6
            ],
            [
                406.0,
                280.0
            ],
            [
                404.2,
                286.2
            ]
        ],
        "stack": 0
    },
    {
        "type": "Spine",
        "location": [
            385,
            239
        ],
        "radloc": [
            0,
            0
        ],
        "mean": [
            85.23913043478261,
            83.70652173913044,
            91.32608695652173,
            86.34239130434783,
            76.72282608695652,
            72.07065217391305,
            66.2554347826087,
            62.75
        ],
        "min": [
            12.0,
            9.0,
            9.0,
            12.0,
            8.0,
            8.0,
            8.0,
            7.0
        ],
        "max": [
            228.0,
            197.0,
            215.0,
            215.0,
            196.0,
            207.0,
            216.0,
            183.0
        ],
        "RawIntDen": [
            15684.0,
            15402.0,
            16804.0,
            15887.0,
            14117.0,
            13261.0,
            12191.0,
            11546.0
        ],
        "IntDen": [
            12701.518412034193,
            12473.14375045592,
            13608.538344543647,
            12865.915774801531,
            11432.50034574641,
            10739.277968757042,
            9872.74999752033,
            9350.403697101938
        ],
        "FlagUp": 0,
        "Times": [
            -15,
            -10,
            -5,
            2,
            10,
            20,
            30,
            40
        ],
        "width": 0,
        "height": 0,
        "area": 0.8098392254548707,
        "distance": 9.425013037620973,
        "xpert": [
            [
                385.0,
                247.4
            ],
            [
                379.4,
                244.6
            ],
            [
                377.0,
                239.0
            ],
            [
                379.4,
                233.4
            ],
            [
                385.0,
                231.0
            ],
            [
                390.6,
                233.4
            ],
            [
                393.0,
                239.0
            ],
            [
                391.2,
                245.2
            ]
        ],
        "stack": 0
    },
    {
        "type": "Spine",
        "location": [
            405,
            239
        ],
        "radloc": [
            0,
            0
        ],
        "mean": [
            27.385714285714286,
            26.964285714285715,
            25.785714285714285,
            25.814285714285713,
            16.178571428571427,
            18.821428571428573,
            17.357142857142858,
            16.392857142857142
        ],
        "min": [
            9.0,
            9.0,
            8.0,
            8.0,
            6.0,
            5.0,
            5.0,
            6.0
        ],
        "max": [
            56.0,
            75.0,
            98.0,
            76.0,
            43.0,
            64.0,
            53.0,
            53.0
        ],
        "RawIntDen": [
            3834.0,
            3775.0,
            3610.0,
            3614.0,
            2265.0,
            2635.0,
            2430.0,
            2295.0
        ],
        "IntDen": [
            2440.6253059290916,
            2403.0674308508924,
            2298.0326954627076,
            2300.5789920781785,
            1441.8404585105354,
            1677.3728954416163,
            1546.87519389872,
            1460.937683126569
        ],
        "FlagUp": 0,
        "Times": [
            -15,
            -10,
            -5,
            2,
            10,
            20,
            30,
            40
        ],
        "width": 0,
        "height": 0,
        "area": 0.636574153867786,
        "distance": 11.647345822243851,
        "xpert": [
            [
                405.0,
                245.8
            ],
            [
                399.6,
                244.4
            ],
            [
                399.8,
                239.0
            ],
            [
                401.6,
                235.6
            ],
            [
                405.0,
                234.0
            ],
            [
                409.8,
                234.2
            ],
            [
                413.2,
                239.0
            ],
            [
                412.8,
                246.8
            ]
        ],
        "stack": 0
    },
    {
        "type": "Spine",
        "location": [
            437,
            235
        ],
        "radloc": [
            0,
            0
        ],
        "mean": [
            32.25609756097561,
            29.408536585365855,
            31.00609756097561,
            23.725609756097562,
            25.621951219512194,
            26.78048780487805,
            21.658536585365855,
            27.890243902439025
        ],
        "min": [
            9.0,
            10.0,
            6.0,
            7.0,
            6.0,
            8.0,
            7.0,
            6.0
        ],
        "max": [
            79.0,
            84.0,
            113.0,
            55.0,
            59.0,
            71.0,
            46.0,
            79.0
        ],
        "RawIntDen": [
            5290.0,
            4823.0,
            5085.0,
            3891.0,
            4202.0,
            4392.0,
            3552.0,
            4574.0
        ],
        "IntDen": [
            3908.9109753197927,
            3563.8332011280454,
            3757.431438469026,
            2875.1555018845584,
            3104.961043155722,
            3245.356711456433,
            2624.66007265329,
            3379.840983197114
        ],
        "FlagUp": 0,
        "Times": [
            -15,
            -10,
            -5,
            2,
            10,
            20,
            30,
            40
        ],
        "width": 0,
        "height": 0,
        "area": 0.7389245700037416,
        "distance": 13.206095948742904,
        "xpert": [
            [
                437.0,
                243.0
            ],
            [
                429.8,
                242.2
            ],
            [
                429.6,
                235.0
            ],
            [
                431.0,
                229.0
            ],
            [
                437.0,
                229.0
            ],
            [
                440.6,
                231.4
            ],
            [
                442.2,
                235.0
            ],
            [
                444.0,
                242.0
            ]
        ],
        "stack": 0
    },
    {
        "type": "Spine",
        "location": [
            448,
            261
        ],
        "radloc": [
            0,
            0
        ],
        "mean": [
            45.70059880239521,
            39.61077844311377,
            38.616766467065865,
            45.365269461077844,
            37.77245508982036,
            37.550898203592816,
            32.32934131736527,
            33.98203592814371
        ],
        "min": [
            15.0,
            8.0,
            6.0,
            10.0,
            8.0,
            6.0,
            7.0,
            10.0
        ],
        "max": [
            93.0,
            117.0,
            83.0,
            109.0,
            93.0,
            91.0,
            80.0,
            77.0
        ],
        "RawIntDen": [
            7632.0,
            6615.0,
            6449.0,
            7576.0,
            6308.0,
            6271.0,
            5399.0,
            5675.0
        ],
        "IntDen": [
            5788.952307427481,
            5017.547106083961,
            4891.634359355323,
            5746.475718169628,
            4784.684375688227,
            4756.619486357145,
            4095.1983107705673,
            4304.547214969989
        ],
        "FlagUp": 0,
        "Times": [
            -15,
            -10,
            -5,
            2,
            10,
            20,
            30,
            40
        ],
        "width": 0,
        "height": 0,
        "area": 0.758510522461672,
        "distance": 13.702235928765697,
        "xpert": [
            [
                448.0,
                268.2
            ],
            [
                443.6,
                265.4
            ],
            [
                439.6,
                261.0
            ],
            [
                442.6,
                255.6
            ],
            [
                448.0,
                254.6
            ],
            [
                455.6,
                253.4
            ],
            [
                454.8,
                261.0
            ],
            [
                454.0,
                267.0
            ]
        ],
        "stack": 0
    }
]