[
    {
        "type": 0,
        "location": [
            218,
            260
        ],
        "bgloc": [
            218,
            288
        ],
        "mean": [
            [
                76.76404494382022,
                83.86516853932584,
                60.2752808988764,
                86.23033707865169,
                91.48876404494382,
                92.92696629213484,
                70.19101123595506,
                98.56179775280899
            ]
        ],
        "min": [
            [
                11,
                8,
                3,
                11,
                8,
                8,
                9,
                10
            ]
        ],
        "max": [
            [
                182,
                207,
                221,
                242,
                255,
                250,
                250,
                229
            ]
        ],
        "RawIntDen": [
            [
                13664,
                14928,
                10729,
                15349,
                16285,
                16541,
                12494,
                17544
            ]
        ],
        "IntDen": [
            [
                59.52038400000001,
                65.026368,
                46.735524000000005,
                66.86024400000001,
                70.93746,
                72.05259600000001,
                54.42386400000001,
                76.421664
            ]
        ],
        "local_bg": [
            [
                6.533707865168539,
                7.196629213483146,
                7.056179775280899,
                8.674157303370787,
                7.99438202247191,
                8.067415730337078,
                7.443820224719101,
                8.797752808988765
            ]
        ],
        "area": [
            0.7753680000000001
        ],
        "distance": 1.056,
        "points": [
            [
                218.33398694132808,
                265.47758015651755
            ],
            [
                214.36236852777586,
                264.6832564738071
            ],
            [
                209.1339869413281,
                259.91731437754447
            ],
            [
                209.53398694132807,
                251.11731437754446
            ],
            [
                218.33398694132808,
                251.11731437754446
            ],
            [
                224.6885764030116,
                255.94569596399225
            ],
            [
                224.93398694132807,
                259.91731437754447
            ],
            [
                223.33398694132808,
                264.91731437754447
            ]
        ],
        "shift": [
            [
                0,
                0
            ],
            [
                0,
                2
            ],
            [
                3.0,
                3.0
            ],
            [
                4.0,
                3.0
            ],
            [
                5.0,
                5.0
            ],
            [
                6.0,
                5.0
            ],
            [
                5.0,
                4.0
            ],
            [
                6.0,
                3.0
            ]
        ],
        "channel": 0,
        "closest_Dend": 0
    },
    {
        "type": 0,
        "location": [
            256,
            259
        ],
        "bgloc": [
            256,
            285
        ],
        "mean": [
            [
                47.96666666666667,
                46.65,
                46.623333333333335,
                77.72333333333333,
                58.61,
                91.34333333333333,
                90.86333333333333,
                94.99333333333334
            ]
        ],
        "min": [
            [
                4,
                4,
                4,
                10,
                4,
                10,
                9,
                8
            ]
        ],
        "max": [
            [
                155,
                158,
                182,
                204,
                209,
                235,
                241,
                255
            ]
        ],
        "RawIntDen": [
            [
                14390,
                13995,
                13987,
                23317,
                17583,
                27403,
                27259,
                28498
            ]
        ],
        "IntDen": [
            [
                62.682840000000006,
                60.96222000000001,
                60.927372000000005,
                101.568852,
                76.591548,
                119.36746800000002,
                118.74020400000002,
                124.13728800000001
            ]
        ],
        "local_bg": [
            [
                5.796666666666667,
                8.056666666666667,
                7.56,
                9.606666666666667,
                8.036666666666667,
                8.35,
                7.74,
                8.47
            ]
        ],
        "area": [
            1.3068000000000002
        ],
        "distance": 3.564,
        "points": [
            [
                255.15651092015486,
                268.4077656103639
            ],
            [
                250.62392457998232,
                265.76452346817945
            ],
            [
                247.57008694344267,
                260.568460834428
            ],
            [
                249.34025253800885,
                256.2694872476244
            ],
            [
                257.19882535979957,
                253.12048350699246
            ],
            [
                267.3140573287492,
                253.12048350699246
            ],
            [
                273.383196510119,
                260.45402668448094
            ],
            [
                269.3371037225391,
                267.53468906274566
            ]
        ],
        "shift": [
            [
                0,
                0
            ],
            [
                1,
                0
            ],
            [
                2,
                0
            ],
            [
                4.0,
                3.0
            ],
            [
                3.0,
                2.0
            ],
            [
                1.0,
                1.0
            ],
            [
                1.0,
                0.0
            ],
            [
                1,
                0
            ]
        ],
        "channel": 0,
        "closest_Dend": 0
    },
    {
        "type": 0,
        "location": [
            294,
            271
        ],
        "bgloc": [
            287,
            315
        ],
        "mean": [
            [
                29.691304347826087,
                33.678260869565214,
                30.282608695652176,
                89.80869565217391,
                68.21739130434783,
                44.59130434782609,
                43.0,
                38.917391304347824
            ]
        ],
        "min": [
            [
                2,
                6,
                7,
                12,
                7,
                6,
                3,
                6
            ]
        ],
        "max": [
            [
                105,
                138,
                103,
                210,
                185,
                152,
                168,
                120
            ]
        ],
        "RawIntDen": [
            [
                6829,
                7746,
                6965,
                20656,
                15690,
                10256,
                9890,
                8951
            ]
        ],
        "IntDen": [
            [
                29.747124000000003,
                33.741576,
                30.339540000000003,
                89.97753600000001,
                68.34564,
                44.675136,
                43.08084,
                38.990556000000005
            ]
        ],
        "local_bg": [
            [
                10.856521739130434,
                9.765217391304347,
                9.217391304347826,
                11.130434782608695,
                11.352173913043478,
                12.347826086956522,
                12.02608695652174,
                11.821739130434782
            ]
        ],
        "area": [
            1.00188
        ],
        "distance": 6.312181163217454,
        "points": [
            [
                294.0315325634608,
                276.6296957010987
            ],
            [
                289.63153256346084,
                275.02969570109866
            ],
            [
                288.0315325634608,
                270.6296957010987
            ],
            [
                288.2315325634608,
                264.8296957010987
            ],
            [
                294.0315325634608,
                260.22969570109865
            ],
            [
                300.4315325634608,
                264.2296957010987
            ],
            [
                305.4315325634608,
                270.6296957010987
            ],
            [
                304.0315325634608,
                280.6296957010987
            ]
        ],
        "shift": [
            [
                0,
                0
            ],
            [
                0,
                0
            ],
            [
                0,
                0
            ],
            [
                3.0,
                2.0
            ],
            [
                5.0,
                4.0
            ],
            [
                6.0,
                7.0
            ],
            [
                3.0,
                4.0
            ],
            [
                3.0,
                4.0
            ]
        ],
        "channel": 0,
        "closest_Dend": 0
    },
    {
        "type": 0,
        "location": [
            305,
            240
        ],
        "bgloc": [
            307,
            220
        ],
        "mean": [
            [
                65.475,
                57.345,
                58.245,
                129.01,
                96.775,
                83.58,
                85.72,
                79.95
            ]
        ],
        "min": [
            [
                9,
                9,
                8,
                22,
                12,
                11,
                13,
                11
            ]
        ],
        "max": [
            [
                185,
                234,
                195,
                254,
                240,
                215,
                199,
                226
            ]
        ],
        "RawIntDen": [
            [
                13095,
                11469,
                11649,
                25802,
                19355,
                16716,
                17144,
                15990
            ]
        ],
        "IntDen": [
            [
                57.04182000000001,
                49.95896400000001,
                50.743044000000005,
                112.39351200000002,
                84.31038000000001,
                72.814896,
                74.679264,
                69.65244000000001
            ]
        ],
        "local_bg": [
            [
                8.065,
                8.235,
                8.77,
                12.27,
                9.995,
                8.79,
                9.555,
                10.55
            ]
        ],
        "area": [
            0.8712000000000001
        ],
        "distance": 6.718630016728235,
        "points": [
            [
                304.641002933963,
                245.9436686051175
            ],
            [
                299.44100293396303,
                244.9436686051175
            ],
            [
                296.641002933963,
                239.7436686051175
            ],
            [
                299.24100293396305,
                234.3436686051175
            ],
            [
                304.641002933963,
                230.9436686051175
            ],
            [
                311.041002933963,
                233.3436686051175
            ],
            [
                314.24100293396305,
                239.7436686051175
            ],
            [
                311.841002933963,
                246.9436686051175
            ]
        ],
        "shift": [
            [
                0,
                0
            ],
            [
                0,
                0
            ],
            [
                0,
                0
            ],
            [
                0,
                0
            ],
            [
                0,
                0
            ],
            [
                2.0,
                1.0
            ],
            [
                1,
                0
            ],
            [
                1,
                0
            ]
        ],
        "channel": 0,
        "closest_Dend": 0
    },
    {
        "type": 0,
        "location": [
            313,
            267
        ],
        "bgloc": [
            309,
            299
        ],
        "mean": [
            [
                37.597883597883595,
                37.51851851851852,
                40.301587301587304,
                76.54497354497354,
                45.81481481481482,
                55.03703703703704,
                58.4973544973545,
                55.0
            ]
        ],
        "min": [
            [
                6,
                5,
                4,
                17,
                6,
                8,
                4,
                5
            ]
        ],
        "max": [
            [
                161,
                119,
                124,
                193,
                163,
                152,
                180,
                162
            ]
        ],
        "RawIntDen": [
            [
                7106,
                7091,
                7617,
                14467,
                8659,
                10402,
                11056,
                10395
            ]
        ],
        "IntDen": [
            [
                30.953736000000003,
                30.888396000000004,
                33.179652000000004,
                63.018252000000004,
                37.718604000000006,
                45.31111200000001,
                48.15993600000001,
                45.280620000000006
            ]
        ],
        "local_bg": [
            [
                9.079365079365079,
                8.386243386243386,
                10.031746031746032,
                11.121693121693122,
                12.354497354497354,
                11.883597883597883,
                12.116402116402117,
                11.248677248677248
            ]
        ],
        "area": [
            0.8232840000000001
        ],
        "distance": 7.481774814680842,
        "points": [
            [
                313.26199650136004,
                273.54903332283396
            ],
            [
                307.06199650136006,
                272.74903332283395
            ],
            [
                304.66199650136,
                266.54903332283396
            ],
            [
                307.86199650136007,
                261.14903332283393
            ],
            [
                313.26199650136004,
                259.349033322834
            ],
            [
                319.58401648195354,
                261.49141733835916
            ],
            [
                322.61858607263844,
                267.0547949212814
            ],
            [
                319.46199650136003,
                272.74903332283395
            ]
        ],
        "shift": [
            [
                0,
                0
            ],
            [
                0,
                0
            ],
            [
                4.0,
                1.0
            ],
            [
                6.0,
                -1.0
            ],
            [
                8.0,
                1.0
            ],
            [
                6.0,
                1.0
            ],
            [
                4.0,
                1.0
            ],
            [
                6.0,
                1.0
            ]
        ],
        "channel": 0,
        "closest_Dend": 0
    },
    {
        "type": 0,
        "location": [
            369,
            252
        ],
        "bgloc": [
            382.404399800706,
            177.13035664481674
        ],
        "mean": [
            [
                78.27272727272727,
                83.48663101604278,
                68.33155080213903,
                114.35828877005348,
                130.6524064171123,
                114.14973262032086,
                109.10160427807487,
                97.91978609625669
            ]
        ],
        "min": [
            [
                12,
                14,
                11,
                18,
                24,
                17,
                21,
                20
            ]
        ],
        "max": [
            [
                247,
                248,
                210,
                255,
                241,
                242,
                231,
                217
            ]
        ],
        "RawIntDen": [
            [
                14637,
                15612,
                12778,
                21385,
                24432,
                21346,
                20402,
                18311
            ]
        ],
        "IntDen": [
            [
                63.75877200000001,
                68.00587200000001,
                55.660968000000004,
                93.15306000000001,
                106.42579200000002,
                92.98317600000001,
                88.87111200000001,
                79.76271600000001
            ]
        ],
        "local_bg": [
            [
                5.262295081967213,
                5.33879781420765,
                5.584699453551913,
                5.546448087431694,
                5.26775956284153,
                5.26775956284153,
                5.174863387978142,
                4.355191256830601
            ]
        ],
        "area": [
            0.8145720000000001
        ],
        "distance": 11.079013731604094,
        "points": [
            [
                373.0096455410924,
                257.7804384499151
            ],
            [
                366.6550560794089,
                256.9861147672047
            ],
            [
                362.9371299329118,
                251.6290661686333
            ],
            [
                364.53712993291174,
                247.0290661686333
            ],
            [
                369.13712993291176,
                245.0290661686333
            ],
            [
                376.13712993291176,
                244.6290661686333
            ],
            [
                381.7371299329118,
                251.6290661686333
            ],
            [
                377.77558763735516,
                257.7804384499151
            ]
        ],
        "shift": [
            [
                0,
                0
            ],
            [
                0,
                0
            ],
            [
                0,
                0
            ],
            [
                0,
                0
            ],
            [
                0,
                0
            ],
            [
                2.0,
                1.0
            ],
            [
                3.0,
                0.0
            ],
            [
                3.0,
                1.0
            ]
        ],
        "channel": 0,
        "closest_Dend": 0
    },
    {
        "type": 0,
        "location": [
            396,
            272
        ],
        "bgloc": [
            396,
            308
        ],
        "mean": [
            [
                35.108695652173914,
                30.5,
                48.19021739130435,
                54.30978260869565,
                50.625,
                49.244565217391305,
                53.32608695652174,
                40.69021739130435
            ]
        ],
        "min": [
            [
                1,
                5,
                9,
                9,
                5,
                9,
                10,
                8
            ]
        ],
        "max": [
            [
                117,
                105,
                127,
                142,
                125,
                150,
                150,
                123
            ]
        ],
        "RawIntDen": [
            [
                6460,
                5612,
                8867,
                9993,
                9315,
                9061,
                9812,
                7487
            ]
        ],
        "IntDen": [
            [
                28.139760000000003,
                24.445872,
                38.624652000000005,
                43.52950800000001,
                40.57614,
                39.469716000000005,
                42.741072,
                32.613372000000005
            ]
        ],
        "local_bg": [
            [
                8.994565217391305,
                9.08695652173913,
                8.5,
                8.733695652173912,
                8.597826086956522,
                9.733695652173912,
                8.907608695652174,
                9.375
            ]
        ],
        "area": [
            0.8015040000000001
        ],
        "distance": 13.110569058908759,
        "points": [
            [
                395.89640186304837,
                282.1354572995462
            ],
            [
                389.6964018630484,
                278.3354572995462
            ],
            [
                386.6964018630484,
                272.1354572995462
            ],
            [
                389.48230694239817,
                266.4200866262615
            ],
            [
                396.0572077222154,
                265.914325027814
            ],
            [
                400.1033005097953,
                267.9373714216039
            ],
            [
                401.6964018630484,
                272.1354572995462
            ],
            [
                402.6964018630484,
                278.9354572995462
            ]
        ],
        "shift": [
            [
                0,
                0
            ],
            [
                0.0,
                2.0
            ],
            [
                1.0,
                2.0
            ],
            [
                1.0,
                1.0
            ],
            [
                -1.0,
                3.0
            ],
            [
                0.0,
                3.0
            ],
            [
                1,
                0
            ],
            [
                -1.0,
                3.0
            ]
        ],
        "channel": 0,
        "closest_Dend": 0
    }
]