[
    {
        "type": 0,
        "location": [
            485,
            254
        ],
        "bgloc": [
            480,
            219
        ],
        "mean": [
            [
                45.89958158995816,
                43.76150627615063,
                50.07949790794979,
                46.22594142259414,
                49.92050209205021,
                37.30543933054393,
                53.51882845188285,
                46.98744769874477
            ]
        ],
        "min": [
            [
                8,
                7,
                8,
                7,
                6,
                7,
                7,
                7
            ]
        ],
        "max": [
            [
                161,
                147,
                179,
                165,
                176,
                143,
                185,
                143
            ]
        ],
        "RawIntDen": [
            [
                10970,
                10459,
                11969,
                11048,
                11931,
                8916,
                12791,
                11230
            ]
        ],
        "IntDen": [
            [
                47.785320000000006,
                45.55940400000001,
                52.136964000000006,
                48.125088000000005,
                51.971436000000004,
                38.83809600000001,
                55.71759600000001,
                48.917880000000004
            ]
        ],
        "local_bg": [
            [
                5.933054393305439,
                6.401673640167364,
                5.878661087866109,
                5.7447698744769875,
                6.142259414225942,
                6.493723849372385,
                6.560669456066946,
                6.510460251046025
            ]
        ],
        "area": [
            1.0410840000000001
        ],
        "distance": 31.945311104496284,
        "points": [
            [
                485.12243769496615,
                263.1348860124298
            ],
            [
                476.12243769496615,
                262.53488601242975
            ],
            [
                476.32243769496614,
                253.53488601242975
            ],
            [
                479.12243769496615,
                247.53488601242975
            ],
            [
                485.12243769496615,
                245.53488601242975
            ],
            [
                491.52243769496613,
                247.13488601242975
            ],
            [
                493.32243769496614,
                253.53488601242975
            ],
            [
                491.7224376949662,
                260.1348860124298
            ]
        ],
        "shift": [
            [
                0,
                0
            ],
            [
                -1,
                0
            ],
            [
                -1,
                0
            ],
            [
                -1,
                0
            ],
            [
                1,
                0
            ],
            [
                4.0,
                -3.0
            ],
            [
                -1,
                0
            ],
            [
                -1,
                0
            ]
        ],
        "channel": 0,
        "closest_Dend": 0
    },
    {
        "type": 0,
        "location": [
            439,
            295
        ],
        "bgloc": [
            437.72654538113613,
            165.94581324591803
        ],
        "mean": [
            [
                44.17628205128205,
                43.57051282051282,
                40.294871794871796,
                75.21794871794872,
                51.958333333333336,
                48.743589743589745,
                47.27564102564103,
                51.919871794871796
            ]
        ],
        "min": [
            [
                9,
                8,
                8,
                10,
                8,
                9,
                6,
                6
            ]
        ],
        "max": [
            [
                162,
                123,
                137,
                166,
                174,
                167,
                160,
                195
            ]
        ],
        "RawIntDen": [
            [
                13783,
                13594,
                12572,
                23468,
                16211,
                15208,
                14750,
                16199
            ]
        ],
        "IntDen": [
            [
                60.038748000000005,
                59.215464000000004,
                54.76363200000001,
                102.22660800000001,
                70.61511600000001,
                66.246048,
                64.251,
                70.56284400000001
            ]
        ],
        "local_bg": [
            [
                5.907051282051282,
                6.086538461538462,
                5.487179487179487,
                5.362179487179487,
                5.721153846153846,
                6.205128205128205,
                6.30448717948718,
                6.618589743589744
            ]
        ],
        "area": [
            1.359072
        ],
        "distance": 28.62947441524564,
        "points": [
            [
                438.72654538113613,
                303.9062917870309
            ],
            [
                433.32654538113616,
                299.9062917870309
            ],
            [
                429.52654538113615,
                294.50629178703093
            ],
            [
                428.32654538113616,
                284.10629178703095
            ],
            [
                438.72654538113613,
                284.50629178703093
            ],
            [
                444.9265453811361,
                288.30629178703094
            ],
            [
                451.1265453811361,
                294.50629178703093
            ],
            [
                447.52654538113615,
                303.30629178703094
            ]
        ],
        "shift": [
            [
                0,
                0
            ],
            [
                0,
                0
            ],
            [
                0,
                0
            ],
            [
                0,
                0
            ],
            [
                -0.0,
                2.0
            ],
            [
                3.0,
                3.0
            ],
            [
                -2.0,
                3.0
            ],
            [
                -1.0,
                1.0
            ]
        ],
        "channel": 0,
        "closest_Dend": 0
    },
    {
        "type": 0,
        "location": [
            437,
            261
        ],
        "bgloc": [
            439,
            230
        ],
        "mean": [
            [
                61.65079365079365,
                70.19365079365079,
                68.92698412698412,
                88.01904761904763,
                59.695238095238096,
                69.5904761904762,
                63.41904761904762,
                67.17777777777778
            ]
        ],
        "min": [
            [
                9,
                8,
                13,
                8,
                8,
                10,
                8,
                9
            ]
        ],
        "max": [
            [
                178,
                192,
                192,
                185,
                184,
                180,
                153,
                140
            ]
        ],
        "RawIntDen": [
            [
                19420,
                22111,
                21712,
                27726,
                18804,
                21921,
                19977,
                21161
            ]
        ],
        "IntDen": [
            [
                84.59352000000001,
                96.31551600000002,
                94.57747200000001,
                120.77445600000001,
                81.91022400000001,
                95.48787600000001,
                87.01981200000002,
                92.177316
            ]
        ],
        "local_bg": [
            [
                6.765079365079365,
                6.946031746031746,
                6.542857142857143,
                6.749206349206349,
                6.7746031746031745,
                7.2063492063492065,
                7.177777777777778,
                7.212698412698413
            ]
        ],
        "area": [
            1.3721400000000001
        ],
        "distance": 28.52204471162433,
        "points": [
            [
                437.37280659844555,
                269.3716158212728
            ],
            [
                428.57280659844554,
                269.97161582127285
            ],
            [
                420.17280659844556,
                261.1716158212729
            ],
            [
                429.37280659844555,
                253.17161582127287
            ],
            [
                437.37280659844555,
                252.77161582127286
            ],
            [
                442.57280659844554,
                255.97161582127288
            ],
            [
                445.9728065984456,
                261.1716158212729
            ],
            [
                443.9728065984456,
                267.7716158212729
            ]
        ],
        "shift": [
            [
                0,
                0
            ],
            [
                0,
                0
            ],
            [
                0,
                0
            ],
            [
                0,
                0
            ],
            [
                1,
                0
            ],
            [
                1,
                0
            ],
            [
                -7.0,
                0.0
            ],
            [
                -5.0,
                -1.0
            ]
        ],
        "channel": 0,
        "closest_Dend": 0
    },
    {
        "type": 0,
        "location": [
            410,
            283
        ],
        "bgloc": [
            406,
            301
        ],
        "mean": [
            [
                63.75132275132275,
                59.5,
                61.39153439153439,
                76.73809523809524,
                83.14814814814815,
                84.2063492063492,
                97.5952380952381,
                75.54761904761905
            ]
        ],
        "min": [
            [
                8,
                7,
                9,
                10,
                14,
                10,
                13,
                10
            ]
        ],
        "max": [
            [
                207,
                184,
                200,
                192,
                200,
                190,
                201,
                175
            ]
        ],
        "RawIntDen": [
            [
                24098,
                22491,
                23206,
                29007,
                31430,
                31830,
                36891,
                28557
            ]
        ],
        "IntDen": [
            [
                104.97088800000002,
                97.970796,
                101.08533600000001,
                126.35449200000001,
                136.90908000000002,
                138.65148000000002,
                160.69719600000002,
                124.39429200000001
            ]
        ],
        "local_bg": [
            [
                9.30952380952381,
                9.071428571428571,
                8.687830687830688,
                9.375661375661375,
                10.24074074074074,
                10.002645502645503,
                11.931216931216932,
                10.333333333333334
            ]
        ],
        "area": [
            1.6465680000000003
        ],
        "distance": 26.90929622235888,
        "points": [
            [
                410.0,
                296.4
            ],
            [
                402.4,
                290.6
            ],
            [
                400.8,
                283.0
            ],
            [
                402.8,
                275.8
            ],
            [
                410.0,
                276.8
            ],
            [
                415.8,
                277.2
            ],
            [
                428.4,
                283.0
            ],
            [
                420.4,
                293.4
            ]
        ],
        "shift": [
            [
                0,
                0
            ],
            [
                0,
                0
            ],
            [
                -1,
                0
            ],
            [
                -1,
                0
            ],
            [
                0,
                0
            ],
            [
                -2,
                0
            ],
            [
                -2,
                0
            ],
            [
                -2,
                0
            ]
        ],
        "channel": 0,
        "closest_Dend": 0
    },
    {
        "type": 0,
        "location": [
            378,
            254
        ],
        "bgloc": [
            384,
            227
        ],
        "mean": [
            [
                38.03007518796993,
                39.32706766917293,
                42.556390977443606,
                72.73308270676692,
                48.75187969924812,
                56.15413533834587,
                67.34962406015038,
                60.84586466165413
            ]
        ],
        "min": [
            [
                5,
                7,
                6,
                8,
                7,
                8,
                6,
                8
            ]
        ],
        "max": [
            [
                130,
                120,
                129,
                231,
                174,
                161,
                188,
                191
            ]
        ],
        "RawIntDen": [
            [
                10116,
                10461,
                11320,
                19347,
                12968,
                14937,
                17915,
                16185
            ]
        ],
        "IntDen": [
            [
                44.065296000000004,
                45.568116,
                49.309920000000005,
                84.27553200000001,
                56.488608000000006,
                65.065572,
                78.03774000000001,
                70.50186000000001
            ]
        ],
        "local_bg": [
            [
                6.567669172932331,
                6.774436090225564,
                6.432330827067669,
                6.451127819548872,
                6.635338345864661,
                7.161654135338346,
                7.007518796992481,
                7.157894736842105
            ]
        ],
        "area": [
            1.1586960000000002
        ],
        "distance": 24.454650171568705,
        "points": [
            [
                377.62317550192506,
                262.27638152550594
            ],
            [
                370.4231755019251,
                260.87638152550596
            ],
            [
                366.2231755019251,
                253.67638152550597
            ],
            [
                368.62317550192506,
                244.67638152550597
            ],
            [
                377.62317550192506,
                244.87638152550596
            ],
            [
                383.82317550192505,
                247.47638152550599
            ],
            [
                384.62317550192506,
                253.67638152550597
            ],
            [
                384.9538285692313,
                259.8479973467788
            ]
        ],
        "shift": [
            [
                0,
                0
            ],
            [
                0,
                0
            ],
            [
                1,
                0
            ],
            [
                1,
                0
            ],
            [
                3,
                0
            ],
            [
                4,
                0
            ],
            [
                -5.0,
                -0.0
            ],
            [
                -2.0,
                -1.0
            ]
        ],
        "channel": 0,
        "closest_Dend": 0
    },
    {
        "type": 0,
        "location": [
            348,
            278
        ],
        "bgloc": [
            340,
            310
        ],
        "mean": [
            [
                50.1496062992126,
                47.173228346456696,
                62.846456692913385,
                79.51574803149606,
                57.97244094488189,
                71.43700787401575,
                74.11417322834646,
                77.54330708661418
            ]
        ],
        "min": [
            [
                10,
                8,
                10,
                15,
                7,
                9,
                9,
                18
            ]
        ],
        "max": [
            [
                132,
                142,
                165,
                183,
                174,
                191,
                191,
                166
            ]
        ],
        "RawIntDen": [
            [
                12738,
                11982,
                15963,
                20197,
                14725,
                18145,
                18825,
                19696
            ]
        ],
        "IntDen": [
            [
                55.48672800000001,
                52.193592,
                69.534828,
                87.97813200000002,
                64.14210000000001,
                79.03962000000001,
                82.00170000000001,
                85.795776
            ]
        ],
        "local_bg": [
            [
                6.102362204724409,
                6.696850393700787,
                5.838582677165355,
                6.141732283464567,
                6.496062992125984,
                6.75984251968504,
                6.97244094488189,
                6.968503937007874
            ]
        ],
        "area": [
            1.106424
        ],
        "distance": 22.901275731108413,
        "points": [
            [
                347.92522934501005,
                286.3158231954972
            ],
            [
                342.12522934501004,
                283.3158231954972
            ],
            [
                339.32522934501003,
                277.5158231954972
            ],
            [
                338.5252293450101,
                268.1158231954972
            ],
            [
                347.92522934501005,
                267.5158231954972
            ],
            [
                355.5252293450101,
                269.9158231954972
            ],
            [
                355.72522934501006,
                277.5158231954972
            ],
            [
                353.92522934501005,
                283.5158231954972
            ]
        ],
        "shift": [
            [
                0,
                0
            ],
            [
                0,
                0
            ],
            [
                1,
                0
            ],
            [
                2,
                0
            ],
            [
                -1.0,
                3.0
            ],
            [
                7,
                0
            ],
            [
                -4.0,
                3.0
            ],
            [
                2.0,
                3.0
            ]
        ],
        "channel": 0,
        "closest_Dend": 0
    },
    {
        "type": 0,
        "location": [
            334,
            244
        ],
        "bgloc": [
            334,
            214
        ],
        "mean": [
            [
                60.30801687763713,
                54.59915611814346,
                57.59493670886076,
                98.0506329113924,
                82.957805907173,
                58.89029535864979,
                66.27848101265823,
                74.49367088607595
            ]
        ],
        "min": [
            [
                12,
                10,
                10,
                9,
                14,
                11,
                9,
                12
            ]
        ],
        "max": [
            [
                162,
                179,
                174,
                243,
                222,
                147,
                165,
                184
            ]
        ],
        "RawIntDen": [
            [
                14293,
                12940,
                13650,
                23238,
                19661,
                13957,
                15708,
                17655
            ]
        ],
        "IntDen": [
            [
                62.26030800000001,
                56.366640000000004,
                59.45940000000001,
                101.22472800000001,
                85.64331600000001,
                60.79669200000001,
                68.42404800000001,
                76.90518000000002
            ]
        ],
        "local_bg": [
            [
                6.012658227848101,
                6.780590717299578,
                6.071729957805907,
                6.6455696202531644,
                6.6075949367088604,
                6.6075949367088604,
                6.755274261603375,
                6.59915611814346
            ]
        ],
        "area": [
            1.032372
        ],
        "distance": 21.69233531294376,
        "points": [
            [
                334.0,
                252.0
            ],
            [
                326.6,
                251.4
            ],
            [
                325.2,
                244.0
            ],
            [
                327.4,
                237.4
            ],
            [
                334.0,
                235.4
            ],
            [
                341.0,
                237.0
            ],
            [
                343.50074280578133,
                244.11039947320103
            ],
            [
                340.0,
                250.0
            ]
        ],
        "shift": [
            [
                0,
                0
            ],
            [
                0,
                0
            ],
            [
                0,
                0
            ],
            [
                0,
                0
            ],
            [
                2,
                0
            ],
            [
                0,
                0
            ],
            [
                0,
                0
            ],
            [
                2,
                0
            ]
        ],
        "channel": 0,
        "closest_Dend": 0
    }
]