[
    {
        "type": 0,
        "location": [
            295,
            118
        ],
        "bgloc": [
            328,
            51
        ],
        "mean": [
            [
                55.375586854460096,
                47.262910798122064,
                57.328638497652584,
                57.183098591549296,
                54.225352112676056,
                51.417840375586856,
                40.502347417840376,
                40.89671361502347
            ]
        ],
        "min": [
            [
                8,
                7,
                7,
                8,
                9,
                8,
                5,
                5
            ]
        ],
        "max": [
            [
                180,
                158,
                202,
                152,
                162,
                151,
                143,
                139
            ]
        ],
        "RawIntDen": [
            [
                11795,
                10067,
                12211,
                12180,
                11550,
                10952,
                8627,
                8711
            ]
        ],
        "IntDen": [
            [
                10943.73126,
                9340.444476,
                11329.707708000002,
                11300.94504,
                10716.413400000001,
                10161.572256000001,
                8004.372156000001,
                8082.309708000001
            ]
        ],
        "local_bg": [
            [
                3.7136150234741785,
                4.530516431924883,
                4.39906103286385,
                4.497652582159624,
                4.023474178403756,
                4.370892018779343,
                4.633802816901408,
                4.032863849765258
            ]
        ],
        "area": [
            0.9278280000000001
        ],
        "distance": 4.236101060360561,
        "points": [
            [
                295.0,
                124.2
            ],
            [
                290.2,
                122.8
            ],
            [
                288.8,
                118.0
            ],
            [
                289.0,
                112.0
            ],
            [
                295.0,
                107.8
            ],
            [
                302.6,
                110.4
            ],
            [
                305.0,
                118.0
            ],
            [
                301.4,
                124.4
            ]
        ],
        "shift": null,
        "channel": 0,
        "closest_Dend": 0
    }
]