[
    {
        "type": "Stim",
        "location": [
            40,
            319
        ],
        "radloc": [
            0,
            0
        ],
        "mean": [
            139.39306358381504,
            145.53179190751445,
            152.9942196531792,
            147.79768786127167,
            141.67052023121389,
            138.52601156069363,
            129.98843930635837,
            147.41618497109826
        ],
        "min": [
            46.0,
            75.0,
            56.0,
            47.0,
            33.0,
            26.0,
            21.0,
            34.0
        ],
        "max": [
            221.0,
            235.0,
            240.0,
            233.0,
            240.0,
            251.0,
            234.0,
            255.0
        ],
        "RawIntDen": [
            24115.0,
            25177.0,
            26468.0,
            25569.0,
            24509.0,
            23965.0,
            22488.0,
            25503.0
        ],
        "IntDen": [
            21622.85835865146,
            22575.106983029975,
            23732.689821139826,
            22926.596117452176,
            21976.14080498398,
            21488.359965377662,
            20163.999119608296,
            22867.416824411703
        ],
        "FlagUp": 0,
        "Times": [
            -15,
            -10,
            -5,
            2,
            10,
            20,
            30,
            40
        ],
        "width": 0,
        "height": 0,
        "area": 0.8966559551586756,
        "distance": 0,
        "xpert": [
            [
                40.0,
                324.0
            ],
            [
                35.4,
                323.6
            ],
            [
                29.4,
                319.0
            ],
            [
                35.0,
                314.0
            ],
            [
                40.0,
                312.8
            ],
            [
                49.8,
                309.2
            ],
            [
                48.6,
                319.0
            ],
            [
                45.0,
                324.0
            ]
        ],
        "stack": 0
    },
    {
        "type": "Spine",
        "location": [
            22,
            338
        ],
        "radloc": [
            0,
            0
        ],
        "mean": [
            67.93805309734513,
            43.35398230088496,
            41.14159292035398,
            40.45132743362832,
            40.610619469026545,
            52.60176991150443,
            58.80530973451327,
            47.56637168141593
        ],
        "min": [
            17.0,
            7.0,
            7.0,
            6.0,
            7.0,
            10.0,
            9.0,
            11.0
        ],
        "max": [
            149.0,
            133.0,
            125.0,
            130.0,
            127.0,
            130.0,
            122.0,
            106.0
        ],
        "RawIntDen": [
            7677.0,
            4899.0,
            4649.0,
            4571.0,
            4589.0,
            5944.0,
            6645.0,
            5375.0
        ],
        "IntDen": [
            4057.8712306619423,
            2589.4895348460145,
            2457.345753725071,
            2416.1168940153366,
            2425.6312462560445,
            3141.85053993156,
            3512.381702194686,
            2841.0912941002916
        ],
        "FlagUp": 0,
        "Times": [
            -15,
            -10,
            -5,
            2,
            10,
            20,
            30,
            40
        ],
        "width": 0,
        "height": 0,
        "area": 0.5285751244837752,
        "distance": 1.2678975948742897,
        "xpert": [
            [
                22.0,
                342.8
            ],
            [
                17.4,
                342.6
            ],
            [
                14.6,
                338.0
            ],
            [
                16.2,
                332.2
            ],
            [
                22.0,
                332.4
            ],
            [
                27.8,
                332.2
            ],
            [
                26.8,
                338.0
            ],
            [
                26.2,
                342.2
            ]
        ],
        "stack": 0
    },
    {
        "type": "Spine",
        "location": [
            89,
            312
        ],
        "radloc": [
            0,
            0
        ],
        "mean": [
            55.232044198895025,
            49.81767955801105,
            61.29281767955801,
            58.530386740331494,
            51.14364640883978,
            47.33701657458563,
            52.05524861878453,
            55.45303867403315
        ],
        "min": [
            12.0,
            13.0,
            13.0,
            18.0,
            13.0,
            11.0,
            13.0,
            16.0
        ],
        "max": [
            118.0,
            141.0,
            106.0,
            103.0,
            106.0,
            123.0,
            112.0,
            115.0
        ],
        "RawIntDen": [
            9997.0,
            9017.0,
            11094.0,
            10594.0,
            9257.0,
            8568.0,
            9422.0,
            10037.0
        ],
        "IntDen": [
            8110.080033532549,
            7315.053682341002,
            9000.022796039822,
            8594.397106656379,
            7509.754013245055,
            6950.801813274671,
            7643.610490741591,
            8142.530088683225
        ],
        "FlagUp": 0,
        "Times": [
            -15,
            -10,
            -5,
            2,
            10,
            20,
            30,
            40
        ],
        "width": 0,
        "height": 0,
        "area": 0.811251378766885,
        "distance": 3.2520232906190802,
        "xpert": [
            [
                89.0,
                320.4
            ],
            [
                84.0,
                317.0
            ],
            [
                82.2,
                312.0
            ],
            [
                83.4,
                306.4
            ],
            [
                89.0,
                302.4
            ],
            [
                93.6,
                307.4
            ],
            [
                96.0,
                312.0
            ],
            [
                96.6,
                319.6
            ]
        ],
        "stack": 0
    },
    {
        "type": "Spine",
        "location": [
            109,
            305
        ],
        "radloc": [
            0,
            0
        ],
        "mean": [
            32.105,
            37.065,
            32.745,
            35.855,
            43.91,
            40.33,
            37.74,
            34.195
        ],
        "min": [
            7.0,
            8.0,
            9.0,
            9.0,
            13.0,
            11.0,
            12.0,
            7.0
        ],
        "max": [
            80.0,
            82.0,
            69.0,
            74.0,
            84.0,
            71.0,
            71.0,
            73.0
        ],
        "RawIntDen": [
            6421.0,
            7413.0,
            6549.0,
            7171.0,
            8782.0,
            8066.0,
            7548.0,
            6839.0
        ],
        "IntDen": [
            5755.85094261012,
            6645.090022982217,
            5870.591469109745,
            6428.158715068863,
            7872.275810310243,
            7230.445990202963,
            6766.105422024792,
            6130.55047446046
        ],
        "FlagUp": 0,
        "Times": [
            -15,
            -10,
            -5,
            2,
            10,
            20,
            30,
            40
        ],
        "width": 0,
        "height": 0,
        "area": 0.8964103632783242,
        "distance": 5.108383816970968,
        "xpert": [
            [
                109.0,
                315.0
            ],
            [
                101.6,
                312.4
            ],
            [
                100.8,
                305.0
            ],
            [
                102.2,
                298.2
            ],
            [
                109.0,
                296.6
            ],
            [
                112.8,
                301.2
            ],
            [
                115.2,
                305.0
            ],
            [
                115.2,
                311.2
            ]
        ],
        "stack": 0
    },
    {
        "type": "Spine",
        "location": [
            72,
            276
        ],
        "radloc": [
            0,
            0
        ],
        "mean": [
            28.15846994535519,
            33.34426229508197,
            33.060109289617486,
            35.04371584699454,
            28.3551912568306,
            38.53005464480874,
            30.51366120218579,
            36.25136612021858
        ],
        "min": [
            7.0,
            10.0,
            9.0,
            9.0,
            7.0,
            7.0,
            7.0,
            11.0
        ],
        "max": [
            74.0,
            71.0,
            72.0,
            92.0,
            69.0,
            103.0,
            83.0,
            86.0
        ],
        "RawIntDen": [
            5153.0,
            6102.0,
            6050.0,
            6413.0,
            5189.0,
            7051.0,
            5584.0,
            6634.0
        ],
        "IntDen": [
            5658.839571157042,
            6700.99729540079,
            6643.892762565516,
            7042.526328319447,
            5698.373478504539,
            7743.155019644538,
            6132.148295234023,
            7285.220592869361
        ],
        "FlagUp": 0,
        "Times": [
            -15,
            -10,
            -5,
            2,
            10,
            20,
            30,
            40
        ],
        "width": 0,
        "height": 0,
        "area": 1.0981640929860357,
        "distance": 4.1372573410543305,
        "xpert": [
            [
                72.0,
                282.4
            ],
            [
                68.2,
                279.8
            ],
            [
                64.8,
                276.0
            ],
            [
                59.2,
                263.2
            ],
            [
                72.0,
                270.2
            ],
            [
                76.0,
                272.0
            ],
            [
                78.2,
                276.0
            ],
            [
                81.0,
                285.0
            ]
        ],
        "stack": 0
    },
    {
        "type": "Spine",
        "location": [
            92,
            274
        ],
        "radloc": [
            0,
            0
        ],
        "mean": [
            80.19587628865979,
            75.9278350515464,
            72.19587628865979,
            73.61855670103093,
            63.75773195876289,
            59.845360824742265,
            64.52061855670104,
            68.53092783505154
        ],
        "min": [
            17.0,
            16.0,
            15.0,
            13.0,
            9.0,
            13.0,
            12.0,
            18.0
        ],
        "max": [
            176.0,
            168.0,
            170.0,
            192.0,
            195.0,
            148.0,
            157.0,
            146.0
        ],
        "RawIntDen": [
            15558.0,
            14730.0,
            14006.0,
            14282.0,
            12369.0,
            11610.0,
            12517.0,
            13295.0
        ],
        "IntDen": [
            14198.533051200438,
            13442.884165328605,
            12782.147699904444,
            13034.030661861721,
            11288.189697281026,
            10595.511551898515,
            11423.25737253348,
            12133.27528703624
        ],
        "FlagUp": 0,
        "Times": [
            -15,
            -10,
            -5,
            2,
            10,
            20,
            30,
            40
        ],
        "width": 0,
        "height": 0,
        "area": 0.9126194273814396,
        "distance": 4.8041511384914735,
        "xpert": [
            [
                92.0,
                282.0
            ],
            [
                84.6,
                281.4
            ],
            [
                83.4,
                274.0
            ],
            [
                87.0,
                269.0
            ],
            [
                92.0,
                268.2
            ],
            [
                96.6,
                269.4
            ],
            [
                99.2,
                274.0
            ],
            [
                101.2,
                283.2
            ]
        ],
        "stack": 0
    },
    {
        "type": "Spine",
        "location": [
            134,
            292
        ],
        "radloc": [
            0,
            0
        ],
        "mean": [
            26.81756756756757,
            37.37837837837838,
            32.41891891891892,
            40.11486486486486,
            52.46621621621622,
            43.62837837837838,
            57.013513513513516,
            58.32432432432432
        ],
        "min": [
            7.0,
            9.0,
            7.0,
            9.0,
            13.0,
            13.0,
            12.0,
            19.0
        ],
        "max": [
            63.0,
            95.0,
            81.0,
            101.0,
            115.0,
            118.0,
            106.0,
            134.0
        ],
        "RawIntDen": [
            3969.0,
            5532.0,
            4798.0,
            5937.0,
            7765.0,
            6457.0,
            8438.0,
            8632.0
        ],
        "IntDen": [
            2706.40496164005,
            3772.1925542435765,
            3271.6883360919524,
            4048.3563258395,
            5294.843670228014,
            4402.93697085155,
            5753.752851176301,
            5886.038707200028
        ],
        "FlagUp": 0,
        "Times": [
            -15,
            -10,
            -5,
            2,
            10,
            20,
            30,
            40
        ],
        "width": 0,
        "height": 0,
        "area": 0.6818858557924036,
        "distance": 7.476408986363865,
        "xpert": [
            [
                134.0,
                302.8
            ],
            [
                128.4,
                297.6
            ],
            [
                126.0,
                292.0
            ],
            [
                129.2,
                287.2
            ],
            [
                134.0,
                286.2
            ],
            [
                139.0,
                287.0
            ],
            [
                138.6,
                292.0
            ],
            [
                139.0,
                297.0
            ]
        ],
        "stack": 0
    },
    {
        "type": "Spine",
        "location": [
            112,
            268
        ],
        "radloc": [
            0,
            0
        ],
        "mean": [
            53.54838709677419,
            67.52150537634408,
            54.634408602150536,
            54.56989247311828,
            45.655913978494624,
            61.994623655913976,
            53.424731182795696,
            58.026881720430104
        ],
        "min": [
            19.0,
            20.0,
            21.0,
            15.0,
            11.0,
            12.0,
            12.0,
            21.0
        ],
        "max": [
            121.0,
            136.0,
            121.0,
            111.0,
            95.0,
            125.0,
            131.0,
            117.0
        ],
        "RawIntDen": [
            9960.0,
            12559.0,
            10162.0,
            10150.0,
            8492.0,
            11531.0,
            9937.0,
            10793.0
        ],
        "IntDen": [
            8326.507816693203,
            10499.258199784132,
            8495.378758357061,
            8485.346821228515,
            7099.267507967739,
            9639.855585772022,
            8307.279937196823,
            9022.89145236644
        ],
        "FlagUp": 0,
        "Times": [
            -15,
            -10,
            -5,
            2,
            10,
            20,
            30,
            40
        ],
        "width": 0,
        "height": 0,
        "area": 0.835994760712169,
        "distance": 6.6038513914895765,
        "xpert": [
            [
                112.0,
                277.0
            ],
            [
                105.8,
                274.2
            ],
            [
                103.6,
                268.0
            ],
            [
                107.2,
                263.2
            ],
            [
                112.0,
                261.0
            ],
            [
                118.2,
                261.8
            ],
            [
                118.8,
                268.0
            ],
            [
                119.0,
                275.0
            ]
        ],
        "stack": 0
    },
    {
        "type": "Spine",
        "location": [
            126,
            261
        ],
        "radloc": [
            0,
            0
        ],
        "mean": [
            53.9392523364486,
            58.981308411214954,
            58.72429906542056,
            61.453271028037385,
            65.23364485981308,
            62.53738317757009,
            63.50934579439252,
            66.81308411214954
        ],
        "min": [
            16.0,
            22.0,
            15.0,
            21.0,
            32.0,
            18.0,
            23.0,
            30.0
        ],
        "max": [
            130.0,
            122.0,
            131.0,
            120.0,
            123.0,
            131.0,
            174.0,
            170.0
        ],
        "RawIntDen": [
            11543.0,
            12622.0,
            12567.0,
            13151.0,
            13960.0,
            13383.0,
            13591.0,
            14298.0
        ],
        "IntDen": [
            10976.605313945649,
            12002.660683758295,
            11950.35943691891,
            12505.703585177098,
            13275.007379596402,
            12726.319753663227,
            12924.11355989217,
            13596.422314718435
        ],
        "FlagUp": 0,
        "Times": [
            -15,
            -10,
            -5,
            2,
            10,
            20,
            30,
            40
        ],
        "width": 0,
        "height": 0,
        "area": 0.9509317607160747,
        "distance": 8.004900505174353,
        "xpert": [
            [
                126.0,
                272.0
            ],
            [
                119.8,
                267.2
            ],
            [
                117.0,
                261.0
            ],
            [
                120.8,
                255.8
            ],
            [
                126.0,
                252.4
            ],
            [
                130.6,
                256.4
            ],
            [
                135.4,
                261.0
            ],
            [
                132.4,
                267.4
            ]
        ],
        "stack": 0
    },
    {
        "type": "Spine",
        "location": [
            153,
            249
        ],
        "radloc": [
            0,
            0
        ],
        "mean": [
            111.93392070484582,
            114.03964757709251,
            116.13215859030836,
            118.45374449339207,
            124.06607929515418,
            129.51101321585904,
            119.18942731277534,
            109.92070484581498
        ],
        "min": [
            40.0,
            28.0,
            32.0,
            37.0,
            33.0,
            43.0,
            30.0,
            39.0
        ],
        "max": [
            216.0,
            219.0,
            237.0,
            241.0,
            232.0,
            238.0,
            216.0,
            227.0
        ],
        "RawIntDen": [
            25409.0,
            25887.0,
            26362.0,
            26889.0,
            28163.0,
            29399.0,
            27056.0,
            24952.0
        ],
        "IntDen": [
            26761.28677061134,
            27264.726302916908,
            27765.006172885835,
            28320.05352335662,
            29661.856795652217,
            30963.6376783503,
            28495.941393429905,
            26279.96487466229
        ],
        "FlagUp": 0,
        "Times": [
            -15,
            -10,
            -5,
            2,
            10,
            20,
            30,
            40
        ],
        "width": 0,
        "height": 0,
        "area": 1.053220778881945,
        "distance": 10.092142150483902,
        "xpert": [
            [
                153.0,
                256.2
            ],
            [
                146.0,
                256.0
            ],
            [
                141.2,
                249.0
            ],
            [
                146.4,
                242.4
            ],
            [
                153.0,
                242.4
            ],
            [
                160.8,
                241.2
            ],
            [
                161.8,
                249.0
            ],
            [
                158.8,
                254.8
            ]
        ],
        "stack": 0
    },
    {
        "type": "Spine",
        "location": [
            187,
            236
        ],
        "radloc": [
            0,
            0
        ],
        "mean": [
            80.58904109589041,
            62.486301369863014,
            63.31506849315068,
            69.11643835616438,
            66.96575342465754,
            61.5958904109589,
            55.67123287671233,
            51.17123287671233
        ],
        "min": [
            23.0,
            13.0,
            12.0,
            17.0,
            19.0,
            15.0,
            12.0,
            8.0
        ],
        "max": [
            168.0,
            137.0,
            145.0,
            145.0,
            139.0,
            130.0,
            141.0,
            156.0
        ],
        "RawIntDen": [
            11766.0,
            9123.0,
            9244.0,
            10091.0,
            9777.0,
            8993.0,
            8128.0,
            7471.0
        ],
        "IntDen": [
            7581.677375946738,
            5878.602983236621,
            5956.571958460959,
            6502.354785031322,
            6300.022072465685,
            5794.834662747664,
            5237.453145648061,
            4814.10094133079
        ],
        "FlagUp": 0,
        "Times": [
            -15,
            -10,
            -5,
            2,
            10,
            20,
            30,
            40
        ],
        "width": 0,
        "height": 0,
        "area": 0.6443716960689051,
        "distance": 12.446254935106786,
        "xpert": [
            [
                187.0,
                244.8
            ],
            [
                181.4,
                241.6
            ],
            [
                180.4,
                236.0
            ],
            [
                182.6,
                231.6
            ],
            [
                187.0,
                230.6
            ],
            [
                191.6,
                231.4
            ],
            [
                194.0,
                236.0
            ],
            [
                193.2,
                242.2
            ]
        ],
        "stack": 0
    },
    {
        "type": "Spine",
        "location": [
            217,
            235
        ],
        "radloc": [
            0,
            0
        ],
        "mean": [
            78.9171270718232,
            73.78453038674033,
            68.54143646408839,
            68.69060773480663,
            73.98342541436465,
            79.14364640883979,
            63.574585635359114,
            67.646408839779
        ],
        "min": [
            16.0,
            17.0,
            11.0,
            20.0,
            14.0,
            15.0,
            13.0,
            14.0
        ],
        "max": [
            153.0,
            132.0,
            144.0,
            132.0,
            169.0,
            153.0,
            132.0,
            144.0
        ],
        "RawIntDen": [
            14284.0,
            13355.0,
            12406.0,
            12433.0,
            13391.0,
            14325.0,
            11507.0,
            12244.0
        ],
        "IntDen": [
            11860.66437037743,
            11089.272799383267,
            10301.274305439822,
            10323.693651421352,
            11119.165260691974,
            11894.708562423459,
            9554.79311886958,
            10166.758229550634
        ],
        "FlagUp": 0,
        "Times": [
            -15,
            -10,
            -5,
            2,
            10,
            20,
            30,
            40
        ],
        "width": 0,
        "height": 0,
        "area": 0.8303461474641158,
        "distance": 14.273247719729664,
        "xpert": [
            [
                217.0,
                240.8
            ],
            [
                211.2,
                240.8
            ],
            [
                207.6,
                235.0
            ],
            [
                210.6,
                228.6
            ],
            [
                217.0,
                229.0
            ],
            [
                222.4,
                229.6
            ],
            [
                227.4,
                235.0
            ],
            [
                222.8,
                240.8
            ]
        ],
        "stack": 0
    },
    {
        "type": "Spine",
        "location": [
            244,
            229
        ],
        "radloc": [
            0,
            0
        ],
        "mean": [
            68.26315789473684,
            65.5578947368421,
            65.4421052631579,
            71.99473684210527,
            65.52631578947368,
            79.16842105263157,
            72.80526315789474,
            82.03157894736842
        ],
        "min": [
            12.0,
            9.0,
            9.0,
            14.0,
            9.0,
            15.0,
            12.0,
            18.0
        ],
        "max": [
            150.0,
            154.0,
            163.0,
            159.0,
            147.0,
            161.0,
            151.0,
            184.0
        ],
        "RawIntDen": [
            12970.0,
            12456.0,
            12434.0,
            13679.0,
            12450.0,
            15042.0,
            13833.0,
            15586.0
        ],
        "IntDen": [
            10860.371343221632,
            10429.975747969827,
            10411.554146616636,
            11454.049314103988,
            10424.951674873502,
            12595.351252485721,
            11583.000523576318,
            13050.86721321915
        ],
        "FlagUp": 0,
        "Times": [
            -15,
            -10,
            -5,
            2,
            10,
            20,
            30,
            40
        ],
        "width": 0,
        "height": 0,
        "area": 0.8373455160540966,
        "distance": 15.925180377853486,
        "xpert": [
            [
                244.0,
                236.2
            ],
            [
                237.2,
                235.8
            ],
            [
                236.0,
                229.0
            ],
            [
                238.6,
                223.6
            ],
            [
                244.0,
                222.4
            ],
            [
                250.0,
                223.0
            ],
            [
                253.8,
                229.0
            ],
            [
                249.8,
                234.8
            ]
        ],
        "stack": 0
    },
    {
        "type": "Spine",
        "location": [
            261,
            223
        ],
        "radloc": [
            0,
            0
        ],
        "mean": [
            30.389705882352942,
            30.360294117647058,
            32.63970588235294,
            33.470588235294116,
            42.1764705882353,
            36.529411764705884,
            30.198529411764707,
            29.91176470588235
        ],
        "min": [
            6.0,
            8.0,
            4.0,
            8.0,
            12.0,
            12.0,
            8.0,
            7.0
        ],
        "max": [
            62.0,
            67.0,
            82.0,
            69.0,
            83.0,
            77.0,
            73.0,
            70.0
        ],
        "RawIntDen": [
            4133.0,
            4129.0,
            4439.0,
            4552.0,
            5736.0,
            4968.0,
            4107.0,
            4068.0
        ],
        "IntDen": [
            2528.9503381660675,
            2526.502769486497,
            2716.1893421531995,
            2785.3331573510623,
            3509.8134865038865,
            3039.880300026379,
            2513.0411417488604,
            2489.1773471230495
        ],
        "FlagUp": 0,
        "Times": [
            -15,
            -10,
            -5,
            2,
            10,
            20,
            30,
            40
        ],
        "width": 0,
        "height": 0,
        "area": 0.6118921698925883,
        "distance": 17.045310377853493,
        "xpert": [
            [
                261.0,
                228.4
            ],
            [
                255.0,
                229.0
            ],
            [
                253.6,
                223.0
            ],
            [
                254.6,
                216.6
            ],
            [
                261.0,
                216.8
            ],
            [
                266.0,
                218.0
            ],
            [
                266.8,
                223.0
            ],
            [
                265.4,
                227.4
            ]
        ],
        "stack": 0
    },
    {
        "type": "Spine",
        "location": [
            261,
            279
        ],
        "radloc": [
            0,
            0
        ],
        "mean": [
            89.05164319248826,
            91.22065727699531,
            97.65258215962442,
            101.94835680751174,
            98.82629107981221,
            98.46009389671362,
            100.59154929577464,
            96.0469483568075
        ],
        "min": [
            28.0,
            27.0,
            32.0,
            34.0,
            22.0,
            32.0,
            30.0,
            21.0
        ],
        "max": [
            182.0,
            199.0,
            181.0,
            215.0,
            213.0,
            211.0,
            214.0,
            216.0
        ],
        "RawIntDen": [
            18968.0,
            19430.0,
            20800.0,
            21715.0,
            21050.0,
            20972.0,
            21426.0,
            20458.0
        ],
        "IntDen": [
            17990.68976939767,
            18428.88560836128,
            19728.297511781504,
            20596.15290713151,
            19965.41647225965,
            19891.435356590468,
            20322.043388818776,
            19403.918773847407
        ],
        "FlagUp": 0,
        "Times": [
            -15,
            -10,
            -5,
            2,
            10,
            20,
            30,
            40
        ],
        "width": 0,
        "height": 0,
        "area": 0.9484758419125724,
        "distance": 18.181427972727793,
        "xpert": [
            [
                261.0,
                288.8
            ],
            [
                255.2,
                284.8
            ],
            [
                253.2,
                279.0
            ],
            [
                254.6,
                272.6
            ],
            [
                261.0,
                267.0
            ],
            [
                266.0,
                274.0
            ],
            [
                267.4,
                279.0
            ],
            [
                267.2,
                285.2
            ]
        ],
        "stack": 0
    },
    {
        "type": "Spine",
        "location": [
            326,
            236
        ],
        "radloc": [
            0,
            0
        ],
        "mean": [
            41.945205479452056,
            68.43150684931507,
            72.02739726027397,
            64.06164383561644,
            60.88356164383562,
            48.75342465753425,
            61.75342465753425,
            68.92465753424658
        ],
        "min": [
            8.0,
            13.0,
            13.0,
            13.0,
            15.0,
            12.0,
            10.0,
            10.0
        ],
        "max": [
            102.0,
            153.0,
            163.0,
            137.0,
            123.0,
            154.0,
            160.0,
            159.0
        ],
        "RawIntDen": [
            6124.0,
            9991.0,
            10516.0,
            9353.0,
            8889.0,
            7118.0,
            9016.0,
            10063.0
        ],
        "IntDen": [
            5183.176112131256,
            8456.09283741074,
            8900.437621680647,
            7916.108128145596,
            7523.391975952764,
            6024.468903682279,
            7630.881095195199,
            8517.031550682043
        ],
        "FlagUp": 0,
        "Times": [
            -15,
            -10,
            -5,
            2,
            10,
            20,
            30,
            40
        ],
        "width": 0,
        "height": 0,
        "area": 0.8463710176569653,
        "distance": 21.573793162476385,
        "xpert": [
            [
                326.0,
                242.4
            ],
            [
                317.8,
                244.2
            ],
            [
                318.4,
                236.0
            ],
            [
                319.6,
                229.6
            ],
            [
                326.0,
                230.4
            ],
            [
                330.0,
                232.0
            ],
            [
                332.2,
                236.0
            ],
            [
                334.2,
                244.2
            ]
        ],
        "stack": 0
    },
    {
        "type": "Spine",
        "location": [
            351,
            276
        ],
        "radloc": [
            0,
            0
        ],
        "mean": [
            21.339622641509433,
            16.160377358490567,
            17.641509433962263,
            16.962264150943398,
            28.37735849056604,
            28.566037735849058,
            40.64150943396226,
            49.0
        ],
        "min": [
            5.0,
            5.0,
            5.0,
            5.0,
            7.0,
            7.0,
            10.0,
            10.0
        ],
        "max": [
            97.0,
            67.0,
            84.0,
            66.0,
            92.0,
            78.0,
            78.0,
            129.0
        ],
        "RawIntDen": [
            2262.0,
            1713.0,
            1870.0,
            1798.0,
            3008.0,
            3028.0,
            4308.0,
            5194.0
        ],
        "IntDen": [
            1076.3371146199056,
            815.1041013898755,
            889.8100814939096,
            855.5500141850532,
            1431.3094786811123,
            1440.8261640446835,
            2049.894027313242,
            2471.4831889194475
        ],
        "FlagUp": 0,
        "Times": [
            -15,
            -10,
            -5,
            2,
            10,
            20,
            30,
            40
        ],
        "width": 0,
        "height": 0,
        "area": 0.4758342681785613,
        "distance": 23.38479835222497,
        "xpert": [
            [
                351.0,
                280.2
            ],
            [
                346.6,
                280.4
            ],
            [
                345.6,
                276.0
            ],
            [
                345.6,
                270.6
            ],
            [
                351.0,
                267.6
            ],
            [
                356.6,
                270.4
            ],
            [
                355.4,
                276.0
            ],
            [
                353.6,
                278.6
            ]
        ],
        "stack": 0
    },
    {
        "type": "Spine",
        "location": [
            338,
            267
        ],
        "radloc": [
            0,
            0
        ],
        "mean": [
            26.04310344827586,
            27.82758620689655,
            37.827586206896555,
            38.48275862068966,
            51.83620689655172,
            43.922413793103445,
            52.37068965517241,
            49.37931034482759
        ],
        "min": [
            7.0,
            9.0,
            11.0,
            10.0,
            14.0,
            10.0,
            13.0,
            13.0
        ],
        "max": [
            76.0,
            84.0,
            113.0,
            80.0,
            126.0,
            139.0,
            133.0,
            140.0
        ],
        "RawIntDen": [
            3021.0,
            3228.0,
            4388.0,
            4464.0,
            6013.0,
            5095.0,
            6075.0,
            5728.0
        ],
        "IntDen": [
            1696.4299657852182,
            1812.6699535103226,
            2464.0631214384434,
            2506.740604854424,
            3376.5751023722337,
            2861.076026373945,
            3411.390944106323,
            3216.534539562307
        ],
        "FlagUp": 0,
        "Times": [
            -15,
            -10,
            -5,
            2,
            10,
            20,
            30,
            40
        ],
        "width": 0,
        "height": 0,
        "area": 0.5615458344207939,
        "distance": 22.47364328897544,
        "xpert": [
            [
                338.0,
                271.6
            ],
            [
                334.8,
                270.2
            ],
            [
                332.4,
                267.0
            ],
            [
                331.2,
                260.2
            ],
            [
                338.0,
                260.2
            ],
            [
                344.6,
                260.4
            ],
            [
                345.0,
                267.0
            ],
            [
                341.0,
                270.0
            ]
        ],
        "stack": 0
    },
    {
        "type": "Spine",
        "location": [
            323,
            266
        ],
        "radloc": [
            0,
            0
        ],
        "mean": [
            25.626436781609197,
            34.51724137931034,
            36.793103448275865,
            35.206896551724135,
            38.42528735632184,
            36.36206896551724,
            36.37356321839081,
            36.60344827586207
        ],
        "min": [
            7.0,
            8.0,
            7.0,
            8.0,
            10.0,
            8.0,
            8.0,
            11.0
        ],
        "max": [
            62.0,
            83.0,
            87.0,
            85.0,
            89.0,
            95.0,
            77.0,
            90.0
        ],
        "RawIntDen": [
            4459.0,
            6006.0,
            6402.0,
            6126.0,
            6686.0,
            6327.0,
            6329.0,
            6369.0
        ],
        "IntDen": [
            3471.7223700554814,
            4676.197478033914,
            4984.518190871315,
            4769.62799707555,
            5205.6370859365215,
            4926.1241164702915,
            4927.681291787652,
            4958.824798134865
        ],
        "FlagUp": 0,
        "Times": [
            -15,
            -10,
            -5,
            2,
            10,
            20,
            30,
            40
        ],
        "width": 0,
        "height": 0,
        "area": 0.7785876586803053,
        "distance": 21.95782822572591,
        "xpert": [
            [
                323.0,
                271.6
            ],
            [
                318.2,
                270.8
            ],
            [
                314.6,
                266.0
            ],
            [
                315.4,
                258.4
            ],
            [
                323.0,
                258.6
            ],
            [
                329.6,
                259.4
            ],
            [
                330.2,
                266.0
            ],
            [
                328.0,
                271.0
            ]
        ],
        "stack": 0
    },
    {
        "type": "Spine",
        "location": [
            272,
            268
        ],
        "radloc": [
            0,
            0
        ],
        "mean": [
            42.73684210526316,
            53.06578947368421,
            49.81578947368421,
            52.828947368421055,
            48.453947368421055,
            42.63157894736842,
            51.203947368421055,
            42.9078947368421
        ],
        "min": [
            9.0,
            14.0,
            8.0,
            15.0,
            11.0,
            9.0,
            14.0,
            8.0
        ],
        "max": [
            92.0,
            113.0,
            108.0,
            112.0,
            107.0,
            106.0,
            113.0,
            96.0
        ],
        "RawIntDen": [
            6496.0,
            8066.0,
            7572.0,
            8030.0,
            7365.0,
            6480.0,
            7783.0,
            6522.0
        ],
        "IntDen": [
            5894.075455892606,
            7318.598002960246,
            6870.372437195015,
            7285.933791689906,
            6682.553222390555,
            5879.558028661344,
            7061.821008807289,
            5917.666275143408
        ],
        "FlagUp": 0,
        "Times": [
            -15,
            -10,
            -5,
            2,
            10,
            20,
            30,
            40
        ],
        "width": 0,
        "height": 0,
        "area": 0.907339201953911,
        "distance": 18.538170504352557,
        "xpert": [
            [
                272.0,
                274.2
            ],
            [
                266.0,
                274.0
            ],
            [
                264.0,
                268.0
            ],
            [
                262.0,
                258.0
            ],
            [
                272.0,
                262.0
            ],
            [
                278.6,
                261.4
            ],
            [
                278.6,
                268.0
            ],
            [
                277.0,
                273.0
            ]
        ],
        "stack": 0
    },
    {
        "type": "Spine",
        "location": [
            377,
            282
        ],
        "radloc": [
            0,
            0
        ],
        "mean": [
            22.644444444444446,
            17.322222222222223,
            27.07777777777778,
            25.31111111111111,
            31.81111111111111,
            25.72222222222222,
            29.166666666666668,
            29.355555555555554
        ],
        "min": [
            6.0,
            5.0,
            8.0,
            6.0,
            7.0,
            8.0,
            8.0,
            7.0
        ],
        "max": [
            47.0,
            43.0,
            67.0,
            60.0,
            71.0,
            52.0,
            73.0,
            75.0
        ],
        "RawIntDen": [
            2038.0,
            1559.0,
            2437.0,
            2278.0,
            2863.0,
            2315.0,
            2625.0,
            2642.0
        ],
        "IntDen": [
            837.2385607901994,
            640.4587420372526,
            1001.1532741146791,
            935.8338770756006,
            1176.1599605212664,
            951.0339883362667,
            1078.3862718715768,
            1085.370106775126
        ],
        "FlagUp": 0,
        "Times": [
            -15,
            -10,
            -5,
            2,
            10,
            20,
            30,
            40
        ],
        "width": 0,
        "height": 0,
        "area": 0.41081381785583876,
        "distance": 25.09793835222497,
        "xpert": [
            [
                377.0,
                286.2
            ],
            [
                373.6,
                285.4
            ],
            [
                370.2,
                282.0
            ],
            [
                372.6,
                277.6
            ],
            [
                377.0,
                275.2
            ],
            [
                382.4,
                276.6
            ],
            [
                381.4,
                282.0
            ],
            [
                380.0,
                285.0
            ]
        ],
        "stack": 0
    },
    {
        "type": "Spine",
        "location": [
            376,
            246
        ],
        "radloc": [
            0,
            0
        ],
        "mean": [
            48.239669421487605,
            51.049586776859506,
            52.611570247933884,
            54.413223140495866,
            60.47107438016529,
            81.9090909090909,
            78.57851239669421,
            75.27272727272727
        ],
        "min": [
            10.0,
            9.0,
            13.0,
            15.0,
            20.0,
            24.0,
            22.0,
            34.0
        ],
        "max": [
            113.0,
            123.0,
            115.0,
            113.0,
            124.0,
            154.0,
            220.0,
            138.0
        ],
        "RawIntDen": [
            5837.0,
            6177.0,
            6366.0,
            6584.0,
            7317.0,
            9911.0,
            9508.0,
            9108.0
        ],
        "IntDen": [
            3229.003362123618,
            3417.089903689839,
            3521.643892972238,
            3642.240557858815,
            4047.733013647167,
            5482.722686655333,
            5259.784815328313,
            5038.506531132759
        ],
        "FlagUp": 0,
        "Times": [
            -15,
            -10,
            -5,
            2,
            10,
            20,
            30,
            40
        ],
        "width": 0,
        "height": 0,
        "area": 0.5531957104888844,
        "distance": 25.03204835222497,
        "xpert": [
            [
                376.0,
                252.2
            ],
            [
                370.2,
                251.8
            ],
            [
                370.4,
                246.0
            ],
            [
                371.8,
                241.8
            ],
            [
                376.0,
                238.8
            ],
            [
                381.8,
                240.2
            ],
            [
                381.8,
                246.0
            ],
            [
                380.2,
                250.2
            ]
        ],
        "stack": 0
    },
    {
        "type": "Spine",
        "location": [
            360,
            250
        ],
        "radloc": [
            0,
            0
        ],
        "mean": [
            42.07936507936508,
            48.095238095238095,
            48.27777777777778,
            53.22222222222222,
            56.0,
            57.70634920634921,
            72.23809523809524,
            57.1031746031746
        ],
        "min": [
            9.0,
            11.0,
            9.0,
            14.0,
            14.0,
            13.0,
            20.0,
            16.0
        ],
        "max": [
            134.0,
            119.0,
            133.0,
            121.0,
            110.0,
            141.0,
            136.0,
            113.0
        ],
        "RawIntDen": [
            5302.0,
            6060.0,
            6083.0,
            6706.0,
            7056.0,
            7271.0,
            9102.0,
            7195.0
        ],
        "IntDen": [
            2901.4670493838507,
            3316.275050785767,
            3328.8615732557455,
            3669.7921601599587,
            3861.3261977465954,
            3978.9828208355293,
            4980.979457467334,
            3937.39257267386
        ],
        "FlagUp": 0,
        "Times": [
            -15,
            -10,
            -5,
            2,
            10,
            20,
            30,
            40
        ],
        "width": 0,
        "height": 0,
        "area": 0.5472401073903905,
        "distance": 23.97780835222497,
        "xpert": [
            [
                360.0,
                254.2
            ],
            [
                355.8,
                254.2
            ],
            [
                354.8,
                250.0
            ],
            [
                354.4,
                244.4
            ],
            [
                360.0,
                242.8
            ],
            [
                365.6,
                244.4
            ],
            [
                368.0,
                250.0
            ],
            [
                364.2,
                254.2
            ]
        ],
        "stack": 0
    },
    {
        "type": "Spine",
        "location": [
            403,
            237
        ],
        "radloc": [
            0,
            0
        ],
        "mean": [
            45.016949152542374,
            41.1271186440678,
            53.8771186440678,
            51.351694915254235,
            56.728813559322035,
            64.04237288135593,
            84.57627118644068,
            69.38983050847457
        ],
        "min": [
            11.0,
            10.0,
            20.0,
            15.0,
            14.0,
            14.0,
            29.0,
            20.0
        ],
        "max": [
            87.0,
            92.0,
            109.0,
            122.0,
            143.0,
            164.0,
            166.0,
            143.0
        ],
        "RawIntDen": [
            10624.0,
            9706.0,
            12715.0,
            12119.0,
            13388.0,
            15114.0,
            19960.0,
            16376.0
        ],
        "IntDen": [
            12775.139490006764,
            11671.263543863484,
            15289.523589555347,
            14572.84596003313,
            16098.792120878254,
            18174.271296306688,
            24001.485713529277,
            19691.800102442656
        ],
        "FlagUp": 0,
        "Times": [
            -15,
            -10,
            -5,
            2,
            10,
            20,
            30,
            40
        ],
        "width": 0,
        "height": 0,
        "area": 1.2024792441647933,
        "distance": 27.467227704511878,
        "xpert": [
            [
                403.0,
                245.6
            ],
            [
                394.4,
                245.6
            ],
            [
                394.2,
                237.0
            ],
            [
                394.8,
                228.8
            ],
            [
                403.0,
                228.4
            ],
            [
                407.8,
                232.2
            ],
            [
                416.4,
                237.0
            ],
            [
                408.0,
                242.0
            ]
        ],
        "stack": 0
    },
    {
        "type": "Spine",
        "location": [
            409,
            266
        ],
        "radloc": [
            0,
            0
        ],
        "mean": [
            86.26178010471205,
            93.13612565445027,
            120.91099476439791,
            109.45026178010471,
            113.81675392670157,
            127.87958115183245,
            114.49214659685863,
            125.46596858638743
        ],
        "min": [
            11.0,
            16.0,
            21.0,
            21.0,
            38.0,
            30.0,
            25.0,
            34.0
        ],
        "max": [
            198.0,
            171.0,
            243.0,
            236.0,
            221.0,
            245.0,
            217.0,
            252.0
        ],
        "RawIntDen": [
            16476.0,
            17789.0,
            23094.0,
            20905.0,
            21739.0,
            24425.0,
            21868.0,
            23964.0
        ],
        "IntDen": [
            15508.73159559749,
            16744.648358465874,
            21738.203900748267,
            19677.715101114685,
            20462.752862144564,
            22991.063924646074,
            20584.179566188755,
            22557.12818383699
        ],
        "FlagUp": 0,
        "Times": [
            -15,
            -10,
            -5,
            2,
            10,
            20,
            30,
            40
        ],
        "width": 0,
        "height": 0,
        "area": 0.9412922794123264,
        "distance": 26.888174126896978,
        "xpert": [
            [
                409.0,
                272.4
            ],
            [
                402.0,
                273.0
            ],
            [
                401.6,
                266.0
            ],
            [
                403.6,
                260.6
            ],
            [
                409.0,
                258.6
            ],
            [
                416.0,
                259.0
            ],
            [
                417.6,
                266.0
            ],
            [
                417.2,
                274.2
            ]
        ],
        "stack": 0
    },
    {
        "type": "Spine",
        "location": [
            430,
            228
        ],
        "radloc": [
            0,
            0
        ],
        "mean": [
            62.31,
            54.755,
            59.14,
            68.07,
            51.765,
            49.525,
            51.18,
            47.935
        ],
        "min": [
            15.0,
            12.0,
            16.0,
            19.0,
            9.0,
            17.0,
            12.0,
            10.0
        ],
        "max": [
            131.0,
            127.0,
            135.0,
            134.0,
            131.0,
            130.0,
            146.0,
            119.0
        ],
        "RawIntDen": [
            12462.0,
            10951.0,
            11828.0,
            13614.0,
            10353.0,
            9905.0,
            10236.0,
            9587.0
        ],
        "IntDen": [
            11458.759152389395,
            10069.400696342182,
            10875.798688369585,
            12518.018544425391,
            9519.542088323497,
            9107.607880309499,
            9411.96105631984,
            8815.208152299561
        ],
        "FlagUp": 0,
        "Times": [
            -15,
            -10,
            -5,
            2,
            10,
            20,
            30,
            40
        ],
        "width": 0,
        "height": 0,
        "area": 0.9194960000312467,
        "distance": 28.944911263346903,
        "xpert": [
            [
                430.0,
                236.2
            ],
            [
                421.2,
                236.8
            ],
            [
                421.2,
                228.0
            ],
            [
                424.4,
                222.4
            ],
            [
                430.0,
                221.2
            ],
            [
                435.2,
                222.8
            ],
            [
                436.2,
                228.0
            ],
            [
                437.0,
                235.0
            ]
        ],
        "stack": 0
    },
    {
        "type": "Spine",
        "location": [
            456,
            261
        ],
        "radloc": [
            0,
            0
        ],
        "mean": [
            42.28947368421053,
            52.17894736842105,
            36.78947368421053,
            37.61052631578947,
            38.10526315789474,
            45.136842105263156,
            32.76315789473684,
            42.363157894736844
        ],
        "min": [
            6.0,
            7.0,
            6.0,
            5.0,
            7.0,
            9.0,
            4.0,
            9.0
        ],
        "max": [
            92.0,
            118.0,
            105.0,
            90.0,
            103.0,
            115.0,
            98.0,
            88.0
        ],
        "RawIntDen": [
            8035.0,
            9914.0,
            6990.0,
            7146.0,
            7240.0,
            8576.0,
            6225.0,
            8049.0
        ],
        "IntDen": [
            6933.790953080176,
            8555.271127422136,
            6032.009802368442,
            6166.6297636230165,
            6247.746919763594,
            7400.646075123284,
            5371.854223139278,
            6945.872231654305
        ],
        "FlagUp": 0,
        "Times": [
            -15,
            -10,
            -5,
            2,
            10,
            20,
            30,
            40
        ],
        "width": 0,
        "height": 0,
        "area": 0.8629484695806069,
        "distance": 30.658051263346902,
        "xpert": [
            [
                456.0,
                268.0
            ],
            [
                450.2,
                266.8
            ],
            [
                447.0,
                261.0
            ],
            [
                449.6,
                254.6
            ],
            [
                456.0,
                251.6
            ],
            [
                463.8,
                253.2
            ],
            [
                462.4,
                261.0
            ],
            [
                460.0,
                265.0
            ]
        ],
        "stack": 0
    },
    {
        "type": "Spine",
        "location": [
            455,
            229
        ],
        "radloc": [
            0,
            0
        ],
        "mean": [
            30.993589743589745,
            37.39102564102564,
            37.96153846153846,
            47.94871794871795,
            56.86538461538461,
            51.85897435897436,
            42.37179487179487,
            43.82692307692308
        ],
        "min": [
            8.0,
            6.0,
            9.0,
            13.0,
            17.0,
            14.0,
            9.0,
            9.0
        ],
        "max": [
            77.0,
            88.0,
            100.0,
            115.0,
            132.0,
            141.0,
            130.0,
            124.0
        ],
        "RawIntDen": [
            4835.0,
            5833.0,
            5922.0,
            7480.0,
            8871.0,
            8090.0,
            6610.0,
            6837.0
        ],
        "IntDen": [
            3610.1045533251386,
            4355.271946131445,
            4421.724749698339,
            5585.022142476119,
            6623.627195976692,
            6040.4851781593325,
            4935.4273210918645,
            5104.919303223159
        ],
        "FlagUp": 0,
        "Times": [
            -15,
            -10,
            -5,
            2,
            10,
            20,
            30,
            40
        ],
        "width": 0,
        "height": 0,
        "area": 0.7466607142347753,
        "distance": 31.329627718907865,
        "xpert": [
            [
                455.0,
                237.6
            ],
            [
                446.2,
                237.8
            ],
            [
                448.4,
                229.0
            ],
            [
                449.6,
                223.6
            ],
            [
                455.0,
                221.8
            ],
            [
                458.8,
                225.2
            ],
            [
                460.0,
                229.0
            ],
            [
                460.0,
                234.0
            ]
        ],
        "stack": 0
    },
    {
        "type": "Spine",
        "location": [
            479,
            241
        ],
        "radloc": [
            0,
            0
        ],
        "mean": [
            94.30188679245283,
            99.05660377358491,
            98.71069182389937,
            99.61006289308176,
            102.13836477987421,
            102.22012578616352,
            98.0125786163522,
            94.76100628930817
        ],
        "min": [
            23.0,
            31.0,
            31.0,
            38.0,
            35.0,
            30.0,
            18.0,
            22.0
        ],
        "max": [
            181.0,
            221.0,
            213.0,
            201.0,
            214.0,
            192.0,
            166.0,
            181.0
        ],
        "RawIntDen": [
            14994.0,
            15750.0,
            15695.0,
            15838.0,
            16240.0,
            16253.0,
            15584.0,
            15067.0
        ],
        "IntDen": [
            10466.3146277499,
            10994.027970325526,
            10955.636126619627,
            11055.454920254964,
            11336.064396068987,
            11345.138831854018,
            10878.154405685904,
            10517.271074850458
        ],
        "FlagUp": 0,
        "Times": [
            -15,
            -10,
            -5,
            2,
            10,
            20,
            30,
            40
        ],
        "width": 0,
        "height": 0,
        "area": 0.6980335219254302,
        "distance": 32.02050290865645,
        "xpert": [
            [
                479.0,
                249.2
            ],
            [
                473.4,
                246.6
            ],
            [
                471.4,
                241.0
            ],
            [
                474.6,
                236.6
            ],
            [
                479.0,
                233.2
            ],
            [
                484.6,
                235.4
            ],
            [
                486.4,
                241.0
            ],
            [
                484.0,
                246.0
            ]
        ],
        "stack": 0
    },
    {
        "type": "Spine",
        "location": [
            488,
            250
        ],
        "radloc": [
            0,
            0
        ],
        "mean": [
            28.690140845070424,
            33.45070422535211,
            21.718309859154928,
            30.056338028169016,
            20.309859154929576,
            20.295774647887324,
            16.239436619718308,
            15.338028169014084
        ],
        "min": [
            6.0,
            7.0,
            6.0,
            8.0,
            6.0,
            7.0,
            7.0,
            7.0
        ],
        "max": [
            117.0,
            131.0,
            71.0,
            85.0,
            87.0,
            72.0,
            64.0,
            49.0
        ],
        "RawIntDen": [
            2037.0,
            2375.0,
            1542.0,
            2134.0,
            1442.0,
            1441.0,
            1153.0,
            1089.0
        ],
        "IntDen": [
            656.2300386136451,
            765.1184789923452,
            496.7632398341879,
            687.4790880714378,
            464.54772492924707,
            464.22556978019765,
            371.444886853968,
            350.82695731480584
        ],
        "FlagUp": 0,
        "Times": [
            -15,
            -10,
            -5,
            2,
            10,
            20,
            30,
            40
        ],
        "width": 0,
        "height": 0,
        "area": 0.3221551490494085,
        "distance": 32.02050290865645,
        "xpert": [
            [
                488.0,
                254.0
            ],
            [
                483.8,
                254.2
            ],
            [
                481.6,
                250.0
            ],
            [
                484.0,
                246.0
            ],
            [
                488.0,
                244.2
            ],
            [
                491.0,
                247.0
            ],
            [
                492.0,
                250.0
            ],
            [
                491.0,
                253.0
            ]
        ],
        "stack": 0
    },
    {
        "type": "Spine",
        "location": [
            483,
            207
        ],
        "radloc": [
            0,
            0
        ],
        "mean": [
            33.42857142857143,
            36.11278195488722,
            53.67669172932331,
            35.81954887218045,
            37.35338345864662,
            50.330827067669176,
            49.30075187969925,
            62.35338345864662
        ],
        "min": [
            8.0,
            7.0,
            9.0,
            8.0,
            8.0,
            11.0,
            11.0,
            16.0
        ],
        "max": [
            127.0,
            130.0,
            157.0,
            110.0,
            120.0,
            131.0,
            147.0,
            123.0
        ],
        "RawIntDen": [
            4446.0,
            4803.0,
            7139.0,
            4764.0,
            4968.0,
            6694.0,
            6557.0,
            8293.0
        ],
        "IntDen": [
            2669.1532168407048,
            2883.4779353319623,
            4285.894020473637,
            2860.064310622833,
            2982.5355783321234,
            4018.7385590489603,
            3936.4906978912504,
            4978.6971721232485
        ],
        "FlagUp": 0,
        "Times": [
            -15,
            -10,
            -5,
            2,
            10,
            20,
            30,
            40
        ],
        "width": 0,
        "height": 0,
        "area": 0.6003493515161279,
        "distance": 33.755684680465045,
        "xpert": [
            [
                483.0,
                213.6
            ],
            [
                477.0,
                213.0
            ],
            [
                476.4,
                207.0
            ],
            [
                478.2,
                202.2
            ],
            [
                483.0,
                202.2
            ],
            [
                488.0,
                202.0
            ],
            [
                491.4,
                207.0
            ],
            [
                487.6,
                211.6
            ]
        ],
        "stack": 0
    }
]