[
    {
        "type": 0,
        "location": [
            334,
            244
        ],
        "bgloc": [
            334,
            214
        ],
        "mean": [
            [
                68.18617021276596,
                60.82446808510638,
                66.11170212765957,
                116.56382978723404,
                97.54787234042553,
                74.12234042553192,
                72.87234042553192,
                85.75
            ]
        ],
        "min": [
            [
                15,
                10,
                15,
                22,
                27,
                10,
                9,
                16
            ]
        ],
        "max": [
            [
                162,
                179,
                174,
                243,
                222,
                147,
                165,
                184
            ]
        ],
        "RawIntDen": [
            [
                12819,
                11435,
                12429,
                21914,
                18339,
                13935,
                13700,
                16121
            ]
        ],
        "IntDen": [
            [
                55.839564,
                49.810860000000005,
                54.140724000000006,
                95.457384,
                79.88468400000001,
                60.700860000000006,
                59.677200000000006,
                70.223076
            ]
        ],
        "local_bg": [
            [
                6.047872340425532,
                6.781914893617022,
                6.053191489361702,
                6.808510638297872,
                6.702127659574468,
                6.5,
                6.73404255319149,
                6.627659574468085
            ]
        ],
        "area": [
            0.8189280000000001
        ],
        "distance": 21.69233531294376,
        "points": [
            [
                333.99346801656486,
                251.98422720919646
            ],
            [
                327.7404893400918,
                249.46134780446877
            ],
            [
                325.75248794962243,
                245.73231389006304
            ],
            [
                326.25194128701287,
                240.2383271787681
            ],
            [
                332.24538133569826,
                237.99078716051105
            ],
            [
                338.73827472177413,
                236.99188048573015
            ],
            [
                342.7339014208977,
                242.48586719702513
            ],
            [
                340.9858147400312,
                249.2284872517962
            ]
        ],
        "shift": [
            [
                0,
                0
            ],
            [
                1.0,
                -2.0
            ],
            [
                2.0,
                -1.0
            ],
            [
                2.0,
                -2.0
            ],
            [
                -1.0,
                -1.0
            ],
            [
                4.0,
                -1.0
            ],
            [
                -3.0,
                -1.0
            ],
            [
                2,
                0
            ]
        ],
        "channel": 0,
        "closest_Dend": 0
    },
    {
        "type": 0,
        "location": [
            348,
            278
        ],
        "bgloc": [
            340,
            310
        ],
        "mean": [
            [
                53.845360824742265,
                48.81958762886598,
                69.88144329896907,
                87.85051546391753,
                67.06701030927834,
                76.41752577319588,
                86.81443298969072,
                90.74742268041237
            ]
        ],
        "min": [
            [
                11,
                12,
                10,
                12,
                13,
                16,
                14,
                20
            ]
        ],
        "max": [
            [
                132,
                118,
                165,
                183,
                174,
                162,
                191,
                166
            ]
        ],
        "RawIntDen": [
            [
                10446,
                9471,
                13557,
                17043,
                13011,
                14825,
                16842,
                17605
            ]
        ],
        "IntDen": [
            [
                45.502776000000004,
                41.25567600000001,
                59.054292000000004,
                74.23930800000001,
                56.67591600000001,
                64.57770000000001,
                73.363752,
                76.68738
            ]
        ],
        "local_bg": [
            [
                5.969072164948454,
                6.65979381443299,
                5.77319587628866,
                6.041237113402062,
                6.324742268041237,
                6.711340206185567,
                6.814432989690721,
                7.061855670103093
            ]
        ],
        "area": [
            0.8450640000000001
        ],
        "distance": 22.901275731108413,
        "points": [
            [
                348.47324150001157,
                286.7437741760898
            ],
            [
                342.67324150001156,
                283.7437741760898
            ],
            [
                340.7317147704596,
                276.9448675013089
            ],
            [
                343.45358961394726,
                271.64656828523715
            ],
            [
                348.47324150001157,
                267.9437741760898
            ],
            [
                354.6912897052324,
                271.8962949539324
            ],
            [
                356.46449489825875,
                278.9426808508707
            ],
            [
                353.69238303045154,
                283.13399504521755
            ]
        ],
        "shift": [
            [
                0,
                0
            ],
            [
                0,
                0
            ],
            [
                1,
                0
            ],
            [
                1.0,
                1.0
            ],
            [
                -3.0,
                2.0
            ],
            [
                2.0,
                3.0
            ],
            [
                -4.0,
                2.0
            ],
            [
                1.0,
                2.0
            ]
        ],
        "channel": 0,
        "closest_Dend": 0
    },
    {
        "type": 0,
        "location": [
            378,
            254
        ],
        "bgloc": [
            384,
            227
        ],
        "mean": [
            [
                47.48031496062992,
                49.69291338582677,
                55.39370078740158,
                108.79527559055119,
                77.2755905511811,
                83.80314960629921,
                87.8267716535433,
                81.60629921259843
            ]
        ],
        "min": [
            [
                10,
                10,
                9,
                15,
                10,
                19,
                17,
                13
            ]
        ],
        "max": [
            [
                117,
                120,
                129,
                231,
                174,
                161,
                188,
                191
            ]
        ],
        "RawIntDen": [
            [
                6030,
                6311,
                7035,
                13817,
                9814,
                10643,
                11154,
                10364
            ]
        ],
        "IntDen": [
            [
                26.266680000000004,
                27.490716000000003,
                30.644460000000002,
                60.18685200000001,
                42.749784000000005,
                46.360908,
                48.58682400000001,
                45.14558400000001
            ]
        ],
        "local_bg": [
            [
                6.535433070866142,
                6.866141732283465,
                6.05511811023622,
                6.354330708661418,
                6.637795275590551,
                7.535433070866142,
                6.94488188976378,
                7.251968503937008
            ]
        ],
        "area": [
            0.553212
        ],
        "distance": 24.454650171568705,
        "points": [
            [
                379.137170106887,
                261.1886613061725
            ],
            [
                373.39345672689683,
                259.4405746253059
            ],
            [
                372.8940033895064,
                253.19740790792525
            ],
            [
                375.3912700764587,
                247.20396785923987
            ],
            [
                380.13607678166795,
                248.45260120271598
            ],
            [
                384.38143014948673,
                250.70014122097302
            ],
            [
                384.38143014948673,
                254.94549458879186
            ],
            [
                383.63225014340105,
                260.18975463139157
            ]
        ],
        "shift": [
            [
                0,
                0
            ],
            [
                -1.0,
                -1.0
            ],
            [
                -1.0,
                -1.0
            ],
            [
                1,
                0
            ],
            [
                -3.0,
                -1.0
            ],
            [
                2.0,
                -0.0
            ],
            [
                -6.0,
                -2.0
            ],
            [
                -4.0,
                -2.0
            ]
        ],
        "channel": 0,
        "closest_Dend": 0
    },
    {
        "type": 0,
        "location": [
            410,
            283
        ],
        "bgloc": [
            406,
            301
        ],
        "mean": [
            [
                76.86708860759494,
                55.677215189873415,
                68.93037974683544,
                84.39240506329114,
                74.93037974683544,
                89.09493670886076,
                93.87974683544304,
                90.39240506329114
            ]
        ],
        "min": [
            [
                9,
                11,
                10,
                12,
                14,
                15,
                18,
                24
            ]
        ],
        "max": [
            [
                207,
                149,
                148,
                183,
                157,
                180,
                178,
                157
            ]
        ],
        "RawIntDen": [
            [
                12145,
                8797,
                10891,
                13334,
                11839,
                14077,
                14833,
                14282
            ]
        ],
        "IntDen": [
            [
                52.903620000000004,
                38.319732,
                47.441196000000005,
                58.082904000000006,
                51.57068400000001,
                61.31941200000001,
                64.612548,
                62.21239200000001
            ]
        ],
        "local_bg": [
            [
                7.8354430379746836,
                8.20253164556962,
                8.120253164556962,
                8.379746835443038,
                9.10759493670886,
                9.164556962025317,
                9.79746835443038,
                8.905063291139241
            ]
        ],
        "area": [
            0.6882480000000001
        ],
        "distance": 26.90929622235888,
        "points": [
            [
                409.56118400415966,
                293.1175951669311
            ],
            [
                403.8174706241695,
                289.62142180519794
            ],
            [
                402.06938394330297,
                283.87770842520774
            ],
            [
                405.3158306363409,
                278.8831750513033
            ],
            [
                411.059544016331,
                279.6323550573889
            ],
            [
                415.8043507215403,
                281.13071506956027
            ],
            [
                417.30271073371165,
                286.37497511216003
            ],
            [
                415.3048973841499,
                291.61923515475974
            ]
        ],
        "shift": [
            [
                0,
                0
            ],
            [
                -2.0,
                1.0
            ],
            [
                -1,
                0
            ],
            [
                4.0,
                3.0
            ],
            [
                1.0,
                4.0
            ],
            [
                5.0,
                4.0
            ],
            [
                -1.0,
                4.0
            ],
            [
                3.0,
                2.0
            ]
        ],
        "channel": 0,
        "closest_Dend": 0
    },
    {
        "type": 0,
        "location": [
            437,
            261
        ],
        "bgloc": [
            439,
            230
        ],
        "mean": [
            [
                63.75892857142857,
                84.62946428571429,
                79.36607142857143,
                93.49107142857143,
                80.08035714285714,
                77.625,
                74.90178571428571,
                81.22321428571429
            ]
        ],
        "min": [
            [
                9,
                20,
                21,
                17,
                14,
                10,
                8,
                21
            ]
        ],
        "max": [
            [
                178,
                192,
                192,
                185,
                184,
                180,
                153,
                140
            ]
        ],
        "RawIntDen": [
            [
                14282,
                18957,
                17778,
                20942,
                17938,
                17388,
                16778,
                18194
            ]
        ],
        "IntDen": [
            [
                62.21239200000001,
                82.57669200000001,
                77.44096800000001,
                91.223352,
                78.137928,
                75.74212800000001,
                73.084968,
                79.25306400000001
            ]
        ],
        "local_bg": [
            [
                6.683035714285714,
                6.982142857142857,
                6.59375,
                6.816964285714286,
                6.776785714285714,
                7.232142857142857,
                7.352678571428571,
                7.053571428571429
            ]
        ],
        "area": [
            0.9757440000000002
        ],
        "distance": 28.52204471162433,
        "points": [
            [
                437.3846821572646,
                269.1645473552527
            ],
            [
                430.7693643145292,
                268.4208947713621
            ],
            [
                427.77264429018646,
                261.9280013852863
            ],
            [
                430.519637645834,
                254.4362013244295
            ],
            [
                437.3846821572646,
                252.56454735525267
            ],
            [
                442.5846821572646,
                255.7645473552527
            ],
            [
                445.9846821572646,
                260.96454735525265
            ],
            [
                443.9846821572646,
                267.56454735525267
            ]
        ],
        "shift": [
            [
                0,
                0
            ],
            [
                -5.0,
                -2.0
            ],
            [
                -3.0,
                -1.0
            ],
            [
                -1.0,
                -2.0
            ],
            [
                -6.0,
                0.0
            ],
            [
                1,
                0
            ],
            [
                -11.0,
                -0.0
            ],
            [
                -7.0,
                -0.0
            ]
        ],
        "channel": 0,
        "closest_Dend": 0
    },
    {
        "type": 0,
        "location": [
            439,
            295
        ],
        "bgloc": [
            442,
            333
        ],
        "mean": [
            [
                46.825,
                44.420833333333334,
                39.525,
                83.35,
                53.7125,
                52.57083333333333,
                55.30416666666667,
                55.1
            ]
        ],
        "min": [
            [
                9,
                8,
                8,
                18,
                9,
                8,
                8,
                9
            ]
        ],
        "max": [
            [
                162,
                123,
                117,
                166,
                174,
                167,
                160,
                195
            ]
        ],
        "RawIntDen": [
            [
                11238,
                10661,
                9486,
                20004,
                12891,
                12617,
                13273,
                13224
            ]
        ],
        "IntDen": [
            [
                48.95272800000001,
                46.439316000000005,
                41.32101600000001,
                87.13742400000001,
                56.15319600000001,
                54.959652000000006,
                57.81718800000001,
                57.603744000000006
            ]
        ],
        "local_bg": [
            [
                6.316666666666666,
                8.270833333333334,
                6.916666666666667,
                6.191666666666666,
                6.641666666666667,
                9.266666666666667,
                8.208333333333334,
                8.879166666666666
            ]
        ],
        "area": [
            1.0454400000000001
        ],
        "distance": 28.62947441524564,
        "points": [
            [
                437.1283955372548,
                303.9186276960505
            ],
            [
                431.884135494655,
                301.6710876777935
            ],
            [
                430.38577548248367,
                296.4268276351937
            ],
            [
                432.6333155007407,
                290.43338758650833
            ],
            [
                440.0005044544997,
                288.61267520344506
            ],
            [
                449.86445564071124,
                289.9339342491179
            ],
            [
                449.86445564071124,
                298.4246409847555
            ],
            [
                445.61910227289246,
                302.9197210212696
            ]
        ],
        "shift": [
            [
                0,
                0
            ],
            [
                0.0,
                1.0
            ],
            [
                0,
                0
            ],
            [
                2.0,
                1.0
            ],
            [
                -0.0,
                1.0
            ],
            [
                2,
                0
            ],
            [
                -4.0,
                -1.0
            ],
            [
                -1.0,
                -1.0
            ]
        ],
        "channel": 0,
        "closest_Dend": 0
    },
    {
        "type": 0,
        "location": [
            485,
            254
        ],
        "bgloc": [
            480,
            219
        ],
        "mean": [
            [
                63.15,
                58.3,
                67.55,
                68.13571428571429,
                69.18571428571428,
                53.59285714285714,
                74.46428571428571,
                61.47142857142857
            ]
        ],
        "min": [
            [
                9,
                9,
                13,
                9,
                8,
                8,
                7,
                12
            ]
        ],
        "max": [
            [
                161,
                147,
                179,
                165,
                176,
                143,
                185,
                143
            ]
        ],
        "RawIntDen": [
            [
                8841,
                8162,
                9457,
                9539,
                9686,
                7503,
                10425,
                8606
            ]
        ],
        "IntDen": [
            [
                38.511396000000005,
                35.553672000000006,
                41.194692,
                41.55188400000001,
                42.192216,
                32.683068000000006,
                45.411300000000004,
                37.487736000000005
            ]
        ],
        "local_bg": [
            [
                5.864285714285714,
                6.335714285714285,
                5.828571428571428,
                5.614285714285714,
                6.042857142857143,
                6.621428571428571,
                6.55,
                6.3428571428571425
            ]
        ],
        "area": [
            0.60984
        ],
        "distance": 31.945311104496284,
        "points": [
            [
                485.398278546514,
                261.18756798095336
            ],
            [
                479.2321210810905,
                259.16304858839703
            ],
            [
                478.65565849174294,
                254.69467459487748
            ],
            [
                478.9010118595617,
                248.9454945887918
            ],
            [
                484.9010118595617,
                246.9454945887918
            ],
            [
                489.64363191433284,
                250.19959455836343
            ],
            [
                491.1419919265042,
                255.19412793226795
            ],
            [
                489.64363191433284,
                259.93893463747725
            ]
        ],
        "shift": [
            [
                0,
                0
            ],
            [
                0.0,
                -1.0
            ],
            [
                1.0,
                0.0
            ],
            [
                4.0,
                -1.0
            ],
            [
                -2.0,
                -1.0
            ],
            [
                3.0,
                -1.0
            ],
            [
                -4.0,
                -0.0
            ],
            [
                1.0,
                -1.0
            ]
        ],
        "channel": 0,
        "closest_Dend": 0
    }
]