[
    {
        "type": 0,
        "location": [
            222,
            452
        ],
        "bgloc": [
            208,
            491
        ],
        "mean": [
            [
                33.25,
                26.675925925925927,
                21.26851851851852,
                29.85185185185185,
                36.083333333333336,
                30.38888888888889,
                25.50925925925926,
                26.675925925925927
            ]
        ],
        "min": [
            [
                10,
                9,
                7,
                10,
                13,
                9,
                10,
                8
            ]
        ],
        "max": [
            [
                87,
                75,
                47,
                65,
                84,
                91,
                71,
                69
            ]
        ],
        "RawIntDen": [
            [
                3591,
                2881,
                2297,
                3224,
                3897,
                3282,
                2755,
                2881
            ]
        ],
        "IntDen": [
            [
                15.642396000000002,
                12.549636000000001,
                10.005732000000002,
                14.043744000000002,
                16.975332,
                14.296392,
                12.00078,
                12.549636000000001
            ]
        ],
        "local_bg": [
            [
                11.564814814814815,
                11.36111111111111,
                11.601851851851851,
                12.601851851851851,
                11.185185185185185,
                12.083333333333334,
                12.212962962962964,
                12.12962962962963
            ]
        ],
        "area": [
            0.47044800000000003
        ],
        "distance": 9.283367664180291,
        "points": [
            [
                222.02015888794574,
                458.68899885591946
            ],
            [
                217.42583610124558,
                455.97799771183895
            ],
            [
                214.34168949841293,
                452.8938511090063
            ],
            [
                218.42015888794575,
                448.88899885591945
            ],
            [
                222.02015888794574,
                443.4889988559195
            ],
            [
                227.42015888794575,
                447.0889988559195
            ],
            [
                226.42015888794575,
                452.4889988559195
            ],
            [
                225.02015888794574,
                455.4889988559195
            ]
        ],
        "shift": [
            [
                0,
                0
            ],
            [
                -1,
                0
            ],
            [
                -2,
                0
            ],
            [
                -3,
                0
            ],
            [
                -3,
                0
            ],
            [
                -3.0,
                3.0
            ],
            [
                -5.0,
                3.0
            ],
            [
                -6.0,
                3.0
            ]
        ],
        "channel": 0,
        "closest_Dend": 0
    },
    {
        "type": 0,
        "location": [
            212,
            415
        ],
        "bgloc": [
            217,
            392
        ],
        "mean": [
            [
                28.274647887323944,
                45.90845070422535,
                32.34507042253521,
                59.88732394366197,
                47.021126760563384,
                63.61971830985915,
                46.29577464788732,
                35.58450704225352
            ]
        ],
        "min": [
            [
                9,
                13,
                9,
                10,
                11,
                14,
                11,
                10
            ]
        ],
        "max": [
            [
                95,
                94,
                90,
                159,
                121,
                128,
                104,
                90
            ]
        ],
        "RawIntDen": [
            [
                4015,
                6519,
                4593,
                8504,
                6677,
                9034,
                6574,
                5053
            ]
        ],
        "IntDen": [
            [
                17.489340000000002,
                28.396764000000005,
                20.007108000000002,
                37.043424,
                29.085012000000003,
                39.352104000000004,
                28.636344000000005,
                22.010868000000002
            ]
        ],
        "local_bg": [
            [
                11.95774647887324,
                12.838028169014084,
                11.950704225352112,
                12.97887323943662,
                12.464788732394366,
                13.345070422535212,
                13.21830985915493,
                13.626760563380282
            ]
        ],
        "area": [
            0.6185520000000001
        ],
        "distance": 8.325332668671322,
        "points": [
            [
                212.06909080196934,
                423.07923962192797
            ],
            [
                206.06909080196934,
                421.47923962192795
            ],
            [
                205.9007975963041,
                415.86475794728204
            ],
            [
                207.44287089772038,
                411.2385380430331
            ],
            [
                212.06909080196934,
                408.07923962192797
            ],
            [
                217.46909080196934,
                410.07923962192797
            ],
            [
                218.86909080196935,
                415.47923962192795
            ],
            [
                216.69531070621827,
                419.7199412008228
            ]
        ],
        "shift": [
            [
                0,
                0
            ],
            [
                -1,
                0
            ],
            [
                -2,
                0
            ],
            [
                -3,
                0
            ],
            [
                -1.0,
                -2.0
            ],
            [
                -2,
                0
            ],
            [
                -7.0,
                3.0
            ],
            [
                -3,
                0
            ]
        ],
        "channel": 0,
        "closest_Dend": 0
    },
    {
        "type": 0,
        "location": [
            167,
            400
        ],
        "bgloc": [
            171,
            369
        ],
        "mean": [
            [
                31.597701149425287,
                44.44252873563219,
                27.591954022988507,
                50.88505747126437,
                39.37356321839081,
                25.522988505747126,
                23.379310344827587,
                25.20689655172414
            ]
        ],
        "min": [
            [
                7,
                11,
                8,
                13,
                9,
                7,
                9,
                10
            ]
        ],
        "max": [
            [
                84,
                140,
                81,
                159,
                101,
                92,
                66,
                57
            ]
        ],
        "RawIntDen": [
            [
                5498,
                7733,
                4801,
                8854,
                6851,
                4441,
                4068,
                4386
            ]
        ],
        "IntDen": [
            [
                23.949288000000003,
                33.684948000000006,
                20.913156,
                38.568024,
                29.842956000000004,
                19.344996000000002,
                17.720208000000003,
                19.105416
            ]
        ],
        "local_bg": [
            [
                9.804597701149426,
                11.137931034482758,
                11.436781609195402,
                12.775862068965518,
                12.39080459770115,
                12.057471264367816,
                12.793103448275861,
                13.03448275862069
            ]
        ],
        "area": [
            0.7579440000000001
        ],
        "distance": 4.917826656415214,
        "points": [
            [
                166.8910383623126,
                408.6992081866597
            ],
            [
                159.4910383623126,
                407.6992081866597
            ],
            [
                159.6910383623126,
                400.2992081866597
            ],
            [
                161.6910383623126,
                395.0992081866597
            ],
            [
                166.8910383623126,
                394.0992081866597
            ],
            [
                171.0910383623126,
                396.0992081866597
            ],
            [
                173.0910383623126,
                400.2992081866597
            ],
            [
                174.4910383623126,
                407.89920818665973
            ]
        ],
        "shift": [
            [
                0,
                0
            ],
            [
                0,
                0
            ],
            [
                0,
                0
            ],
            [
                0,
                0
            ],
            [
                -2.0,
                2.0
            ],
            [
                -2.0,
                3.0
            ],
            [
                -5.0,
                7.0
            ],
            [
                -5.0,
                3.0
            ]
        ],
        "channel": 0,
        "closest_Dend": 0
    },
    {
        "type": 0,
        "location": [
            173,
            432
        ],
        "bgloc": [
            104.13802668315776,
            432.8766721091609
        ],
        "mean": [
            [
                22.366197183098592,
                22.528169014084508,
                21.359154929577464,
                23.401408450704224,
                24.387323943661972,
                22.323943661971832,
                29.760563380281692,
                26.619718309859156
            ]
        ],
        "min": [
            [
                10,
                11,
                9,
                10,
                12,
                11,
                10,
                12
            ]
        ],
        "max": [
            [
                59,
                53,
                72,
                53,
                61,
                56,
                71,
                65
            ]
        ],
        "RawIntDen": [
            [
                3176,
                3199,
                3033,
                3323,
                3463,
                3170,
                4226,
                3780
            ]
        ],
        "IntDen": [
            [
                13.834656,
                13.934844000000002,
                13.211748000000002,
                14.474988000000002,
                15.084828000000002,
                13.808520000000001,
                18.408456,
                16.465680000000003
            ]
        ],
        "local_bg": [
            [
                10.76923076923077,
                16.895104895104897,
                11.818181818181818,
                12.776223776223777,
                13.321678321678322,
                13.146853146853147,
                13.902097902097902,
                14.251748251748252
            ]
        ],
        "area": [
            0.6185520000000001
        ],
        "distance": 5.782229853364204,
        "points": [
            [
                176.3841797497053,
                436.52619254034
            ],
            [
                168.71451482151863,
                436.0999726360911
            ],
            [
                166.51451482151862,
                431.8999726360911
            ],
            [
                167.9027765919156,
                426.88823440648804
            ],
            [
                172.91451482151862,
                423.0999726360911
            ],
            [
                179.71451482151863,
                425.0999726360911
            ],
            [
                180.51451482151862,
                431.8999726360911
            ],
            [
                178.31177137647572,
                434.21308258821557
            ]
        ],
        "shift": [
            [
                0,
                0
            ],
            [
                -1,
                0
            ],
            [
                -1,
                0
            ],
            [
                -2,
                0
            ],
            [
                -7.0,
                0.0
            ],
            [
                -1.0,
                2.0
            ],
            [
                -2,
                0
            ],
            [
                -5,
                0
            ]
        ],
        "channel": 0,
        "closest_Dend": 0
    },
    {
        "type": 0,
        "location": [
            138,
            425
        ],
        "bgloc": [
            103.04637806777129,
            442.7015096476394
        ],
        "mean": [
            [
                29.97948717948718,
                27.0,
                31.256410256410255,
                44.241025641025644,
                44.323076923076925,
                51.205128205128204,
                61.69230769230769,
                38.83589743589744
            ]
        ],
        "min": [
            [
                9,
                8,
                9,
                10,
                10,
                11,
                20,
                12
            ]
        ],
        "max": [
            [
                74,
                75,
                99,
                140,
                152,
                139,
                123,
                103
            ]
        ],
        "RawIntDen": [
            [
                5846,
                5265,
                6095,
                8627,
                8643,
                9985,
                12030,
                7573
            ]
        ],
        "IntDen": [
            [
                25.465176000000003,
                22.934340000000002,
                26.549820000000004,
                37.579212000000005,
                37.648908000000006,
                43.49466,
                52.402680000000004,
                32.987988
            ]
        ],
        "local_bg": [
            [
                9.191709844559586,
                12.373056994818652,
                11.512953367875648,
                11.647668393782384,
                11.979274611398964,
                12.150259067357513,
                12.66839378238342,
                12.761658031088082
            ]
        ],
        "area": [
            0.8494200000000001
        ],
        "distance": 3.1245355607098695,
        "points": [
            [
                137.98890219035977,
                432.38137579388075
            ],
            [
                131.17442051571385,
                431.8710092867992
            ],
            [
                129.77442051571384,
                424.67100928679923
            ],
            [
                132.97716396075674,
                419.65927105719624
            ],
            [
                138.37442051571384,
                416.47100928679924
            ],
            [
                145.57442051571383,
                417.47100928679924
            ],
            [
                144.57442051571383,
                424.67100928679923
            ],
            [
                143.97442051571383,
                430.27100928679926
            ]
        ],
        "shift": [
            [
                0,
                0
            ],
            [
                2.0,
                3.0
            ],
            [
                1.0,
                4.0
            ],
            [
                2.0,
                5.0
            ],
            [
                1.0,
                5.0
            ],
            [
                1.0,
                10.0
            ],
            [
                -3.0,
                9.0
            ],
            [
                0.0,
                10.0
            ]
        ],
        "channel": 0,
        "closest_Dend": 0
    },
    {
        "type": 0,
        "location": [
            123,
            428
        ],
        "bgloc": [
            91.03824329851972,
            440.5182124168664
        ],
        "mean": [
            [
                26.394736842105264,
                25.263157894736842,
                33.03508771929825,
                45.07017543859649,
                39.94736842105263,
                41.20175438596491,
                48.026315789473685,
                32.3859649122807
            ]
        ],
        "min": [
            [
                8,
                10,
                9,
                12,
                10,
                10,
                12,
                11
            ]
        ],
        "max": [
            [
                59,
                59,
                99,
                85,
                97,
                104,
                109,
                64
            ]
        ],
        "RawIntDen": [
            [
                3009,
                2880,
                3766,
                5138,
                4554,
                4697,
                5475,
                3692
            ]
        ],
        "IntDen": [
            [
                13.107204000000001,
                12.545280000000002,
                16.404696,
                22.381128000000004,
                19.837224000000003,
                20.460132,
                23.849100000000004,
                16.082352
            ]
        ],
        "local_bg": [
            [
                9.601769911504425,
                10.849557522123893,
                12.079646017699115,
                11.814159292035399,
                12.141592920353983,
                11.823008849557523,
                12.238938053097344,
                12.371681415929203
            ]
        ],
        "area": [
            0.4965840000000001
        ],
        "distance": 2.411549084827908,
        "points": [
            [
                121.95368750155072,
                435.3813757938808
            ],
            [
                118.48402257336403,
                433.06826584175633
            ],
            [
                118.8695408987181,
                428.4420459375074
            ],
            [
                120.02609587478034,
                424.5868626839666
            ],
            [
                123.11024247761296,
                421.502716081134
            ],
            [
                128.12198070721598,
                424.2013443586125
            ],
            [
                130.04957233398636,
                430.3696375642778
            ],
            [
                127.7364623818619,
                434.22482081781857
            ]
        ],
        "shift": [
            [
                0,
                0
            ],
            [
                -0.0,
                1.0
            ],
            [
                0.0,
                7.0
            ],
            [
                -2.0,
                9.0
            ],
            [
                0.0,
                11.0
            ],
            [
                -2.0,
                9.0
            ],
            [
                -1.0,
                8.0
            ],
            [
                1.0,
                7.0
            ]
        ],
        "channel": 0,
        "closest_Dend": 0
    },
    {
        "type": 0,
        "location": [
            142,
            404
        ],
        "bgloc": [
            142,
            388
        ],
        "mean": [
            [
                30.840579710144926,
                26.63768115942029,
                32.14492753623188,
                36.6231884057971,
                35.29710144927536,
                22.166666666666668,
                25.528985507246375,
                30.731884057971016
            ]
        ],
        "min": [
            [
                8,
                9,
                9,
                9,
                9,
                8,
                8,
                10
            ]
        ],
        "max": [
            [
                89,
                62,
                75,
                116,
                93,
                57,
                74,
                69
            ]
        ],
        "RawIntDen": [
            [
                4256,
                3676,
                4436,
                5054,
                4871,
                3059,
                3523,
                4241
            ]
        ],
        "IntDen": [
            [
                18.539136000000003,
                16.012656000000003,
                19.323216000000002,
                22.015224000000003,
                21.218076000000003,
                13.325004000000002,
                15.346188000000001,
                18.473796000000004
            ]
        ],
        "local_bg": [
            [
                11.391304347826088,
                11.96376811594203,
                11.456521739130435,
                12.31159420289855,
                12.072463768115941,
                11.608695652173912,
                12.702898550724637,
                12.297101449275363
            ]
        ],
        "area": [
            0.6011280000000001
        ],
        "distance": 3.3885355607098693,
        "points": [
            [
                142.37442051571384,
                409.85850660776487
            ],
            [
                136.57442051571383,
                409.85850660776487
            ],
            [
                132.17442051571385,
                404.05850660776485
            ],
            [
                136.77442051571384,
                398.45850660776483
            ],
            [
                142.37442051571384,
                398.6585066077649
            ],
            [
                146.57442051571383,
                399.85850660776487
            ],
            [
                147.97442051571383,
                404.05850660776485
            ],
            [
                147.17442051571385,
                408.85850660776487
            ]
        ],
        "shift": [
            [
                0,
                0
            ],
            [
                0,
                0
            ],
            [
                0,
                0
            ],
            [
                0,
                0
            ],
            [
                0,
                0
            ],
            [
                0,
                0
            ],
            [
                0,
                0
            ],
            [
                -4.0,
                -1.0
            ]
        ],
        "channel": 0,
        "closest_Dend": 0
    }
]