[
    {
        "type": "Spine",
        "location": [
            9,
            263
        ],
        "radloc": [
            0,
            0
        ],
        "mean": [
            36.43283582089552,
            38.059701492537314,
            38.492537313432834,
            48.223880597014926,
            52.485074626865675,
            47.62686567164179,
            34.85820895522388,
            44.69402985074627
        ],
        "min": [
            7.0,
            5.0,
            7.0,
            13.0,
            12.0,
            10.0,
            8.0,
            5.0
        ],
        "max": [
            93.0,
            95.0,
            100.0,
            128.0,
            112.0,
            116.0,
            80.0,
            136.0
        ],
        "RawIntDen": [
            4882.0,
            5100.0,
            5158.0,
            6462.0,
            7033.0,
            6382.0,
            4671.0,
            5989.0
        ],
        "IntDen": [
            2941.99609503053,
            3073.367489687772,
            3108.319512119515,
            3894.1373957573296,
            4238.234030387078,
            3845.9277096445803,
            2814.8430479081535,
            3609.097626615699
        ],
        "FlagUp": 0,
        "Times": [
            -15,
            -10,
            -5,
            2,
            10,
            20,
            30,
            40
        ],
        "width": 0,
        "height": 0,
        "area": 0.602621076409367,
        "distance": 5.60065,
        "xpert": [
            [
                9.0,
                269.0
            ],
            [
                5.6,
                266.4
            ],
            [
                4.2,
                263.0
            ],
            [
                4.6,
                258.6
            ],
            [
                9.0,
                255.2
            ],
            [
                15.0,
                257.0
            ],
            [
                16.2,
                263.0
            ],
            [
                15.4,
                269.4
            ]
        ],
        "stack": 0
    },
    {
        "type": "Spine",
        "location": [
            56,
            236
        ],
        "radloc": [
            0,
            0
        ],
        "mean": [
            29.570093457943926,
            28.27102803738318,
            35.22429906542056,
            27.299065420560748,
            38.757009345794394,
            39.63551401869159,
            39.532710280373834,
            41.87850467289719
        ],
        "min": [
            6.0,
            6.0,
            8.0,
            9.0,
            11.0,
            12.0,
            12.0,
            14.0
        ],
        "max": [
            71.0,
            77.0,
            94.0,
            71.0,
            83.0,
            109.0,
            88.0,
            108.0
        ],
        "RawIntDen": [
            3164.0,
            3025.0,
            3769.0,
            2921.0,
            4147.0,
            4241.0,
            4230.0,
            4481.0
        ],
        "IntDen": [
            1676.4912205911585,
            1602.8400576132283,
            1997.059232113804,
            1547.7341515002445,
            2197.3480062552258,
            2247.155267549653,
            2241.3267582492413,
            2374.3227431950004
        ],
        "FlagUp": 0,
        "Times": [
            -15,
            -10,
            -5,
            2,
            10,
            20,
            30,
            40
        ],
        "width": 0,
        "height": 0,
        "area": 0.5298644818556126,
        "distance": 2.50382,
        "xpert": [
            [
                56.0,
                241.2
            ],
            [
                48.8,
                243.2
            ],
            [
                49.8,
                236.0
            ],
            [
                52.2,
                232.2
            ],
            [
                56.0,
                230.0
            ],
            [
                59.8,
                232.2
            ],
            [
                61.8,
                236.0
            ],
            [
                60.4,
                240.4
            ]
        ],
        "stack": 0
    },
    {
        "type": "Spine",
        "location": [
            67,
            242
        ],
        "radloc": [
            0,
            0
        ],
        "mean": [
            75.12941176470588,
            64.5764705882353,
            75.98823529411764,
            68.56470588235294,
            46.811764705882354,
            65.47058823529412,
            52.705882352941174,
            53.705882352941174
        ],
        "min": [
            13.0,
            19.0,
            21.0,
            15.0,
            10.0,
            13.0,
            12.0,
            12.0
        ],
        "max": [
            178.0,
            138.0,
            149.0,
            170.0,
            136.0,
            152.0,
            120.0,
            95.0
        ],
        "RawIntDen": [
            6386.0,
            5489.0,
            6459.0,
            5828.0,
            3979.0,
            5565.0,
            4480.0,
            4565.0
        ],
        "IntDen": [
            2417.219048976373,
            2077.687967402335,
            2444.850898424427,
            2206.005734017272,
            1506.125054161758,
            2106.4553723071585,
            1695.762815442241,
            1727.9368867173725
        ],
        "FlagUp": 0,
        "Times": [
            -15,
            -10,
            -5,
            2,
            10,
            20,
            30,
            40
        ],
        "width": 0,
        "height": 0,
        "area": 0.3785184855897859,
        "distance": 1.7790300000000001,
        "xpert": [
            [
                67.0,
                246.2
            ],
            [
                62.8,
                246.2
            ],
            [
                60.4,
                242.0
            ],
            [
                63.0,
                238.0
            ],
            [
                67.0,
                236.2
            ],
            [
                70.8,
                238.2
            ],
            [
                71.0,
                242.0
            ],
            [
                71.2,
                246.2
            ]
        ],
        "stack": 0
    },
    {
        "type": "Spine",
        "location": [
            69,
            262
        ],
        "radloc": [
            0,
            0
        ],
        "mean": [
            81.11278195488721,
            83.26315789473684,
            83.11278195488721,
            90.45112781954887,
            74.07518796992481,
            72.80451127819549,
            59.3984962406015,
            70.07518796992481
        ],
        "min": [
            11.0,
            15.0,
            21.0,
            13.0,
            8.0,
            11.0,
            9.0,
            8.0
        ],
        "max": [
            187.0,
            186.0,
            191.0,
            218.0,
            206.0,
            206.0,
            178.0,
            204.0
        ],
        "RawIntDen": [
            10788.0,
            11074.0,
            11054.0,
            12030.0,
            9852.0,
            9683.0,
            7900.0,
            9320.0
        ],
        "IntDen": [
            6534.19423736948,
            6707.421856194811,
            6695.308036696536,
            7286.462428212351,
            5967.267484850215,
            5864.905710089792,
            4784.958701818585,
            5645.039886196102
        ],
        "FlagUp": 0,
        "Times": [
            -15,
            -10,
            -5,
            2,
            10,
            20,
            30,
            40
        ],
        "width": 0,
        "height": 0,
        "area": 0.6056909749137449,
        "distance": 1.64725,
        "xpert": [
            [
                69.0,
                267.0
            ],
            [
                65.6,
                265.4
            ],
            [
                63.0,
                262.0
            ],
            [
                62.6,
                255.6
            ],
            [
                69.0,
                254.8
            ],
            [
                76.0,
                255.0
            ],
            [
                75.0,
                262.0
            ],
            [
                73.4,
                266.4
            ]
        ],
        "stack": 0
    },
    {
        "type": "Stim",
        "location": [
            94,
            262
        ],
        "radloc": [
            0,
            0
        ],
        "mean": [
            55.6605504587156,
            41.63302752293578,
            61.31192660550459,
            64.77981651376147,
            54.10091743119266,
            53.055045871559635,
            45.31192660550459,
            50.72477064220183
        ],
        "min": [
            14.0,
            11.0,
            18.0,
            13.0,
            17.0,
            11.0,
            8.0,
            6.0
        ],
        "max": [
            136.0,
            81.0,
            132.0,
            137.0,
            110.0,
            100.0,
            118.0,
            109.0
        ],
        "RawIntDen": [
            6067.0,
            4538.0,
            6683.0,
            7061.0,
            5897.0,
            5783.0,
            4939.0,
            5529.0
        ],
        "IntDen": [
            3061.962202764308,
            2290.2891834752645,
            3372.8520522620524,
            3563.6253689993046,
            2976.164679363957,
            2918.629869554309,
            2492.6704004372705,
            2790.438275767902
        ],
        "FlagUp": 0,
        "Times": [
            -15,
            -10,
            -5,
            2,
            10,
            20,
            30,
            40
        ],
        "width": 0,
        "height": 0,
        "area": 0.5046913141197146,
        "distance": 0,
        "xpert": [
            [
                94.0,
                268.0
            ],
            [
                90.0,
                266.0
            ],
            [
                87.0,
                262.0
            ],
            [
                86.8,
                254.8
            ],
            [
                94.0,
                256.8
            ],
            [
                97.6,
                258.4
            ],
            [
                99.0,
                262.0
            ],
            [
                97.6,
                265.6
            ]
        ],
        "stack": 0
    },
    {
        "type": "Stim",
        "location": [
            100,
            232
        ],
        "radloc": [
            0,
            0
        ],
        "mean": [
            45.81481481481482,
            48.18518518518518,
            52.23148148148148,
            45.74074074074074,
            50.78703703703704,
            55.05555555555556,
            50.53703703703704,
            47.74074074074074
        ],
        "min": [
            7.0,
            8.0,
            10.0,
            10.0,
            15.0,
            17.0,
            13.0,
            11.0
        ],
        "max": [
            135.0,
            110.0,
            132.0,
            111.0,
            143.0,
            141.0,
            124.0,
            106.0
        ],
        "RawIntDen": [
            4948.0,
            5204.0,
            5641.0,
            4940.0,
            5485.0,
            5946.0,
            5458.0,
            5156.0
        ],
        "IntDen": [
            2466.832906665024,
            2594.462095045429,
            2812.3291080229183,
            2462.8444945281362,
            2734.5550713536086,
            2964.3873207417605,
            2721.094180391613,
            2570.531622224103
        ],
        "FlagUp": 0,
        "Times": [
            -15,
            -10,
            -5,
            2,
            10,
            20,
            30,
            40
        ],
        "width": 0,
        "height": 0,
        "area": 0.49855151711095874,
        "distance": 0,
        "xpert": [
            [
                100.0,
                239.6
            ],
            [
                95.4,
                236.6
            ],
            [
                94.0,
                232.0
            ],
            [
                95.6,
                227.6
            ],
            [
                100.0,
                226.2
            ],
            [
                104.8,
                227.2
            ],
            [
                105.8,
                232.0
            ],
            [
                104.0,
                236.0
            ]
        ],
        "stack": 0
    },
    {
        "type": "Spine",
        "location": [
            115,
            235
        ],
        "radloc": [
            0,
            0
        ],
        "mean": [
            57.26262626262626,
            50.282828282828284,
            57.343434343434346,
            59.292929292929294,
            64.92929292929293,
            66.14141414141415,
            52.22222222222222,
            48.81818181818182
        ],
        "min": [
            15.0,
            15.0,
            13.0,
            11.0,
            18.0,
            19.0,
            6.0,
            7.0
        ],
        "max": [
            126.0,
            115.0,
            109.0,
            129.0,
            134.0,
            142.0,
            110.0,
            139.0
        ],
        "RawIntDen": [
            5669.0,
            4978.0,
            5677.0,
            5870.0,
            6428.0,
            6548.0,
            5170.0,
            4833.0
        ],
        "IntDen": [
            2734.0513010090403,
            2400.795091977951,
            2737.9095494493426,
            2830.9897930716297,
            3100.1026217826975,
            3157.9763483872284,
            2493.3930545452004,
            2330.8643389974764
        ],
        "FlagUp": 0,
        "Times": [
            -15,
            -10,
            -5,
            2,
            10,
            20,
            30,
            40
        ],
        "width": 0,
        "height": 0,
        "area": 0.4822810550377563,
        "distance": -1.0156425316247633,
        "xpert": [
            [
                115.0,
                240.8
            ],
            [
                109.2,
                240.8
            ],
            [
                110.0,
                235.0
            ],
            [
                111.4,
                231.4
            ],
            [
                115.0,
                229.8
            ],
            [
                119.0,
                231.0
            ],
            [
                120.8,
                235.0
            ],
            [
                120.8,
                240.8
            ]
        ],
        "stack": 0
    },
    {
        "type": "Stim",
        "location": [
            148,
            233
        ],
        "radloc": [
            0,
            0
        ],
        "mean": [
            55.395833333333336,
            62.71875,
            69.57291666666667,
            81.5625,
            69.03125,
            89.47916666666667,
            102.54166666666667,
            96.5
        ],
        "min": [
            9.0,
            6.0,
            7.0,
            10.0,
            9.0,
            14.0,
            23.0,
            12.0
        ],
        "max": [
            133.0,
            144.0,
            178.0,
            196.0,
            158.0,
            241.0,
            239.0,
            232.0
        ],
        "RawIntDen": [
            5318.0,
            6021.0,
            6679.0,
            7830.0,
            6627.0,
            8590.0,
            9844.0,
            9264.0
        ],
        "IntDen": [
            2435.797460745166,
            2757.791747112946,
            3059.1747349223324,
            3586.365949160333,
            3035.3572343659675,
            3934.4678803687434,
            4508.83606686262,
            4243.179329887781
        ],
        "FlagUp": 0,
        "Times": [
            -15,
            -10,
            -5,
            2,
            10,
            20,
            30,
            40
        ],
        "width": 0,
        "height": 0,
        "area": 0.4580288568531715,
        "distance": 0,
        "xpert": [
            [
                148.0,
                239.8
            ],
            [
                141.2,
                239.8
            ],
            [
                143.0,
                233.0
            ],
            [
                144.8,
                229.8
            ],
            [
                148.0,
                227.8
            ],
            [
                151.4,
                229.6
            ],
            [
                152.6,
                233.0
            ],
            [
                152.4,
                237.4
            ]
        ],
        "stack": 0
    },
    {
        "type": "Spine",
        "location": [
            169,
            232
        ],
        "radloc": [
            0,
            0
        ],
        "mean": [
            27.801652892561982,
            24.760330578512395,
            33.413223140495866,
            34.570247933884296,
            34.396694214876035,
            43.099173553719005,
            40.88429752066116,
            28.760330578512395
        ],
        "min": [
            5.0,
            6.0,
            6.0,
            7.0,
            8.0,
            9.0,
            7.0,
            5.0
        ],
        "max": [
            76.0,
            58.0,
            81.0,
            103.0,
            94.0,
            114.0,
            149.0,
            81.0
        ],
        "RawIntDen": [
            3364.0,
            2996.0,
            4043.0,
            4183.0,
            4162.0,
            5215.0,
            4947.0,
            3480.0
        ],
        "IntDen": [
            1896.062641218278,
            1688.6455627496912,
            2278.769696327437,
            2357.678367483965,
            2345.8420668104854,
            2939.348000580654,
            2788.294258652444,
            1961.4441116051153
        ],
        "FlagUp": 0,
        "Times": [
            -15,
            -10,
            -5,
            2,
            10,
            20,
            30,
            40
        ],
        "width": 0,
        "height": 0,
        "area": 0.5636333654037687,
        "distance": -1.38369,
        "xpert": [
            [
                169.0,
                239.2
            ],
            [
                162.8,
                238.2
            ],
            [
                163.4,
                232.0
            ],
            [
                165.0,
                228.0
            ],
            [
                169.0,
                226.4
            ],
            [
                172.8,
                228.2
            ],
            [
                173.8,
                232.0
            ],
            [
                175.6,
                238.6
            ]
        ],
        "stack": 0
    },
    {
        "type": "Spine",
        "location": [
            189,
            230
        ],
        "radloc": [
            0,
            0
        ],
        "mean": [
            71.42857142857143,
            79.49107142857143,
            87.21428571428571,
            99.05357142857143,
            93.9375,
            86.50892857142857,
            113.58928571428571,
            89.83035714285714
        ],
        "min": [
            10.0,
            5.0,
            14.0,
            9.0,
            19.0,
            13.0,
            28.0,
            17.0
        ],
        "max": [
            185.0,
            202.0,
            187.0,
            227.0,
            201.0,
            212.0,
            242.0,
            204.0
        ],
        "RawIntDen": [
            8000.0,
            8903.0,
            9768.0,
            11094.0,
            10521.0,
            9689.0,
            12722.0,
            10061.0
        ],
        "IntDen": [
            4138.2231839013075,
            4605.3251257841675,
            5052.770507543496,
            5738.681000275138,
            5442.280764728207,
            5011.905553602471,
            6580.809418199055,
            5204.332931653882
        ],
        "FlagUp": 0,
        "Times": [
            -15,
            -10,
            -5,
            2,
            10,
            20,
            30,
            40
        ],
        "width": 0,
        "height": 0,
        "area": 0.5172778979876634,
        "distance": -1.7178226581238165,
        "xpert": [
            [
                189.0,
                236.8
            ],
            [
                182.6,
                236.4
            ],
            [
                184.0,
                230.0
            ],
            [
                185.8,
                226.8
            ],
            [
                189.0,
                224.6
            ],
            [
                193.0,
                226.0
            ],
            [
                195.2,
                230.0
            ],
            [
                194.2,
                235.2
            ]
        ],
        "stack": 0
    },
    {
        "type": "Stim",
        "location": [
            213,
            225
        ],
        "radloc": [
            0,
            0
        ],
        "mean": [
            101.2439024390244,
            92.52845528455285,
            103.52032520325203,
            102.130081300813,
            98.77235772357723,
            113.0569105691057,
            108.5691056910569,
            117.27642276422765
        ],
        "min": [
            18.0,
            23.0,
            17.0,
            20.0,
            16.0,
            28.0,
            28.0,
            26.0
        ],
        "max": [
            200.0,
            191.0,
            210.0,
            193.0,
            216.0,
            248.0,
            210.0,
            246.0
        ],
        "RawIntDen": [
            12453.0,
            11381.0,
            12733.0,
            12562.0,
            12149.0,
            13906.0,
            13354.0,
            14425.0
        ],
        "IntDen": [
            7091.562246915663,
            6481.094509929107,
            7251.012775233048,
            7153.634059724931,
            6918.444530456789,
            7918.996595648376,
            7604.651268394104,
            8214.549539208097
        ],
        "FlagUp": 0,
        "Times": [
            -15,
            -10,
            -5,
            2,
            10,
            20,
            30,
            40
        ],
        "width": 0,
        "height": 0,
        "area": 0.5694661725620865,
        "distance": 0,
        "xpert": [
            [
                213.0,
                231.6
            ],
            [
                208.6,
                229.4
            ],
            [
                206.8,
                225.0
            ],
            [
                207.4,
                219.4
            ],
            [
                213.0,
                219.2
            ],
            [
                218.0,
                220.0
            ],
            [
                219.0,
                225.0
            ],
            [
                218.6,
                230.6
            ]
        ],
        "stack": 0
    },
    {
        "type": "Stim",
        "location": [
            229,
            244
        ],
        "radloc": [
            0,
            0
        ],
        "mean": [
            48.1978021978022,
            47.76923076923077,
            44.120879120879124,
            46.1978021978022,
            53.582417582417584,
            36.472527472527474,
            38.24175824175824,
            31.24175824175824
        ],
        "min": [
            11.0,
            12.0,
            8.0,
            9.0,
            14.0,
            8.0,
            8.0,
            6.0
        ],
        "max": [
            121.0,
            118.0,
            114.0,
            110.0,
            116.0,
            91.0,
            100.0,
            78.0
        ],
        "RawIntDen": [
            4386.0,
            4347.0,
            4015.0,
            4204.0,
            4876.0,
            3319.0,
            3480.0,
            2843.0
        ],
        "IntDen": [
            1832.5286357513758,
            1816.2339214799888,
            1677.5199435799757,
            1756.4866358182362,
            2037.2570971098287,
            1386.7219658136835,
            1453.989888831461,
            1187.8428890654723
        ],
        "FlagUp": 0,
        "Times": [
            -15,
            -10,
            -5,
            2,
            10,
            20,
            30,
            40
        ],
        "width": 0,
        "height": 0,
        "area": 0.4178131864458221,
        "distance": 0,
        "xpert": [
            [
                229.0,
                248.8
            ],
            [
                225.2,
                247.8
            ],
            [
                223.4,
                244.0
            ],
            [
                224.8,
                239.8
            ],
            [
                229.0,
                239.8
            ],
            [
                233.2,
                239.8
            ],
            [
                236.6,
                244.0
            ],
            [
                232.6,
                247.6
            ]
        ],
        "stack": 0
    },
    {
        "type": "Stim",
        "location": [
            258,
            232
        ],
        "radloc": [
            0,
            0
        ],
        "mean": [
            27.626373626373628,
            34.56043956043956,
            35.032967032967036,
            49.02197802197802,
            34.65934065934066,
            48.505494505494504,
            43.472527472527474,
            35.10989010989011
        ],
        "min": [
            6.0,
            9.0,
            10.0,
            14.0,
            7.0,
            8.0,
            9.0,
            11.0
        ],
        "max": [
            71.0,
            84.0,
            90.0,
            102.0,
            95.0,
            125.0,
            102.0,
            76.0
        ],
        "RawIntDen": [
            2514.0,
            3145.0,
            3188.0,
            4461.0,
            3154.0,
            4414.0,
            3956.0,
            3195.0
        ],
        "IntDen": [
            1016.4243614287709,
            1271.5412158685301,
            1288.926358088672,
            1803.6074289314824,
            1275.179966565769,
            1784.6050641792342,
            1599.4330842530699,
            1291.7564975198582
        ],
        "FlagUp": 0,
        "Times": [
            -15,
            -10,
            -5,
            2,
            10,
            20,
            30,
            40
        ],
        "width": 0,
        "height": 0,
        "area": 0.40430563302655964,
        "distance": 0,
        "xpert": [
            [
                258.0,
                236.2
            ],
            [
                253.8,
                236.2
            ],
            [
                251.2,
                232.0
            ],
            [
                253.6,
                227.6
            ],
            [
                258.0,
                226.6
            ],
            [
                262.0,
                228.0
            ],
            [
                263.0,
                232.0
            ],
            [
                262.0,
                236.0
            ]
        ],
        "stack": 0
    },
    {
        "type": "Spine",
        "location": [
            259,
            254
        ],
        "radloc": [
            0,
            0
        ],
        "mean": [
            50.29752066115702,
            48.925619834710744,
            34.19834710743802,
            39.06611570247934,
            46.37190082644628,
            45.570247933884296,
            48.8099173553719,
            35.19834710743802
        ],
        "min": [
            8.0,
            13.0,
            8.0,
            7.0,
            9.0,
            8.0,
            7.0,
            5.0
        ],
        "max": [
            126.0,
            125.0,
            83.0,
            90.0,
            102.0,
            122.0,
            115.0,
            120.0
        ],
        "RawIntDen": [
            6086.0,
            5920.0,
            4138.0,
            4727.0,
            5611.0,
            5514.0,
            5906.0,
            4259.0
        ],
        "IntDen": [
            3372.354114724641,
            3280.370745837968,
            2292.9348220063366,
            2619.309546550013,
            3109.148691705547,
            3055.399373741648,
            3272.6131123174055,
            2359.9829402912005
        ],
        "FlagUp": 0,
        "Times": [
            -15,
            -10,
            -5,
            2,
            10,
            20,
            30,
            40
        ],
        "width": 0,
        "height": 0,
        "area": 0.5541166800401973,
        "distance": -0.25972138216382235,
        "xpert": [
            [
                259.0,
                259.2
            ],
            [
                254.8,
                258.2
            ],
            [
                254.0,
                254.0
            ],
            [
                255.2,
                250.2
            ],
            [
                259.0,
                246.0
            ],
            [
                265.8,
                247.2
            ],
            [
                266.6,
                254.0
            ],
            [
                262.6,
                257.6
            ]
        ],
        "stack": 0
    },
    {
        "type": "Stim",
        "location": [
            274,
            256
        ],
        "radloc": [
            0,
            0
        ],
        "mean": [
            49.875,
            56.4765625,
            54.9453125,
            52.1328125,
            57.671875,
            62.046875,
            62.7578125,
            53.0859375
        ],
        "min": [
            9.0,
            11.0,
            10.0,
            17.0,
            17.0,
            6.0,
            10.0,
            13.0
        ],
        "max": [
            121.0,
            144.0,
            110.0,
            113.0,
            119.0,
            168.0,
            150.0,
            155.0
        ],
        "RawIntDen": [
            6384.0,
            7229.0,
            7033.0,
            6673.0,
            7382.0,
            7942.0,
            8033.0,
            6795.0
        ],
        "IntDen": [
            3711.9051506389583,
            4203.220916975099,
            4089.258916736183,
            3879.9409571136853,
            4292.18104981466,
            4617.78676478299,
            4670.697693465343,
            3950.876487874643
        ],
        "FlagUp": 0,
        "Times": [
            -15,
            -10,
            -5,
            2,
            10,
            20,
            30,
            40
        ],
        "width": 0,
        "height": 0,
        "area": 0.5814387767291601,
        "distance": 0,
        "xpert": [
            [
                274.0,
                261.4
            ],
            [
                269.2,
                260.8
            ],
            [
                267.0,
                256.0
            ],
            [
                266.8,
                248.8
            ],
            [
                274.0,
                250.4
            ],
            [
                277.4,
                252.6
            ],
            [
                280.0,
                256.0
            ],
            [
                279.2,
                261.2
            ]
        ],
        "stack": 0
    },
    {
        "type": "Spine",
        "location": [
            295,
            236
        ],
        "radloc": [
            0,
            0
        ],
        "mean": [
            79.0,
            85.86021505376344,
            72.79569892473118,
            78.75268817204301,
            73.68817204301075,
            68.01075268817205,
            93.3763440860215,
            112.93548387096774
        ],
        "min": [
            17.0,
            16.0,
            14.0,
            16.0,
            24.0,
            14.0,
            26.0,
            39.0
        ],
        "max": [
            165.0,
            190.0,
            175.0,
            169.0,
            183.0,
            187.0,
            190.0,
            219.0
        ],
        "RawIntDen": [
            7347.0,
            7985.0,
            6770.0,
            7324.0,
            6853.0,
            6325.0,
            8684.0,
            10503.0
        ],
        "IntDen": [
            3103.50529728495,
            3373.008003106074,
            2859.7700915501714,
            3093.789682498295,
            2894.8307883889697,
            2671.7940663301088,
            3668.278209013544,
            4436.6566132276885
        ],
        "FlagUp": 0,
        "Times": [
            -15,
            -10,
            -5,
            2,
            10,
            20,
            30,
            40
        ],
        "width": 0,
        "height": 0,
        "area": 0.4224180342023887,
        "distance": 1.46556759487429,
        "xpert": [
            [
                295.0,
                240.8
            ],
            [
                291.0,
                240.0
            ],
            [
                290.2,
                236.0
            ],
            [
                291.0,
                232.0
            ],
            [
                295.0,
                230.2
            ],
            [
                299.6,
                231.4
            ],
            [
                301.2,
                236.0
            ],
            [
                299.8,
                240.8
            ]
        ],
        "stack": 0
    },
    {
        "type": "Spine",
        "location": [
            312,
            235
        ],
        "radloc": [
            0,
            0
        ],
        "mean": [
            48.55882352941177,
            54.47794117647059,
            58.88235294117647,
            64.58823529411765,
            74.65441176470588,
            84.5,
            70.16911764705883,
            76.58088235294117
        ],
        "min": [
            9.0,
            7.0,
            6.0,
            9.0,
            9.0,
            12.0,
            20.0,
            9.0
        ],
        "max": [
            134.0,
            145.0,
            153.0,
            159.0,
            172.0,
            174.0,
            130.0,
            178.0
        ],
        "RawIntDen": [
            6604.0,
            7409.0,
            8008.0,
            8784.0,
            10153.0,
            11492.0,
            9543.0,
            10415.0
        ],
        "IntDen": [
            4040.530417776193,
            4533.054189173806,
            4899.540821555383,
            5374.321500567244,
            6211.917827329147,
            7031.1592309333755,
            5838.701056456422,
            6372.217489572842
        ],
        "FlagUp": 0,
        "Times": [
            -15,
            -10,
            -5,
            2,
            10,
            20,
            30,
            40
        ],
        "width": 0,
        "height": 0,
        "area": 0.6118307719225005,
        "distance": 2.58569759487429,
        "xpert": [
            [
                312.0,
                240.2
            ],
            [
                306.8,
                240.2
            ],
            [
                305.8,
                235.0
            ],
            [
                305.6,
                228.6
            ],
            [
                312.0,
                229.6
            ],
            [
                316.0,
                231.0
            ],
            [
                321.0,
                235.0
            ],
            [
                317.0,
                240.0
            ]
        ],
        "stack": 0
    },
    {
        "type": "Spine",
        "location": [
            318,
            261
        ],
        "radloc": [
            0,
            0
        ],
        "mean": [
            90.63874345549738,
            84.80104712041884,
            80.43979057591623,
            91.7434554973822,
            85.71204188481676,
            90.08900523560209,
            70.96335078534031,
            79.36125654450262
        ],
        "min": [
            17.0,
            27.0,
            27.0,
            23.0,
            19.0,
            19.0,
            11.0,
            21.0
        ],
        "max": [
            195.0,
            191.0,
            183.0,
            252.0,
            202.0,
            210.0,
            186.0,
            181.0
        ],
        "RawIntDen": [
            17312.0,
            16197.0,
            15364.0,
            17523.0,
            16371.0,
            17207.0,
            13554.0,
            15158.0
        ],
        "IntDen": [
            15444.251693003454,
            14449.546249513456,
            13706.416532538418,
            15632.487431636988,
            14604.77382544822,
            15350.579879939374,
            12091.692897814743,
            13522.641356431744
        ],
        "FlagUp": 0,
        "Times": [
            -15,
            -10,
            -5,
            2,
            10,
            20,
            30,
            40
        ],
        "width": 0,
        "height": 0,
        "area": 0.8921125053721959,
        "distance": 2.9810375948742895,
        "xpert": [
            [
                318.0,
                267.4
            ],
            [
                311.6,
                267.4
            ],
            [
                308.0,
                261.0
            ],
            [
                312.2,
                255.2
            ],
            [
                318.0,
                251.8
            ],
            [
                325.4,
                253.6
            ],
            [
                324.0,
                261.0
            ],
            [
                322.4,
                265.4
            ]
        ],
        "stack": 0
    }
]