[
    {
        "type": 0,
        "location": [
            244,
            271
        ],
        "bgloc": [
            238,
            296
        ],
        "mean": [
            [
                36.9080459770115,
                34.47701149425287,
                32.201149425287355,
                77.04597701149426,
                48.0,
                51.0632183908046,
                40.747126436781606,
                48.50574712643678
            ]
        ],
        "min": [
            [
                9,
                7,
                7,
                16,
                10,
                8,
                9,
                8
            ]
        ],
        "max": [
            [
                88,
                87,
                82,
                160,
                122,
                131,
                105,
                141
            ]
        ],
        "RawIntDen": [
            [
                6422,
                5999,
                5603,
                13406,
                8352,
                8885,
                7090,
                8440
            ]
        ],
        "IntDen": [
            [
                27.974232000000004,
                26.131644,
                24.406668000000003,
                58.396536000000005,
                36.381312,
                38.70306000000001,
                30.884040000000002,
                36.76464000000001
            ]
        ],
        "local_bg": [
            [
                5.045977011494253,
                5.793103448275862,
                5.747126436781609,
                6.258620689655173,
                5.942528735632184,
                6.086206896551724,
                6.097701149425287,
                5.068965517241379
            ]
        ],
        "area": [
            0.7579440000000001
        ],
        "distance": 0.9209199041119643,
        "points": [
            [
                244.75799825392997,
                279.1069926412206
            ],
            [
                239.70315647331967,
                276.1907377677915
            ],
            [
                239.8975734648816,
                270.94147899561926
            ],
            [
                238.6538829597116,
                262.9805843289767
            ],
            [
                244.0975587234458,
                262.1684300083303
            ],
            [
                248.18031554624642,
                265.7024222108438
            ],
            [
                250.9021534281135,
                271.9237659408257
            ],
            [
                253.23515732685672,
                279.70044560330314
            ]
        ],
        "shift": [
            [
                0,
                0
            ],
            [
                3.0,
                1.0
            ],
            [
                -0.0,
                1.0
            ],
            [
                2.0,
                3.0
            ],
            [
                3.0,
                0.0
            ],
            [
                4,
                0
            ],
            [
                8.0,
                -0.0
            ],
            [
                7.0,
                -2.0
            ]
        ],
        "channel": 0,
        "closest_Dend": 0
    },
    {
        "type": 0,
        "location": [
            289,
            218
        ],
        "bgloc": [
            289,
            150
        ],
        "mean": [
            [
                33.52601156069364,
                34.16763005780347,
                34.50289017341041,
                95.70520231213872,
                48.676300578034684,
                43.52601156069364,
                47.31791907514451,
                52.23121387283237
            ]
        ],
        "min": [
            [
                2,
                1,
                4,
                9,
                6,
                7,
                4,
                8
            ]
        ],
        "max": [
            [
                110,
                124,
                128,
                236,
                191,
                140,
                165,
                208
            ]
        ],
        "RawIntDen": [
            [
                5800,
                5911,
                5969,
                16557,
                8421,
                7530,
                8186,
                9036
            ]
        ],
        "IntDen": [
            [
                25.264800000000005,
                25.748316000000003,
                26.000964000000003,
                72.122292,
                36.681876,
                32.80068000000001,
                35.658216,
                39.36081600000001
            ]
        ],
        "local_bg": [
            [
                4.69364161849711,
                4.583815028901734,
                4.254335260115607,
                4.682080924855492,
                4.086705202312139,
                4.84393063583815,
                5.005780346820809,
                4.728323699421965
            ]
        ],
        "area": [
            0.753588
        ],
        "distance": 3.792214058406203,
        "points": [
            [
                288.6968650950779,
                225.40919299953498
            ],
            [
                284.0308572975914,
                223.85385706703948
            ],
            [
                283.6870194547202,
                217.71855402086265
            ],
            [
                284.2870194547202,
                212.51855402086267
            ],
            [
                289.4870194547202,
                211.51855402086267
            ],
            [
                295.12511221001637,
                212.66371224025235
            ],
            [
                298.6246180581312,
                218.10738800398653
            ],
            [
                297.45811610875955,
                224.32873173396845
            ]
        ],
        "shift": [
            [
                0,
                0
            ],
            [
                2.0,
                0.0
            ],
            [
                0,
                0
            ],
            [
                1.0,
                5.0
            ],
            [
                1.0,
                6.0
            ],
            [
                2.0,
                10.0
            ],
            [
                6.0,
                8.0
            ],
            [
                3.0,
                7.0
            ]
        ],
        "channel": 0,
        "closest_Dend": 0
    },
    {
        "type": 0,
        "location": [
            302,
            260
        ],
        "bgloc": [
            298.819218371204,
            295.2740721917255
        ],
        "mean": [
            [
                50.79333333333334,
                41.306666666666665,
                48.07333333333333,
                89.05333333333333,
                62.0,
                64.60666666666667,
                72.11333333333333,
                72.40666666666667
            ]
        ],
        "min": [
            [
                5,
                6,
                8,
                15,
                11,
                13,
                18,
                15
            ]
        ],
        "max": [
            [
                155,
                133,
                124,
                192,
                160,
                169,
                182,
                178
            ]
        ],
        "RawIntDen": [
            [
                7619,
                6196,
                7211,
                13358,
                9300,
                9691,
                10817,
                10861
            ]
        ],
        "IntDen": [
            [
                33.18836400000001,
                26.989776000000003,
                31.411116000000003,
                58.187448,
                40.5108,
                42.213996,
                47.118852000000004,
                47.31051600000001
            ]
        ],
        "local_bg": [
            [
                4.5394736842105265,
                4.7631578947368425,
                4.526315789473684,
                5.092105263157895,
                5.822368421052632,
                5.8618421052631575,
                5.631578947368421,
                4.842105263157895
            ]
        ],
        "area": [
            0.6534000000000001
        ],
        "distance": 4.6502140584062035,
        "points": [
            [
                303.70638657716154,
                268.82329606323157
            ],
            [
                296.526409930625,
                265.23181970868967
            ],
            [
                295.74874196437725,
                260.5658119112032
            ],
            [
                297.15105064466604,
                254.68569745982063
            ],
            [
                302.15105064466604,
                254.68569745982063
            ],
            [
                307.41376145809335,
                255.5109701305929
            ],
            [
                308.7746803990269,
                260.5658119112032
            ],
            [
                309.1500623408957,
                266.4902921644884
            ]
        ],
        "shift": [
            [
                0,
                0
            ],
            [
                2.0,
                2.0
            ],
            [
                1.0,
                2.0
            ],
            [
                5.0,
                4.0
            ],
            [
                7.0,
                6.0
            ],
            [
                9.0,
                4.0
            ],
            [
                11.0,
                3.0
            ],
            [
                9.0,
                1.0
            ]
        ],
        "channel": 0,
        "closest_Dend": 0
    },
    {
        "type": 0,
        "location": [
            331,
            267
        ],
        "bgloc": [
            334.4326429274655,
            296.7579648815697
        ],
        "mean": [
            [
                33.464285714285715,
                28.22142857142857,
                30.521428571428572,
                75.07142857142857,
                39.628571428571426,
                32.95,
                36.67857142857143,
                34.535714285714285
            ]
        ],
        "min": [
            [
                6,
                6,
                4,
                10,
                5,
                5,
                8,
                6
            ]
        ],
        "max": [
            [
                103,
                92,
                126,
                210,
                131,
                104,
                96,
                90
            ]
        ],
        "RawIntDen": [
            [
                4685,
                3951,
                4273,
                10510,
                5548,
                4613,
                5135,
                4835
            ]
        ],
        "IntDen": [
            [
                20.407860000000003,
                17.210556,
                18.613188,
                45.781560000000006,
                24.167088000000003,
                20.094228,
                22.368060000000003,
                21.06126
            ]
        ],
        "local_bg": [
            [
                4.628571428571429,
                5.121428571428571,
                4.121428571428571,
                5.378571428571429,
                6.0928571428571425,
                5.614285714285714,
                5.835714285714285,
                4.992857142857143
            ]
        ],
        "area": [
            0.60984
        ],
        "distance": 6.681545771755329,
        "points": [
            [
                331.2308425561556,
                275.5293732235548
            ],
            [
                326.2308425561556,
                272.1293732235548
            ],
            [
                325.2308425561556,
                267.1293732235548
            ],
            [
                326.4308425561556,
                262.3293732235548
            ],
            [
                331.2308425561556,
                260.72937322355483
            ],
            [
                337.0308425561556,
                261.3293732235548
            ],
            [
                337.62818706168287,
                268.20291636272896
            ],
            [
                335.6840171460635,
                272.67450716865346
            ]
        ],
        "shift": [
            [
                0,
                0
            ],
            [
                2.0,
                2.0
            ],
            [
                -1.0,
                3.0
            ],
            [
                -0.0,
                3.0
            ],
            [
                2.0,
                3.0
            ],
            [
                8.0,
                2.0
            ],
            [
                8.0,
                0.0
            ],
            [
                5.0,
                -1.0
            ]
        ],
        "channel": 0,
        "closest_Dend": 0
    },
    {
        "type": 0,
        "location": [
            371,
            284
        ],
        "bgloc": [
            378.9494236227922,
            310.1129990901678
        ],
        "mean": [
            [
                39.36224489795919,
                36.5969387755102,
                39.08673469387755,
                50.88775510204081,
                48.683673469387756,
                35.224489795918366,
                42.8469387755102,
                39.34183673469388
            ]
        ],
        "min": [
            [
                3,
                6,
                7,
                8,
                7,
                6,
                7,
                7
            ]
        ],
        "max": [
            [
                117,
                103,
                135,
                132,
                184,
                120,
                128,
                164
            ]
        ],
        "RawIntDen": [
            [
                7715,
                7173,
                7661,
                9974,
                9542,
                6904,
                8398,
                7711
            ]
        ],
        "IntDen": [
            [
                33.60654,
                31.245588000000005,
                33.37131600000001,
                43.446744,
                41.564952000000005,
                30.073824000000002,
                36.58168800000001,
                33.589116000000004
            ]
        ],
        "local_bg": [
            [
                3.8984771573604062,
                4.375634517766497,
                4.060913705583756,
                4.979695431472082,
                5.944162436548224,
                5.238578680203045,
                5.416243654822335,
                4.710659898477157
            ]
        ],
        "area": [
            0.8537760000000001
        ],
        "distance": 9.259925841780882,
        "points": [
            [
                371.53455889740854,
                290.53097874262056
            ],
            [
                365.11424086854265,
                289.7106475907
            ],
            [
                362.31424086854264,
                283.7106475907
            ],
            [
                365.7142408685427,
                278.3106475907
            ],
            [
                371.11424086854265,
                275.91064759069997
            ],
            [
                377.91424086854266,
                276.91064759069997
            ],
            [
                380.28332351769564,
                283.7263840379528
            ],
            [
                376.9782346611428,
                289.5588937848109
            ]
        ],
        "shift": [
            [
                0,
                0
            ],
            [
                0,
                0
            ],
            [
                -2.0,
                1.0
            ],
            [
                -0.0,
                3.0
            ],
            [
                1.0,
                3.0
            ],
            [
                4.0,
                -1.0
            ],
            [
                7.0,
                -1.0
            ],
            [
                4.0,
                -3.0
            ]
        ],
        "channel": 0,
        "closest_Dend": 0
    },
    {
        "type": 0,
        "location": [
            399,
            235
        ],
        "bgloc": [
            387,
            188
        ],
        "mean": [
            [
                52.40151515151515,
                52.81818181818182,
                40.96969696969697,
                68.92424242424242,
                48.20454545454545,
                49.666666666666664,
                54.09090909090909,
                49.416666666666664
            ]
        ],
        "min": [
            [
                9,
                13,
                5,
                13,
                15,
                11,
                8,
                10
            ]
        ],
        "max": [
            [
                150,
                131,
                111,
                166,
                129,
                111,
                133,
                123
            ]
        ],
        "RawIntDen": [
            [
                6917,
                6972,
                5408,
                9098,
                6363,
                6556,
                7140,
                6523
            ]
        ],
        "IntDen": [
            [
                30.130452000000002,
                30.370032000000002,
                23.557248,
                39.630888000000006,
                27.717228000000002,
                28.557936,
                31.101840000000003,
                28.414188000000003
            ]
        ],
        "local_bg": [
            [
                3.128787878787879,
                3.5984848484848486,
                3.303030303030303,
                3.196969696969697,
                4.1893939393939394,
                3.803030303030303,
                4.037878787878788,
                2.840909090909091
            ]
        ],
        "area": [
            0.5749920000000001
        ],
        "distance": 11.538466095827214,
        "points": [
            [
                399.52665246724587,
                243.3773247422633
            ],
            [
                394.0829767035117,
                240.84990385195815
            ],
            [
                393.88855971194977,
                235.01739410510007
            ],
            [
                396.02714661913103,
                231.51788825698526
            ],
            [
                399.9154864503697,
                229.9625523244898
            ],
            [
                405.35916221410395,
                229.76813533292784
            ],
            [
                406.7200811550375,
                235.40622808822397
            ],
            [
                404.19266026473235,
                240.0722358857104
            ]
        ],
        "shift": [
            [
                0,
                0
            ],
            [
                0,
                0
            ],
            [
                0,
                0
            ],
            [
                -0.0,
                0.0
            ],
            [
                1.0,
                1.0
            ],
            [
                6.0,
                -0.0
            ],
            [
                6.0,
                1.0
            ],
            [
                4.0,
                1.0
            ]
        ],
        "channel": 0,
        "closest_Dend": 0
    },
    {
        "type": 0,
        "location": [
            424,
            277
        ],
        "bgloc": [
            430.143721422418,
            306.4032673655572
        ],
        "mean": [
            [
                16.704761904761906,
                26.152380952380952,
                29.114285714285714,
                38.25714285714286,
                32.43809523809524,
                27.752380952380953,
                29.6,
                30.19047619047619
            ]
        ],
        "min": [
            [
                3,
                9,
                5,
                6,
                11,
                8,
                9,
                5
            ]
        ],
        "max": [
            [
                41,
                68,
                80,
                93,
                80,
                83,
                76,
                87
            ]
        ],
        "RawIntDen": [
            [
                1754,
                2746,
                3057,
                4017,
                3406,
                2914,
                3108,
                3170
            ]
        ],
        "IntDen": [
            [
                7.640424000000001,
                11.961576,
                13.316292,
                17.498052,
                14.836536000000002,
                12.693384000000002,
                13.538448,
                13.808520000000001
            ]
        ],
        "local_bg": [
            [
                4.933962264150943,
                5.330188679245283,
                5.235849056603773,
                5.169811320754717,
                6.132075471698113,
                6.150943396226415,
                5.084905660377358,
                5.047169811320755
            ]
        ],
        "area": [
            0.45738000000000006
        ],
        "distance": 12.790046042865262,
        "points": [
            [
                422.68623629022517,
                283.3385383585993
            ],
            [
                417.94541549744645,
                282.90046987759416
            ],
            [
                416.94541549744645,
                277.10046987759415
            ],
            [
                418.6034794674245,
                272.6456038226928
            ],
            [
                423.269487264911,
                271.09026789019737
            ],
            [
                427.1578270961497,
                274.2009397551883
            ],
            [
                428.9075800202071,
                278.4781135695509
            ],
            [
                426.18574213834,
                281.9776194176657
            ]
        ],
        "shift": [
            [
                0,
                0
            ],
            [
                -1,
                -1
            ],
            [
                -1.0,
                -1.0
            ],
            [
                1.0,
                -1.0
            ],
            [
                3.0,
                -2.0
            ],
            [
                3.0,
                -2.0
            ],
            [
                6.0,
                -3.0
            ],
            [
                4.0,
                -3.0
            ]
        ],
        "channel": 0,
        "closest_Dend": 0
    }
]