[
    {
        "type": 0,
        "location": [
            41,
            181
        ],
        "bgloc": [
            30,
            163
        ],
        "mean": [
            [
            155.1,
            95.9375,
            60.0625,
            45.4125,
            34.475,
            49.9625,
            42.3875,
            34.2625
            ]
        ],
        "min": [
            [
                14,
                8,
                8,
                7,
                11,
                11,
                7,
                7
            ]
        ],
        "max": [
            [
                250,
                255,
                241,
                239,
                226,
                236,
                198,
                234
            ]
        ],
        "RawIntDen": [
            [
                16767,
                11449,
                9627,
                8398,
                8501,
                11346,
                9037,
                9688
            ]
        ],
        "IntDen": [
            [
                10298.224332000002,
                7031.930004000001,
                5912.8648920000005,
                5158.018008000001,
                5221.280196000001,
                6968.667816000001,
                5550.489252,
                5950.3308480000005
            ]
        ],
        "local_bg": [
            [
                7.453900709219858,
                9.056737588652481,
                9.085106382978724,
                8.808510638297872,
                9.22695035460993,
                9.27659574468085,
                9.01418439716312,
                9.177304964539006
            ]
        ],
        "area": [
            0.6141960000000001
        ],
        "distance": 2.370021981202673,
        "points": [
            [
                41.0,
                188.4
            ],
            [
                35.8,
                186.2
            ],
            [
                34.0,
                181.0
            ],
            [
                35.4,
                175.4
            ],
            [
                41.0,
                174.8
            ],
            [
                46.0,
                176.0
            ],
            [
                47.6,
                181.0
            ],
            [
                46.0,
                186.0
            ]
        ],
        "shift": null,
        "channel": 0,
        "closest_Dend": 0
    },
    {
        "type": 0,
        "location": [
            203,
            160
        ],
        "bgloc": [
            205,
            129
        ],
        "mean": [
            [
            72.63975155279503,
            92.96894409937889,
            99.0807453416149,
            92.8944099378882,
            71.527950310559,
            56.05590062111801,
            40.484472049689444,
            45.38509316770186
            ]
        ],
        "min": [
            [
                24,
                18,
                49,
                30,
                6,
                6,
                4,
                5
            ]
        ],
        "max": [
            [
                237,
                234,
                247,
                213,
                145,
                182,
                155,
                206
            ]
        ],
        "RawIntDen": [
            [
                14841,
                14476,
                19080,
                17915,
                10449,
                9666,
                6642,
                9047
            ]
        ],
        "IntDen": [
            [
                9503.167212,
                9269.446032000002,
                12217.534560000002,
                11471.54778,
                6690.829068000001,
                6189.449112000001,
                4253.085144000001,
                5793.083604
            ]
        ],
        "local_bg": [
            [
                4.292517006802721,
                5.2517006802721085,
                5.965986394557823,
                5.727891156462585,
                6.448979591836735,
                6.204081632653061,
                5.394557823129252,
                5.1768707482993195
            ]
        ],
        "area": [
            0.6403320000000001
        ],
        "distance": 12.872944610497678,
        "points": [
            [
                203.0,
                168.4
            ],
            [
                197.0,
                166.0
            ],
            [
                196.2,
                160.0
            ],
            [
                198.2,
                155.2
            ],
            [
                203.0,
                153.8
            ],
            [
                208.0,
                155.0
            ],
            [
                209.0,
                160.0
            ],
            [
                208.2,
                165.2
            ]
        ],
        "shift": null,
        "channel": 0,
        "closest_Dend": 0
    },
    {
        "type": 0,
        "location": [
            291,
            204
        ],
        "bgloc": [
            285,
            242
        ],
        "mean": [
            [
            73.63576158940397,
            67.91390728476821,
            87.16556291390728,
            103.11258278145695,
            110.15894039735099,
            114.58940397350993,
            100.73509933774834,
            108.1456953642384
            ]
        ],
        "min": [
            [
                11,
                14,
                12,
                14,
                15,
                14,
                9,
                11
            ]
        ],
        "max": [
            [
                222,
                248,
                249,
                244,
                247,
                246,
                251,
                249
            ]
        ],
        "RawIntDen": [
            [
                17563,
                16971,
                20448,
                22008,
                22722,
                20085,
                19090,
                22173
            ]
        ],
        "IntDen": [
            [
                17136.991872000002,
                16559.351424,
                19952.013312000003,
                21474.173952,
                22170.855168000002,
                19597.81824,
                18626.952960000002,
                21635.171712000003
            ]
        ],
        "local_bg": [
            [
                2.5580357142857144,
                5.276785714285714,
                5.334821428571429,
                6.977678571428571,
                6.366071428571429,
                7.026785714285714,
                4.995535714285714,
                5.03125
            ]
        ],
        "area": [
            0.9757440000000002
        ],
        "distance": 18.974127076344868,
        "points": [
            [
                291.0,
                212.0
            ],
            [
                285.0,
                210.0
            ],
            [
                282.6,
                204.0
            ],
            [
                283.6,
                196.6
            ],
            [
                291.0,
                193.8
            ],
            [
                298.8,
                196.2
            ],
            [
                297.2,
                204.0
            ],
            [
                296.8,
                209.8
            ]
        ],
        "shift": null,
        "channel": 0,
        "closest_Dend": 0
    },
    {
        "type": 0,
        "location": [
            431,
            187
        ],
        "bgloc": [
            433.9384140929468,
            167.59924027519247
        ],
        "mean": [
            [
            47.947916666666664,
            57.760416666666664,
            64.59375,
            91.07291666666667,
            56.822916666666664,
            63.010416666666664,
            48.520833333333336,
            58.65625
            ]
        ],
        "min": [
            [
                15,
                14,
                14,
                14,
                17,
                17,
                17,
                20
            ]
        ],
        "max": [
            [
                137,
                154,
                153,
                199,
                130,
                148,
                138,
                167
            ]
        ],
        "RawIntDen": [
            [
                7114,
                8089,
                8560,
                11553,
                7781,
                8967,
                6754,
                8980
            ]
        ],
        "IntDen": [
            [
                3966.5387520000004,
                4510.167552000001,
                4772.782080000001,
                6441.583104000001,
                4338.436608000001,
                4999.712256000001,
                3765.8142720000005,
                5006.96064
            ]
        ],
        "local_bg": [
            [
                6.936507936507937,
                9.166666666666666,
                8.452380952380953,
                9.412698412698413,
                9.34920634920635,
                10.285714285714286,
                9.53968253968254,
                9.817460317460318
            ]
        ],
        "area": [
            0.5575680000000001
        ],
        "distance": 28.026065197063065,
        "points": [
            [
                431.0,
                194.2
            ],
            [
                426.8,
                191.2
            ],
            [
                424.6,
                187.0
            ],
            [
                425.8,
                181.8
            ],
            [
                431.0,
                180.0
            ],
            [
                435.8,
                182.2
            ],
            [
                437.6,
                187.0
            ],
            [
                435.4,
                191.4
            ]
        ],
        "shift": null,
        "channel": 0,
        "closest_Dend": 0
    },
    {
        "type": 0,
        "location": [
            577,
            213
        ],
        "bgloc": [
            578,
            199
        ],
        "mean": [
            [
            76.31521739130434,
            65.51086956521739,
            79.73913043478261,
            74.1413043478261,
            71.81521739130434,
            55.380434782608695,
            66.23913043478261,
            63.22826086956522
            ]
        ],
        "min": [
            [
                16,
                10,
                13,
                7,
                9,
                13,
                12,
                12
            ]
        ],
        "max": [
            [
                197,
                172,
                178,
                146,
                165,
                165,
                152,
                211
            ]
        ],
        "RawIntDen": [
            [
                8132,
                6715,
                7230,
                4436,
                4569,
                5740,
                7074,
                9660
            ]
        ],
        "IntDen": [
            [
                3861.1061280000004,
                3188.3088600000005,
                3432.8329200000003,
                2106.2305440000005,
                2169.379476,
                2725.37496,
                3358.7634960000005,
                4586.606640000001
            ]
        ],
        "local_bg": [
            [
                10.568807339449542,
                12.422018348623853,
                11.422018348623853,
                11.36697247706422,
                10.779816513761467,
                10.44954128440367,
                10.899082568807339,
                11.541284403669724
            ]
        ],
        "area": [
            0.47480400000000006
        ],
        "distance": 37.826655374349684,
        "points": [
            [
                577.0,
                217.8
            ],
            [
                573.4,
                216.6
            ],
            [
                571.0,
                213.0
            ],
            [
                572.8,
                208.8
            ],
            [
                577.0,
                207.0
            ],
            [
                581.6,
                208.4
            ],
            [
                585.4,
                213.0
            ],
            [
                581.6,
                217.6
            ]
        ],
        "shift": null,
        "channel": 0,
        "closest_Dend": 0
    },
    {
        "type": 0,
        "location": [
            692,
            254
        ],
        "bgloc": [
            692,
            290
        ],
        "mean": [
            [
            93.30909090909091,
            77.95454545454545,
            78.2,
            101.75,
            114.92272727272727,
            113.91818181818182,
            86.64090909090909,
            112.99545454545455
            ]
        ],
        "min": [
            [
                30,
                22,
                11,
                13,
                16,
                11,
                7,
                10
            ]
        ],
        "max": [
            [
                231,
                227,
                250,
                219,
                251,
                255,
                236,
                236
            ]
        ],
        "RawIntDen": [
            [
                32486,
                27014,
                21935,
                26848,
                31359,
                28487,
                21022,
                25808
            ]
        ],
        "IntDen": [
            [
                39197.997432000004,
                32595.416568000004,
                26467.03422,
                32395.118976000005,
                37838.145708000004,
                34372.756044,
                25365.397464,
                31140.242496000003
            ]
        ],
        "local_bg": [
            [
                3.288808664259928,
                7.324909747292419,
                7.992779783393502,
                8.108303249097473,
                7.92057761732852,
                8.729241877256317,
                7.241877256317689,
                7.281588447653429
            ]
        ],
        "area": [
            1.2066120000000002
        ],
        "distance": 46.35306394825045,
        "points": [
            [
                692.0,
                263.8
            ],
            [
                686.4,
                259.6
            ],
            [
                682.4,
                254.0
            ],
            [
                681.8,
                243.8
            ],
            [
                692.0,
                243.2
            ],
            [
                697.4,
                248.6
            ],
            [
                699.4,
                254.0
            ],
            [
                700.2,
                262.2
            ]
        ],
        "shift": null,
        "channel": 0,
        "closest_Dend": 0
    },
    {
        "type": 0,
        "location": [
            799,
            210
        ],
        "bgloc": [
            798,
            180
        ],
        "mean": [
            [
            38.432203389830505,
            50.279661016949156,
            52.26271186440678,
            57.652542372881356,
            71.71186440677967,
            76.38135593220339,
            86.05932203389831,
            98.79661016949153
            ]
        ],
        "min": [
            [
                20,
                21,
                14,
                16,
                19,
                17,
                26,
                26
            ]
        ],
        "max": [
            [
                229,
                255,
                255,
                255,
                255,
                255,
                255,
                255
            ]
        ],
        "RawIntDen": [
            [
                22076,
                28092,
                29135,
                31934,
                34413,
                34001,
                29671,
                31789
            ]
        ],
        "IntDen": [
            [
                19905.752592,
                25330.331664,
                26270.796420000002,
                28794.632328000003,
                31029.926796000003,
                30658.429692000005,
                26754.103332000002,
                28663.886988000002
            ]
        ],
        "local_bg": [
            [
                4.565217391304348,
                7.260869565217392,
                13.768115942028986,
                13.806763285024154,
                16.657004830917874,
                20.753623188405797,
                20.17391304347826,
                21.67632850241546
            ]
        ],
        "area": [
            0.901692
        ],
        "distance": 52.69011841232341,
        "points": [
            [
                799.0,
                217.8
            ],
            [
                789.8,
                219.2
            ],
            [
                791.0,
                210.0
            ],
            [
                793.0,
                204.0
            ],
            [
                799.0,
                202.2
            ],
            [
                805.2,
                203.8
            ],
            [
                806.0,
                210.0
            ],
            [
                804.0,
                215.0
            ]
        ],
        "shift": null,
        "channel": 0,
        "closest_Dend": 0
    }
]