[
    {
        "type": 0,
        "location": [
            41,
            181
        ],
        "bgloc": [
            30,
            163
        ],
        "mean": [
            [
            155.1,
            95.9375,
            60.0625,
            45.4125,
            34.475,
            49.9625,
            42.3875,
            34.2625
            ]
        ],
        "min": [
            [
                14,
                8,
                8,
                7,
                11,
                11,
                7,
                7
            ]
        ],
        "max": [
            [
                250,
                255,
                241,
                239,
                226,
                236,
                198,
                234
            ]
        ],
        "RawIntDen": [
            [
                21869,
                13527,
                8469,
                6403,
                4861,
                7045,
                5977,
                4831
            ]
        ],
        "IntDen": [
            [
                13431.9137436,
                8308.34445375001,
                5201.51076225,
                3932.79679485,
                2985.5914011,
                4326.83423865,
                3670.82684595001,
                2967.18855345
            ]
        ],
        "local_bg": [
            [
                7.453900709219858,
                9.056737588652481,
                9.085106382978724,
                8.808510638297872,
                9.22695035460993,
                9.27659574468085,
                9.01418439716312,
                9.177304964539006
            ]
        ],
        "area": [
            0.6141960000000001
        ],
        "distance": 2.370021981202673,
        "points": [
            [
                41.0,
                188.4
            ],
            [
                35.8,
                186.2
            ],
            [
                34.0,
                181.0
            ],
            [
                35.4,
                175.4
            ],
            [
                41.0,
                174.8
            ],
            [
                46.0,
                176.0
            ],
            [
                47.6,
                181.0
            ],
            [
                46.0,
                186.0
            ]
        ],
        "shift": null,
        "channel": 0,
        "closest_Dend": 0
    },
    {
        "type": 0,
        "location": [
            203,
            160
        ],
        "bgloc": [
            205,
            129
        ],
        "mean": [
            [
            72.63975155279503,
            92.96894409937889,
            99.0807453416149,
            92.8944099378882,
            71.527950310559,
            56.05590062111801,
            40.484472049689444,
            45.38509316770186
            ]
        ],
        "min": [
            [
                24,
                18,
                49,
                30,
                6,
                6,
                4,
                5
            ]
        ],
        "max": [
            [
                237,
                234,
                247,
                213,
                145,
                182,
                155,
                206
            ]
        ],
        "RawIntDen": [
            [
                10678,
                13666,
                14565,
                13655,
                10515,
                8240,
                5951,
                6672
            ]
        ],
        "IntDen": [
            [
                6837.49293652176,
                8751.05551721739,
                9326.35205843485,
                8744.03970573918,
                6732.84041530435,
                5276.4748826087,
                3810.7549346087,
                4272.04453930434
            ]
        ],
        "local_bg": [
            [
                4.292517006802721,
                5.2517006802721085,
                5.965986394557823,
                5.727891156462585,
                6.448979591836735,
                6.204081632653061,
                5.394557823129252,
                5.1768707482993195
            ]
        ],
        "area": [
            0.6403320000000001
        ],
        "distance": 12.872944610497678,
        "points": [
            [
                203.0,
                168.4
            ],
            [
                197.0,
                166.0
            ],
            [
                196.2,
                160.0
            ],
            [
                198.2,
                155.2
            ],
            [
                203.0,
                153.8
            ],
            [
                208.0,
                155.0
            ],
            [
                209.0,
                160.0
            ],
            [
                208.2,
                165.2
            ]
        ],
        "shift": null,
        "channel": 0,
        "closest_Dend": 0
    },
    {
        "type": 0,
        "location": [
            291,
            204
        ],
        "bgloc": [
            285,
            242
        ],
        "mean": [
            [
            73.63576158940397,
            67.91390728476821,
            87.16556291390728,
            103.11258278145695,
            110.15894039735099,
            114.58940397350993,
            100.73509933774834,
            108.1456953642384
            ]
        ],
        "min": [
            [
                11,
                14,
                12,
                14,
                15,
                14,
                9,
                11
            ]
        ],
        "max": [
            [
                222,
                248,
                249,
                244,
                247,
                246,
                251,
                249
            ]
        ],
        "RawIntDen": [
            [
                16494,
                15213,
                19525,
                23097,
                24676,
                25668,
                22565,
                24225
            ]
        ],
        "IntDen": [
            [
                16094.3221726093,
                14843.7156111258,
                19051.4856044503,
                22536.972410066,
                24077.0712311521,
                25045.422839523,
                22017.3338040794,
                23637.0429965562
            ]
        ],
        "local_bg": [
            [
                2.5580357142857144,
                5.276785714285714,
                5.334821428571429,
                6.977678571428571,
                6.366071428571429,
                7.026785714285714,
                4.995535714285714,
                5.03125
            ]
        ],
        "area": [
            0.9757440000000002
        ],
        "distance": 18.974127076344868,
        "points": [
            [
                291.0,
                212.0
            ],
            [
                285.0,
                210.0
            ],
            [
                282.6,
                204.0
            ],
            [
                283.6,
                196.6
            ],
            [
                291.0,
                193.8
            ],
            [
                298.8,
                196.2
            ],
            [
                297.2,
                204.0
            ],
            [
                296.8,
                209.8
            ]
        ],
        "shift": null,
        "channel": 0,
        "closest_Dend": 0
    },
    {
        "type": 0,
        "location": [
            431,
            187
        ],
        "bgloc": [
            433.9384140929468,
            167.59924027519247
        ],
        "mean": [
            [
            47.947916666666664,
            57.760416666666664,
            64.59375,
            91.07291666666667,
            56.822916666666664,
            63.010416666666664,
            48.520833333333336,
            58.65625
            ]
        ],
        "min": [
            [
                15,
                14,
                14,
                14,
                17,
                17,
                17,
                20
            ]
        ],
        "max": [
            [
                137,
                154,
                153,
                199,
                130,
                148,
                138,
                167
            ]
        ],
        "RawIntDen": [
            [
                6137,
                7393,
                8268,
                11657,
                7273,
                8065,
                6211,
                7508
            ]
        ],
        "IntDen": [
            [
                3421.980672,
                4122.28608,
                4609.972224,
                6499.756032,
                4055.37792,
                4496.971776,
                3462.868992,
                4186.220544
            ]
        ],
        "local_bg": [
            [
                6.936507936507937,
                9.166666666666666,
                8.452380952380953,
                9.412698412698413,
                9.34920634920635,
                10.285714285714286,
                9.53968253968254,
                9.817460317460318
            ]
        ],
        "area": [
            0.5575680000000001
        ],
        "distance": 28.026065197063065,
        "points": [
            [
                431.0,
                194.2
            ],
            [
                426.8,
                191.2
            ],
            [
                424.6,
                187.0
            ],
            [
                425.8,
                181.8
            ],
            [
                431.0,
                180.0
            ],
            [
                435.8,
                182.2
            ],
            [
                437.6,
                187.0
            ],
            [
                435.4,
                191.4
            ]
        ],
        "shift": null,
        "channel": 0,
        "closest_Dend": 0
    },
    {
        "type": 0,
        "location": [
            577,
            213
        ],
        "bgloc": [
            578,
            199
        ],
        "mean": [
            [
            76.31521739130434,
            65.51086956521739,
            79.73913043478261,
            74.1413043478261,
            71.81521739130434,
            55.380434782608695,
            66.23913043478261,
            63.22826086956522
            ]
        ],
        "min": [
            [
                16,
                10,
                13,
                7,
                9,
                13,
                12,
                12
            ]
        ],
        "max": [
            [
                197,
                172,
                178,
                146,
                165,
                165,
                152,
                211
            ]
        ],
        "RawIntDen": [
            [
                8318,
                7141,
                8692,
                8081,
                7828,
                6036,
                7220,
                6892
            ]
        ],
        "IntDen": [
            [
                3949.58998213044,
                3390.42569752174,
                4126.78993147826,
                3837.08207778261,
                3716.69862013044,
                2866.13886326087,
                3428.11584547826,
                3272.29239795652
            ]
        ],
        "local_bg": [
            [
                10.568807339449542,
                12.422018348623853,
                11.422018348623853,
                11.36697247706422,
                10.779816513761467,
                10.44954128440367,
                10.899082568807339,
                11.541284403669724
            ]
        ],
        "area": [
            0.47480400000000006
        ],
        "distance": 37.826655374349684,
        "points": [
            [
                577.0,
                217.8
            ],
            [
                573.4,
                216.6
            ],
            [
                571.0,
                213.0
            ],
            [
                572.8,
                208.8
            ],
            [
                577.0,
                207.0
            ],
            [
                581.6,
                208.4
            ],
            [
                585.4,
                213.0
            ],
            [
                581.6,
                217.6
            ]
        ],
        "shift": null,
        "channel": 0,
        "closest_Dend": 0
    },
    {
        "type": 0,
        "location": [
            692,
            254
        ],
        "bgloc": [
            692,
            290
        ],
        "mean": [
            [
            93.30909090909091,
            77.95454545454545,
            78.2,
            101.75,
            114.92272727272727,
            113.91818181818182,
            86.64090909090909,
            112.99545454545455
            ]
        ],
        "min": [
            [
                30,
                22,
                11,
                13,
                16,
                11,
                7,
                10
            ]
        ],
        "max": [
            [
                231,
                227,
                250,
                219,
                251,
                255,
                236,
                236
            ]
        ],
        "RawIntDen": [
            [
                25847,
                21593,
                21661,
                28185,
                31834,
                31555,
                24000,
                31300
            ]
        ],
        "IntDen": [
            [
                31186.8396576,
                26054.86653,
                26136.9051768,
                34008.057567,
                38410.7982786001,
                38075.0475203997,
                28958.1230862,
                37766.6429777998
            ]
        ],
        "local_bg": [
            [
                3.288808664259928,
                7.324909747292419,
                7.992779783393502,
                8.108303249097473,
                7.92057761732852,
                8.729241877256317,
                7.241877256317689,
                7.281588447653429
            ]
        ],
        "area": [
            1.2066120000000002
        ],
        "distance": 46.35306394825045,
        "points": [
            [
                692.0,
                263.8
            ],
            [
                686.4,
                259.6
            ],
            [
                682.4,
                254.0
            ],
            [
                681.8,
                243.8
            ],
            [
                692.0,
                243.2
            ],
            [
                697.4,
                248.6
            ],
            [
                699.4,
                254.0
            ],
            [
                700.2,
                262.2
            ]
        ],
        "shift": null,
        "channel": 0,
        "closest_Dend": 0
    },
    {
        "type": 0,
        "location": [
            799,
            210
        ],
        "bgloc": [
            798,
            180
        ],
        "mean": [
            [
            38.432203389830505,
            50.279661016949156,
            52.26271186440678,
            57.652542372881356,
            71.71186440677967,
            76.38135593220339,
            86.05932203389831,
            98.79661016949153
            ]
        ],
        "min": [
            [
                20,
                21,
                14,
                16,
                19,
                17,
                26,
                26
            ]
        ],
        "max": [
            [
                229,
                255,
                255,
                255,
                255,
                255,
                255,
                255
            ]
        ],
        "RawIntDen": [
            [
                7955,
                10408,
                10818,
                11934,
                14844,
                15811,
                17814,
                20451
            ]
        ],
        "IntDen": [
            [
                7173.3801401695,
                9384.71099705086,
                9754.84792159323,
                10760.8611011186,
                13385.0369892203,
                14256.5987217966,
                16062.9934561018,
                18440.4113945086
            ]
        ],
        "local_bg": [
            [
                4.565217391304348,
                7.260869565217392,
                13.768115942028986,
                13.806763285024154,
                16.657004830917874,
                20.753623188405797,
                20.17391304347826,
                21.67632850241546
            ]
        ],
        "area": [
            0.901692
        ],
        "distance": 52.69011841232341,
        "points": [
            [
                799.0,
                217.8
            ],
            [
                789.8,
                219.2
            ],
            [
                791.0,
                210.0
            ],
            [
                793.0,
                204.0
            ],
            [
                799.0,
                202.2
            ],
            [
                805.2,
                203.8
            ],
            [
                806.0,
                210.0
            ],
            [
                804.0,
                215.0
            ]
        ],
        "shift": null,
        "channel": 0,
        "closest_Dend": 0
    }
]