[
    {
        "type": 0,
        "location": [
            323,
            132
        ],
        "bgloc": [
            326,
            154
        ],
        "mean": [
            [
            34.8,
            29.605405405405406,
            35.1945945945946,
            162.95135135135135,
            73.26486486486486,
            62.1027027027027,
            58.108108108108105,
            58.556756756756755
            ]
        ],
        "min": [
            [
                6,
                6,
                6,
                30,
                12,
                8,
                10,
                16
            ]
        ],
        "max": [
            [
                177,
                116,
                140,
                255,
                254,
                203,
                220,
                221
            ]
        ],
        "RawIntDen": [
            [
                10927,
                9296,
                11051,
                51167,
                23005,
                19500,
                18246,
                18387
            ]
        ],
        "IntDen": [
            [
                14946.04932,
                12715.05315,
                15115.52146,
                69985.02686,
                31466.10012,
                26672.1281,
                24956.51293,
                25149.20042
            ]
        ],
        "local_bg": [
            [
                6.063694267515924,
                5.503184713375796,
                5.980891719745223,
                10.987261146496815,
                8.605095541401274,
                8.203821656050955,
                8.337579617834395,
                8.328025477707007
            ]
        ],
        "area": [
            1.367784
        ],
        "distance": 22.948748163103225,
        "points": [
            [
                323.0,
                145.8
            ],
            [
                314.6,
                140.4
            ],
            [
                311.8,
                132.0
            ],
            [
                317.4,
                126.4
            ],
            [
                323.0,
                125.6
            ],
            [
                329.8,
                125.2
            ],
            [
                331.0,
                132.0
            ],
            [
                333.0,
                142.0
            ]
        ],
        "shift": null,
        "channel": 0,
        "closest_Dend": 0
    },
    {
        "type": 0,
        "location": [
            317,
            107
        ],
        "bgloc": [
            312,
            78
        ],
        "mean": [
            [
                47.25,
                33.70744680851064,
                30.70744680851064,
                67.92936354223404,
                26.345744680851062,
                25.51063829787234,
                17.159574468085108,
                14.414893617021276
            ]
        ],
        "min": [
            [
                9,
                6,
                5,
                10,
                6,
                5,
                4,
                5
            ]
        ],
        "max": [
            [
                176,
                109,
                93,
                188,
                105,
                123,
                92,
                67
            ]
        ],
        "RawIntDen": [
            [
                8883,
                6337,
                5773,
                12771,
                4953,
                4796,
                3226,
                2710
            ]
        ],
        "IntDen": [
            [
                7274.537424000001,
                5189.546736,
                4727.671344,
                10458.300471,
                4056.1503840000005,
                3927.5786880000005,
                2641.8617280000003,
                2219.2948800000004
            ]
        ],
        "local_bg": [
            [
                5.303191489361702,
                4.962765957446808,
                5.48936170212766,
                5.654255319148936,
                5.829787234042553,
                5.5638297872340425,
                5.303191489361702,
                5.547872340425532
            ]
        ],
        "area": [
            0.8189280000000001
        ],
        "distance": 22.829394498319534,
        "points": [
            [
                317.0,
                114.8
            ],
            [
                308.0,
                116.0
            ],
            [
                310.4,
                107.0
            ],
            [
                312.0,
                102.0
            ],
            [
                317.0,
                101.0
            ],
            [
                322.2,
                101.8
            ],
            [
                324.2,
                107.0
            ],
            [
                324.0,
                114.0
            ]
        ],
        "shift": null,
        "channel": 0,
        "closest_Dend": 0
    },
    {
        "type": 0,
        "location": [
            284,
            124
        ],
        "bgloc": [
            276,
            110
        ],
        "mean": [
            [
                67.2439024390244,
                52.06707317073171,
                42.83536585365854,
                170.5121951219512,
                114.3780487804878,
                88.54268292682927,
                67.91463414634147,
                68.54878048780488
            ]
        ],
        "min": [
            [
                13,
                12,
                7,
                20,
                15,
                10,
                8,
                8
            ]
        ],
        "max": [
            [
                173,
                126,
                118,
                253,
                251,
                217,
                164,
                193
            ]
        ],
        "RawIntDen": [
            [
                10826,
                8383,
                6896,
                27452,
                18415,
                14255,
                10934,
                11036
            ]
        ],
        "IntDen": [
            [
                7592.635174,
                5878.99091,
                4836.621518,
                19252.85183,
                12914.64006,
                9997.520435,
                7668.368749,
                7739.971402
            ]
        ],
        "local_bg": [
            [
                7.527950310559007,
                7.285714285714286,
                6.968944099378882,
                9.652173913043478,
                8.354037267080745,
                7.428571428571429,
                7.0,
                6.968944099378882
            ]
        ],
        "area": [
            0.701316
        ],
        "distance": 20.656627700953067,
        "points": [
            [
                284.0,
                130.2
            ],
            [
                275.2,
                132.8
            ],
            [
                275.6,
                124.0
            ],
            [
                279.2,
                119.2
            ],
            [
                284.0,
                118.0
            ],
            [
                289.6,
                118.4
            ],
            [
                290.8,
                124.0
            ],
            [
                288.4,
                128.4
            ]
        ],
        "shift": null,
        "channel": 0,
        "closest_Dend": 0
    }
]