[
    {
        "type": 0,
        "location": [
            894,
            198
        ],
        "bgloc": [
            922,
            166
        ],
        "mean": [
            [
            74.28865979381443,
            68.63917525773196,
            63.65979381443299,
            87.94845360824742,
            66.50515463917526,
            74.6082474226804,
            87.0721649484536,
            102.21649484536083
            ]
        ],
        "min": [
            [
                3,
                9,
                4,
                7,
                15,
                11,
                16,
                13
            ]
        ],
        "max": [
            [
                172,
                162,
                128,
                220,
                182,
                250,
                220,
                227
            ]
        ],
        "RawIntDen": [
            [
                18289,
                14765,
                15253,
                21430,
                27026,
                31117,
                29551,
                26142
            ]
        ],
        "IntDen": [
            [
                27317.5430055303,
                22053.88607778746,
                22782.792031459,
                32009.128252420272,
                40367.64816378489,
                46478.210164748554,
                44139.13901013866,
                39047.25295262579
            ]
        ],
        "local_bg": [
            [
                3.127906976744186,
                5.1395348837209305,
                4.438953488372093,
                4.252906976744186,
                4.962209302325581,
                5.659883720930233,
                5.950581395348837,
                6.049418604651163
            ]
        ],
        "area": [
            1.493659741130204
        ],
        "distance": 56.243788764923266,
        "points": [
            [
                894.0,
                213.6
            ],
            [
                885.0,
                207.0
            ],
            [
                879.2,
                198.0
            ],
            [
                888.6,
                192.6
            ],
            [
                894.0,
                189.8
            ],
            [
                901.0,
                191.0
            ],
            [
                903.8,
                198.0
            ],
            [
                900.2,
                204.2
            ]
        ],
        "shift": null,
        "channel": 0,
        "closest_Dend": 0
    },
    {
        "type": 0,
        "location": [
            839,
            196
        ],
        "bgloc": [
            829,
            214
        ],
        "mean": [
            [
            51.31578947368421,
            38.95789473684211,
            48.50526315789474,
            66.01052631578948,
            46.915789473684214,
            45.252631578947366,
            50.73684210526316,
            50.95789473684211
            ]
        ],
        "min": [
            [
                10,
                9,
                12,
                13,
                5,
                7,
                7,
                11
            ]
        ],
        "max": [
            [
                110,
                123,
                164,
                152,
                119,
                110,
                105,
                96
            ]
        ],
        "RawIntDen": [
            [
                9265,
                8763,
                9933,
                11607,
                6720,
                6442,
                7763,
                9318
            ]
        ],
        "IntDen": [
            [
                9212.42868563906,
                8713.277125985438,
                9876.638330755832,
                11541.139746811934,
                6681.8694838094425,
                6405.446906949469,
                7718.951309942367,
                9265.127953889343
            ]
        ],
        "local_bg": [
            [
                8.179039301310043,
                8.475982532751091,
                8.991266375545852,
                8.733624454148472,
                7.965065502183406,
                8.030567685589519,
                8.751091703056769,
                9.637554585152838
            ]
        ],
        "area": [
            0.9943258160430718
        ],
        "distance": 53.26291660191096,
        "points": [
            [
                839.0,
                204.0
            ],
            [
                832.8,
                202.2
            ],
            [
                830.2,
                196.0
            ],
            [
                832.0,
                189.0
            ],
            [
                839.0,
                188.8
            ],
            [
                844.2,
                190.8
            ],
            [
                851.2,
                196.0
            ],
            [
                845.6,
                202.6
            ]
        ],
        "shift": null,
        "channel": 0,
        "closest_Dend": 0
    },
    {
        "type": 0,
        "location": [
            761,
            208
        ],
        "bgloc": [
            767,
            253
        ],
        "mean": [
            [
            69.50210970464136,
            65.33333333333333,
            64.50632911392405,
            70.25316455696202,
            71.50632911392405,
            78.39240506329114,
            75.20675105485232,
            72.92827004219409
            ]
        ],
        "min": [
            [
                10,
                10,
                11,
                11,
                5,
                8,
                7,
                20
            ]
        ],
        "max": [
            [
                211,
                213,
                224,
                228,
                166,
                191,
                201,
                181
            ]
        ],
        "RawIntDen": [
            [
                33290,
                32195,
                33014,
                35207,
                27404,
                29659,
                30256,
                33294
            ]
        ],
        "IntDen": [
            [
                65624.02756723814,
                63465.47213959843,
                65079.953322463196,
                69402.97802822929,
                54021.05291236389,
                58466.297194854786,
                59643.153441704926,
                65631.91270122038
            ]
        ],
        "local_bg": [
            [
                3.511013215859031,
                4.325991189427313,
                4.41409691629956,
                4.20704845814978,
                4.477973568281938,
                4.746696035242291,
                4.887665198237886,
                5.057268722466961
            ]
        ],
        "area": [
            1.9712834955613738
        ],
        "distance": 47.41725406366843,
        "points": [
            [
                761.0,
                219.4
            ],
            [
                753.8,
                215.2
            ],
            [
                751.4,
                208.0
            ],
            [
                753.2,
                200.2
            ],
            [
                761.0,
                195.8
            ],
            [
                775.0,
                194.0
            ],
            [
                774.6,
                208.0
            ],
            [
                770.4,
                217.4
            ]
        ],
        "shift": null,
        "channel": 0,
        "closest_Dend": 0
    },
    {
        "type": 0,
        "location": [
            659,
            162
        ],
        "bgloc": [
            648,
            106
        ],
        "mean": [
            [
            31.83653846153846,
            33.86538461538461,
            27.903846153846153,
            69.21153846153847,
            49.19230769230769,
            37.71153846153846,
            37.54807692307692,
            30.384615384615383
            ]
        ],
        "min": [
            [
                4,
                3,
                5,
                6,
                7,
                5,
                7,
                2
            ]
        ],
        "max": [
            [
                84,
                90,
                65,
                145,
                124,
                119,
                93,
                73
            ]
        ],
        "RawIntDen": [
            [
                5803,
                6014,
                5131,
                11962,
                9001,
                7061,
                7479,
                6198
            ]
        ],
        "IntDen": [
            [
                5770.072710497946,
                5979.875457683034,
                5101.885762117002,
                11894.125411507226,
                8949.92667020369,
                7020.93458708013,
                7436.562778186134,
                6162.8314078349595
            ]
        ],
        "local_bg": [
            [
                7.08296943231441,
                7.4104803493449785,
                8.925764192139738,
                8.270742358078603,
                6.08296943231441,
                7.314410480349345,
                7.362445414847161,
                9.109170305676855
            ]
        ],
        "area": [
            0.9943258160430718
        ],
        "distance": 41.61319658644843,
        "points": [
            [
                659.0,
                169.6
            ],
            [
                653.2,
                167.8
            ],
            [
                652.2,
                162.0
            ],
            [
                653.4,
                156.4
            ],
            [
                659.0,
                153.6
            ],
            [
                667.8,
                153.2
            ],
            [
                670.4,
                162.0
            ],
            [
                665.2,
                168.2
            ]
        ],
        "shift": null,
        "channel": 0,
        "closest_Dend": 0
    },
    {
        "type": 0,
        "location": [
            638,
            230
        ],
        "bgloc": [
            662,
            264
        ],
        "mean": [
            [
            41.73684210526316,
            24.96842105263158,
            40.357894736842105,
            52.31578947368421,
            43.02105263157895,
            34.526315789473685,
            49.8,
            45.31578947368421
            ]
        ],
        "min": [
            [
                2,
                1,
                4,
                5,
                4,
                5,
                6,
                7
            ]
        ],
        "max": [
            [
                121,
                85,
                106,
                141,
                179,
                213,
                162,
                174
            ]
        ],
        "RawIntDen": [
            [
                11299,
                10379,
                10742,
                16229,
                18148,
                19063,
                18490,
                20600
            ]
        ],
        "IntDen": [
            [
                20654.530975952628,
                18972.774316259165,
                19636.33699829039,
                29666.5530762665,
                33174.478108822754,
                34847.09478667005,
                33799.6528671001,
                37656.72520617967
            ]
        ],
        "local_bg": [
            [
                2.980997624703088,
                4.346793349168646,
                4.68646080760095,
                4.608076009501188,
                4.551068883610451,
                5.104513064133017,
                5.475059382422803,
                5.463182897862233
            ]
        ],
        "area": [
            1.827996369232023
        ],
        "distance": 38.25767478698155,
        "points": [
            [
                638.0,
                237.8
            ],
            [
                632.0,
                236.0
            ],
            [
                619.4,
                230.0
            ],
            [
                629.2,
                221.2
            ],
            [
                638.0,
                219.2
            ],
            [
                646.0,
                222.0
            ],
            [
                656.6,
                230.0
            ],
            [
                645.0,
                237.0
            ]
        ],
        "shift": null,
        "channel": 0,
        "closest_Dend": 0
    },
    {
        "type": 0,
        "location": [
            210,
            187
        ],
        "bgloc": [
            198,
            156
        ],
        "mean": [
            [
            85.13679245283019,
            91.85849056603773,
            87.76886792452831,
            132.67924528301887,
            104.03301886792453,
            138.0,
            148.10377358490567,
            191.16509433962264
            ]
        ],
        "min": [
            [
                4,
                5,
                4,
                8,
                12,
                16,
                19,
                15
            ]
        ],
        "max": [
            [
                248,
                255,
                238,
                255,
                248,
                255,
                255,
                255
            ]
        ],
        "RawIntDen": [
            [
                27461,
                28979,
                30112,
                45526,
                47262,
                60072,
                65697,
                82620
            ]
        ],
        "IntDen": [
            [
                62003.0316238715,
                65430.45968566958,
                67988.61251440292,
                102791.23184546718,
                106710.87289637722,
                135634.0306510764,
                148334.48048481432,
                186544.20715794267
            ]
        ],
        "local_bg": [
            [
                5.263461538461539,
                5.723076923076923,
                6.1365384615384615,
                6.280769230769231,
                6.986538461538461,
                8.163461538461538,
                8.665384615384616,
                9.898076923076923
            ]
        ],
        "area": [
            2.2578577482200757
        ],
        "distance": 10.00676408046486,
        "points": [
            [
                210.0,
                197.2
            ],
            [
                203.4,
                193.6
            ],
            [
                200.0,
                187.0
            ],
            [
                200.8,
                177.8
            ],
            [
                210.0,
                172.0
            ],
            [
                221.4,
                175.6
            ],
            [
                232.0,
                187.0
            ],
            [
                217.8,
                194.8
            ]
        ],
        "shift": null,
        "channel": 0,
        "closest_Dend": 0
    },
    {
        "type": 0,
        "location": [
            160,
            253
        ],
        "bgloc": [
            181,
            295
        ],
        "mean": [
            [
            74.8125,
            70.41964285714286,
            72.79464285714286,
            78.28571428571429,
            77.42857142857143,
            86.89285714285714,
            76.33928571428571,
            79.4375
            ]
        ],
        "min": [
            [
                16,
                8,
                11,
                9,
                8,
                9,
                8,
                9
            ]
        ],
        "max": [
            [
                196,
                188,
                194,
                182,
                187,
                189,
                182,
                196
            ]
        ],
        "RawIntDen": [
            [
                21250,
                19897,
                18593,
                18782,
                15209,
                15692,
                14684,
                15024
            ]
        ],
        "IntDen": [
            [
                25927.371305882938,
                24276.560323442485,
                22685.53480895442,
                22916.135899627923,
                18556.677185466993,
                19145.991083854828,
                17916.118600262827,
                18330.956541156953
            ]
        ],
        "local_bg": [
            [
                4.1138790035587185,
                4.270462633451957,
                4.494661921708185,
                4.220640569395018,
                4.430604982206406,
                4.629893238434164,
                4.98220640569395,
                5.01423487544484
            ]
        ],
        "area": [
            1.2201115908650795
        ],
        "distance": 5.207649793120811,
        "points": [
            [
                160.0,
                259.6
            ],
            [
                154.4,
                258.6
            ],
            [
                152.8,
                253.0
            ],
            [
                151.2,
                244.2
            ],
            [
                160.0,
                238.8
            ],
            [
                170.6,
                242.4
            ],
            [
                167.0,
                253.0
            ],
            [
                165.0,
                258.0
            ]
        ],
        "shift": null,
        "channel": 0,
        "closest_Dend": 0
    }
]