[
    {
        "type": 0,
        "location": [
            301,
            288
        ],
        "bgloc": [
            303,
            264
        ],
        "mean": [
            [
            88.95212765957447,
            78.14893617021276,
            88.40425531914893,
            123.94680851063829,
            106.43617021276596,
            105.78191489361703,
            100.17021276595744,
            113.74468085106383
            ]
        ],
        "min": [
            [
                16,
                12,
                10,
                24,
                15,
                11,
                14,
                14
            ]
        ],
        "max": [
            [
                232,
                206,
                235,
                221,
                204,
                215,
                208,
                248
            ]
        ],
        "RawIntDen": [
            [
                21703,
                19732,
                21052,
                29117,
                23337,
                21918,
                22188,
                23335
            ]
        ],
        "IntDen": [
            [
                25430.794092000004,
                23121.247248000003,
                24667.975728,
                34118.252388,
                27345.456468000004,
                25682.723352000005,
                25999.099632,
                27343.112940000003
            ]
        ],
        "local_bg": [
            [
                7.66542750929368,
                7.5018587360594795,
                7.877323420074349,
                8.576208178438662,
                8.446096654275093,
                8.732342007434944,
                8.371747211895912,
                8.631970260223047
            ]
        ],
        "area": [
            1.171764
        ],
        "distance": 18.480505104999782,
        "points": [
            [
                301.0,
                295.4
            ],
            [
                295.2,
                293.8
            ],
            [
                294.6,
                288.0
            ],
            [
                296.2,
                283.2
            ],
            [
                301.0,
                279.8
            ],
            [
                311.2,
                277.8
            ],
            [
                314.2,
                288.0
            ],
            [
                309.2,
                296.2
            ]
        ],
        "shift": null,
        "channel": 0,
        "closest_Dend": 0
    },
    {
        "type": 0,
        "location": [
            255,
            318
        ],
        "bgloc": [
            252,
            361
        ],
        "mean": [
            [
            29.006711409395972,
            31.79194630872483,
            31.23489932885906,
            93.47651006711409,
            52.12080536912752,
            41.48322147651007,
            74.09395973154362,
            49.02013422818792
            ]
        ],
        "min": [
            [
                5,
                5,
                5,
                11,
                6,
                5,
                7,
                7
            ]
        ],
        "max": [
            [
                93,
                83,
                123,
                206,
                110,
                118,
                176,
                130
            ]
        ],
        "RawIntDen": [
            [
                4919,
                5401,
                5330,
                15072,
                8213,
                6914,
                10604,
                6401
            ]
        ],
        "IntDen": [
            [
                4413.995784000001,
                4846.511736,
                4782.800880000001,
                13524.648192000002,
                7369.820568000001,
                6204.181104000001,
                9515.350944000002,
                5743.847736000001
            ]
        ],
        "local_bg": [
            [
                5.995145631067961,
                6.315533980582524,
                6.388349514563107,
                6.446601941747573,
                6.592233009708738,
                6.441747572815534,
                7.024271844660194,
                6.776699029126213
            ]
        ],
        "area": [
            0.8973360000000001
        ],
        "distance": 15.607696449668294,
        "points": [
            [
                255.0,
                327.4
            ],
            [
                250.2,
                322.8
            ],
            [
                249.2,
                318.0
            ],
            [
                250.4,
                313.4
            ],
            [
                255.0,
                312.2
            ],
            [
                260.0,
                313.0
            ],
            [
                266.4,
                318.0
            ],
            [
                264.4,
                327.4
            ]
        ],
        "shift": null,
        "channel": 0,
        "closest_Dend": 0
    },
    {
        "type": 0,
        "location": [
            238,
            280
        ],
        "bgloc": [
            242,
            252
        ],
        "mean": [
            [
                22.026905829596412,
                28.228699551569505,
                24.878923766816143,
                70.10762331838565,
                36.68609865470852,
                34.573991031390136,
                46.044843049327355,
                45.19282511210762
            ]
        ],
        "min": [
            [
                6,
                5,
                7,
                11,
                7,
                7,
                9,
                9
            ]
        ],
        "max": [
            [
                90,
                109,
                78,
                174,
                117,
                143,
                157,
                169
            ]
        ],
        "RawIntDen": [
            [
                4912,
                6295,
                5548,
                15634,
                8181,
                7710,
                10268,
                10078
            ]
        ],
        "IntDen": [
            [
                4771.457856000001,
                6114.887460000001,
                5389.2606240000005,
                15186.679992000001,
                7946.925228000001,
                7489.40148,
                9974.211984000001,
                9789.648264000001
            ]
        ],
        "local_bg": [
            [
                7.484304932735426,
                7.605381165919282,
                7.865470852017937,
                9.044843049327355,
                9.511210762331839,
                10.614349775784753,
                11.376681614349776,
                12.36322869955157
            ]
        ],
        "area": [
            0.9713880000000001
        ],
        "distance": 14.233945534055607,
        "points": [
            [
                238.0,
                288.4
            ],
            [
                232.2,
                285.8
            ],
            [
                231.8,
                280.0
            ],
            [
                233.0,
                275.0
            ],
            [
                238.0,
                273.4
            ],
            [
                245.6,
                272.4
            ],
            [
                250.6,
                280.0
            ],
            [
                245.4,
                287.4
            ]
        ],
        "shift": null,
        "channel": 0,
        "closest_Dend": 0
    }
]