[
    {
        "type": 0,
        "location": [
            126,
            279
        ],
        "bgloc": [
            122,
            324
        ],
        "mean": [
            [
                24.97826086956522,
                28.340579710144926,
                23.344202898550726,
                23.655797101449274,
                26.094202898550726,
                16.8731884057971,
                15.532608695652174,
                18.496376811594203
            ]
        ],
        "min": [
            [
                6,
                5,
                4,
                3,
                3,
                2,
                1,
                2
            ]
        ],
        "max": [
            [
                131,
                74,
                79,
                78,
                82,
                67,
                55,
                66
            ]
        ],
        "RawIntDen": [
            [
                6894,
                7822,
                6443,
                6529,
                7202,
                4657,
                4287,
                5105
            ]
        ],
        "IntDen": [
            [
                8288.352864,
                9404.046432000001,
                7746.135408000001,
                7849.529424000001,
                8658.647712000002,
                5598.906192,
                5154.0714720000005,
                6137.516880000001
            ]
        ],
        "local_bg": [
            [
                4.257246376811594,
                4.231884057971015,
                4.083333333333333,
                4.365942028985507,
                3.902173913043478,
                4.242753623188406,
                4.217391304347826,
                4.409420289855072
            ]
        ],
        "area": [
            1.2022560000000002
        ],
        "distance": 2.6452320122563284,
        "points": [
            [
                126.0,
                284.8
            ],
            [
                121.4,
                283.6
            ],
            [
                116.0,
                279.0
            ],
            [
                114.0,
                267.0
            ],
            [
                126.0,
                267.0
            ],
            [
                132.8,
                272.2
            ],
            [
                133.8,
                279.0
            ],
            [
                130.6,
                283.6
            ]
        ],
        "shift": null,
        "channel": 0,
        "closest_Dend": 0
    },
    {
        "type": 0,
        "location": [
            149,
            242
        ],
        "bgloc": [
            155,
            209
        ],
        "mean": [
            [
                59.68669527896996,
                46.73390557939914,
                45.497854077253216,
                45.63948497854077,
                40.73390557939914,
                45.63948497854077,
                41.8755364806867,
                43.01716738197425
            ]
        ],
        "min": [
            [
                6,
                8,
                5,
                7,
                6,
                6,
                5,
                4
            ]
        ],
        "max": [
            [
                146,
                103,
                161,
                135,
                103,
                143,
                92,
                141
            ]
        ],
        "RawIntDen": [
            [
                13907,
                10889,
                10601,
                10634,
                9491,
                10634,
                9757,
                10023
            ]
        ],
        "IntDen": [
            [
                14114.881836000002,
                11051.768772000001,
                10759.463748000002,
                10792.957032000002,
                9632.871468000001,
                10792.957032000002,
                9902.847636,
                10172.823804000001
            ]
        ],
        "local_bg": [
            [
                4.175965665236052,
                4.476394849785407,
                5.017167381974249,
                4.055793991416309,
                3.4935622317596566,
                4.424892703862661,
                4.656652360515022,
                4.592274678111588
            ]
        ],
        "area": [
            1.0149480000000002
        ],
        "distance": 3.8444290078372343,
        "points": [
            [
                149.0,
                251.6
            ],
            [
                140.8,
                250.2
            ],
            [
                137.0,
                242.0
            ],
            [
                143.6,
                236.6
            ],
            [
                149.0,
                237.0
            ],
            [
                153.0,
                238.0
            ],
            [
                155.6,
                242.0
            ],
            [
                157.8,
                250.8
            ]
        ],
        "shift": null,
        "channel": 0,
        "closest_Dend": 0
    },
    {
        "type": 0,
        "location": [
            176,
            278
        ],
        "bgloc": [
            170,
            306
        ],
        "mean": [
            [
                31.613733905579398,
                29.738197424892704,
                23.88412017167382,
                24.369098712446352,
                28.721030042918454,
                33.48927038626609,
                22.93991416309013,
                22.88412017167382
            ]
        ],
        "min": [
            [
                7,
                4,
                5,
                5,
                5,
                4,
                1,
                5
            ]
        ],
        "max": [
            [
                98,
                83,
                58,
                74,
                92,
                110,
                82,
                79
            ]
        ],
        "RawIntDen": [
            [
                7366,
                6929,
                5565,
                5678,
                6692,
                7803,
                5345,
                5332
            ]
        ],
        "IntDen": [
            [
                7476.106968000001,
                7032.574692000001,
                5648.18562,
                5762.874744000001,
                6792.032016000001,
                7919.639244000001,
                5424.89706,
                5411.702736
            ]
        ],
        "local_bg": [
            [
                4.536480686695279,
                4.0042918454935625,
                4.330472103004292,
                4.545064377682404,
                4.124463519313305,
                4.785407725321888,
                5.622317596566524,
                4.802575107296137
            ]
        ],
        "area": [
            1.0149480000000002
        ],
        "distance": 6.061268597114873,
        "points": [
            [
                176.0,
                284.4
            ],
            [
                170.4,
                283.6
            ],
            [
                166.6,
                278.0
            ],
            [
                165.6,
                267.6
            ],
            [
                176.0,
                269.6
            ],
            [
                182.8,
                271.2
            ],
            [
                184.4,
                278.0
            ],
            [
                181.4,
                283.4
            ]
        ],
        "shift": null,
        "channel": 0,
        "closest_Dend": 0
    }
]