[
    {
        "type": 0,
        "location": [
            259,
            335
        ],
        "bgloc": [
            55,
            220
        ],
        "mean": [
            [
                37.83510638297872,
                34.159574468085104,
                21.04787234042553,
                29.18617021276596,
                24.72872340425532,
                17.80851063829787,
                27.77127659574468,
                19.420212765957448
            ]
        ],
        "min": [
            [
                4,
                6,
                4,
                4,
                1,
                2,
                4,
                0
            ]
        ],
        "max": [
            [
                117,
                94,
                67,
                105,
                102,
                74,
                86,
                80
            ]
        ],
        "RawIntDen": [
            [
                7113,
                6422,
                3957,
                5487,
                4649,
                3348,
                5221,
                3651
            ]
        ],
        "IntDen": [
            [
                5825.034864000001,
                5259.155616000001,
                3240.4980960000003,
                4493.457936000001,
                3807.1962720000006,
                2741.7709440000003,
                4275.623088,
                2989.9061280000005
            ]
        ],
        "local_bg": [
            [
                8.388297872340425,
                8.48404255319149,
                7.829787234042553,
                8.425531914893616,
                8.457446808510639,
                9.095744680851064,
                8.042553191489361,
                7.787234042553192
            ]
        ],
        "area": [
            0.8189280000000001
        ],
        "distance": 4.417558607180648,
        "points": [
            [
                259.0,
                343.4
            ],
            [
                253.4,
                340.6
            ],
            [
                252.6,
                335.0
            ],
            [
                252.8,
                328.8
            ],
            [
                259.0,
                326.0
            ],
            [
                266.6,
                327.4
            ],
            [
                266.2,
                335.0
            ],
            [
                263.6,
                339.6
            ]
        ],
        "shift": null,
        "channel": 0,
        "closest_Dend": 0
    },
    {
        "type": 0,
        "location": [
            240,
            325
        ],
        "bgloc": [
            102,
            207
        ],
        "mean": [
            [
                40.549019607843135,
                40.130718954248366,
                33.01960784313726,
                48.44444444444444,
                27.50326797385621,
                25.745098039215687,
                43.254901960784316,
                33.529411764705884
            ]
        ],
        "min": [
            [
                6,
                6,
                5,
                5,
                4,
                4,
                4,
                4
            ]
        ],
        "max": [
            [
                88,
                86,
                96,
                131,
                85,
                94,
                141,
                105
            ]
        ],
        "RawIntDen": [
            [
                6204,
                6140,
                5052,
                7412,
                4208,
                3939,
                6618,
                5130
            ]
        ],
        "IntDen": [
            [
                4134.767472,
                4092.1135200000003,
                3366.9963360000006,
                4939.860816,
                2804.4973440000003,
                2625.2174520000003,
                4410.685224000001,
                3418.98084
            ]
        ],
        "local_bg": [
            [
                87.92156862745098,
                109.31372549019608,
                108.66666666666667,
                114.55555555555556,
                51.869281045751634,
                88.94117647058823,
                69.39869281045752,
                27.797385620915033
            ]
        ],
        "area": [
            0.6664680000000001
        ],
        "distance": 3.1927417429317155,
        "points": [
            [
                240.0,
                331.2
            ],
            [
                234.6,
                330.4
            ],
            [
                233.0,
                325.0
            ],
            [
                234.0,
                319.0
            ],
            [
                240.0,
                317.2
            ],
            [
                245.8,
                319.2
            ],
            [
                247.2,
                325.0
            ],
            [
                244.2,
                329.2
            ]
        ],
        "shift": null,
        "channel": 0,
        "closest_Dend": 0
    },
    {
        "type": 0,
        "location": [
            229,
            292
        ],
        "bgloc": [
            197,
            215
        ],
        "mean": [
            [
                53.409909909909906,
                45.527027027027025,
                51.531531531531535,
                63.12162162162162,
                49.171171171171174,
                43.4054054054054,
                46.64414414414414,
                41.468468468468465
            ]
        ],
        "min": [
            [
                9,
                8,
                6,
                9,
                7,
                6,
                5,
                5
            ]
        ],
        "max": [
            [
                132,
                123,
                152,
                152,
                172,
                110,
                122,
                119
            ]
        ],
        "RawIntDen": [
            [
                11857,
                10107,
                11440,
                14013,
                10916,
                9636,
                10355,
                9206
            ]
        ],
        "IntDen": [
            [
                11466.098424000002,
                9773.792424000001,
                11062.846080000001,
                13551.019416000001,
                10556.121312000001,
                9318.320352,
                10013.616360000002,
                8902.496592000001
            ]
        ],
        "local_bg": [
            [
                15.436936936936936,
                16.72972972972973,
                13.702702702702704,
                13.32882882882883,
                12.265765765765765,
                11.59009009009009,
                12.99099099099099,
                9.644144144144144
            ]
        ],
        "area": [
            0.9670320000000001
        ],
        "distance": 1.8403099475736044,
        "points": [
            [
                229.0,
                301.8
            ],
            [
                221.8,
                299.2
            ],
            [
                223.0,
                292.0
            ],
            [
                223.0,
                286.0
            ],
            [
                229.0,
                283.2
            ],
            [
                235.6,
                285.4
            ],
            [
                236.8,
                292.0
            ],
            [
                236.0,
                299.0
            ]
        ],
        "shift": null,
        "channel": 0,
        "closest_Dend": 0
    }
]