[
    {
        "type": 0,
        "location": [
            110,
            210
        ],
        "bgloc": [
            121.14811544269656,
            250.14202537132098
        ],
        "mean": [
            [
                55.1044776119403,
                40.64179104477612,
                36.56218905472637,
                82.79601990049751,
                59.72636815920398,
                53.940298507462686,
                50.233830845771145,
                58.80597014925373
            ]
        ],
        "min": [
            [
                7,
                7,
                5,
                12,
                6,
                7,
                8,
                7
            ]
        ],
        "max": [
            [
                185,
                152,
                122,
                190,
                170,
                198,
                191,
                177
            ]
        ],
        "RawIntDen": [
            [
                11076,
                8169,
                7349,
                16642,
                12005,
                10842,
                10097,
                11820
            ]
        ],
        "IntDen": [
            [
                9666.56637745458,
                7129.485440359918,
                6413.831374856781,
                14524.28653427222,
                10477.350068738013,
                9462.343144128074,
                8812.145243152663,
                10315.891529569622
            ]
        ],
        "local_bg": [
            [
                6.01010101010101,
                5.9646464646464645,
                5.702020202020202,
                5.98989898989899,
                5.843434343434343,
                5.984848484848484,
                6.267676767676767,
                6.3232323232323235
            ]
        ],
        "area": [
            0.8727488603696804
        ],
        "distance": 5.5203634844505265,
        "points": [
            [
                110.0,
                218.4
            ],
            [
                104.0,
                216.0
            ],
            [
                102.6,
                210.0
            ],
            [
                104.8,
                204.8
            ],
            [
                110.0,
                203.0
            ],
            [
                115.2,
                204.8
            ],
            [
                120.6,
                210.0
            ],
            [
                117.0,
                217.0
            ]
        ],
        "shift": null,
        "channel": 0,
        "closest_Dend": 0
    },
    {
        "type": 0,
        "location": [
            125,
            178
        ],
        "bgloc": [
            138.25436178689745,
            151.7811088921659
        ],
        "mean": [
            [
                34.078048780487805,
                41.326829268292684,
                41.00487804878049,
                81.66341463414633,
                70.72682926829269,
                61.19512195121951,
                57.20975609756098,
                70.99512195121952
            ]
        ],
        "min": [
            [
                8,
                6,
                7,
                13,
                15,
                17,
                12,
                13
            ]
        ],
        "max": [
            [
                120,
                134,
                150,
                202,
                168,
                181,
                135,
                185
            ]
        ],
        "RawIntDen": [
            [
                6986,
                8472,
                8406,
                16741,
                14499,
                12545,
                11728,
                14554
            ]
        ],
        "IntDen": [
            [
                6218.357340304628,
                7541.071197689781,
                7482.323475894747,
                14901.448645009988,
                12905.806337972632,
                11166.517726040876,
                10439.29213957811,
                12954.762772801827
            ]
        ],
        "local_bg": [
            [
                7.134615384615385,
                7.1923076923076925,
                7.25,
                8.01923076923077,
                8.10576923076923,
                8.346153846153847,
                8.182692307692308,
                8.278846153846153
            ]
        ],
        "area": [
            0.8901169968944501
        ],
        "distance": 6.635444929251539,
        "points": [
            [
                125.0,
                184.8
            ],
            [
                119.2,
                183.8
            ],
            [
                118.2,
                178.0
            ],
            [
                118.2,
                171.2
            ],
            [
                125.0,
                168.4
            ],
            [
                131.6,
                171.4
            ],
            [
                134.2,
                178.0
            ],
            [
                131.2,
                184.2
            ]
        ],
        "shift": null,
        "channel": 0,
        "closest_Dend": 0
    },
    {
        "type": 0,
        "location": [
            419,
            186
        ],
        "bgloc": [
            415,
            216
        ],
        "mean": [
            [
                38.56333333333333,
                44.776666666666664,
                43.01,
                41.443333333333335,
                46.17,
                42.94,
                44.43333333333333,
                51.833333333333336
            ]
        ],
        "min": [
            [
                7,
                7,
                6,
                9,
                9,
                8,
                9,
                9
            ]
        ],
        "max": [
            [
                150,
                145,
                140,
                156,
                164,
                150,
                114,
                154
            ]
        ],
        "RawIntDen": [
            [
                11569,
                13433,
                12903,
                12433,
                13851,
                12882,
                13330,
                15550
            ]
        ],
        "IntDen": [
            [
                15069.8978591296,
                17497.963345292414,
                16807.579918432813,
                16195.35310593468,
                18042.454425343945,
                16780.2251034063,
                17363.794490638567,
                20255.58922201273
            ]
        ],
        "local_bg": [
            [
                10.92,
                11.116666666666667,
                10.536666666666667,
                11.206666666666667,
                11.743333333333334,
                11.44,
                11.81,
                13.836666666666666
            ]
        ],
        "area": [
            1.302610239357732
        ],
        "distance": 26.494881957713712,
        "points": [
            [
                419.0,
                193.8
            ],
            [
                412.8,
                192.2
            ],
            [
                406.4,
                186.0
            ],
            [
                409.6,
                176.6
            ],
            [
                419.0,
                177.0
            ],
            [
                426.0,
                179.0
            ],
            [
                431.2,
                186.0
            ],
            [
                424.8,
                191.8
            ]
        ],
        "shift": null,
        "channel": 0,
        "closest_Dend": 0
    },
    {
        "type": 0,
        "location": [
            363,
            184
        ],
        "bgloc": [
            366,
            213
        ],
        "mean": [
            [
                44.78709677419355,
                42.16451612903226,
                43.36451612903226,
                44.935483870967744,
                55.806451612903224,
                71.02903225806452,
                54.380645161290325,
                56.958064516129035
            ]
        ],
        "min": [
            [
                9,
                10,
                10,
                11,
                11,
                14,
                12,
                11
            ]
        ],
        "max": [
            [
                165,
                149,
                164,
                147,
                174,
                204,
                146,
                147
            ]
        ],
        "RawIntDen": [
            [
                13884,
                13071,
                13443,
                13930,
                17300,
                22019,
                16858,
                17657
            ]
        ],
        "IntDen": [
            [
                18688.288582017507,
                17593.965719933076,
                18094.68909594219,
                18750.20598872831,
                23286.329045585055,
                29638.24735576516,
                22691.383528929066,
                23766.86196288412
            ]
        ],
        "local_bg": [
            [
                10.319354838709678,
                9.53225806451613,
                10.14516129032258,
                8.748387096774193,
                9.625806451612902,
                11.464516129032258,
                13.374193548387098,
                29.216129032258063
            ]
        ],
        "area": [
            1.3460305806696562
        ],
        "distance": 22.545927301213936,
        "points": [
            [
                363.0,
                192.6
            ],
            [
                356.0,
                191.0
            ],
            [
                345.4,
                184.0
            ],
            [
                355.4,
                176.4
            ],
            [
                363.0,
                177.8
            ],
            [
                371.4,
                175.6
            ],
            [
                372.0,
                184.0
            ],
            [
                370.0,
                191.0
            ]
        ],
        "shift": null,
        "channel": 0,
        "closest_Dend": 0
    },
    {
        "type": 0,
        "location": [
            240,
            156
        ],
        "bgloc": [
            236,
            135
        ],
        "mean": [
            [
                39.033557046979865,
                32.74496644295302,
                37.1744966442953,
                46.68456375838926,
                51.899328859060404,
                45.788590604026844,
                45.09060402684564,
                39.96979865771812
            ]
        ],
        "min": [
            [
                8,
                6,
                7,
                9,
                11,
                7,
                9,
                8
            ]
        ],
        "max": [
            [
                198,
                175,
                149,
                139,
                130,
                157,
                144,
                111
            ]
        ],
        "RawIntDen": [
            [
                11632,
                9758,
                11078,
                13912,
                15466,
                13645,
                13437,
                11911
            ]
        ],
        "IntDen": [
            [
                15050.949222181076,
                12626.131577548396,
                14334.114123394254,
                18001.100892278468,
                20011.862162160636,
                17655.62260459601,
                17386.485961008177,
                15411.954623916678
            ]
        ],
        "local_bg": [
            [
                7.708053691275167,
                7.543624161073826,
                7.597315436241611,
                8.208053691275168,
                7.926174496644295,
                8.073825503355705,
                8.738255033557047,
                8.751677852348994
            ]
        ],
        "area": [
            1.293926171095347
        ],
        "distance": 14.613344626887173,
        "points": [
            [
                240.0,
                162.8
            ],
            [
                234.2,
                161.8
            ],
            [
                233.8,
                156.0
            ],
            [
                233.0,
                149.0
            ],
            [
                240.0,
                145.0
            ],
            [
                249.0,
                147.0
            ],
            [
                257.4,
                156.0
            ],
            [
                246.0,
                162.0
            ]
        ],
        "shift": null,
        "channel": 0,
        "closest_Dend": 0
    },
    {
        "type": 0,
        "location": [
            222,
            185
        ],
        "bgloc": [
            227,
            212
        ],
        "mean": [
            [
                67.46974063400576,
                57.93659942363112,
                47.455331412103746,
                110.94524495677233,
                106.18155619596541,
                85.85014409221903,
                83.14697406340058,
                70.164265129683
            ]
        ],
        "min": [
            [
                9,
                8,
                6,
                11,
                16,
                8,
                11,
                11
            ]
        ],
        "max": [
            [
                193,
                164,
                147,
                231,
                243,
                254,
                247,
                203
            ]
        ],
        "RawIntDen": [
            [
                23412,
                20104,
                16467,
                38498,
                36845,
                29790,
                28852,
                24347
            ]
        ],
        "IntDen": [
            [
                35274.528968578656,
                30290.412198202004,
                24810.595785306028,
                58004.39160397835,
                55513.83990463355,
                44884.1712785733,
                43470.899957348,
                36683.280232273384
            ]
        ],
        "local_bg": [
            [
                7.550432276657061,
                7.564841498559078,
                7.720461095100864,
                8.899135446685879,
                8.195965417867436,
                10.786743515850144,
                8.23342939481268,
                7.7982708933717575
            ]
        ],
        "area": [
            1.5066858435237764
        ],
        "distance": 13.096174132406183,
        "points": [
            [
                222.0,
                196.0
            ],
            [
                215.8,
                191.2
            ],
            [
                215.0,
                185.0
            ],
            [
                214.8,
                177.8
            ],
            [
                222.0,
                176.4
            ],
            [
                232.4,
                174.6
            ],
            [
                232.0,
                185.0
            ],
            [
                234.4,
                197.4
            ]
        ],
        "shift": null,
        "channel": 0,
        "closest_Dend": 0
    },
    {
        "type": 0,
        "location": [
            266,
            182
        ],
        "bgloc": [
            260,
            218
        ],
        "mean": [
            [
                64.7007874015748,
                64.48031496062993,
                56.02755905511811,
                77.47637795275591,
                83.94881889763779,
                69.68897637795276,
                75.03149606299213,
                86.68110236220473
            ]
        ],
        "min": [
            [
                10,
                10,
                10,
                10,
                12,
                12,
                12,
                9
            ]
        ],
        "max": [
            [
                182,
                207,
                198,
                243,
                244,
                217,
                202,
                226
            ]
        ],
        "RawIntDen": [
            [
                16434,
                16378,
                14231,
                19679,
                21323,
                17701,
                19058,
                22017
            ]
        ],
        "IntDen": [
            [
                18124.675183652205,
                18062.91409017012,
                15695.0378811339,
                21703.50997560495,
                23516.639219971763,
                19522.019923684293,
                21018.62356395544,
                24282.03562848184
            ]
        ],
        "local_bg": [
            [
                7.078740157480315,
                6.692913385826771,
                6.874015748031496,
                6.7795275590551185,
                7.200787401574803,
                6.940944881889764,
                7.393700787401575,
                7.610236220472441
            ]
        ],
        "area": [
            1.1028766693228798
        ],
        "distance": 16.405687927610888,
        "points": [
            [
                266.0,
                190.2
            ],
            [
                260.2,
                187.8
            ],
            [
                260.0,
                182.0
            ],
            [
                259.8,
                175.8
            ],
            [
                266.0,
                172.8
            ],
            [
                274.2,
                173.8
            ],
            [
                276.8,
                182.0
            ],
            [
                274.8,
                190.8
            ]
        ],
        "shift": null,
        "channel": 0,
        "closest_Dend": 0
    },
    {
        "type": 0,
        "location": [
            68,
            180
        ],
        "bgloc": [
            50,
            144
        ],
        "mean": [
            [
                73.39166666666667,
                53.516666666666666,
                54.4875,
                49.225,
                82.05833333333334,
                57.145833333333336,
                46.55,
                53.145833333333336
            ]
        ],
        "min": [
            [
                15,
                6,
                6,
                6,
                11,
                7,
                6,
                6
            ]
        ],
        "max": [
            [
                155,
                120,
                146,
                127,
                199,
                157,
                128,
                155
            ]
        ],
        "RawIntDen": [
            [
                17614,
                12844,
                13077,
                11814,
                19694,
                13715,
                11172,
                12755
            ]
        ],
        "IntDen": [
            [
                18355.341404837673,
                13384.580731448566,
                13627.387280064848,
                12311.229894217795,
                20522.884843128937,
                14292.239546233033,
                11642.209275283665,
                13291.834882406296
            ]
        ],
        "local_bg": [
            [
                4.891666666666667,
                5.016666666666667,
                5.454166666666667,
                5.179166666666666,
                5.145833333333333,
                5.329166666666667,
                5.570833333333334,
                5.7875
            ]
        ],
        "area": [
            1.0420881914861855
        ],
        "distance": 3.3595287647173198,
        "points": [
            [
                68.0,
                191.4
            ],
            [
                61.8,
                186.2
            ],
            [
                60.8,
                180.0
            ],
            [
                63.6,
                175.6
            ],
            [
                68.0,
                173.6
            ],
            [
                74.8,
                173.2
            ],
            [
                77.8,
                180.0
            ],
            [
                77.0,
                189.0
            ]
        ],
        "shift": null,
        "channel": 0,
        "closest_Dend": 0
    },
    {
        "type": 0,
        "location": [
            81,
            238
        ],
        "bgloc": [
            128,
            285
        ],
        "mean": [
            [
                31.861671469740635,
                32.89625360230548,
                35.76657060518732,
                47.628242074927954,
                51.7463976945245,
                53.61959654178674,
                59.01152737752162,
                48.44956772334294
            ]
        ],
        "min": [
            [
                5,
                4,
                5,
                9,
                8,
                6,
                5,
                6
            ]
        ],
        "max": [
            [
                137,
                119,
                107,
                150,
                161,
                214,
                144,
                155
            ]
        ],
        "RawIntDen": [
            [
                11056,
                11415,
                12411,
                16527,
                17956,
                18606,
                20477,
                16812
            ]
        ],
        "IntDen": [
            [
                16657.918685998873,
                17198.81890382391,
                18699.47800397359,
                24900.996935917454,
                27054.05100631293,
                28033.396804603384,
                30852.406017836372,
                25330.40240132173
            ]
        ],
        "local_bg": [
            [
                7.0489913544668585,
                6.028818443804035,
                6.622478386167147,
                6.340057636887608,
                6.697406340057637,
                7.069164265129683,
                8.680115273775217,
                9.469740634005763
            ]
        ],
        "area": [
            1.5066858435237764
        ],
        "distance": 1.9290765910149403,
        "points": [
            [
                81.0,
                247.4
            ],
            [
                74.2,
                244.8
            ],
            [
                70.2,
                238.0
            ],
            [
                68.2,
                225.2
            ],
            [
                81.0,
                228.6
            ],
            [
                87.0,
                232.0
            ],
            [
                90.8,
                238.0
            ],
            [
                90.8,
                247.8
            ]
        ],
        "shift": null,
        "channel": 0,
        "closest_Dend": 0
    },
    {
        "type": 0,
        "location": [
            284,
            185
        ],
        "bgloc": [
            279,
            221
        ],
        "mean": [
            [
                33.82105263157895,
                36.48070175438596,
                35.305263157894736,
                63.424561403508775,
                68.40350877192982,
                52.435087719298245,
                57.03157894736842,
                60.55438596491228
            ]
        ],
        "min": [
            [
                8,
                8,
                7,
                10,
                14,
                8,
                8,
                8
            ]
        ],
        "max": [
            [
                110,
                115,
                129,
                149,
                194,
                147,
                175,
                163
            ]
        ],
        "RawIntDen": [
            [
                9639,
                10397,
                10062,
                18076,
                19495,
                14944,
                16254,
                17258
            ]
        ],
        "IntDen": [
            [
                11928.067092310719,
                12866.076725672221,
                12451.521016996623,
                22368.683552298844,
                24124.667285465035,
                18492.89704611385,
                20113.995488994544,
                21356.42513529395
            ]
        ],
        "local_bg": [
            [
                7.077192982456141,
                7.12280701754386,
                6.954385964912281,
                7.105263157894737,
                7.23859649122807,
                7.417543859649123,
                7.526315789473684,
                8.4
            ]
        ],
        "area": [
            1.2374797273898452
        ],
        "distance": 17.57001313862929,
        "points": [
            [
                284.0,
                190.6
            ],
            [
                273.6,
                195.4
            ],
            [
                273.2,
                185.0
            ],
            [
                276.8,
                177.8
            ],
            [
                284.0,
                174.4
            ],
            [
                292.8,
                176.2
            ],
            [
                293.4,
                185.0
            ],
            [
                288.8,
                189.8
            ]
        ],
        "shift": null,
        "channel": 0,
        "closest_Dend": 0
    },
    {
        "type": 0,
        "location": [
            51,
            249
        ],
        "bgloc": [
            63.41453403101852,
            274.73225449110976
        ],
        "mean": [
            [
                35.51963746223565,
                43.244712990936556,
                34.45921450151057,
                36.91238670694864,
                34.73716012084592,
                44.661631419939575,
                40.39274924471299,
                37.244712990936556
            ]
        ],
        "min": [
            [
                7,
                6,
                6,
                6,
                7,
                7,
                8,
                6
            ]
        ],
        "max": [
            [
                144,
                190,
                140,
                189,
                140,
                176,
                121,
                159
            ]
        ],
        "RawIntDen": [
            [
                11757,
                14314,
                11406,
                12218,
                11498,
                14783,
                13370,
                12328
            ]
        ],
        "IntDen": [
            [
                16897.31673782217,
                20572.27113933712,
                16392.8548704261,
                17559.872067934954,
                16525.078493789173,
                21246.324175829304,
                19215.541786568207,
                17717.965530651672
            ]
        ],
        "local_bg": [
            [
                8.780864197530864,
                8.651234567901234,
                8.771604938271604,
                8.987654320987655,
                8.45679012345679,
                8.410493827160494,
                10.435185185185185,
                9.410493827160494
            ]
        ],
        "area": [
            1.4372132974246974
        ],
        "distance": 0.20628120245355844,
        "points": [
            [
                51.0,
                258.6
            ],
            [
                44.2,
                255.8
            ],
            [
                33.0,
                249.0
            ],
            [
                42.0,
                240.0
            ],
            [
                51.0,
                242.8
            ],
            [
                56.0,
                244.0
            ],
            [
                60.8,
                249.0
            ],
            [
                59.6,
                257.6
            ]
        ],
        "shift": null,
        "channel": 0,
        "closest_Dend": 0
    },
    {
        "type": 0,
        "location": [
            388,
            144
        ],
        "bgloc": [
            388,
            96
        ],
        "mean": [
            [
                59.14655172413793,
                62.133620689655174,
                52.702586206896555,
                60.94827586206897,
                55.616379310344826,
                51.59051724137931,
                44.366379310344826,
                40.71120689655172
            ]
        ],
        "min": [
            [
                9,
                10,
                9,
                11,
                9,
                9,
                4,
                8
            ]
        ],
        "max": [
            [
                143,
                159,
                131,
                173,
                169,
                199,
                172,
                118
            ]
        ],
        "RawIntDen": [
            [
                13722,
                14415,
                12227,
                14140,
                12903,
                11969,
                10293,
                9445
            ]
        ],
        "IntDen": [
            [
                13822.883024787656,
                14520.977904264251,
                12316.89190672487,
                14243.956126694175,
                12997.861803588043,
                12056.995111768216,
                10368.673296468398,
                9514.438869634121
            ]
        ],
        "local_bg": [
            [
                5.814655172413793,
                5.642241379310345,
                5.918103448275862,
                5.663793103448276,
                5.978448275862069,
                6.25,
                7.547413793103448,
                9.193965517241379
            ]
        ],
        "area": [
            1.007351918436646
        ],
        "distance": 24.316796212695717,
        "points": [
            [
                388.0,
                157.8
            ],
            [
                382.2,
                149.8
            ],
            [
                382.2,
                144.0
            ],
            [
                383.4,
                139.4
            ],
            [
                388.0,
                137.4
            ],
            [
                395.2,
                136.8
            ],
            [
                397.0,
                144.0
            ],
            [
                396.0,
                152.0
            ]
        ],
        "shift": null,
        "channel": 0,
        "closest_Dend": 0
    },
    {
        "type": 0,
        "location": [
            193,
            162
        ],
        "bgloc": [
            179,
            132
        ],
        "mean": [
            [
                50.366336633663366,
                42.777227722772274,
                41.68316831683168,
                58.15841584158416,
                70.25247524752476,
                58.14356435643565,
                43.663366336633665,
                35.89108910891089
            ]
        ],
        "min": [
            [
                9,
                8,
                7,
                6,
                7,
                6,
                6,
                6
            ]
        ],
        "max": [
            [
                123,
                117,
                110,
                216,
                207,
                194,
                160,
                149
            ]
        ],
        "RawIntDen": [
            [
                10174,
                8641,
                8420,
                11748,
                14191,
                11745,
                8820,
                7250
            ]
        ],
        "IntDen": [
            [
                8923.52276065188,
                7578.942419382041,
                7385.105331697348,
                10304.063828596254,
                12446.796883861885,
                10301.43255591275,
                7735.941689497698,
                6358.908985131327
            ]
        ],
        "local_bg": [
            [
                6.193069306930693,
                5.910891089108911,
                6.306930693069307,
                5.871287128712871,
                6.173267326732673,
                6.420792079207921,
                6.608910891089109,
                6.712871287128713
            ]
        ],
        "area": [
            0.8770908945008727
        ],
        "distance": 11.742847305711049,
        "points": [
            [
                193.0,
                169.8
            ],
            [
                188.0,
                167.0
            ],
            [
                186.2,
                162.0
            ],
            [
                187.2,
                156.2
            ],
            [
                193.0,
                155.6
            ],
            [
                198.4,
                156.6
            ],
            [
                205.4,
                162.0
            ],
            [
                200.6,
                169.6
            ]
        ],
        "shift": null,
        "channel": 0,
        "closest_Dend": 0
    },
    {
        "type": 0,
        "location": [
            186,
            171
        ],
        "bgloc": [
            174,
            152
        ],
        "mean": [
            [
                35.127906976744185,
                35.656976744186046,
                33.46511627906977,
                49.31976744186046,
                37.58139534883721,
                24.50581395348837,
                21.552325581395348,
                20.011627906976745
            ]
        ],
        "min": [
            [
                7,
                10,
                11,
                8,
                5,
                6,
                6,
                6
            ]
        ],
        "max": [
            [
                104,
                102,
                91,
                153,
                105,
                67,
                59,
                66
            ]
        ],
        "RawIntDen": [
            [
                6042,
                6133,
                5756,
                8483,
                6464,
                4215,
                3707,
                3442
            ]
        ],
        "IntDen": [
            [
                4512.346077954332,
                4580.307596175756,
                4298.752734972713,
                6335.35779200374,
                4827.508283332804,
                3147.8879044318946,
                2768.498330184824,
                2570.588414485073
            ]
        ],
        "local_bg": [
            [
                8.418604651162791,
                8.238372093023257,
                7.715116279069767,
                7.738372093023256,
                8.075581395348838,
                7.726744186046512,
                7.982558139534884,
                8.38953488372093
            ]
        ],
        "area": [
            0.7468298705650996
        ],
        "distance": 11.16675946790152,
        "points": [
            [
                186.0,
                178.0
            ],
            [
                180.4,
                176.6
            ],
            [
                179.6,
                171.0
            ],
            [
                180.0,
                165.0
            ],
            [
                186.0,
                164.0
            ],
            [
                191.0,
                166.0
            ],
            [
                196.4,
                171.0
            ],
            [
                191.4,
                176.4
            ]
        ],
        "shift": null,
        "channel": 0,
        "closest_Dend": 0
    },
    {
        "type": 0,
        "location": [
            110,
            169
        ],
        "bgloc": [
            102,
            131
        ],
        "mean": [
            [
                33.43781094527363,
                38.27860696517413,
                30.323383084577113,
                44.28358208955224,
                61.52238805970149,
                60.343283582089555,
                89.80099502487562,
                50.865671641791046
            ]
        ],
        "min": [
            [
                6,
                7,
                6,
                7,
                8,
                9,
                10,
                7
            ]
        ],
        "max": [
            [
                105,
                123,
                99,
                137,
                163,
                166,
                210,
                109
            ]
        ],
        "RawIntDen": [
            [
                6721,
                7694,
                6095,
                8901,
                12366,
                12129,
                18050,
                10224
            ]
        ],
        "IntDen": [
            [
                5865.745090544621,
                6714.92973168432,
                5319.404303953202,
                7768.337606150525,
                10792.412407331467,
                10585.570927423852,
                15753.116929672731,
                8922.984348419612
            ]
        ],
        "local_bg": [
            [
                4.741293532338308,
                5.223880597014926,
                5.3283582089552235,
                5.014925373134329,
                5.54228855721393,
                5.741293532338308,
                6.059701492537314,
                5.895522388059701
            ]
        ],
        "area": [
            0.8727488603696804
        ],
        "distance": 5.895127548913491,
        "points": [
            [
                110.0,
                177.4
            ],
            [
                105.6,
                173.4
            ],
            [
                104.4,
                169.0
            ],
            [
                105.8,
                164.8
            ],
            [
                110.0,
                162.2
            ],
            [
                119.0,
                160.0
            ],
            [
                121.2,
                169.0
            ],
            [
                116.4,
                175.4
            ]
        ],
        "shift": null,
        "channel": 0,
        "closest_Dend": 0
    }
]