[
    {
        "type": 0,
        "location": [
            137,
            373
        ],
        "bgloc": [
            152.82567313269755,
            396.4391132519619
        ],
        "mean": [
            [
                72.72874493927125,
                65.4251012145749,
                62.040485829959515,
                65.93117408906883,
                73.63157894736842,
                104.49797570850203,
                80.56680161943319,
                86.97570850202429
            ]
        ],
        "min": [
            [
                11,
                11,
                9,
                9,
                8,
                12,
                15,
                10
            ]
        ],
        "max": [
            [
                212,
                197,
                178,
                184,
                186,
                229,
                204,
                238
            ]
        ],
        "RawIntDen": [
            [
                17964,
                16160,
                15324,
                16285,
                18187,
                25811,
                19900,
                21483
            ]
        ],
        "IntDen": [
            [
                19328.042448000004,
                17387.061120000002,
                16487.581968000002,
                17521.552620000002,
                19567.975284000004,
                27770.880852000002,
                21411.046800000004,
                23114.247156
            ]
        ],
        "local_bg": [
            [
                7.279352226720648,
                6.983805668016195,
                7.068825910931174,
                6.894736842105263,
                7.275303643724697,
                7.174089068825911,
                7.48582995951417,
                7.089068825910931
            ]
        ],
        "area": [
            1.075932
        ],
        "distance": 5.193661395269128,
        "points": [
            [
                137.0,
                380.2
            ],
            [
                130.8,
                379.2
            ],
            [
                128.6,
                373.0
            ],
            [
                129.6,
                365.6
            ],
            [
                137.0,
                360.2
            ],
            [
                143.8,
                366.2
            ],
            [
                145.8,
                373.0
            ],
            [
                142.8,
                378.8
            ]
        ],
        "shift": null,
        "channel": 0,
        "closest_Dend": 0
    }
]