[
    {
        "type": 0,
        "location": [
            413,
            245
        ],
        "bgloc": [
            406,
            280
        ],
        "mean": [
            [
                53.14364640883978,
                47.13812154696133,
                53.52486187845304,
                61.29281767955801,
                62.79558011049724,
                73.69060773480663,
                45.972375690607734,
                40.86187845303867
            ]
        ],
        "min": [
            [
                9,
                8,
                11,
                11,
                10,
                10,
                8,
                6
            ]
        ],
        "max": [
            [
                127,
                132,
                148,
                193,
                226,
                208,
                155,
                137
            ]
        ],
        "RawIntDen": [
            [
                9619,
                8532,
                9688,
                11094,
                11366,
                13338,
                8321,
                7396
            ]
        ],
        "IntDen": [
            [
                7583.965884000001,
                6726.935952000001,
                7638.3679680000005,
                8746.908984000002,
                8961.363576000002,
                10516.159368,
                6560.575956000001,
                5831.272656000001
            ]
        ],
        "local_bg": [
            [
                5.248618784530387,
                5.370165745856354,
                5.513812154696133,
                5.56353591160221,
                5.497237569060774,
                5.348066298342541,
                5.883977900552487,
                5.69060773480663
            ]
        ],
        "area": [
            0.7884360000000001
        ],
        "distance": 26.56154890032979,
        "points": [
            [
                413.0,
                253.0
            ],
            [
                406.8,
                251.2
            ],
            [
                404.6,
                245.0
            ],
            [
                406.4,
                238.4
            ],
            [
                413.0,
                235.6
            ],
            [
                417.4627118429492,
                241.01332687804415
            ],
            [
                419.0,
                245.0
            ],
            [
                418.4,
                250.4
            ]
        ],
        "shift": null,
        "channel": 0,
        "closest_Dend": 0
    },
    {
        "type": 0,
        "location": [
            283,
            220
        ],
        "bgloc": [
            283,
            248
        ],
        "mean": [
            [
                64.80571428571429,
                73.46857142857142,
                56.01714285714286,
                69.66857142857143,
                55.497142857142855,
                55.965714285714284,
                48.09142857142857,
                40.09142857142857
            ]
        ],
        "min": [
            [
                12,
                17,
                10,
                17,
                11,
                14,
                9,
                8
            ]
        ],
        "max": [
            [
                172,
                176,
                141,
                172,
                171,
                173,
                182,
                110
            ]
        ],
        "RawIntDen": [
            [
                11341,
                12857,
                9803,
                12192,
                9712,
                9794,
                8416,
                7016
            ]
        ],
        "IntDen": [
            [
                8645.2443,
                9800.8911,
                7472.826900000001,
                9293.9616,
                7403.457600000001,
                7465.966200000001,
                6415.5168,
                5348.296800000001
            ]
        ],
        "local_bg": [
            [
                6.52,
                6.731428571428571,
                6.8914285714285715,
                6.622857142857143,
                6.914285714285715,
                6.765714285714286,
                6.748571428571428,
                6.588571428571429
            ]
        ],
        "area": [
            0.7623000000000001
        ],
        "distance": 17.237465044274614,
        "points": [
            [
                283.0,
                227.6
            ],
            [
                278.4,
                224.6
            ],
            [
                276.6,
                220.0
            ],
            [
                275.2,
                212.2
            ],
            [
                283.0,
                213.4
            ],
            [
                289.58387404053013,
                218.4006055593237
            ],
            [
                292.7028700844916,
                223.07909962526588
            ],
            [
                290.8,
                227.8
            ]
        ],
        "shift": null,
        "channel": 0,
        "closest_Dend": 0
    },
    {
        "type": 0,
        "location": [
            228,
            220
        ],
        "bgloc": [
            228,
            262
        ],
        "mean": [
            [
                48.666666666666664,
                46.029535864978904,
                56.18987341772152,
                61.35443037974684,
                61.75949367088607,
                64.72573839662448,
                51.620253164556964,
                68.52742616033755
            ]
        ],
        "min": [
            [
                9,
                8,
                9,
                10,
                8,
                7,
                8,
                7
            ]
        ],
        "max": [
            [
                175,
                193,
                175,
                198,
                189,
                215,
                189,
                211
            ]
        ],
        "RawIntDen": [
            [
                11534,
                10909,
                13317,
                14541,
                14637,
                15340,
                12234,
                16241
            ]
        ],
        "IntDen": [
            [
                11907.378648000002,
                11262.146148000002,
                13748.097924000002,
                15011.721252000001,
                15110.828964000002,
                15836.586480000002,
                12630.039048,
                16766.753652000003
            ]
        ],
        "local_bg": [
            [
                5.991561181434599,
                6.147679324894515,
                6.143459915611814,
                6.329113924050633,
                6.489451476793249,
                6.544303797468355,
                6.776371308016878,
                6.729957805907173
            ]
        ],
        "area": [
            1.032372
        ],
        "distance": 13.565692408075599,
        "points": [
            [
                228.0,
                226.2
            ],
            [
                221.6,
                226.4
            ],
            [
                219.4,
                220.0
            ],
            [
                222.4,
                214.4
            ],
            [
                228.0,
                208.4
            ],
            [
                239.2,
                208.8
            ],
            [
                234.0,
                220.0
            ],
            [
                233.2,
                225.2
            ]
        ],
        "shift": null,
        "channel": 0,
        "closest_Dend": 0
    },
    {
        "type": 0,
        "location": [
            334,
            183
        ],
        "bgloc": [
            339,
            155
        ],
        "mean": [
            [
                62.706214689265536,
                66.32768361581921,
                60.23728813559322,
                71.26553672316385,
                76.88135593220339,
                80.2768361581921,
                65.48022598870057,
                63.54237288135593
            ]
        ],
        "min": [
            [
                11,
                7,
                9,
                9,
                9,
                8,
                9,
                11
            ]
        ],
        "max": [
            [
                176,
                163,
                192,
                224,
                219,
                208,
                149,
                157
            ]
        ],
        "RawIntDen": [
            [
                11099,
                11740,
                10662,
                12614,
                13608,
                14209,
                11590,
                11247
            ]
        ],
        "IntDen": [
            [
                8557.462188000001,
                9051.680880000002,
                8220.529944000002,
                9725.545368000001,
                10491.931296,
                10955.309508000002,
                8936.02908,
                8671.571964
            ]
        ],
        "local_bg": [
            [
                6.548022598870056,
                6.440677966101695,
                6.0508474576271185,
                6.581920903954802,
                6.141242937853107,
                6.5423728813559325,
                6.175141242937853,
                6.824858757062147
            ]
        ],
        "area": [
            0.7710120000000001
        ],
        "distance": 20.7498265240507,
        "points": [
            [
                334.0,
                190.8
            ],
            [
                327.4,
                189.6
            ],
            [
                324.4,
                183.0
            ],
            [
                329.4,
                178.4
            ],
            [
                334.0,
                177.2
            ],
            [
                339.0,
                178.0
            ],
            [
                340.2,
                183.0
            ],
            [
                341.8,
                190.8
            ]
        ],
        "shift": null,
        "channel": 0,
        "closest_Dend": 0
    },
    {
        "type": 0,
        "location": [
            374,
            224
        ],
        "bgloc": [
            361,
            244
        ],
        "mean": [
            [
                60.82727272727273,
                86.94545454545455,
                79.43636363636364,
                99.42727272727272,
                97.9090909090909,
                128.63636363636363,
                101.75454545454545,
                66.5909090909091
            ]
        ],
        "min": [
            [
                11,
                15,
                16,
                15,
                25,
                40,
                16,
                8
            ]
        ],
        "max": [
            [
                161,
                173,
                199,
                228,
                189,
                233,
                218,
                199
            ]
        ],
        "RawIntDen": [
            [
                6691,
                9564,
                8738,
                10937,
                10770,
                14150,
                11193,
                7325
            ]
        ],
        "IntDen": [
            [
                3206.05956,
                4582.686240000001,
                4186.90008,
                5240.5729200000005,
                5160.5532,
                6780.1140000000005,
                5363.237880000001,
                3509.847
            ]
        ],
        "local_bg": [
            [
                6.872727272727273,
                6.954545454545454,
                6.9818181818181815,
                6.963636363636364,
                7.118181818181818,
                7.454545454545454,
                7.327272727272727,
                6.890909090909091
            ]
        ],
        "area": [
            0.47916000000000003
        ],
        "distance": 23.989880612702862,
        "points": [
            [
                374.0,
                230.6
            ],
            [
                367.8,
                230.2
            ],
            [
                365.0,
                224.0
            ],
            [
                370.67777118352757,
                219.18035457031408
            ],
            [
                373.79676722748906,
                221.51960160328514
            ],
            [
                377.6955122824408,
                222.2993506142755
            ],
            [
                378.4752612934312,
                223.8588486362562
            ],
            [
                378.4,
                228.4
            ]
        ],
        "shift": null,
        "channel": 0,
        "closest_Dend": 0
    },
    {
        "type": 0,
        "location": [
            163,
            200
        ],
        "bgloc": [
            159,
            181
        ],
        "mean": [
            [
                60.1328125,
                70.3203125,
                69.515625,
                69.2265625,
                74.140625,
                64.984375,
                79.515625,
                70.2890625
            ]
        ],
        "min": [
            [
                12,
                14,
                12,
                15,
                12,
                13,
                13,
                12
            ]
        ],
        "max": [
            [
                141,
                159,
                179,
                172,
                195,
                165,
                167,
                166
            ]
        ],
        "RawIntDen": [
            [
                7697,
                9001,
                8898,
                8861,
                9490,
                8318,
                10178,
                8997
            ]
        ],
        "IntDen": [
            [
                4291.600896000001,
                5018.669568,
                4961.2400640000005,
                4940.6100480000005,
                5291.320320000001,
                4637.850624000001,
                5674.927104,
                5016.4392960000005
            ]
        ],
        "local_bg": [
            [
                11.5078125,
                12.1484375,
                11.6875,
                11.4609375,
                10.25,
                10.75,
                11.0078125,
                10.984375
            ]
        ],
        "area": [
            0.5575680000000001
        ],
        "distance": 9.303826271675513,
        "points": [
            [
                163.0,
                205.4
            ],
            [
                164.04428327108218,
                203.58537435050687
            ],
            [
                157.80629118315932,
                202.02587632852612
            ],
            [
                156.0,
                193.0
            ],
            [
                163.0,
                192.4
            ],
            [
                168.0,
                195.0
            ],
            [
                169.6,
                200.0
            ],
            [
                167.8,
                204.8
            ]
        ],
        "shift": null,
        "channel": 0,
        "closest_Dend": 0
    },
    {
        "type": 0,
        "location": [
            140,
            179
        ],
        "bgloc": [
            102,
            116
        ],
        "mean": [
            [
                41.248520710059175,
                47.49112426035503,
                49.917159763313606,
                93.17159763313609,
                46.80473372781065,
                50.03550295857988,
                51.67455621301775,
                44.17751479289941
            ]
        ],
        "min": [
            [
                8,
                8,
                9,
                15,
                9,
                6,
                9,
                8
            ]
        ],
        "max": [
            [
                121,
                148,
                150,
                220,
                147,
                145,
                159,
                158
            ]
        ],
        "RawIntDen": [
            [
                6971,
                8026,
                8436,
                15746,
                7910,
                8456,
                8733,
                7466
            ]
        ],
        "IntDen": [
            [
                5131.799244000001,
                5908.4522640000005,
                6210.279504000001,
                11591.638344,
                5823.057240000001,
                6225.002784000001,
                6428.920212000001,
                5496.200424000001
            ]
        ],
        "local_bg": [
            [
                6.0828402366863905,
                6.550295857988166,
                6.349112426035503,
                6.366863905325443,
                6.011834319526627,
                5.946745562130178,
                5.85207100591716,
                6.1301775147929
            ]
        ],
        "area": [
            0.736164
        ],
        "distance": 8.917501943630828,
        "points": [
            [
                140.0,
                187.2
            ],
            [
                135.0,
                184.0
            ],
            [
                131.6,
                179.0
            ],
            [
                134.0,
                173.0
            ],
            [
                140.0,
                171.4
            ],
            [
                145.4,
                173.6
            ],
            [
                146.8,
                179.0
            ],
            [
                145.0,
                184.0
            ]
        ],
        "shift": null,
        "channel": 0,
        "closest_Dend": 0
    },
    {
        "type": 0,
        "location": [
            51,
            219
        ],
        "bgloc": [
            62.676911842335414,
            171.61566489990213
        ],
        "mean": [
            [
                71.91326530612245,
                56.326530612244895,
                100.37244897959184,
                90.97448979591837,
                81.78061224489795,
                87.94897959183673,
                106.43877551020408,
                61.08163265306123
            ]
        ],
        "min": [
            [
                9,
                8,
                20,
                15,
                10,
                14,
                12,
                8
            ]
        ],
        "max": [
            [
                191,
                144,
                229,
                230,
                225,
                221,
                232,
                144
            ]
        ],
        "RawIntDen": [
            [
                14095,
                11040,
                19673,
                17831,
                16029,
                17238,
                20862,
                11972
            ]
        ],
        "IntDen": [
            [
                12033.972720000002,
                9425.68704,
                16796.335248000003,
                15223.679856000002,
                13685.175504,
                14717.390688000001,
                17811.474912,
                10221.406272000002
            ]
        ],
        "local_bg": [
            [
                6.066666666666666,
                5.846153846153846,
                6.394871794871795,
                6.605128205128205,
                6.6461538461538465,
                6.774358974358974,
                6.5948717948717945,
                6.425641025641026
            ]
        ],
        "area": [
            0.8537760000000001
        ],
        "distance": 1.7447508190859506,
        "points": [
            [
                51.0,
                229.4
            ],
            [
                45.6,
                224.4
            ],
            [
                44.2,
                219.0
            ],
            [
                45.2,
                213.2
            ],
            [
                51.0,
                209.4
            ],
            [
                57.0,
                213.0
            ],
            [
                58.0,
                219.0
            ],
            [
                57.0,
                225.0
            ]
        ],
        "shift": null,
        "channel": 0,
        "closest_Dend": 0
    },
    {
        "type": 0,
        "location": [
            102,
            252
        ],
        "bgloc": [
            98.54536634789196,
            272.9830363286489
        ],
        "mean": [
            [
                56.09550561797753,
                45.96629213483146,
                60.241573033707866,
                50.747191011235955,
                49.69662921348315,
                44.735955056179776,
                45.97752808988764,
                48.449438202247194
            ]
        ],
        "min": [
            [
                11,
                8,
                10,
                10,
                8,
                7,
                9,
                9
            ]
        ],
        "max": [
            [
                195,
                177,
                190,
                168,
                197,
                134,
                148,
                165
            ]
        ],
        "RawIntDen": [
            [
                9985,
                8182,
                10723,
                9033,
                8846,
                7963,
                8184,
                8624
            ]
        ],
        "IntDen": [
            [
                7742.049480000001,
                6344.060976000001,
                8314.271064,
                7003.899144000001,
                6858.905328000001,
                6174.255384000001,
                6345.611712000001,
                6686.773632
            ]
        ],
        "local_bg": [
            [
                7.112359550561798,
                7.292134831460674,
                7.724719101123595,
                7.421348314606742,
                7.51123595505618,
                7.426966292134831,
                8.07865168539326,
                7.735955056179775
            ]
        ],
        "area": [
            0.7753680000000001
        ],
        "distance": 4.872740275059706,
        "points": [
            [
                102.0,
                259.2
            ],
            [
                96.2,
                257.8
            ],
            [
                94.0,
                252.0
            ],
            [
                96.4,
                246.4
            ],
            [
                102.0,
                244.4
            ],
            [
                108.0,
                246.0
            ],
            [
                109.4,
                252.0
            ],
            [
                108.0,
                258.0
            ]
        ],
        "shift": null,
        "channel": 0,
        "closest_Dend": 0
    },
    {
        "type": 0,
        "location": [
            225,
            162
        ],
        "bgloc": [
            225,
            88
        ],
        "mean": [
            [
                32.16888888888889,
                37.13777777777778,
                33.333333333333336,
                30.924444444444443,
                26.613333333333333,
                27.84,
                28.031111111111112,
                30.30666666666667
            ]
        ],
        "min": [
            [
                6,
                5,
                6,
                4,
                5,
                4,
                6,
                7
            ]
        ],
        "max": [
            [
                105,
                128,
                103,
                98,
                89,
                89,
                78,
                73
            ]
        ],
        "RawIntDen": [
            [
                7238,
                8356,
                7500,
                6958,
                5988,
                6264,
                6307,
                6819
            ]
        ],
        "IntDen": [
            [
                7093.9638,
                8189.715600000001,
                7350.750000000001,
                6819.535800000001,
                5868.8388,
                6139.3464,
                6181.4907,
                6683.3019
            ]
        ],
        "local_bg": [
            [
                4.568888888888889,
                4.76,
                4.635555555555555,
                4.648888888888889,
                4.8133333333333335,
                5.075555555555556,
                5.742222222222222,
                5.5777777777777775
            ]
        ],
        "area": [
            0.9801000000000001
        ],
        "distance": 13.367692408075598,
        "points": [
            [
                225.0,
                174.2
            ],
            [
                219.8,
                167.2
            ],
            [
                218.4,
                162.0
            ],
            [
                219.0,
                156.0
            ],
            [
                225.0,
                153.4
            ],
            [
                231.0,
                156.0
            ],
            [
                232.4,
                162.0
            ],
            [
                233.2,
                170.2
            ]
        ],
        "shift": null,
        "channel": 0,
        "closest_Dend": 0
    },
    {
        "type": 0,
        "location": [
            378,
            182
        ],
        "bgloc": [
            409,
            139
        ],
        "mean": [
            [
                36.6985294117647,
                31.59926470588235,
                27.727941176470587,
                36.658088235294116,
                42.9264705882353,
                51.8860294117647,
                47.143382352941174,
                44.69485294117647
            ]
        ],
        "min": [
            [
                6,
                6,
                5,
                5,
                5,
                8,
                6,
                7
            ]
        ],
        "max": [
            [
                97,
                98,
                102,
                139,
                144,
                135,
                153,
                140
            ]
        ],
        "RawIntDen": [
            [
                9982,
                8595,
                7542,
                9971,
                11676,
                14113,
                12823,
                12157
            ]
        ],
        "IntDen": [
            [
                11826.993024000001,
                10183.631040000002,
                8936.002944000002,
                11813.959872000001,
                13834.098432,
                16721.534016,
                15193.100736000002,
                14404.002624000002
            ]
        ],
        "local_bg": [
            [
                4.415441176470588,
                4.661764705882353,
                4.8161764705882355,
                4.658088235294118,
                4.919117647058823,
                4.830882352941177,
                5.036764705882353,
                5.033088235294118
            ]
        ],
        "area": [
            1.184832
        ],
        "distance": 22.60840594400999,
        "points": [
            [
                378.0,
                200.0
            ],
            [
                372.4,
                187.6
            ],
            [
                370.0,
                182.0
            ],
            [
                371.4,
                175.4
            ],
            [
                378.0,
                173.2
            ],
            [
                384.0,
                176.0
            ],
            [
                386.0,
                182.0
            ],
            [
                385.0,
                189.0
            ]
        ],
        "shift": null,
        "channel": 0,
        "closest_Dend": 0
    },
    {
        "type": 0,
        "location": [
            455,
            216
        ],
        "bgloc": [
            472,
            181
        ],
        "mean": [
            [
                45.159183673469386,
                45.34285714285714,
                47.19591836734694,
                45.751020408163264,
                60.440816326530616,
                44.710204081632654,
                47.09795918367347,
                36.35510204081633
            ]
        ],
        "min": [
            [
                8,
                9,
                9,
                9,
                9,
                6,
                7,
                7
            ]
        ],
        "max": [
            [
                126,
                138,
                135,
                124,
                170,
                124,
                136,
                110
            ]
        ],
        "RawIntDen": [
            [
                11064,
                11109,
                11563,
                11209,
                14808,
                10954,
                11539,
                8907
            ]
        ],
        "IntDen": [
            [
                11807.722080000001,
                11855.746980000002,
                12340.264860000001,
                11962.468980000001,
                15803.393760000003,
                11690.32788,
                12314.651580000002,
                9505.728540000002
            ]
        ],
        "local_bg": [
            [
                5.016326530612245,
                4.96734693877551,
                5.285714285714286,
                5.493877551020408,
                5.448979591836735,
                5.208163265306123,
                5.542857142857143,
                5.677551020408163
            ]
        ],
        "area": [
            1.06722
        ],
        "distance": 28.61571924219682,
        "points": [
            [
                455.0,
                226.6
            ],
            [
                446.2,
                224.8
            ],
            [
                444.0,
                216.0
            ],
            [
                448.4,
                209.4
            ],
            [
                455.0,
                208.2
            ],
            [
                459.8,
                211.2
            ],
            [
                462.2,
                216.0
            ],
            [
                460.6,
                221.6
            ]
        ],
        "shift": null,
        "channel": 0,
        "closest_Dend": 0
    },
    {
        "type": 0,
        "location": [
            382,
            230
        ],
        "bgloc": [
            369,
            251
        ],
        "mean": [
            [
                95.12121212121212,
                95.72727272727273,
                103.88888888888889,
                129.2929292929293,
                110.6969696969697,
                111.86868686868686,
                85.8030303030303,
                53.35353535353536
            ]
        ],
        "min": [
            [
                8,
                9,
                20,
                22,
                18,
                19,
                14,
                5
            ]
        ],
        "max": [
            [
                231,
                255,
                224,
                253,
                255,
                223,
                218,
                163
            ]
        ],
        "RawIntDen": [
            [
                18834,
                18954,
                20570,
                25600,
                21918,
                22150,
                16989,
                10564
            ]
        ],
        "IntDen": [
            [
                16244.098992000001,
                16347.597552000001,
                17741.37816,
                22079.6928,
                18904.011984,
                19104.109200000003,
                14652.808632000002,
                9111.323232
            ]
        ],
        "local_bg": [
            [
                6.44949494949495,
                6.636363636363637,
                7.065656565656566,
                6.98989898989899,
                6.777777777777778,
                7.075757575757576,
                6.9393939393939394,
                6.398989898989899
            ]
        ],
        "area": [
            0.8624880000000001
        ],
        "distance": 24.648128904665622,
        "points": [
            [
                382.0,
                239.2
            ],
            [
                376.2,
                235.8
            ],
            [
                376.8,
                230.0
            ],
            [
                377.0,
                225.0
            ],
            [
                377.6955122824408,
                222.2993506142755
            ],
            [
                388.0,
                224.0
            ],
            [
                393.8,
                230.0
            ],
            [
                388.0,
                236.0
            ]
        ],
        "shift": null,
        "channel": 0,
        "closest_Dend": 0
    },
    {
        "type": 0,
        "location": [
            454,
            251
        ],
        "bgloc": [
            440,
            271
        ],
        "mean": [
            [
                77.40314136125654,
                75.0,
                92.05759162303664,
                92.65968586387434,
                116.47643979057591,
                106.92146596858639,
                103.04712041884817,
                75.16753926701571
            ]
        ],
        "min": [
            [
                10,
                6,
                8,
                10,
                11,
                15,
                13,
                12
            ]
        ],
        "max": [
            [
                243,
                216,
                224,
                240,
                237,
                236,
                210,
                205
            ]
        ],
        "RawIntDen": [
            [
                14784,
                14325,
                17583,
                17698,
                22247,
                20422,
                19682,
                14357
            ]
        ],
        "IntDen": [
            [
                12300.228864,
                11918.342700000001,
                14628.985668000001,
                14724.665208000002,
                18509.415012,
                16991.022312,
                16375.345272000002,
                11944.966572000001
            ]
        ],
        "local_bg": [
            [
                6.31413612565445,
                6.989528795811518,
                6.848167539267016,
                6.7486910994764395,
                7.057591623036649,
                7.104712041884817,
                7.031413612565445,
                6.544502617801047
            ]
        ],
        "area": [
            0.8319960000000001
        ],
        "distance": 29.691347341688935,
        "points": [
            [
                454.0,
                257.0
            ],
            [
                448.2,
                256.8
            ],
            [
                444.0,
                251.0
            ],
            [
                447.0,
                244.0
            ],
            [
                454.0,
                242.4
            ],
            [
                460.0,
                245.0
            ],
            [
                461.4,
                251.0
            ],
            [
                458.6,
                255.6
            ]
        ],
        "shift": null,
        "channel": 0,
        "closest_Dend": 0
    },
    {
        "type": 0,
        "location": [
            482,
            236
        ],
        "bgloc": [
            492,
            211
        ],
        "mean": [
            [
                99.3989898989899,
                84.46969696969697,
                88.83333333333333,
                97.66666666666667,
                79.66666666666667,
                84.5,
                91.25757575757575,
                83.52525252525253
            ]
        ],
        "min": [
            [
                14,
                13,
                17,
                15,
                10,
                9,
                12,
                15
            ]
        ],
        "max": [
            [
                243,
                224,
                247,
                233,
                222,
                240,
                241,
                221
            ]
        ],
        "RawIntDen": [
            [
                19681,
                16725,
                17589,
                19338,
                15774,
                16731,
                18069,
                16538
            ]
        ],
        "IntDen": [
            [
                16974.626328000002,
                14425.111800000002,
                15170.301432000002,
                16678.792944,
                13604.885712000001,
                14430.286728000001,
                15584.295672000002,
                14263.826544000001
            ]
        ],
        "local_bg": [
            [
                6.51010101010101,
                6.570707070707071,
                6.686868686868687,
                7.070707070707071,
                7.106060606060606,
                6.924242424242424,
                7.156565656565657,
                7.51010101010101
            ]
        ],
        "area": [
            0.8624880000000001
        ],
        "distance": 30.866541909268065,
        "points": [
            [
                482.0,
                244.0
            ],
            [
                476.0,
                242.0
            ],
            [
                473.6,
                236.0
            ],
            [
                476.6,
                230.6
            ],
            [
                482.0,
                227.8
            ],
            [
                487.8,
                230.2
            ],
            [
                490.6,
                236.0
            ],
            [
                488.4,
                242.4
            ]
        ],
        "shift": null,
        "channel": 0,
        "closest_Dend": 0
    }
]