[
    {
        "type": "Stim",
        "location": [
            18,
            222
        ],
        "radloc": [
            0,
            0
        ],
        "mean": [
            98.68041237113403,
            97.91752577319588,
            86.04123711340206,
            99.5360824742268,
            89.01030927835052,
            90.78350515463917,
            72.88659793814433,
            61.608247422680414
        ],
        "min": [
            15.0,
            21.0,
            24.0,
            28.0,
            34.0,
            36.0,
            23.0,
            21.0
        ],
        "max": [
            217.0,
            178.0,
            181.0,
            180.0,
            166.0,
            168.0,
            146.0,
            125.0
        ],
        "RawIntDen": [
            9572.0,
            9498.0,
            8346.0,
            9655.0,
            8634.0,
            8806.0,
            7070.0,
            5976.0
        ],
        "IntDen": [
            3968.1596480664707,
            3937.4822751081633,
            3459.910198784242,
            4002.5680528710586,
            3579.303217865222,
            3650.6073820385855,
            2930.9327948004543,
            2477.4051459303414
        ],
        "FlagUp": 0,
        "Times": [
            -15,
            -10,
            -5,
            2,
            10,
            20,
            30,
            40
        ],
        "width": 0,
        "height": 0,
        "area": 0.41455909403118163,
        "distance": 0,
        "xpert": [
            [
                18.0,
                226.2
            ],
            [
                13.8,
                226.2
            ],
            [
                10.6,
                222.0
            ],
            [
                13.6,
                217.6
            ],
            [
                18.0,
                216.2
            ],
            [
                21.8,
                218.2
            ],
            [
                23.4,
                222.0
            ],
            [
                22.0,
                226.0
            ]
        ],
        "stack": 0
    },
    {
        "type": "Stim",
        "location": [
            32,
            244
        ],
        "radloc": [
            0,
            0
        ],
        "mean": [
            47.29801324503311,
            36.6953642384106,
            48.41059602649007,
            42.728476821192054,
            29.271523178807946,
            26.596026490066226,
            40.94039735099338,
            34.390728476821195
        ],
        "min": [
            5.0,
            5.0,
            7.0,
            8.0,
            7.0,
            5.0,
            10.0,
            9.0
        ],
        "max": [
            128.0,
            101.0,
            108.0,
            106.0,
            78.0,
            96.0,
            90.0,
            95.0
        ],
        "RawIntDen": [
            7142.0,
            5541.0,
            7310.0,
            6452.0,
            4420.0,
            4016.0,
            6182.0,
            5193.0
        ],
        "IntDen": [
            5255.035559546095,
            4077.030528625723,
            5378.648829499013,
            4747.338200810894,
            3252.2062689994036,
            2954.9457864935757,
            4548.674016957989,
            3820.9744694375345
        ],
        "FlagUp": 0,
        "Times": [
            -15,
            -10,
            -5,
            2,
            10,
            20,
            30,
            40
        ],
        "width": 0,
        "height": 0,
        "area": 0.7357932735292768,
        "distance": 0,
        "xpert": [
            [
                32.0,
                255.0
            ],
            [
                27.6,
                248.4
            ],
            [
                26.0,
                244.0
            ],
            [
                23.8,
                235.8
            ],
            [
                32.0,
                238.6
            ],
            [
                35.6,
                240.4
            ],
            [
                37.6,
                244.0
            ],
            [
                37.6,
                249.6
            ]
        ],
        "stack": 0
    },
    {
        "type": "Stim",
        "location": [
            36,
            209
        ],
        "radloc": [
            0,
            0
        ],
        "mean": [
            104.12857142857143,
            86.60714285714286,
            69.8,
            86.23571428571428,
            38.707142857142856,
            47.41428571428571,
            37.42857142857143,
            41.83571428571429
        ],
        "min": [
            25.0,
            29.0,
            19.0,
            15.0,
            9.0,
            21.0,
            8.0,
            11.0
        ],
        "max": [
            217.0,
            143.0,
            159.0,
            182.0,
            81.0,
            108.0,
            82.0,
            103.0
        ],
        "RawIntDen": [
            14578.0,
            12125.0,
            9772.0,
            12073.0,
            5419.0,
            6638.0,
            5240.0,
            5857.0
        ],
        "IntDen": [
            9399.916002548065,
            7818.217967546665,
            6301.000080731218,
            7784.68829048997,
            3494.1792301967325,
            4280.192236583486,
            3378.7597649438785,
            3776.6022792512017
        ],
        "FlagUp": 0,
        "Times": [
            -15,
            -10,
            -5,
            2,
            10,
            20,
            30,
            40
        ],
        "width": 0,
        "height": 0,
        "area": 0.6448014818595188,
        "distance": 0,
        "xpert": [
            [
                36.0,
                219.8
            ],
            [
                31.6,
                213.4
            ],
            [
                30.2,
                209.0
            ],
            [
                30.8,
                203.8
            ],
            [
                36.0,
                202.2
            ],
            [
                40.6,
                204.4
            ],
            [
                42.2,
                209.0
            ],
            [
                41.0,
                214.0
            ]
        ],
        "stack": 0
    },
    {
        "type": "Stim",
        "location": [
            182,
            266
        ],
        "radloc": [
            0,
            0
        ],
        "mean": [
            99.75838926174497,
            91.81208053691275,
            73.26174496644295,
            77.89261744966443,
            60.12080536912752,
            50.79194630872483,
            52.02013422818792,
            49.83221476510067
        ],
        "min": [
            18.0,
            18.0,
            16.0,
            17.0,
            14.0,
            14.0,
            21.0,
            12.0
        ],
        "max": [
            220.0,
            186.0,
            163.0,
            163.0,
            149.0,
            107.0,
            86.0,
            106.0
        ],
        "RawIntDen": [
            14864.0,
            13680.0,
            10916.0,
            11606.0,
            8958.0,
            7568.0,
            7751.0,
            7425.0
        ],
        "IntDen": [
            10104.522299967277,
            9299.641083392919,
            7420.678513619671,
            7889.7393577381745,
            6089.633393642819,
            5144.71372215772,
            5269.116815597845,
            5047.502561709973
        ],
        "FlagUp": 0,
        "Times": [
            -15,
            -10,
            -5,
            2,
            10,
            20,
            30,
            40
        ],
        "width": 0,
        "height": 0,
        "area": 0.6797983248094239,
        "distance": 0,
        "xpert": [
            [
                182.0,
                272.2
            ],
            [
                177.8,
                270.2
            ],
            [
                176.4,
                266.0
            ],
            [
                175.0,
                259.0
            ],
            [
                182.0,
                259.0
            ],
            [
                189.2,
                258.8
            ],
            [
                189.2,
                266.0
            ],
            [
                186.2,
                270.2
            ]
        ],
        "stack": 0
    },
    {
        "type": "Stim",
        "location": [
            204,
            256
        ],
        "radloc": [
            0,
            0
        ],
        "mean": [
            123.93877551020408,
            84.08163265306122,
            89.11224489795919,
            81.43877551020408,
            55.63265306122449,
            46.43877551020408,
            54.90816326530612,
            32.142857142857146
        ],
        "min": [
            25.0,
            14.0,
            31.0,
            38.0,
            19.0,
            17.0,
            16.0,
            12.0
        ],
        "max": [
            236.0,
            173.0,
            167.0,
            135.0,
            143.0,
            87.0,
            166.0,
            85.0
        ],
        "RawIntDen": [
            12146.0,
            8240.0,
            8733.0,
            7981.0,
            5452.0,
            4551.0,
            5381.0,
            3150.0
        ],
        "IntDen": [
            5097.876894656139,
            3458.4641537927373,
            3665.3843998873754,
            3349.7575742014365,
            2288.2944862230584,
            1910.1298985328576,
            2258.4946130532426,
            1322.1070490833886
        ],
        "FlagUp": 0,
        "Times": [
            -15,
            -10,
            -5,
            2,
            10,
            20,
            30,
            40
        ],
        "width": 0,
        "height": 0,
        "area": 0.41971652351853606,
        "distance": 0,
        "xpert": [
            [
                204.0,
                261.6
            ],
            [
                199.4,
                260.6
            ],
            [
                197.4,
                256.0
            ],
            [
                199.8,
                251.8
            ],
            [
                204.0,
                251.8
            ],
            [
                208.2,
                251.8
            ],
            [
                210.0,
                256.0
            ],
            [
                208.0,
                260.0
            ]
        ],
        "stack": 0
    },
    {
        "type": "Stim",
        "location": [
            327,
            262
        ],
        "radloc": [
            0,
            0
        ],
        "mean": [
            19.58125,
            29.73125,
            33.2875,
            31.19375,
            19.1,
            18.1375,
            16.63125,
            15.11875
        ],
        "min": [
            5.0,
            7.0,
            11.0,
            10.0,
            6.0,
            8.0,
            5.0,
            5.0
        ],
        "max": [
            81.0,
            85.0,
            69.0,
            88.0,
            47.0,
            49.0,
            44.0,
            42.0
        ],
        "RawIntDen": [
            3133.0,
            4757.0,
            5326.0,
            4991.0,
            3056.0,
            2902.0,
            2661.0,
            2419.0
        ],
        "IntDen": [
            2270.423194875773,
            3447.303906167907,
            3859.64696326472,
            3616.87908254867,
            2214.622816323129,
            2103.0220592178403,
            1928.374121150473,
            1753.0015028421624
        ],
        "FlagUp": 0,
        "Times": [
            -15,
            -10,
            -5,
            2,
            10,
            20,
            30,
            40
        ],
        "width": 0,
        "height": 0,
        "area": 0.7246802409434322,
        "distance": 0,
        "xpert": [
            [
                327.0,
                268.6
            ],
            [
                322.4,
                266.6
            ],
            [
                321.0,
                262.0
            ],
            [
                319.4,
                254.4
            ],
            [
                327.0,
                252.6
            ],
            [
                332.6,
                256.4
            ],
            [
                332.8,
                262.0
            ],
            [
                332.0,
                267.0
            ]
        ],
        "stack": 0
    },
    {
        "type": "Stim",
        "location": [
            342,
            253
        ],
        "radloc": [
            0,
            0
        ],
        "mean": [
            95.5940594059406,
            51.46534653465346,
            49.76237623762376,
            51.21782178217822,
            42.07920792079208,
            38.07920792079208,
            29.00990099009901,
            30.207920792079207
        ],
        "min": [
            30.0,
            18.0,
            19.0,
            21.0,
            11.0,
            15.0,
            13.0,
            10.0
        ],
        "max": [
            172.0,
            114.0,
            98.0,
            103.0,
            88.0,
            80.0,
            53.0,
            62.0
        ],
        "RawIntDen": [
            9655.0,
            5198.0,
            5026.0,
            5173.0,
            4250.0,
            3846.0,
            2930.0,
            3051.0
        ],
        "IntDen": [
            4327.421028726116,
            2329.770534160368,
            2252.679242918432,
            2318.565404619389,
            1904.8720219664417,
            1723.7971285842198,
            1313.2411822027468,
            1367.4740091810854
        ],
        "FlagUp": 0,
        "Times": [
            -15,
            -10,
            -5,
            2,
            10,
            20,
            30,
            40
        ],
        "width": 0,
        "height": 0,
        "area": 0.44820518163916273,
        "distance": 0,
        "xpert": [
            [
                342.0,
                258.6
            ],
            [
                336.6,
                258.4
            ],
            [
                335.6,
                253.0
            ],
            [
                337.4,
                248.4
            ],
            [
                342.0,
                248.2
            ],
            [
                346.4,
                248.6
            ],
            [
                347.6,
                253.0
            ],
            [
                345.6,
                256.6
            ]
        ],
        "stack": 0
    },
    {
        "type": "Stim",
        "location": [
            389,
            243
        ],
        "radloc": [
            0,
            0
        ],
        "mean": [
            166.9245283018868,
            138.37264150943398,
            127.7877358490566,
            124.77358490566037,
            117.77358490566037,
            100.89622641509433,
            90.27830188679245,
            92.05188679245283
        ],
        "min": [
            50.0,
            37.0,
            35.0,
            39.0,
            28.0,
            32.0,
            26.0,
            17.0
        ],
        "max": [
            255.0,
            254.0,
            255.0,
            248.0,
            239.0,
            230.0,
            167.0,
            183.0
        ],
        "RawIntDen": [
            35388.0,
            29335.0,
            27091.0,
            26452.0,
            24968.0,
            21390.0,
            19139.0,
            19515.0
        ],
        "IntDen": [
            36489.186431509246,
            30247.832145595225,
            27934.00445393967,
            27275.120365273047,
            25744.94198095182,
            22055.603531422596,
            19734.558017199488,
            20122.258200828048
        ],
        "FlagUp": 0,
        "Times": [
            -15,
            -10,
            -5,
            2,
            10,
            20,
            30,
            40
        ],
        "width": 0,
        "height": 0,
        "area": 1.0311175096504253,
        "distance": 0,
        "xpert": [
            [
                389.0,
                249.0
            ],
            [
                383.8,
                248.2
            ],
            [
                373.4,
                243.0
            ],
            [
                383.0,
                237.0
            ],
            [
                389.0,
                235.2
            ],
            [
                395.4,
                236.6
            ],
            [
                396.8,
                243.0
            ],
            [
                394.6,
                248.6
            ]
        ],
        "stack": 0
    },
    {
        "type": "Stim",
        "location": [
            447,
            234
        ],
        "radloc": [
            0,
            0
        ],
        "mean": [
            162.35754189944134,
            130.18994413407822,
            91.21787709497207,
            96.0,
            64.37988826815642,
            59.625698324022345,
            51.55865921787709,
            58.74860335195531
        ],
        "min": [
            49.0,
            30.0,
            15.0,
            16.0,
            9.0,
            10.0,
            6.0,
            6.0
        ],
        "max": [
            255.0,
            252.0,
            182.0,
            244.0,
            161.0,
            134.0,
            148.0,
            162.0
        ],
        "RawIntDen": [
            29062.0,
            23304.0,
            16328.0,
            17184.0,
            11524.0,
            10673.0,
            9229.0,
            10516.0
        ],
        "IntDen": [
            23091.244966305,
            18516.219554565127,
            12973.430865385315,
            13653.566633438342,
            9156.40723252697,
            8480.244220128458,
            7332.912387104427,
            8355.499692576677
        ],
        "FlagUp": 0,
        "Times": [
            -15,
            -10,
            -5,
            2,
            10,
            20,
            30,
            40
        ],
        "width": 0,
        "height": 0,
        "area": 0.7945511309030693,
        "distance": 0,
        "xpert": [
            [
                447.0,
                241.2
            ],
            [
                442.4,
                238.6
            ],
            [
                440.2,
                234.0
            ],
            [
                440.6,
                227.6
            ],
            [
                447.0,
                224.6
            ],
            [
                453.4,
                227.6
            ],
            [
                454.6,
                234.0
            ],
            [
                452.8,
                239.8
            ]
        ],
        "stack": 0
    },
    {
        "type": "Stim",
        "location": [
            479,
            230
        ],
        "radloc": [
            0,
            0
        ],
        "mean": [
            108.34567901234568,
            108.98765432098766,
            92.46296296296296,
            116.85802469135803,
            72.05555555555556,
            63.41975308641975,
            48.160493827160494,
            47.32716049382716
        ],
        "min": [
            19.0,
            13.0,
            15.0,
            13.0,
            19.0,
            12.0,
            13.0,
            7.0
        ],
        "max": [
            235.0,
            212.0,
            194.0,
            235.0,
            207.0,
            170.0,
            122.0,
            156.0
        ],
        "RawIntDen": [
            17552.0,
            17656.0,
            14979.0,
            18931.0,
            11673.0,
            10274.0,
            7802.0,
            7667.0
        ],
        "IntDen": [
            12661.394101806301,
            12736.416035864408,
            10805.322598618766,
            13656.15609282675,
            8420.490733271705,
            7411.301447240084,
            5628.087783858977,
            5530.7035425335525
        ],
        "FlagUp": 0,
        "Times": [
            -15,
            -10,
            -5,
            2,
            10,
            20,
            30,
            40
        ],
        "width": 0,
        "height": 0,
        "area": 0.7213647505587,
        "distance": 0,
        "xpert": [
            [
                479.0,
                240.2
            ],
            [
                473.0,
                236.0
            ],
            [
                471.6,
                230.0
            ],
            [
                474.8,
                225.8
            ],
            [
                479.0,
                223.8
            ],
            [
                485.2,
                223.8
            ],
            [
                485.8,
                230.0
            ],
            [
                483.6,
                234.6
            ]
        ],
        "stack": 0
    },
    {
        "type": "Spine",
        "location": [
            431,
            259
        ],
        "radloc": [
            0,
            0
        ],
        "mean": [
            44.80769230769231,
            40.246153846153845,
            43.80769230769231,
            55.89230769230769,
            33.54615384615385,
            34.99230769230769,
            44.91538461538462,
            38.36153846153846
        ],
        "min": [
            6.0,
            8.0,
            8.0,
            17.0,
            9.0,
            10.0,
            15.0,
            12.0
        ],
        "max": [
            156.0,
            146.0,
            114.0,
            118.0,
            78.0,
            92.0,
            89.0,
            77.0
        ],
        "RawIntDen": [
            5825.0,
            5232.0,
            5695.0,
            7266.0,
            4361.0,
            4549.0,
            5839.0,
            4987.0
        ],
        "IntDen": [
            3279.9455648951025,
            2946.038660177026,
            3206.7450630176154,
            4091.344974167865,
            2455.595297597861,
            2561.4544849283816,
            3287.8286958665244,
            2808.083868177146
        ],
        "FlagUp": 0,
        "Times": [
            -15,
            -10,
            -5,
            2,
            10,
            20,
            30,
            40
        ],
        "width": 0,
        "height": 0,
        "area": 0.563080783672979,
        "distance": -1.0815325316247633,
        "xpert": [
            [
                431.0,
                264.4
            ],
            [
                425.8,
                264.2
            ],
            [
                424.8,
                259.0
            ],
            [
                424.8,
                252.8
            ],
            [
                431.0,
                252.8
            ],
            [
                437.2,
                252.8
            ],
            [
                436.2,
                259.0
            ],
            [
                434.6,
                262.6
            ]
        ],
        "stack": 0
    },
    {
        "type": "Spine",
        "location": [
            286,
            258
        ],
        "radloc": [
            0,
            0
        ],
        "mean": [
            34.42857142857143,
            34.49107142857143,
            27.741071428571427,
            23.508928571428573,
            17.982142857142858,
            17.705357142857142,
            19.071428571428573,
            14.892857142857142
        ],
        "min": [
            7.0,
            10.0,
            11.0,
            7.0,
            7.0,
            9.0,
            5.0,
            6.0
        ],
        "max": [
            77.0,
            78.0,
            64.0,
            47.0,
            45.0,
            36.0,
            45.0,
            37.0
        ],
        "RawIntDen": [
            3856.0,
            3863.0,
            3107.0,
            2633.0,
            2014.0,
            1983.0,
            2136.0,
            1668.0
        ],
        "IntDen": [
            1869.85602284986,
            1873.2504710241208,
            1506.6500682039718,
            1276.7974346897515,
            976.6312318515608,
            961.5986756512636,
            1035.791614317246,
            808.8485078095349
        ],
        "FlagUp": 0,
        "Times": [
            -15,
            -10,
            -5,
            2,
            10,
            20,
            30,
            40
        ],
        "width": 0,
        "height": 0,
        "area": 0.4849211677515197,
        "distance": -2.9697326581238164,
        "xpert": [
            [
                286.0,
                263.8
            ],
            [
                281.8,
                262.2
            ],
            [
                279.2,
                258.0
            ],
            [
                279.8,
                251.8
            ],
            [
                286.0,
                251.8
            ],
            [
                290.2,
                253.8
            ],
            [
                291.2,
                258.0
            ],
            [
                289.4,
                261.4
            ]
        ],
        "stack": 0
    },
    {
        "type": "Spine",
        "location": [
            200,
            244
        ],
        "radloc": [
            0,
            0
        ],
        "mean": [
            97.48167539267016,
            92.4869109947644,
            84.59685863874346,
            84.36125654450262,
            59.916230366492144,
            59.98429319371728,
            63.20942408376963,
            71.67539267015707
        ],
        "min": [
            20.0,
            19.0,
            30.0,
            11.0,
            9.0,
            12.0,
            11.0,
            16.0
        ],
        "max": [
            214.0,
            170.0,
            150.0,
            168.0,
            168.0,
            130.0,
            183.0,
            138.0
        ],
        "RawIntDen": [
            18619.0,
            17665.0,
            16158.0,
            16113.0,
            11444.0,
            11457.0,
            12073.0,
            13690.0
        ],
        "IntDen": [
            16218.135837389247,
            15387.151273832163,
            14074.474400372494,
            14035.277015299047,
            9968.330550678476,
            9979.654239699694,
            10516.222888705108,
            11924.715592344315
        ],
        "FlagUp": 0,
        "Times": [
            -15,
            -10,
            -5,
            2,
            10,
            20,
            30,
            40
        ],
        "width": 0,
        "height": 0,
        "area": 0.8710530016321633,
        "distance": -0.26356,
        "xpert": [
            [
                200.0,
                250.6
            ],
            [
                191.4,
                252.6
            ],
            [
                191.8,
                244.0
            ],
            [
                194.0,
                238.0
            ],
            [
                200.0,
                238.0
            ],
            [
                205.4,
                238.6
            ],
            [
                209.4,
                244.0
            ],
            [
                205.2,
                249.2
            ]
        ],
        "stack": 0
    },
    {
        "type": "Spine",
        "location": [
            92,
            224
        ],
        "radloc": [
            0,
            0
        ],
        "mean": [
            96.95049504950495,
            78.01980198019803,
            67.97029702970298,
            66.51485148514851,
            61.62376237623762,
            51.98019801980198,
            60.87128712871287,
            48.306930693069305
        ],
        "min": [
            15.0,
            29.0,
            13.0,
            11.0,
            12.0,
            9.0,
            9.0,
            10.0
        ],
        "max": [
            193.0,
            169.0,
            168.0,
            175.0,
            145.0,
            134.0,
            132.0,
            156.0
        ],
        "RawIntDen": [
            9792.0,
            7880.0,
            6865.0,
            6718.0,
            6224.0,
            5250.0,
            6148.0,
            4879.0
        ],
        "IntDen": [
            5235.928511254844,
            4213.553581361129,
            3670.8179360462113,
            3592.2148425868095,
            3328.0656713695003,
            2807.253337835777,
            3287.427337336068,
            2608.874101962049
        ],
        "FlagUp": 0,
        "Times": [
            -15,
            -10,
            -5,
            2,
            10,
            20,
            30,
            40
        ],
        "width": 0,
        "height": 0,
        "area": 0.534714921492529,
        "distance": -3.5649170303065456,
        "xpert": [
            [
                92.0,
                229.2
            ],
            [
                88.6,
                227.4
            ],
            [
                84.4,
                224.0
            ],
            [
                88.0,
                220.0
            ],
            [
                92.0,
                219.0
            ],
            [
                95.6,
                220.4
            ],
            [
                96.8,
                224.0
            ],
            [
                100.2,
                232.2
            ]
        ],
        "stack": 0
    },
    {
        "type": "Spine",
        "location": [
            68,
            222
        ],
        "radloc": [
            0,
            0
        ],
        "mean": [
            121.91358024691358,
            75.60493827160494,
            61.876543209876544,
            66.1604938271605,
            70.32098765432099,
            67.09876543209876,
            62.629629629629626,
            60.27160493827161
        ],
        "min": [
            46.0,
            19.0,
            10.0,
            11.0,
            14.0,
            27.0,
            34.0,
            24.0
        ],
        "max": [
            215.0,
            175.0,
            164.0,
            151.0,
            152.0,
            104.0,
            88.0,
            113.0
        ],
        "RawIntDen": [
            9875.0,
            6124.0,
            5012.0,
            5359.0,
            5696.0,
            5435.0,
            5073.0,
            4882.0
        ],
        "IntDen": [
            3437.7490926648966,
            2131.9266271878305,
            1744.8099698669835,
            1865.60986203455,
            1982.928489298152,
            1892.0674753046799,
            1766.0456857811666,
            1699.5535261154455
        ],
        "FlagUp": 0,
        "Times": [
            -15,
            -10,
            -5,
            2,
            10,
            20,
            30,
            40
        ],
        "width": 0,
        "height": 0,
        "area": 0.3481264903964452,
        "distance": -2.10848,
        "xpert": [
            [
                68.0,
                226.2
            ],
            [
                63.8,
                226.2
            ],
            [
                61.6,
                222.0
            ],
            [
                64.2,
                218.2
            ],
            [
                68.0,
                216.8
            ],
            [
                71.4,
                218.6
            ],
            [
                73.0,
                222.0
            ],
            [
                71.8,
                225.8
            ]
        ],
        "stack": 0
    }
]