[
    {
        "type": 0,
        "location": [
            68,
            256
        ],
        "bgloc": [
            60,
            275
        ],
        "mean": [
            [
                44.105839416058394,
                65.9963503649635,
                73.22992700729927,
                84.48905109489051,
                89.63868613138686,
                83.74452554744525,
                77.01094890510949,
                75.82846715328468
            ]
        ],
        "min": [
            [
                7,
                11,
                11,
                22,
                17,
                14,
                15,
                11
            ]
        ],
        "max": [
            [
                143,
                171,
                197,
                212,
                223,
                205,
                172,
                173
            ]
        ],
        "RawIntDen": [
            [
                12085,
                18083,
                20065,
                23150,
                24561,
                22946,
                21101,
                20777
            ]
        ],
        "IntDen": [
            [
                52.64226000000001,
                78.76954800000001,
                87.40314000000001,
                100.84140000000001,
                106.987716,
                99.95277600000001,
                91.91595600000001,
                90.50461200000001
            ]
        ],
        "local_bg": [
            [
                7.266423357664234,
                7.689781021897811,
                7.905109489051095,
                8.952554744525548,
                8.594890510948906,
                8.806569343065693,
                9.357664233576642,
                8.503649635036496
            ]
        ],
        "area": [
            1.1935440000000002
        ],
        "distance": 1.2340709236283065,
        "points": [
            [
                68.0,
                263.0
            ],
            [
                61.2,
                262.8
            ],
            [
                58.2,
                256.0
            ],
            [
                57.2,
                245.2
            ],
            [
                68.0,
                248.8
            ],
            [
                73.6,
                250.4
            ],
            [
                80.4,
                256.0
            ],
            [
                75.2,
                263.2
            ]
        ],
        "shift": null,
        "channel": 0,
        "closest_Dend": 0
    },
    {
        "type": 0,
        "location": [
            92,
            246
        ],
        "bgloc": [
            97,
            231
        ],
        "mean": [
            [
                35.16477272727273,
                25.244318181818183,
                21.142045454545453,
                18.539772727272727,
                17.875,
                17.755681818181817,
                17.829545454545453,
                19.272727272727273
            ]
        ],
        "min": [
            [
                9,
                7,
                6,
                7,
                8,
                6,
                7,
                9
            ]
        ],
        "max": [
            [
                106,
                84,
                70,
                61,
                80,
                49,
                49,
                73
            ]
        ],
        "RawIntDen": [
            [
                6189,
                4443,
                3721,
                3263,
                3146,
                3125,
                3138,
                3392
            ]
        ],
        "IntDen": [
            [
                26.959284000000004,
                19.353708,
                16.208676,
                14.213628000000002,
                13.703976,
                13.6125,
                13.669128000000002,
                14.775552000000001
            ]
        ],
        "local_bg": [
            [
                8.346590909090908,
                7.9602272727272725,
                7.5227272727272725,
                7.619318181818182,
                8.221590909090908,
                8.306818181818182,
                9.193181818181818,
                9.051136363636363
            ]
        ],
        "area": [
            0.7666560000000001
        ],
        "distance": 2.4701965140120077,
        "points": [
            [
                92.0,
                251.6
            ],
            [
                88.0,
                250.0
            ],
            [
                80.8,
                246.0
            ],
            [
                86.0,
                240.0
            ],
            [
                92.0,
                239.8
            ],
            [
                97.4,
                240.6
            ],
            [
                100.0,
                246.0
            ],
            [
                99.0,
                253.0
            ]
        ],
        "shift": null,
        "channel": 0,
        "closest_Dend": 0
    },
    {
        "type": 0,
        "location": [
            86,
            264
        ],
        "bgloc": [
            77,
            284
        ],
        "mean": [
            [
                50.38032786885246,
                68.68196721311476,
                87.1704918032787,
                114.58032786885246,
                97.57704918032788,
                89.35737704918033,
                90.82295081967213,
                73.58032786885246
            ]
        ],
        "min": [
            [
                6,
                8,
                10,
                15,
                21,
                16,
                14,
                8
            ]
        ],
        "max": [
            [
                153,
                171,
                201,
                214,
                208,
                188,
                173,
                176
            ]
        ],
        "RawIntDen": [
            [
                15366,
                20948,
                26587,
                34947,
                29761,
                27254,
                27701,
                22442
            ]
        ],
        "IntDen": [
            [
                66.934296,
                91.24948800000001,
                115.81297200000002,
                152.22913200000002,
                129.63891600000002,
                118.71842400000001,
                120.66555600000001,
                97.75735200000001
            ]
        ],
        "local_bg": [
            [
                6.675409836065573,
                7.026229508196721,
                7.022950819672131,
                7.839344262295082,
                7.714754098360656,
                7.498360655737705,
                7.760655737704918,
                6.977049180327869
            ]
        ],
        "area": [
            1.32858
        ],
        "distance": 2.5437318679301213,
        "points": [
            [
                86.0,
                272.2
            ],
            [
                77.8,
                272.2
            ],
            [
                75.0,
                264.0
            ],
            [
                77.0,
                255.0
            ],
            [
                86.0,
                256.6
            ],
            [
                91.8,
                258.2
            ],
            [
                102.4,
                264.0
            ],
            [
                91.8,
                269.8
            ]
        ],
        "shift": null,
        "channel": 0,
        "closest_Dend": 0
    },
    {
        "type": 0,
        "location": [
            138,
            251
        ],
        "bgloc": [
            147,
            222
        ],
        "mean": [
            [
                23.339055793991417,
                23.5793991416309,
                24.38197424892704,
                28.326180257510728,
                26.523605150214593,
                29.051502145922747,
                26.120171673819744,
                31.103004291845494
            ]
        ],
        "min": [
            [
                8,
                7,
                5,
                6,
                7,
                7,
                6,
                6
            ]
        ],
        "max": [
            [
                55,
                84,
                75,
                82,
                81,
                101,
                83,
                85
            ]
        ],
        "RawIntDen": [
            [
                5438,
                5494,
                5681,
                6600,
                6180,
                6769,
                6086,
                7247
            ]
        ],
        "IntDen": [
            [
                23.687928000000003,
                23.931864000000004,
                24.746436000000003,
                28.749600000000004,
                26.920080000000002,
                29.485764000000003,
                26.510616000000002,
                31.567932000000003
            ]
        ],
        "local_bg": [
            [
                6.309012875536481,
                5.261802575107296,
                5.236051502145923,
                5.339055793991417,
                5.3004291845493565,
                5.510729613733906,
                5.3218884120171674,
                5.785407725321888
            ]
        ],
        "area": [
            1.0149480000000002
        ],
        "distance": 5.503909656162587,
        "points": [
            [
                138.0,
                260.2
            ],
            [
                130.6,
                258.4
            ],
            [
                125.6,
                251.0
            ],
            [
                131.4,
                244.4
            ],
            [
                138.0,
                243.4
            ],
            [
                143.6,
                245.4
            ],
            [
                144.2,
                251.0
            ],
            [
                144.0,
                257.0
            ]
        ],
        "shift": null,
        "channel": 0,
        "closest_Dend": 0
    },
    {
        "type": 0,
        "location": [
            220,
            271
        ],
        "bgloc": [
            216,
            253
        ],
        "mean": [
            [
                39.189473684210526,
                28.44736842105263,
                27.3,
                55.72631578947368,
                37.27368421052632,
                44.94736842105263,
                35.50526315789474,
                28.989473684210527
            ]
        ],
        "min": [
            [
                7,
                6,
                7,
                9,
                7,
                8,
                7,
                8
            ]
        ],
        "max": [
            [
                114,
                76,
                81,
                154,
                116,
                160,
                104,
                95
            ]
        ],
        "RawIntDen": [
            [
                7446,
                5405,
                5187,
                10588,
                7082,
                8540,
                6746,
                5508
            ]
        ],
        "IntDen": [
            [
                32.43477600000001,
                23.544180000000004,
                22.594572000000003,
                46.121328000000005,
                30.849192000000002,
                37.20024,
                29.385576000000004,
                23.992848000000002
            ]
        ],
        "local_bg": [
            [
                8.205263157894738,
                7.994736842105263,
                8.289473684210526,
                9.326315789473684,
                8.83157894736842,
                9.094736842105263,
                8.83157894736842,
                9.426315789473684
            ]
        ],
        "area": [
            0.82764
        ],
        "distance": 11.55810282338215,
        "points": [
            [
                220.0,
                276.4
            ],
            [
                213.8,
                277.2
            ],
            [
                205.2,
                271.0
            ],
            [
                213.8,
                264.8
            ],
            [
                220.0,
                265.0
            ],
            [
                225.4,
                265.6
            ],
            [
                226.8,
                271.0
            ],
            [
                224.2,
                275.2
            ]
        ],
        "shift": null,
        "channel": 0,
        "closest_Dend": 0
    },
    {
        "type": 0,
        "location": [
            220,
            296
        ],
        "bgloc": [
            226,
            326
        ],
        "mean": [
            [
                48.81308411214953,
                50.42056074766355,
                58.24766355140187,
                79.6355140186916,
                63.89719626168224,
                81.59345794392523,
                69.33644859813084,
                84.8177570093458
            ]
        ],
        "min": [
            [
                6,
                8,
                9,
                14,
                11,
                15,
                15,
                21
            ]
        ],
        "max": [
            [
                130,
                133,
                173,
                185,
                153,
                185,
                149,
                199
            ]
        ],
        "RawIntDen": [
            [
                10446,
                10790,
                12465,
                17042,
                13674,
                17461,
                14838,
                18151
            ]
        ],
        "IntDen": [
            [
                45.502776000000004,
                47.00124,
                54.297540000000005,
                74.234952,
                59.563944000000006,
                76.06011600000001,
                64.63432800000001,
                79.06575600000001
            ]
        ],
        "local_bg": [
            [
                5.719626168224299,
                5.537383177570093,
                5.738317757009346,
                6.135514018691588,
                6.163551401869159,
                6.579439252336448,
                6.52803738317757,
                6.630841121495327
            ]
        ],
        "area": [
            0.9321840000000001
        ],
        "distance": 11.234511200404146,
        "points": [
            [
                220.0,
                303.4
            ],
            [
                213.4,
                302.6
            ],
            [
                206.8,
                296.0
            ],
            [
                213.0,
                289.0
            ],
            [
                220.0,
                289.6
            ],
            [
                225.0,
                291.0
            ],
            [
                227.0,
                296.0
            ],
            [
                225.6,
                301.6
            ]
        ],
        "shift": null,
        "channel": 0,
        "closest_Dend": 0
    },
    {
        "type": 0,
        "location": [
            247,
            256
        ],
        "bgloc": [
            247,
            216
        ],
        "mean": [
            [
                27.58992805755396,
                31.615107913669064,
                30.276978417266186,
                43.50359712230216,
                38.79136690647482,
                43.611510791366904,
                36.37769784172662,
                34.068345323741006
            ]
        ],
        "min": [
            [
                6,
                6,
                6,
                5,
                6,
                7,
                7,
                6
            ]
        ],
        "max": [
            [
                99,
                133,
                139,
                187,
                162,
                156,
                150,
                136
            ]
        ],
        "RawIntDen": [
            [
                7670,
                8789,
                8417,
                12094,
                10784,
                12124,
                10113,
                9471
            ]
        ],
        "IntDen": [
            [
                33.410520000000005,
                38.284884000000005,
                36.664452000000004,
                52.681464000000005,
                46.97510400000001,
                52.812144,
                44.05222800000001,
                41.25567600000001
            ]
        ],
        "local_bg": [
            [
                5.579136690647482,
                5.266187050359712,
                4.956834532374101,
                5.212230215827338,
                5.514388489208633,
                5.18705035971223,
                5.151079136690647,
                5.31294964028777
            ]
        ],
        "area": [
            1.210968
        ],
        "distance": 13.643179129907752,
        "points": [
            [
                247.0,
                267.6
            ],
            [
                236.2,
                266.8
            ],
            [
                237.0,
                256.0
            ],
            [
                241.4,
                250.4
            ],
            [
                247.0,
                249.8
            ],
            [
                252.4,
                250.6
            ],
            [
                253.4,
                256.0
            ],
            [
                255.8,
                264.8
            ]
        ],
        "shift": null,
        "channel": 0,
        "closest_Dend": 0
    }
]