[
    {
        "type": 0,
        "location": [
            57,
            197
        ],
        "bgloc": [
            58.565061085614595,
            163.9710284597104
        ],
        "mean": [
            [
            51.34228187919463,
            70.3489932885906,
            59.348993288590606,
            55.51006711409396,
            61.557046979865774,
            45.32214765100671,
            46.557046979865774,
            41.785234899328856
            ]
        ],
        "min": [
            [
                9,
                10,
                6,
                7,
                7,
                4,
                1,
                1
            ]
        ],
        "max": [
            [
                145,
                175,
                133,
                110,
                132,
                101,
                168,
                137
            ]
        ],
        "RawIntDen": [
            [
                19202,
                26311,
                22197,
                20761,
                23022,
                16950,
                17412,
                15628
            ]
        ],
        "IntDen": [
            [
                31182.5483283909,
                42726.2054350579,
                36045.3954075766,
                33713.8375456367,
                37386.4487932028,
                27526.241681258,
                28276.2533011826,
                25378.110574191
            ]
        ],
        "local_bg": [
            [
                5.05614973262032,
                5.74331550802139,
                4.7994652406417115,
                4.302139037433155,
                5.016042780748663,
                5.745989304812834,
                5.497326203208556,
                4.053475935828877
            ]
        ],
        "area": [
            1.6239207650659715
        ],
        "distance": 1.5827178060364513,
        "points": [
            [
                57.0,
                203.8
            ],
            [
                50.2,
                203.8
            ],
            [
                34.8,
                197.0
            ],
            [
                46.8,
                186.8
            ],
            [
                57.0,
                188.0
            ],
            [
                64.8,
                189.2
            ],
            [
                65.8,
                197.0
            ],
            [
                63.2,
                203.2
            ]
        ],
        "shift": null,
        "channel": 0,
        "closest_Dend": 0
    },
    {
        "type": 0,
        "location": [
            157,
            182
        ],
        "bgloc": [
            153,
            139
        ],
        "mean": [
            [
            53.96992481203007,
            52.6390977443609,
            51.278195488721806,
            85.46616541353383,
            47.714285714285715,
            44.30075187969925,
            43.8421052631579,
            40.015037593984964
            ]
        ],
        "min": [
            [
                7,
                4,
                6,
                7,
                7,
                6,
                8,
                8
            ]
        ],
        "max": [
            [
                144,
                132,
                120,
                180,
                109,
                133,
                107,
                122
            ]
        ],
        "RawIntDen": [
            [
                28928,
                28215,
                27485,
                45810,
                25575,
                23745,
                23499,
                21448
            ]
        ],
        "IntDen": [
            [
                67324.73077448,
                65664.5918294978,
                63966.935620222,
                106614.685805728,
                59521.1398014558,
                55262.9303041566,
                54690.7920236825,
                49916.7201423491
            ]
        ],
        "local_bg": [
            [
                4.897388059701493,
                4.542910447761194,
                4.5690298507462686,
                4.4533582089552235,
                4.352611940298507,
                4.652985074626866,
                4.2835820895522385,
                4.294776119402985
            ]
        ],
        "area": [
            2.3273302943191463
        ],
        "distance": 8.415063702412535,
        "points": [
            [
                157.0,
                193.0
            ],
            [
                147.4,
                191.6
            ],
            [
                137.6,
                182.0
            ],
            [
                144.4,
                169.4
            ],
            [
                157.0,
                171.0
            ],
            [
                164.0,
                175.0
            ],
            [
                166.4,
                182.0
            ],
            [
                168.8,
                193.8
            ]
        ],
        "shift": null,
        "channel": 0,
        "closest_Dend": 0
    },
    {
        "type": 0,
        "location": [
            266,
            243
        ],
        "bgloc": [
            267,
            273
        ],
        "mean": [
            [
            76.59848484848484,
            76.75757575757575,
            69.60606060606061,
            84.93939393939394,
            74.31818181818181,
            62.79545454545455,
            77.6969696969697,
            72.93939393939394
            ]
        ],
        "min": [
            [
                8,
                7,
                6,
                6,
                7,
                4,
                5,
                6
            ]
        ],
        "max": [
            [
                208,
                177,
                182,
                196,
                176,
                137,
                194,
                185
            ]
        ],
        "RawIntDen": [
            [
                30639,
                30703,
                27842,
                33976,
                29727,
                25118,
                31079,
                29176
            ]
        ],
        "IntDen": [
            [
                53214.9176975596,
                53325.4422027172,
                48357.1025422983,
                59009.5596108237,
                51630.7331236336,
                43625.601107217,
                53978.0630903147,
                50672.8540789341
            ]
        ],
        "local_bg": [
            [
                6.4225,
                5.93,
                5.92,
                5.35,
                5.2525,
                5.8075,
                5.8975,
                6.3025
            ]
        ],
        "area": [
            1.7368136524769748
        ],
        "distance": 15.713024926037814,
        "points": [
            [
                266.0,
                251.8
            ],
            [
                259.0,
                250.0
            ],
            [
                248.8,
                243.0
            ],
            [
                255.2,
                232.2
            ],
            [
                266.0,
                231.8
            ],
            [
                274.4,
                234.6
            ],
            [
                275.4,
                243.0
            ],
            [
                273.4,
                250.4
            ]
        ],
        "shift": null,
        "channel": 0,
        "closest_Dend": 0
    },
    {
        "type": 0,
        "location": [
            642,
            235
        ],
        "bgloc": [
            639,
            280
        ],
        "mean": [
            [
            36.90909090909091,
            43.86868686868687,
            38.85353535353536,
            74.71717171717172,
            69.36868686868686,
            66.86868686868686,
            80.86363636363636,
            65.38888888888889
            ]
        ],
        "min": [
            [
                6,
                5,
                7,
                11,
                9,
                9,
                12,
                20
            ]
        ],
        "max": [
            [
                124,
                107,
                124,
                185,
                149,
                162,
                171,
                143
            ]
        ],
        "RawIntDen": [
            [
                9818,
                11669,
                10335,
                19875,
                18452,
                17787,
                21510,
                17393
            ]
        ],
        "IntDen": [
            [
                11339.3942360528,
                13477.55587498,
                11936.7761163046,
                22954.9806141441,
                21311.7925331396,
                20543.7301156731,
                24843.3280122388,
                20089.0992301827
            ]
        ],
        "local_bg": [
            [
                10.462406015037594,
                10.759398496240602,
                11.176691729323307,
                11.289473684210526,
                15.921052631578947,
                15.958646616541353,
                19.93233082706767,
                29.17669172932331
            ]
        ],
        "area": [
            1.1549810788971882
        ],
        "distance": 40.91414929336932,
        "points": [
            [
                642.0,
                246.6
            ],
            [
                634.9520437662824,
                251.0803605880034
            ],
            [
                630.067408319836,
                233.98413652544124
            ],
            [
                643.0931028436929,
                232.3559247099591
            ],
            [
                653.4,
                235.0
            ],
            [
                650.0,
                243.0
            ]
        ],
        "shift": null,
        "channel": 0,
        "closest_Dend": 0
    },
    {
        "type": 0,
        "location": [
            737,
            238
        ],
        "bgloc": [
            733,
            273
        ],
        "mean": [
            [
            30.887096774193548,
            32.50806451612903,
            40.524193548387096,
            55.28225806451613,
            50.70161290322581,
            43.46774193548387,
            42.20967741935484,
            44.274193548387096
            ]
        ],
        "min": [
            [
                7,
                8,
                6,
                4,
                4,
                7,
                7,
                6
            ]
        ],
        "max": [
            [
                178,
                151,
                147,
                155,
                151,
                172,
                155,
                206
            ]
        ],
        "RawIntDen": [
            [
                16679,
                17554,
                21883,
                29852,
                27379,
                23473,
                22793,
                23908
            ]
        ],
        "IntDen": [
            [
                39107.3007634788,
                41159.6682447999,
                51309.1870330238,
                69994.9208181847,
                64195.1957963425,
                55036.1230065669,
                53443.2407822581,
                56057.2013554827
            ]
        ],
        "local_bg": [
            [
                7.075925925925926,
                7.04074074074074,
                6.32962962962963,
                6.464814814814815,
                5.972222222222222,
                7.788888888888889,
                7.683333333333334,
                7.727777777777778
            ]
        ],
        "area": [
            2.344698430843916
        ],
        "distance": 47.22214602095441,
        "points": [
            [
                737.0,
                248.4
            ],
            [
                725.0,
                250.0
            ],
            [
                719.6,
                238.0
            ],
            [
                725.0,
                226.0
            ],
            [
                737.0,
                226.8
            ],
            [
                747.6,
                227.4
            ],
            [
                747.8,
                238.0
            ],
            [
                745.4,
                246.4
            ]
        ],
        "shift": null,
        "channel": 0,
        "closest_Dend": 0
    },
    {
        "type": 0,
        "location": [
            813,
            240
        ],
        "bgloc": [
            823.8246143622074,
            269.8047964660477
        ],
        "mean": [
            [
            48.75,
            39.10204081632653,
            38.30612244897959,
            64.14795918367346,
            43.21938775510204,
            42.326530612244895,
            45.08163265306123,
            51.08163265306123
            ]
        ],
        "min": [
            [
                14,
                15,
                16,
                19,
                13,
                16,
                12,
                17
            ]
        ],
        "max": [
            [
                106,
                80,
                87,
                82,
                94,
                104,
                67,
                134
            ]
        ],
        "RawIntDen": [
            [
                10481,
                8407,
                8236,
                13792,
                9292,
                9100,
                9693,
                10983
            ]
        ],
        "IntDen": [
            [
                9784.63822607557,
                7848.19124695375,
                7688.44205142598,
                12875.170739555,
                8674.58612381852,
                8495.38029550211,
                9048.3582800213,
                10252.6214463075
            ]
        ],
        "local_bg": [
            [
                12.518691588785046,
                14.630841121495328,
                18.97196261682243,
                15.780373831775702,
                14.976635514018692,
                18.523364485981308,
                15.55607476635514,
                14.392523364485982
            ]
        ],
        "area": [
            0.933537338206374
        ],
        "distance": 52.25362666682969,
        "points": [
            [
                816.4976611925379,
                244.56751332607496
            ],
            [
                804.2,
                231.2
            ],
            [
                813.0,
                232.4
            ],
            [
                820.6,
                232.4
            ],
            [
                829.8,
                240.0
            ],
            [
                827.0810379931715,
                247.8239369570392
            ]
        ],
        "shift": null,
        "channel": 0,
        "closest_Dend": 0
    },
    {
        "type": 0,
        "location": [
            883,
            276
        ],
        "bgloc": [
            888,
            368
        ],
        "mean": [
            [
            30.0531914893617,
            31.51063829787234,
            36.17553191489362,
            38.43617021276596,
            34.28191489361702,
            40.430851063829785,
            38.0,
            44.1063829787234
            ]
        ],
        "min": [
            [
                2,
                4,
                3,
                4,
                0,
                2,
                2,
                5
            ]
        ],
        "max": [
            [
                119,
                98,
                97,
                99,
                108,
                100,
                112,
                111
            ]
        ],
        "RawIntDen": [
            [
                30173,
                31637,
                36320,
                38590,
                34419,
                40593,
                38152,
                44283
            ]
        ],
        "IntDen": [
            [
                131538.006935386,
                137917.018245172,
                158334.510649125,
                168228.962498247,
                150046.452159038,
                176959.361188649,
                166319.915317946,
                193046.575842163
            ]
        ],
        "local_bg": [
            [
                2.75996015936255,
                2.395418326693227,
                2.444223107569721,
                2.196215139442231,
                2.102589641434263,
                2.735059760956175,
                2.506972111553785,
                2.510956175298805
            ]
        ],
        "area": [
            4.359402267717207
        ],
        "distance": 56.60738769260848,
        "points": [
            [
                883.0,
                291.0
            ],
            [
                871.8,
                287.2
            ],
            [
                866.6,
                276.0
            ],
            [
                859.4,
                252.4
            ],
            [
                883.0,
                249.4
            ],
            [
                893.0,
                266.0
            ],
            [
                894.0,
                276.0
            ],
            [
                893.0,
                286.0
            ]
        ],
        "shift": null,
        "channel": 0,
        "closest_Dend": 0
    }
]