[
    {
        "type": 0,
        "location": [
            57,
            197
        ],
        "bgloc": [
            58.565061085614595,
            163.9710284597104
        ],
        "mean": [
            [
            51.34228187919463,
            70.3489932885906,
            59.348993288590606,
            55.51006711409396,
            61.557046979865774,
            45.32214765100671,
            46.557046979865774,
            41.785234899328856
            ]
        ],
        "min": [
            [
                9,
                10,
                6,
                7,
                7,
                4,
                1,
                1
            ]
        ],
        "max": [
            [
                145,
                175,
                133,
                110,
                132,
                101,
                168,
                137
            ]
        ],
        "RawIntDen": [
            [
                18986,
                22258,
                18729,
                16939,
                19580,
                14463,
                13533,
                10728
            ]
        ],
        "IntDen": [
            [
                30831.759645542534,
                36145.22838883839,
                30414.41200892058,
                27507.59383945249,
                31796.368579991722,
                23486.766025149143,
                21976.51971363779,
                17421.421967627743
            ]
        ],
        "local_bg": [
            [
                5.05614973262032,
                5.74331550802139,
                4.7994652406417115,
                4.302139037433155,
                5.016042780748663,
                5.745989304812834,
                5.497326203208556,
                4.053475935828877
            ]
        ],
        "area": [
            1.6239207650659715
        ],
        "distance": 1.5827178060364513,
        "points": [
            [
                57.0,
                203.8
            ],
            [
                50.2,
                203.8
            ],
            [
                34.8,
                197.0
            ],
            [
                46.8,
                186.8
            ],
            [
                57.0,
                188.0
            ],
            [
                64.8,
                189.2
            ],
            [
                65.8,
                197.0
            ],
            [
                63.2,
                203.2
            ]
        ],
        "shift": null,
        "channel": 0,
        "closest_Dend": 0
    },
    {
        "type": 0,
        "location": [
            157,
            182
        ],
        "bgloc": [
            153,
            139
        ],
        "mean": [
            [
            53.96992481203007,
            52.6390977443609,
            51.278195488721806,
            85.46616541353383,
            47.714285714285715,
            44.30075187969925,
            43.8421052631579,
            40.015037593984964
            ]
        ],
        "min": [
            [
                7,
                4,
                6,
                7,
                7,
                6,
                8,
                8
            ]
        ],
        "max": [
            [
                144,
                132,
                120,
                180,
                109,
                133,
                107,
                122
            ]
        ],
        "RawIntDen": [
            [
                18281,
                18385,
                18351,
                27418,
                20957,
                21565,
                21635,
                22454
            ]
        ],
        "IntDen": [
            [
                42545.92511044831,
                42787.9674610575,
                42708.83823105065,
                63810.74200964235,
                48773.860978046345,
                50188.87779699239,
                50351.79091759473,
                52257.874428642106
            ]
        ],
        "local_bg": [
            [
                4.897388059701493,
                4.542910447761194,
                4.5690298507462686,
                4.4533582089552235,
                4.352611940298507,
                4.652985074626866,
                4.2835820895522385,
                4.294776119402985
            ]
        ],
        "area": [
            2.3273302943191463
        ],
        "distance": 8.415063702412535,
        "points": [
            [
                157.0,
                193.0
            ],
            [
                147.4,
                191.6
            ],
            [
                137.6,
                182.0
            ],
            [
                144.4,
                169.4
            ],
            [
                157.0,
                171.0
            ],
            [
                164.0,
                175.0
            ],
            [
                166.4,
                182.0
            ],
            [
                168.8,
                193.8
            ]
        ],
        "shift": null,
        "channel": 0,
        "closest_Dend": 0
    },
    {
        "type": 0,
        "location": [
            266,
            243
        ],
        "bgloc": [
            267,
            273
        ],
        "mean": [
            [
            76.59848484848484,
            76.75757575757575,
            69.60606060606061,
            84.93939393939394,
            74.31818181818181,
            62.79545454545455,
            77.6969696969697,
            72.93939393939394
            ]
        ],
        "min": [
            [
                8,
                7,
                6,
                6,
                7,
                4,
                5,
                6
            ]
        ],
        "max": [
            [
                208,
                177,
                182,
                196,
                176,
                137,
                194,
                185
            ]
        ],
        "RawIntDen": [
            [
                29854,
                22905,
                22239,
                22262,
                19064,
                15507,
                20815,
                23358
            ]
        ],
        "IntDen": [
            [
                51850.834781047604,
                39781.71670998511,
                38624.998817435444,
                38664.94553144241,
                33110.615470821045,
                26932.769308960447,
                36151.77617630823,
                40568.49329455718
            ]
        ],
        "local_bg": [
            [
                6.4225,
                5.93,
                5.92,
                5.35,
                5.2525,
                5.8075,
                5.8975,
                6.3025
            ]
        ],
        "area": [
            1.7368136524769748
        ],
        "distance": 15.713024926037814,
        "points": [
            [
                266.0,
                251.8
            ],
            [
                259.0,
                250.0
            ],
            [
                248.8,
                243.0
            ],
            [
                255.2,
                232.2
            ],
            [
                266.0,
                231.8
            ],
            [
                274.4,
                234.6
            ],
            [
                275.4,
                243.0
            ],
            [
                273.4,
                250.4
            ]
        ],
        "shift": null,
        "channel": 0,
        "closest_Dend": 0
    },
    {
        "type": 0,
        "location": [
            642,
            235
        ],
        "bgloc": [
            639,
            280
        ],
        "mean": [
            [
            36.90909090909091,
            43.86868686868687,
            38.85353535353536,
            74.71717171717172,
            69.36868686868686,
            66.86868686868686,
            80.86363636363636,
            65.38888888888889
            ]
        ],
        "min": [
            [
                6,
                5,
                7,
                11,
                9,
                9,
                12,
                20
            ]
        ],
        "max": [
            [
                124,
                107,
                124,
                185,
                149,
                162,
                171,
                143
            ]
        ],
        "RawIntDen": [
            [
                9667,
                9747,
                8671,
                16534,
                15161,
                13471,
                18280,
                15844
            ]
        ],
        "IntDen": [
            [
                11165.202089699118,
                11257.600576010893,
                10014.84093511752,
                19096.45715848611,
                17510.66813716027,
                15558.750113824022,
                21113.0541222406,
                18299.52021404705
            ]
        ],
        "local_bg": [
            [
                10.462406015037594,
                10.759398496240602,
                11.176691729323307,
                11.289473684210526,
                15.921052631578947,
                15.958646616541353,
                19.93233082706767,
                29.17669172932331
            ]
        ],
        "area": [
            1.1549810788971882
        ],
        "distance": 40.91414929336932,
        "points": [
            [
                642.0,
                246.6
            ],
            [
                634.9520437662824,
                251.0803605880034
            ],
            [
                630.067408319836,
                233.98413652544124
            ],
            [
                643.0931028436929,
                232.3559247099591
            ],
            [
                653.4,
                235.0
            ],
            [
                650.0,
                243.0
            ]
        ],
        "shift": null,
        "channel": 0,
        "closest_Dend": 0
    },
    {
        "type": 0,
        "location": [
            737,
            238
        ],
        "bgloc": [
            733,
            273
        ],
        "mean": [
            [
            30.887096774193548,
            32.50806451612903,
            40.524193548387096,
            55.28225806451613,
            50.70161290322581,
            43.46774193548387,
            42.20967741935484,
            44.274193548387096
            ]
        ],
        "min": [
            [
                7,
                8,
                6,
                4,
                4,
                7,
                7,
                6
            ]
        ],
        "max": [
            [
                178,
                151,
                147,
                155,
                151,
                172,
                155,
                206
            ]
        ],
        "RawIntDen": [
            [
                18177,
                19241,
                19723,
                21035,
                20156,
                19001,
                21875,
                27894
            ]
        ],
        "IntDen": [
            [
                42619.58337744986,
                45114.34250786779,
                46244.48715153455,
                49320.73149280177,
                47259.74157208997,
                44551.61488446525,
                51290.278174710664,
                65403.01802996019
            ]
        ],
        "local_bg": [
            [
                7.075925925925926,
                7.04074074074074,
                6.32962962962963,
                6.464814814814815,
                5.972222222222222,
                7.788888888888889,
                7.683333333333334,
                7.727777777777778
            ]
        ],
        "area": [
            2.344698430843916
        ],
        "distance": 47.22214602095441,
        "points": [
            [
                737.0,
                248.4
            ],
            [
                725.0,
                250.0
            ],
            [
                719.6,
                238.0
            ],
            [
                725.0,
                226.0
            ],
            [
                737.0,
                226.8
            ],
            [
                747.6,
                227.4
            ],
            [
                747.8,
                238.0
            ],
            [
                745.4,
                246.4
            ]
        ],
        "shift": null,
        "channel": 0,
        "closest_Dend": 0
    },
    {
        "type": 0,
        "location": [
            813,
            240
        ],
        "bgloc": [
            823.8246143622074,
            269.8047964660477
        ],
        "mean": [
            [
            48.75,
            39.10204081632653,
            38.30612244897959,
            64.14795918367346,
            43.21938775510204,
            42.326530612244895,
            45.08163265306123,
            51.08163265306123
            ]
        ],
        "min": [
            [
                14,
                15,
                16,
                19,
                13,
                16,
                12,
                17
            ]
        ],
        "max": [
            [
                106,
                80,
                87,
                82,
                94,
                104,
                67,
                134
            ]
        ],
        "RawIntDen": [
            [
                8049,
                7505,
                7830,
                9539,
                7174,
                8321,
                7554,
                9604
            ]
        ],
        "IntDen": [
            [
                7514.042035223104,
                7006.197723238836,
                7309.597358155908,
                8905.012669150601,
                6697.196864292527,
                7767.964191215237,
                7051.941052810948,
                8965.692596134015
            ]
        ],
        "local_bg": [
            [
                12.518691588785046,
                14.630841121495328,
                18.97196261682243,
                15.780373831775702,
                14.976635514018692,
                18.523364485981308,
                15.55607476635514,
                14.392523364485982
            ]
        ],
        "area": [
            0.933537338206374
        ],
        "distance": 52.25362666682969,
        "points": [
            [
                816.4976611925379,
                244.56751332607496
            ],
            [
                804.2,
                231.2
            ],
            [
                813.0,
                232.4
            ],
            [
                820.6,
                232.4
            ],
            [
                829.8,
                240.0
            ],
            [
                827.0810379931715,
                247.8239369570392
            ]
        ],
        "shift": null,
        "channel": 0,
        "closest_Dend": 0
    },
    {
        "type": 0,
        "location": [
            883,
            276
        ],
        "bgloc": [
            888,
            368
        ],
        "mean": [
            [
            30.0531914893617,
            31.51063829787234,
            36.17553191489362,
            38.43617021276596,
            34.28191489361702,
            40.430851063829785,
            38.0,
            44.1063829787234
            ]
        ],
        "min": [
            [
                2,
                4,
                3,
                4,
                0,
                2,
                2,
                5
            ]
        ],
        "max": [
            [
                119,
                98,
                97,
                99,
                108,
                100,
                112,
                111
            ]
        ],
        "RawIntDen": [
            [
                27333,
                27098,
                29910,
                30560,
                27345,
                28623,
                31897,
                38401
            ]
        ],
        "IntDen": [
            [
                119155.54218351441,
                118131.08265060086,
                130389.72182742166,
                133223.33330143784,
                119207.85501072701,
                124779.1711088696,
                139051.85413337575,
                167405.40648260847
            ]
        ],
        "local_bg": [
            [
                2.75996015936255,
                2.395418326693227,
                2.444223107569721,
                2.196215139442231,
                2.102589641434263,
                2.735059760956175,
                2.506972111553785,
                2.510956175298805
            ]
        ],
        "area": [
            4.359402267717207
        ],
        "distance": 56.60738769260848,
        "points": [
            [
                883.0,
                291.0
            ],
            [
                871.8,
                287.2
            ],
            [
                866.6,
                276.0
            ],
            [
                859.4,
                252.4
            ],
            [
                883.0,
                249.4
            ],
            [
                893.0,
                266.0
            ],
            [
                894.0,
                276.0
            ],
            [
                893.0,
                286.0
            ]
        ],
        "shift": null,
        "channel": 0,
        "closest_Dend": 0
    }
]