[
    {
        "type": "Spine",
        "location": [
            3,
            252
        ],
        "radloc": [
            0,
            0
        ],
        "mean": [
            79.29702970297029,
            83.88118811881188,
            77.81188118811882,
            68.0,
            71.95049504950495,
            69.78217821782178,
            56.277227722772274,
            58.32673267326733
        ],
        "min": [
            20.0,
            23.0,
            16.0,
            14.0,
            25.0,
            9.0,
            8.0,
            9.0
        ],
        "max": [
            180.0,
            151.0,
            158.0,
            158.0,
            132.0,
            155.0,
            139.0,
            123.0
        ],
        "RawIntDen": [
            8009.0,
            8472.0,
            7859.0,
            6868.0,
            7267.0,
            7048.0,
            5684.0,
            5891.0
        ],
        "IntDen": [
            3550.336392353553,
            3755.5812106404424,
            3483.8423907487295,
            3044.5386868128608,
            3221.412731081692,
            3124.3314887386496,
            2519.679367478786,
            2611.441089693443
        ],
        "FlagUp": 0,
        "Times": [
            -15,
            -10,
            -5,
            2,
            10,
            20,
            30,
            40
        ],
        "width": 0,
        "height": 0,
        "area": 0.443293344032158,
        "distance": 11.560785569245738,
        "xpert": [
            [
                3.0,
                258.2
            ],
            [
                0.0,
                255.0
            ],
            [
                0.0,
                252.0
            ],
            [
                0.0,
                249.0
            ],
            [
                3.0,
                246.0
            ],
            [
                7.6,
                247.4
            ],
            [
                9.8,
                252.0
            ],
            [
                9.2,
                258.2
            ]
        ],
        "stack": 0
    },
    {
        "type": "Spine",
        "location": [
            27,
            278
        ],
        "radloc": [
            0,
            0
        ],
        "mean": [
            42.61068702290076,
            38.74809160305343,
            43.93893129770992,
            43.25954198473283,
            46.36641221374046,
            37.6412213740458,
            39.099236641221374,
            32.62595419847328
        ],
        "min": [
            6.0,
            6.0,
            7.0,
            6.0,
            10.0,
            6.0,
            7.0,
            6.0
        ],
        "max": [
            106.0,
            129.0,
            103.0,
            87.0,
            112.0,
            92.0,
            110.0,
            82.0
        ],
        "RawIntDen": [
            5582.0,
            5076.0,
            5756.0,
            5667.0,
            6074.0,
            4931.0,
            5122.0,
            4274.0
        ],
        "IntDen": [
            3355.262761791368,
            3051.1131814498362,
            3459.851747916717,
            3406.3550825997286,
            3650.9971363527,
            2963.9556930120452,
            3078.7631432990665,
            2569.0421074697792
        ],
        "FlagUp": 0,
        "Times": [
            -15,
            -10,
            -5,
            2,
            10,
            20,
            30,
            40
        ],
        "width": 0,
        "height": 0,
        "area": 0.6010861271571781,
        "distance": 9.979425569245736,
        "xpert": [
            [
                27.0,
                285.6
            ],
            [
                21.4,
                283.6
            ],
            [
                20.2,
                278.0
            ],
            [
                20.8,
                271.8
            ],
            [
                27.0,
                270.6
            ],
            [
                30.0,
                275.0
            ],
            [
                31.6,
                278.0
            ],
            [
                31.8,
                282.8
            ]
        ],
        "stack": 0
    },
    {
        "type": "Spine",
        "location": [
            55,
            271
        ],
        "radloc": [
            0,
            0
        ],
        "mean": [
            60.10091743119266,
            43.091743119266056,
            65.28440366972477,
            49.89908256880734,
            37.38532110091743,
            47.87155963302752,
            76.60550458715596,
            60.330275229357795
        ],
        "min": [
            6.0,
            5.0,
            12.0,
            8.0,
            6.0,
            8.0,
            18.0,
            10.0
        ],
        "max": [
            129.0,
            103.0,
            135.0,
            83.0,
            92.0,
            126.0,
            148.0,
            175.0
        ],
        "RawIntDen": [
            6551.0,
            4697.0,
            7116.0,
            5439.0,
            4075.0,
            5218.0,
            8350.0,
            6576.0
        ],
        "IntDen": [
            3259.977717063237,
            2337.3706818876544,
            3541.1389764344367,
            2706.6125481769113,
            2027.844481305555,
            2596.63619716623,
            4155.215072123039,
            3272.4184807522283
        ],
        "FlagUp": 0,
        "Times": [
            -15,
            -10,
            -5,
            2,
            10,
            20,
            30,
            40
        ],
        "width": 0,
        "height": 0,
        "area": 0.4976305475596454,
        "distance": 8.134505569245736,
        "xpert": [
            [
                55.0,
                276.2
            ],
            [
                50.2,
                275.8
            ],
            [
                48.6,
                271.0
            ],
            [
                50.2,
                266.2
            ],
            [
                55.0,
                266.2
            ],
            [
                59.8,
                266.2
            ],
            [
                62.4,
                271.0
            ],
            [
                59.2,
                275.2
            ]
        ],
        "stack": 0
    },
    {
        "type": "Spine",
        "location": [
            102,
            267
        ],
        "radloc": [
            0,
            0
        ],
        "mean": [
            48.965986394557824,
            38.51020408163265,
            38.95918367346939,
            37.054421768707485,
            40.45578231292517,
            46.197278911564624,
            57.44897959183673,
            65.95918367346938
        ],
        "min": [
            6.0,
            6.0,
            7.0,
            6.0,
            6.0,
            9.0,
            10.0,
            18.0
        ],
        "max": [
            122.0,
            181.0,
            106.0,
            101.0,
            98.0,
            109.0,
            128.0,
            116.0
        ],
        "RawIntDen": [
            7198.0,
            5661.0,
            5727.0,
            5447.0,
            5947.0,
            6791.0,
            8445.0,
            9696.0
        ],
        "IntDen": [
            4940.918141556791,
            3885.8762988820495,
            3931.1806330502554,
            3738.9804274881685,
            4082.1950802776096,
            4661.541414186186,
            5796.895485613656,
            6655.618546892837
        ],
        "FlagUp": 0,
        "Times": [
            -15,
            -10,
            -5,
            2,
            10,
            20,
            30,
            40
        ],
        "width": 0,
        "height": 0,
        "area": 0.6864293055788817,
        "distance": 5.137480379497159,
        "xpert": [
            [
                102.0,
                273.0
            ],
            [
                95.4,
                273.6
            ],
            [
                91.0,
                267.0
            ],
            [
                97.4,
                262.4
            ],
            [
                102.0,
                262.2
            ],
            [
                106.8,
                262.2
            ],
            [
                109.0,
                267.0
            ],
            [
                106.4,
                271.4
            ]
        ],
        "stack": 0
    },
    {
        "type": "Spine",
        "location": [
            117,
            243
        ],
        "radloc": [
            0,
            0
        ],
        "mean": [
            81.05882352941177,
            103.16470588235295,
            91.6,
            92.5764705882353,
            101.97647058823529,
            89.70588235294117,
            79.47058823529412,
            84.21176470588236
        ],
        "min": [
            8.0,
            17.0,
            11.0,
            7.0,
            29.0,
            13.0,
            9.0,
            14.0
        ],
        "max": [
            199.0,
            215.0,
            222.0,
            227.0,
            236.0,
            205.0,
            190.0,
            224.0
        ],
        "RawIntDen": [
            6890.0,
            8769.0,
            7786.0,
            7869.0,
            8668.0,
            7625.0,
            6755.0,
            7158.0
        ],
        "IntDen": [
            2747.5929303017015,
            3496.9002040371,
            3104.899645185638,
            3137.9983698902884,
            3456.6234426495134,
            3040.696094854931,
            2693.7576551796797,
            2854.4659209143074
        ],
        "FlagUp": 0,
        "Times": [
            -15,
            -10,
            -5,
            2,
            10,
            20,
            30,
            40
        ],
        "width": 0,
        "height": 0,
        "area": 0.39877981571867943,
        "distance": 3.3351726784794957,
        "xpert": [
            [
                117.0,
                248.8
            ],
            [
                111.8,
                248.2
            ],
            [
                111.2,
                243.0
            ],
            [
                113.8,
                239.8
            ],
            [
                117.0,
                238.4
            ],
            [
                120.2,
                239.8
            ],
            [
                121.8,
                243.0
            ],
            [
                121.4,
                247.4
            ]
        ],
        "stack": 0
    },
    {
        "type": "Spine",
        "location": [
            131,
            260
        ],
        "radloc": [
            0,
            0
        ],
        "mean": [
            56.45454545454545,
            49.65151515151515,
            56.57575757575758,
            48.734848484848484,
            46.63636363636363,
            45.303030303030305,
            48.333333333333336,
            42.49242424242424
        ],
        "min": [
            13.0,
            11.0,
            8.0,
            8.0,
            12.0,
            9.0,
            7.0,
            4.0
        ],
        "max": [
            142.0,
            113.0,
            107.0,
            122.0,
            135.0,
            113.0,
            161.0,
            124.0
        ],
        "RawIntDen": [
            7452.0,
            6554.0,
            7468.0,
            6433.0,
            6156.0,
            5980.0,
            6380.0,
            5609.0
        ],
        "IntDen": [
            4483.869196306216,
            3943.5425003476835,
            4493.496398015945,
            3870.736787417859,
            3704.0658578181783,
            3598.166639011161,
            3838.846681754382,
            3374.935899366823
        ],
        "FlagUp": 0,
        "Times": [
            -15,
            -10,
            -5,
            2,
            10,
            20,
            30,
            40
        ],
        "width": 0,
        "height": 0,
        "area": 0.6017001068580536,
        "distance": 2.6901850632495266,
        "xpert": [
            [
                131.0,
                268.8
            ],
            [
                127.0,
                264.0
            ],
            [
                123.8,
                260.0
            ],
            [
                125.8,
                254.8
            ],
            [
                131.0,
                254.8
            ],
            [
                135.2,
                255.8
            ],
            [
                136.6,
                260.0
            ],
            [
                137.2,
                266.2
            ]
        ],
        "stack": 0
    },
    {
        "type": "Spine",
        "location": [
            144,
            263
        ],
        "radloc": [
            0,
            0
        ],
        "mean": [
            50.70866141732284,
            56.28346456692913,
            44.8503937007874,
            47.53543307086614,
            44.29133858267716,
            46.55905511811024,
            52.62992125984252,
            44.31496062992126
        ],
        "min": [
            12.0,
            8.0,
            11.0,
            8.0,
            11.0,
            14.0,
            13.0,
            11.0
        ],
        "max": [
            109.0,
            131.0,
            91.0,
            107.0,
            95.0,
            116.0,
            120.0,
            134.0
        ],
        "RawIntDen": [
            6440.0,
            7148.0,
            5696.0,
            6037.0,
            5625.0,
            5913.0,
            6684.0,
            5628.0
        ],
        "IntDen": [
            3602.1206682847996,
            3998.1302075931285,
            3185.975050706556,
            3376.7084587632507,
            3146.2622296742234,
            3307.350855833544,
            3738.598532114224,
            3147.9402361967163
        ],
        "FlagUp": 0,
        "Times": [
            -15,
            -10,
            -5,
            2,
            10,
            20,
            30,
            40
        ],
        "width": 0,
        "height": 0,
        "area": 0.5593355074976397,
        "distance": 1.7790300000000001,
        "xpert": [
            [
                144.0,
                269.4
            ],
            [
                138.0,
                269.0
            ],
            [
                137.8,
                263.0
            ],
            [
                140.0,
                259.0
            ],
            [
                144.0,
                257.8
            ],
            [
                150.2,
                256.8
            ],
            [
                150.2,
                263.0
            ],
            [
                148.0,
                267.0
            ]
        ],
        "stack": 0
    },
    {
        "type": "Spine",
        "location": [
            142,
            239
        ],
        "radloc": [
            0,
            0
        ],
        "mean": [
            75.18181818181819,
            84.07575757575758,
            83.78787878787878,
            86.68181818181819,
            94.18181818181819,
            79.37121212121212,
            80.14393939393939,
            75.0530303030303
        ],
        "min": [
            7.0,
            13.0,
            10.0,
            12.0,
            29.0,
            26.0,
            23.0,
            22.0
        ],
        "max": [
            190.0,
            219.0,
            181.0,
            175.0,
            196.0,
            185.0,
            189.0,
            174.0
        ],
        "RawIntDen": [
            9924.0,
            11098.0,
            11060.0,
            11442.0,
            12432.0,
            10477.0,
            10579.0,
            9907.0
        ],
        "IntDen": [
            6300.301126239737,
            7045.620908807799,
            7021.496418400997,
            7264.011032490434,
            7892.517493088715,
            6651.375947159787,
            6716.131158251731,
            6289.508591057746
        ],
        "FlagUp": 0,
        "Times": [
            -15,
            -10,
            -5,
            2,
            10,
            20,
            30,
            40
        ],
        "width": 0,
        "height": 0,
        "area": 0.6348550107053342,
        "distance": 1.9108100000000001,
        "xpert": [
            [
                142.0,
                244.6
            ],
            [
                136.2,
                244.8
            ],
            [
                134.8,
                239.0
            ],
            [
                137.0,
                234.0
            ],
            [
                142.0,
                232.6
            ],
            [
                147.6,
                233.4
            ],
            [
                148.0,
                239.0
            ],
            [
                147.8,
                244.8
            ]
        ],
        "stack": 0
    },
    {
        "type": "Stim",
        "location": [
            171,
            257
        ],
        "radloc": [
            0,
            0
        ],
        "mean": [
            52.935064935064936,
            67.0,
            66.79220779220779,
            56.09090909090909,
            56.753246753246756,
            60.84415584415584,
            75.24675324675324,
            65.16883116883118
        ],
        "min": [
            7.0,
            10.0,
            12.0,
            14.0,
            9.0,
            8.0,
            18.0,
            18.0
        ],
        "max": [
            148.0,
            159.0,
            164.0,
            130.0,
            156.0,
            126.0,
            179.0,
            147.0
        ],
        "RawIntDen": [
            4076.0,
            5159.0,
            5143.0,
            4319.0,
            4370.0,
            4685.0,
            5794.0,
            5018.0
        ],
        "IntDen": [
            1431.4764811597554,
            1811.822170339347,
            1806.2030281169339,
            1516.8172036626554,
            1534.7282194965974,
            1645.3550820003568,
            2034.8318772913697,
            1762.3034795043309
        ],
        "FlagUp": 0,
        "Times": [
            -15,
            -10,
            -5,
            2,
            10,
            20,
            30,
            40
        ],
        "width": 0,
        "height": 0,
        "area": 0.3511963889008232,
        "distance": 0,
        "xpert": [
            [
                171.0,
                262.2
            ],
            [
                167.6,
                260.4
            ],
            [
                165.6,
                257.0
            ],
            [
                166.2,
                252.2
            ],
            [
                171.0,
                252.2
            ],
            [
                174.6,
                253.4
            ],
            [
                176.0,
                257.0
            ],
            [
                174.6,
                260.6
            ]
        ],
        "stack": 0
    },
    {
        "type": "Stim",
        "location": [
            182,
            232
        ],
        "radloc": [
            0,
            0
        ],
        "mean": [
            40.19672131147541,
            36.81967213114754,
            55.71311475409836,
            31.975409836065573,
            29.84426229508197,
            31.557377049180328,
            33.467213114754095,
            40.02459016393443
        ],
        "min": [
            7.0,
            7.0,
            10.0,
            5.0,
            7.0,
            8.0,
            7.0,
            9.0
        ],
        "max": [
            89.0,
            100.0,
            119.0,
            77.0,
            72.0,
            85.0,
            77.0,
            86.0
        ],
        "RawIntDen": [
            4904.0,
            4492.0,
            6797.0,
            3901.0,
            3641.0,
            3850.0,
            4083.0,
            4883.0
        ],
        "IntDen": [
            2845.3538481736136,
            2606.306991434721,
            3943.692925374399,
            2263.4023983942225,
            2112.547585889096,
            2233.8116467105247,
            2369.000767147811,
            2833.169421009738
        ],
        "FlagUp": 0,
        "Times": [
            -15,
            -10,
            -5,
            2,
            10,
            20,
            30,
            40
        ],
        "width": 0,
        "height": 0,
        "area": 0.580210817327409,
        "distance": 0,
        "xpert": [
            [
                182.0,
                238.0
            ],
            [
                174.2,
                239.8
            ],
            [
                176.0,
                232.0
            ],
            [
                178.0,
                228.0
            ],
            [
                182.0,
                226.2
            ],
            [
                187.0,
                227.0
            ],
            [
                187.4,
                232.0
            ],
            [
                186.0,
                236.0
            ]
        ],
        "stack": 0
    },
    {
        "type": "Stim",
        "location": [
            201,
            260
        ],
        "radloc": [
            0,
            0
        ],
        "mean": [
            101.5,
            93.34722222222223,
            95.29166666666667,
            82.64583333333333,
            89.09722222222223,
            81.25694444444444,
            84.15972222222223,
            70.97222222222223
        ],
        "min": [
            15.0,
            11.0,
            25.0,
            14.0,
            11.0,
            20.0,
            12.0,
            9.0
        ],
        "max": [
            186.0,
            210.0,
            194.0,
            208.0,
            192.0,
            181.0,
            173.0,
            157.0
        ],
        "RawIntDen": [
            14616.0,
            13442.0,
            13722.0,
            11901.0,
            12830.0,
            11701.0,
            12119.0,
            10220.0
        ],
        "IntDen": [
            9839.911293218993,
            9049.540750099186,
            9238.044797862001,
            8012.095258661689,
            8637.524759989032,
            7877.449510259677,
            8158.859124419881,
            6880.397743342783
        ],
        "FlagUp": 0,
        "Times": [
            -15,
            -10,
            -5,
            2,
            10,
            20,
            30,
            40
        ],
        "width": 0,
        "height": 0,
        "area": 0.673228742010057,
        "distance": 0,
        "xpert": [
            [
                201.0,
                265.8
            ],
            [
                194.4,
                266.6
            ],
            [
                194.2,
                260.0
            ],
            [
                195.2,
                254.2
            ],
            [
                201.0,
                254.2
            ],
            [
                205.6,
                255.4
            ],
            [
                209.6,
                260.0
            ],
            [
                206.0,
                265.0
            ]
        ],
        "stack": 0
    },
    {
        "type": "Spine",
        "location": [
            220,
            237
        ],
        "radloc": [
            0,
            0
        ],
        "mean": [
            52.386138613861384,
            54.633663366336634,
            59.04950495049505,
            51.31683168316832,
            49.18811881188119,
            44.75247524752475,
            53.51485148514851,
            40.198019801980195
        ],
        "min": [
            9.0,
            14.0,
            13.0,
            8.0,
            8.0,
            7.0,
            13.0,
            8.0
        ],
        "max": [
            168.0,
            123.0,
            132.0,
            113.0,
            110.0,
            98.0,
            98.0,
            93.0
        ],
        "RawIntDen": [
            5291.0,
            5518.0,
            5964.0,
            5183.0,
            4968.0,
            4520.0,
            5405.0,
            4060.0
        ],
        "IntDen": [
            2564.7433285940992,
            2674.778621656065,
            2890.9713119892663,
            2512.391735419243,
            2408.1732860433726,
            2191.011121762489,
            2620.0033436120025,
            1968.0321137955098
        ],
        "FlagUp": 0,
        "Times": [
            -15,
            -10,
            -5,
            2,
            10,
            20,
            30,
            40
        ],
        "width": 0,
        "height": 0,
        "area": 0.4847369738412586,
        "distance": -1.46556759487429,
        "xpert": [
            [
                220.0,
                242.8
            ],
            [
                214.4,
                242.6
            ],
            [
                214.0,
                237.0
            ],
            [
                216.6,
                233.6
            ],
            [
                220.0,
                232.2
            ],
            [
                223.2,
                233.8
            ],
            [
                226.8,
                237.0
            ],
            [
                225.8,
                242.8
            ]
        ],
        "stack": 0
    },
    {
        "type": "Spine",
        "location": [
            229,
            260
        ],
        "radloc": [
            0,
            0
        ],
        "mean": [
            52.941605839416056,
            48.693430656934304,
            39.42335766423358,
            34.43065693430657,
            34.518248175182485,
            53.24817518248175,
            33.13138686131387,
            20.81021897810219
        ],
        "min": [
            13.0,
            10.0,
            10.0,
            6.0,
            7.0,
            15.0,
            6.0,
            7.0
        ],
        "max": [
            128.0,
            112.0,
            87.0,
            92.0,
            81.0,
            137.0,
            93.0,
            80.0
        ],
        "RawIntDen": [
            7253.0,
            6671.0,
            5401.0,
            4717.0,
            4729.0,
            7295.0,
            4539.0,
            2851.0
        ],
        "IntDen": [
            4718.159859292276,
            4339.562170321078,
            3513.412574112448,
            3068.462712847328,
            3076.2688507642597,
            4745.481342001539,
            2952.671667079504,
            1854.608266764412
        ],
        "FlagUp": 0,
        "Times": [
            -15,
            -10,
            -5,
            2,
            10,
            20,
            30,
            40
        ],
        "width": 0,
        "height": 0,
        "area": 0.6505114930776612,
        "distance": -1.8449200000000001,
        "xpert": [
            [
                229.0,
                265.4
            ],
            [
                225.0,
                264.0
            ],
            [
                222.8,
                260.0
            ],
            [
                222.6,
                253.6
            ],
            [
                229.0,
                253.4
            ],
            [
                234.0,
                255.0
            ],
            [
                238.2,
                260.0
            ],
            [
                233.4,
                264.4
            ]
        ],
        "stack": 0
    },
    {
        "type": "Spine",
        "location": [
            252,
            271
        ],
        "radloc": [
            0,
            0
        ],
        "mean": [
            22.17948717948718,
            17.03846153846154,
            18.42948717948718,
            19.82051282051282,
            26.955128205128204,
            26.66025641025641,
            30.28205128205128,
            21.42948717948718
        ],
        "min": [
            6.0,
            4.0,
            5.0,
            5.0,
            7.0,
            8.0,
            7.0,
            7.0
        ],
        "max": [
            91.0,
            49.0,
            46.0,
            48.0,
            70.0,
            72.0,
            86.0,
            49.0
        ],
        "RawIntDen": [
            3460.0,
            2658.0,
            2875.0,
            3092.0,
            4205.0,
            4159.0,
            4724.0,
            3343.0
        ],
        "IntDen": [
            2721.3176690027312,
            2090.5382555518095,
            2261.2104908620963,
            2431.882726172383,
            3307.2661266348223,
            3271.086758781029,
            3715.463776985232,
            2629.2962333746045
        ],
        "FlagUp": 0,
        "Times": [
            -15,
            -10,
            -5,
            2,
            10,
            20,
            30,
            40
        ],
        "width": 0,
        "height": 0,
        "area": 0.7865079968215987,
        "distance": -0.32945,
        "xpert": [
            [
                252.0,
                276.2
            ],
            [
                248.0,
                275.0
            ],
            [
                246.8,
                271.0
            ],
            [
                245.2,
                264.2
            ],
            [
                252.0,
                261.0
            ],
            [
                260.2,
                262.8
            ],
            [
                257.6,
                271.0
            ],
            [
                256.6,
                275.6
            ]
        ],
        "stack": 0
    },
    {
        "type": "Stim",
        "location": [
            257,
            236
        ],
        "radloc": [
            0,
            0
        ],
        "mean": [
            61.98360655737705,
            55.60655737704918,
            61.99180327868852,
            53.17213114754098,
            57.68032786885246,
            49.83606557377049,
            48.31147540983606,
            61.66393442622951
        ],
        "min": [
            16.0,
            18.0,
            21.0,
            15.0,
            24.0,
            11.0,
            10.0,
            12.0
        ],
        "max": [
            137.0,
            108.0,
            115.0,
            105.0,
            116.0,
            112.0,
            110.0,
            130.0
        ],
        "RawIntDen": [
            7562.0,
            6784.0,
            7563.0,
            6487.0,
            7037.0,
            6080.0,
            5894.0,
            7523.0
        ],
        "IntDen": [
            4088.08621550751,
            3667.492314996423,
            4088.626824634131,
            3506.931404390005,
            3804.2664240315194,
            3286.9034898552845,
            3186.3501923037907,
            4067.002459569294
        ],
        "FlagUp": 0,
        "Times": [
            -15,
            -10,
            -5,
            2,
            10,
            20,
            30,
            40
        ],
        "width": 0,
        "height": 0,
        "area": 0.540609126620935,
        "distance": 0,
        "xpert": [
            [
                257.0,
                242.2
            ],
            [
                252.2,
                240.8
            ],
            [
                251.0,
                236.0
            ],
            [
                252.4,
                231.4
            ],
            [
                257.0,
                230.4
            ],
            [
                262.2,
                230.8
            ],
            [
                263.4,
                236.0
            ],
            [
                262.4,
                241.4
            ]
        ],
        "stack": 0
    },
    {
        "type": "Spine",
        "location": [
            268,
            233
        ],
        "radloc": [
            0,
            0
        ],
        "mean": [
            79.8425925925926,
            93.92592592592592,
            73.55555555555556,
            63.4537037037037,
            74.05555555555556,
            76.79629629629629,
            64.73148148148148,
            58.06481481481482
        ],
        "min": [
            14.0,
            30.0,
            16.0,
            7.0,
            19.0,
            19.0,
            15.0,
            9.0
        ],
        "max": [
            180.0,
            179.0,
            141.0,
            136.0,
            157.0,
            164.0,
            148.0,
            152.0
        ],
        "RawIntDen": [
            8623.0,
            10144.0,
            7944.0,
            6853.0,
            7998.0,
            8294.0,
            6991.0,
            6271.0
        ],
        "IntDen": [
            4333.422987292021,
            5097.789955130496,
            3992.1967077638665,
            3443.9229655470513,
            4019.3339965628657,
            4168.086542572194,
            3513.273814700049,
            3151.4432973800613
        ],
        "FlagUp": 0,
        "Times": [
            -15,
            -10,
            -5,
            2,
            10,
            20,
            30,
            40
        ],
        "width": 0,
        "height": 0,
        "area": 0.5025423851666498,
        "distance": -0.72479,
        "xpert": [
            [
                268.0,
                240.8
            ],
            [
                262.8,
                238.2
            ],
            [
                262.2,
                233.0
            ],
            [
                262.2,
                227.2
            ],
            [
                268.0,
                227.8
            ],
            [
                271.2,
                229.8
            ],
            [
                273.0,
                233.0
            ],
            [
                272.2,
                237.2
            ]
        ],
        "stack": 0
    },
    {
        "type": "Spine",
        "location": [
            271,
            262
        ],
        "radloc": [
            0,
            0
        ],
        "mean": [
            42.878571428571426,
            23.15,
            24.785714285714285,
            27.457142857142856,
            50.22142857142857,
            45.364285714285714,
            48.57857142857143,
            52.56428571428572
        ],
        "min": [
            7.0,
            5.0,
            4.0,
            7.0,
            10.0,
            8.0,
            7.0,
            6.0
        ],
        "max": [
            137.0,
            103.0,
            96.0,
            73.0,
            120.0,
            135.0,
            182.0,
            174.0
        ],
        "RawIntDen": [
            6003.0,
            3241.0,
            3470.0,
            3844.0,
            7031.0,
            6351.0,
            6801.0,
            7359.0
        ],
        "IntDen": [
            3838.677530346791,
            2072.489401275021,
            2218.925708862796,
            2458.083695927547,
            4496.042264845625,
            4061.2095610915326,
            4348.966497399388,
            4705.785098421129
        ],
        "FlagUp": 0,
        "Times": [
            -15,
            -10,
            -5,
            2,
            10,
            20,
            30,
            40
        ],
        "width": 0,
        "height": 0,
        "area": 0.6394598584619009,
        "distance": -1.6359450632495267,
        "xpert": [
            [
                271.0,
                266.6
            ],
            [
                266.0,
                267.0
            ],
            [
                262.6,
                262.0
            ],
            [
                264.0,
                255.0
            ],
            [
                271.0,
                254.8
            ],
            [
                277.0,
                256.0
            ],
            [
                276.2,
                262.0
            ],
            [
                274.2,
                265.2
            ]
        ],
        "stack": 0
    },
    {
        "type": "Stim",
        "location": [
            312,
            241
        ],
        "radloc": [
            0,
            0
        ],
        "mean": [
            60.8780487804878,
            74.4959349593496,
            78.35772357723577,
            72.21138211382114,
            76.1219512195122,
            67.78861788617886,
            77.57723577235772,
            88.26829268292683
        ],
        "min": [
            12.0,
            13.0,
            24.0,
            18.0,
            20.0,
            16.0,
            16.0,
            13.0
        ],
        "max": [
            151.0,
            149.0,
            168.0,
            144.0,
            149.0,
            148.0,
            139.0,
            204.0
        ],
        "RawIntDen": [
            7488.0,
            9163.0,
            9638.0,
            8882.0,
            9363.0,
            8338.0,
            9542.0,
            10857.0
        ],
        "IntDen": [
            4464.1530801517,
            5462.745015148241,
            5745.927802684573,
            5295.220039784642,
            5581.979873058275,
            4970.901226269348,
            5688.695070887757,
            6472.664261646235
        ],
        "FlagUp": 0,
        "Times": [
            -15,
            -10,
            -5,
            2,
            10,
            20,
            30,
            40
        ],
        "width": 0,
        "height": 0,
        "area": 0.5961742895501736,
        "distance": 0,
        "xpert": [
            [
                312.0,
                246.4
            ],
            [
                305.8,
                247.2
            ],
            [
                304.8,
                241.0
            ],
            [
                307.6,
                236.6
            ],
            [
                312.0,
                236.2
            ],
            [
                318.2,
                234.8
            ],
            [
                319.0,
                241.0
            ],
            [
                316.2,
                245.2
            ]
        ],
        "stack": 0
    },
    {
        "type": "Spine",
        "location": [
            329,
            265
        ],
        "radloc": [
            0,
            0
        ],
        "mean": [
            56.94202898550725,
            47.60144927536232,
            45.572463768115945,
            41.89855072463768,
            46.210144927536234,
            45.333333333333336,
            56.05072463768116,
            49.1231884057971
        ],
        "min": [
            11.0,
            9.0,
            10.0,
            8.0,
            9.0,
            9.0,
            16.0,
            9.0
        ],
        "max": [
            136.0,
            115.0,
            108.0,
            98.0,
            107.0,
            108.0,
            127.0,
            105.0
        ],
        "RawIntDen": [
            7858.0,
            6569.0,
            6289.0,
            5782.0,
            6377.0,
            6256.0,
            7735.0,
            6779.0
        ],
        "IntDen": [
            4962.155085430375,
            4148.1797857205565,
            3971.3659114624115,
            3651.2065034306984,
            4026.935986229257,
            3950.527133424844,
            4884.483276381261,
            4280.790191414166
        ],
        "FlagUp": 0,
        "Times": [
            -15,
            -10,
            -5,
            2,
            10,
            20,
            30,
            40
        ],
        "width": 0,
        "height": 0,
        "area": 0.6314781223505186,
        "distance": -1.2020075948742899,
        "xpert": [
            [
                329.0,
                271.6
            ],
            [
                323.4,
                270.6
            ],
            [
                323.4,
                265.0
            ],
            [
                324.4,
                260.4
            ],
            [
                329.0,
                259.2
            ],
            [
                334.8,
                259.2
            ],
            [
                337.6,
                265.0
            ],
            [
                334.0,
                270.0
            ]
        ],
        "stack": 0
    },
    {
        "type": "Spine",
        "location": [
            345,
            263
        ],
        "radloc": [
            0,
            0
        ],
        "mean": [
            59.4,
            53.67777777777778,
            56.41111111111111,
            59.93333333333333,
            65.41111111111111,
            70.62222222222222,
            78.28888888888889,
            67.06666666666666
        ],
        "min": [
            11.0,
            10.0,
            10.0,
            10.0,
            9.0,
            17.0,
            12.0,
            13.0
        ],
        "max": [
            130.0,
            139.0,
            142.0,
            131.0,
            152.0,
            155.0,
            170.0,
            166.0
        ],
        "RawIntDen": [
            5346.0,
            4831.0,
            5077.0,
            5394.0,
            5887.0,
            6356.0,
            7046.0,
            6036.0
        ],
        "IntDen": [
            2171.26492060263,
            1962.098920956099,
            2062.011223699879,
            2190.760004064831,
            2390.99075712452,
            2581.4739684531082,
            2861.7157932222467,
            2451.5067453717684
        ],
        "FlagUp": 0,
        "Times": [
            -15,
            -10,
            -5,
            2,
            10,
            20,
            30,
            40
        ],
        "width": 0,
        "height": 0,
        "area": 0.4061475721291863,
        "distance": -1.6745425316247633,
        "xpert": [
            [
                345.0,
                267.6
            ],
            [
                341.2,
                266.8
            ],
            [
                338.6,
                263.0
            ],
            [
                340.6,
                258.6
            ],
            [
                345.0,
                258.2
            ],
            [
                349.8,
                258.2
            ],
            [
                351.4,
                263.0
            ],
            [
                348.2,
                266.2
            ]
        ],
        "stack": 0
    },
    {
        "type": "Spine",
        "location": [
            343,
            244
        ],
        "radloc": [
            0,
            0
        ],
        "mean": [
            54.78991596638655,
            68.73949579831933,
            55.445378151260506,
            38.865546218487395,
            41.7563025210084,
            35.63025210084034,
            39.21008403361345,
            39.21008403361345
        ],
        "min": [
            10.0,
            19.0,
            9.0,
            9.0,
            9.0,
            5.0,
            7.0,
            7.0
        ],
        "max": [
            144.0,
            131.0,
            117.0,
            75.0,
            109.0,
            93.0,
            105.0,
            105.0
        ],
        "RawIntDen": [
            6520.0,
            8180.0,
            6598.0,
            4625.0,
            4969.0,
            4240.0,
            4666.0,
            4666.0
        ],
        "IntDen": [
            3450.7132740488855,
            4329.269107625749,
            3491.9948132169548,
            2447.783572465659,
            2629.8457452068883,
            2244.022129136085,
            2469.482843054003,
            2469.482843054003
        ],
        "FlagUp": 0,
        "Times": [
            -15,
            -10,
            -5,
            2,
            10,
            20,
            30,
            40
        ],
        "width": 0,
        "height": 0,
        "area": 0.529250502154737,
        "distance": -1.8063225316247633,
        "xpert": [
            [
                343.0,
                250.2
            ],
            [
                336.8,
                250.2
            ],
            [
                336.4,
                244.0
            ],
            [
                339.2,
                240.2
            ],
            [
                343.0,
                239.0
            ],
            [
                346.2,
                240.8
            ],
            [
                348.4,
                244.0
            ],
            [
                349.2,
                250.2
            ]
        ],
        "stack": 0
    },
    {
        "type": "Stim",
        "location": [
            366,
            232
        ],
        "radloc": [
            0,
            0
        ],
        "mean": [
            43.945736434108525,
            34.92248062015504,
            33.10077519379845,
            33.83720930232558,
            39.17829457364341,
            29.100775193798448,
            31.868217054263567,
            32.62015503875969
        ],
        "min": [
            8.0,
            7.0,
            7.0,
            1.0,
            5.0,
            3.0,
            3.0,
            4.0
        ],
        "max": [
            111.0,
            89.0,
            109.0,
            98.0,
            129.0,
            71.0,
            74.0,
            91.0
        ],
        "RawIntDen": [
            5669.0,
            4505.0,
            4270.0,
            4365.0,
            5054.0,
            3754.0,
            4111.0,
            4208.0
        ],
        "IntDen": [
            3466.728320566524,
            2754.914638234643,
            2611.2065494477083,
            2669.3013087445543,
            3090.6411945922055,
            2295.660277898524,
            2513.9742680982504,
            2573.2920749592404
        ],
        "FlagUp": 0,
        "Times": [
            -15,
            -10,
            -5,
            2,
            10,
            20,
            30,
            40
        ],
        "width": 0,
        "height": 0,
        "area": 0.6115237820720628,
        "distance": 0,
        "xpert": [
            [
                366.0,
                243.2
            ],
            [
                360.0,
                238.0
            ],
            [
                361.0,
                232.0
            ],
            [
                362.2,
                228.2
            ],
            [
                366.0,
                226.6
            ],
            [
                370.6,
                227.4
            ],
            [
                371.2,
                232.0
            ],
            [
                370.6,
                236.6
            ]
        ],
        "stack": 0
    },
    {
        "type": "Spine",
        "location": [
            380,
            263
        ],
        "radloc": [
            0,
            0
        ],
        "mean": [
            116.97413793103448,
            94.4396551724138,
            113.37068965517241,
            105.29310344827586,
            113.29310344827586,
            110.89655172413794,
            114.55172413793103,
            94.98275862068965
        ],
        "min": [
            13.0,
            9.0,
            16.0,
            23.0,
            25.0,
            32.0,
            40.0,
            26.0
        ],
        "max": [
            251.0,
            249.0,
            201.0,
            241.0,
            233.0,
            226.0,
            219.0,
            220.0
        ],
        "RawIntDen": [
            13569.0,
            10955.0,
            13151.0,
            12214.0,
            13142.0,
            12864.0,
            13288.0,
            11018.0
        ],
        "IntDen": [
            6839.825350729224,
            5522.16719855838,
            6629.121024942149,
            6156.800562591698,
            6624.58432893238,
            6484.450829963943,
            6698.17961975753,
            5553.9240706267665
        ],
        "FlagUp": 0,
        "Times": [
            -15,
            -10,
            -5,
            2,
            10,
            20,
            30,
            40
        ],
        "width": 0,
        "height": 0,
        "area": 0.5040773344188388,
        "distance": -0.9224600000000001,
        "xpert": [
            [
                380.0,
                270.0
            ],
            [
                376.0,
                267.0
            ],
            [
                374.4,
                263.0
            ],
            [
                374.8,
                257.8
            ],
            [
                380.0,
                257.8
            ],
            [
                385.2,
                257.8
            ],
            [
                385.4,
                263.0
            ],
            [
                384.8,
                267.8
            ]
        ],
        "stack": 0
    },
    {
        "type": "Spine",
        "location": [
            394,
            236
        ],
        "radloc": [
            0,
            0
        ],
        "mean": [
            76.67021276595744,
            71.81914893617021,
            54.56382978723404,
            61.148936170212764,
            45.659574468085104,
            45.04255319148936,
            38.680851063829785,
            47.08510638297872
        ],
        "min": [
            12.0,
            12.0,
            8.0,
            10.0,
            7.0,
            6.0,
            5.0,
            5.0
        ],
        "max": [
            189.0,
            187.0,
            135.0,
            174.0,
            173.0,
            174.0,
            145.0,
            162.0
        ],
        "RawIntDen": [
            7207.0,
            6751.0,
            5129.0,
            5748.0,
            4292.0,
            4234.0,
            3636.0,
            4426.0
        ],
        "IntDen": [
            2993.479827898199,
            2804.076913853301,
            2130.3674257374582,
            2387.473574408054,
            1782.7133927208365,
            1758.622671197582,
            1510.2390251474746,
            1838.3712665849073
        ],
        "FlagUp": 0,
        "Times": [
            -15,
            -10,
            -5,
            2,
            10,
            20,
            30,
            40
        ],
        "width": 0,
        "height": 0,
        "area": 0.4153572676423198,
        "distance": -1.6529278278951904,
        "xpert": [
            [
                394.0,
                242.4
            ],
            [
                390.4,
                239.6
            ],
            [
                389.2,
                236.0
            ],
            [
                390.0,
                232.0
            ],
            [
                394.0,
                231.2
            ],
            [
                397.8,
                232.2
            ],
            [
                400.2,
                236.0
            ],
            [
                399.2,
                241.2
            ]
        ],
        "stack": 0
    },
    {
        "type": "Spine",
        "location": [
            409,
            259
        ],
        "radloc": [
            0,
            0
        ],
        "mean": [
            78.15,
            72.05,
            53.8,
            44.52857142857143,
            48.214285714285715,
            43.85,
            60.57857142857143,
            46.07857142857143
        ],
        "min": [
            21.0,
            25.0,
            9.0,
            8.0,
            13.0,
            19.0,
            13.0,
            9.0
        ],
        "max": [
            163.0,
            150.0,
            122.0,
            106.0,
            107.0,
            89.0,
            129.0,
            111.0
        ],
        "RawIntDen": [
            10941.0,
            10087.0,
            7532.0,
            6234.0,
            6750.0,
            6139.0,
            8481.0,
            6451.0
        ],
        "IntDen": [
            7070.223382411734,
            6518.356937975245,
            4867.281100111981,
            4028.495801659332,
            4361.942037407843,
            3967.105506318036,
            5480.537839889765,
            4168.724160491554
        ],
        "FlagUp": 0,
        "Times": [
            -15,
            -10,
            -5,
            2,
            10,
            20,
            30,
            40
        ],
        "width": 0,
        "height": 0,
        "area": 0.6462136351715322,
        "distance": -1.3132529314776031,
        "xpert": [
            [
                409.0,
                266.6
            ],
            [
                403.2,
                264.8
            ],
            [
                400.8,
                259.0
            ],
            [
                403.4,
                253.4
            ],
            [
                409.0,
                252.2
            ],
            [
                413.4,
                254.6
            ],
            [
                414.6,
                259.0
            ],
            [
                413.0,
                263.0
            ]
        ],
        "stack": 0
    },
    {
        "type": "Spine",
        "location": [
            426,
            242
        ],
        "radloc": [
            0,
            0
        ],
        "mean": [
            31.72222222222222,
            25.122222222222224,
            24.244444444444444,
            18.622222222222224,
            23.477777777777778,
            20.5,
            21.366666666666667,
            19.38888888888889
        ],
        "min": [
            5.0,
            7.0,
            5.0,
            6.0,
            6.0,
            5.0,
            5.0,
            5.0
        ],
        "max": [
            83.0,
            67.0,
            72.0,
            62.0,
            58.0,
            83.0,
            76.0,
            53.0
        ],
        "RawIntDen": [
            2855.0,
            2261.0,
            2182.0,
            1676.0,
            2113.0,
            1845.0,
            1923.0,
            1745.0
        ],
        "IntDen": [
            1217.3974159468185,
            964.1105280055189,
            930.4242247271305,
            714.6613201845421,
            901.002010471323,
            786.7244246661576,
            819.9843190422878,
            744.0835344403496
        ],
        "FlagUp": 0,
        "Times": [
            -15,
            -10,
            -5,
            2,
            10,
            20,
            30,
            40
        ],
        "width": 0,
        "height": 0,
        "area": 0.42640890225808,
        "distance": 0.6828813923114346,
        "xpert": [
            [
                426.0,
                247.0
            ],
            [
                422.0,
                246.0
            ],
            [
                419.6,
                242.0
            ],
            [
                422.6,
                238.6
            ],
            [
                426.0,
                235.6
            ],
            [
                431.2,
                236.8
            ],
            [
                430.4,
                242.0
            ],
            [
                429.8,
                245.8
            ]
        ],
        "stack": 0
    },
    {
        "type": "Stim",
        "location": [
            408,
            225
        ],
        "radloc": [
            0,
            0
        ],
        "mean": [
            45.184,
            40.088,
            44.432,
            42.448,
            43.76,
            39.984,
            45.416,
            46.08
        ],
        "min": [
            11.0,
            10.0,
            11.0,
            13.0,
            16.0,
            9.0,
            10.0,
            12.0
        ],
        "max": [
            108.0,
            115.0,
            110.0,
            90.0,
            97.0,
            90.0,
            82.0,
            93.0
        ],
        "RawIntDen": [
            5648.0,
            5011.0,
            5554.0,
            5306.0,
            5470.0,
            4998.0,
            5677.0,
            5760.0
        ],
        "IntDen": [
            3228.4820933575725,
            2864.3632736924214,
            3174.7502738151484,
            3032.9897286393907,
            3126.7346052878756,
            2856.9322773727245,
            3245.058931301512,
            3292.5029847272694
        ],
        "FlagUp": 0,
        "Times": [
            -15,
            -10,
            -5,
            2,
            10,
            20,
            30,
            40
        ],
        "width": 0,
        "height": 0,
        "area": 0.5716151015151509,
        "distance": 0,
        "xpert": [
            [
                408.0,
                233.6
            ],
            [
                403.6,
                229.4
            ],
            [
                402.2,
                225.0
            ],
            [
                403.6,
                220.6
            ],
            [
                408.0,
                218.4
            ],
            [
                412.8,
                220.2
            ],
            [
                413.8,
                225.0
            ],
            [
                413.2,
                230.2
            ]
        ],
        "stack": 0
    },
    {
        "type": "Spine",
        "location": [
            418,
            224
        ],
        "radloc": [
            0,
            0
        ],
        "mean": [
            57.51648351648352,
            61.10989010989011,
            53.94505494505494,
            53.73626373626374,
            44.714285714285715,
            36.32967032967033,
            44.05494505494506,
            44.38461538461539
        ],
        "min": [
            19.0,
            13.0,
            11.0,
            8.0,
            7.0,
            7.0,
            8.0,
            7.0
        ],
        "max": [
            119.0,
            166.0,
            117.0,
            171.0,
            138.0,
            127.0,
            136.0,
            132.0
        ],
        "RawIntDen": [
            5234.0,
            5561.0,
            4909.0,
            4890.0,
            4069.0,
            3306.0,
            4009.0,
            4039.0
        ],
        "IntDen": [
            2202.902066629346,
            2340.530835408061,
            2066.115064020531,
            2058.1182854064773,
            1712.573272662363,
            1391.4394788453606,
            1687.320287565351,
            1699.9467801138571
        ],
        "FlagUp": 0,
        "Times": [
            -15,
            -10,
            -5,
            2,
            10,
            20,
            30,
            40
        ],
        "width": 0,
        "height": 0,
        "area": 0.4208830849501998,
        "distance": 1.1487940504352507,
        "xpert": [
            [
                418.0,
                231.6
            ],
            [
                412.6,
                229.4
            ],
            [
                412.2,
                224.0
            ],
            [
                415.0,
                221.0
            ],
            [
                418.0,
                219.2
            ],
            [
                421.4,
                220.6
            ],
            [
                423.2,
                224.0
            ],
            [
                421.8,
                227.8
            ]
        ],
        "stack": 0
    },
    {
        "type": "Spine",
        "location": [
            447,
            235
        ],
        "radloc": [
            0,
            0
        ],
        "mean": [
            44.51260504201681,
            57.05882352941177,
            47.7563025210084,
            44.78991596638655,
            44.69747899159664,
            39.10084033613445,
            36.76470588235294,
            40.91596638655462
        ],
        "min": [
            9.0,
            9.0,
            6.0,
            6.0,
            7.0,
            4.0,
            5.0,
            5.0
        ],
        "max": [
            91.0,
            141.0,
            109.0,
            106.0,
            134.0,
            108.0,
            120.0,
            106.0
        ],
        "RawIntDen": [
            5297.0,
            6790.0,
            5683.0,
            5330.0,
            5319.0,
            4653.0,
            4375.0,
            4869.0
        ],
        "IntDen": [
            2897.755173704241,
            3714.5096525300723,
            3108.91875630757,
            2915.808018849085,
            2909.7904038008037,
            2545.4511654230378,
            2393.3696214755623,
            2663.6152427347456
        ],
        "FlagUp": 0,
        "Times": [
            -15,
            -10,
            -5,
            2,
            10,
            20,
            30,
            40
        ],
        "width": 0,
        "height": 0,
        "area": 0.5470559134801285,
        "distance": 2.2260307448214207,
        "xpert": [
            [
                447.0,
                241.8
            ],
            [
                442.2,
                239.8
            ],
            [
                439.6,
                235.0
            ],
            [
                440.6,
                228.6
            ],
            [
                447.0,
                230.0
            ],
            [
                450.2,
                231.8
            ],
            [
                451.8,
                235.0
            ],
            [
                452.2,
                240.2
            ]
        ],
        "stack": 0
    },
    {
        "type": "Spine",
        "location": [
            433,
            217
        ],
        "radloc": [
            0,
            0
        ],
        "mean": [
            69.76865671641791,
            59.26119402985075,
            65.67164179104478,
            64.79850746268657,
            47.06716417910448,
            48.3134328358209,
            52.11194029850746,
            54.798507462686565
        ],
        "min": [
            12.0,
            5.0,
            8.0,
            16.0,
            8.0,
            7.0,
            12.0,
            9.0
        ],
        "max": [
            164.0,
            154.0,
            143.0,
            143.0,
            105.0,
            114.0,
            140.0,
            108.0
        ],
        "RawIntDen": [
            9349.0,
            7941.0,
            8800.0,
            8683.0,
            6307.0,
            6474.0,
            6983.0,
            7343.0
        ],
        "IntDen": [
            6081.631948783054,
            5165.711766529707,
            5724.501139083419,
            5648.391294393332,
            4102.775986840809,
            4211.411406184779,
            4542.521756161308,
            4776.7058936692665
        ],
        "FlagUp": 0,
        "Times": [
            -15,
            -10,
            -5,
            2,
            10,
            20,
            30,
            40
        ],
        "width": 0,
        "height": 0,
        "area": 0.6505114930776612,
        "distance": 2.1931006324952653,
        "xpert": [
            [
                433.0,
                225.2
            ],
            [
                428.2,
                221.8
            ],
            [
                427.2,
                217.0
            ],
            [
                428.4,
                212.4
            ],
            [
                433.0,
                211.2
            ],
            [
                438.2,
                211.8
            ],
            [
                441.0,
                217.0
            ],
            [
                437.6,
                221.6
            ]
        ],
        "stack": 0
    },
    {
        "type": "Spine",
        "location": [
            462,
            179
        ],
        "radloc": [
            0,
            0
        ],
        "mean": [
            42.22105263157895,
            53.67368421052632,
            63.05263157894737,
            57.189473684210526,
            54.07368421052632,
            45.410526315789475,
            46.21052631578947,
            48.14736842105263
        ],
        "min": [
            7.0,
            11.0,
            11.0,
            11.0,
            13.0,
            8.0,
            8.0,
            10.0
        ],
        "max": [
            140.0,
            149.0,
            134.0,
            108.0,
            109.0,
            120.0,
            112.0,
            123.0
        ],
        "RawIntDen": [
            4011.0,
            5099.0,
            5990.0,
            5433.0,
            5137.0,
            4314.0,
            4390.0,
            4574.0
        ],
        "IntDen": [
            1700.475416636311,
            2161.7362626348913,
            2539.4783708929203,
            2303.3365591087204,
            2177.8464760061656,
            1828.933170623048,
            1861.153597365596,
            1939.1609463212383
        ],
        "FlagUp": 0,
        "Times": [
            -15,
            -10,
            -5,
            2,
            10,
            20,
            30,
            40
        ],
        "width": 0,
        "height": 0,
        "area": 0.42395298345457766,
        "distance": 5.449806581238159,
        "xpert": [
            [
                462.0,
                185.6
            ],
            [
                457.0,
                184.0
            ],
            [
                457.0,
                179.0
            ],
            [
                458.6,
                175.6
            ],
            [
                462.0,
                174.0
            ],
            [
                466.4,
                174.6
            ],
            [
                468.4,
                179.0
            ],
            [
                465.6,
                182.6
            ]
        ],
        "stack": 0
    },
    {
        "type": "Spine",
        "location": [
            483,
            143
        ],
        "radloc": [
            0,
            0
        ],
        "mean": [
            44.64462809917355,
            57.21487603305785,
            45.29752066115702,
            48.20661157024794,
            43.264462809917354,
            40.82644628099174,
            44.264462809917354,
            42.735537190082646
        ],
        "min": [
            3.0,
            13.0,
            14.0,
            13.0,
            13.0,
            11.0,
            6.0,
            5.0
        ],
        "max": [
            129.0,
            110.0,
            101.0,
            84.0,
            101.0,
            101.0,
            122.0,
            94.0
        ],
        "RawIntDen": [
            5402.0,
            6923.0,
            5481.0,
            5833.0,
            5235.0,
            4940.0,
            5356.0,
            5171.0
        ],
        "IntDen": [
            3119.373602654079,
            3997.6718717464255,
            3164.9919874392835,
            3368.2536512923443,
            3022.93980190561,
            2852.5926688469367,
            3092.8109988550996,
            2985.983135750508
        ],
        "FlagUp": 0,
        "Times": [
            -15,
            -10,
            -5,
            2,
            10,
            20,
            30,
            40
        ],
        "width": 0,
        "height": 0,
        "area": 0.577447908673469,
        "distance": 8.221301137669617,
        "xpert": [
            [
                483.0,
                149.8
            ],
            [
                479.6,
                146.4
            ],
            [
                477.2,
                143.0
            ],
            [
                475.8,
                135.8
            ],
            [
                483.0,
                136.6
            ],
            [
                486.8,
                139.2
            ],
            [
                488.6,
                143.0
            ],
            [
                488.4,
                148.4
            ]
        ],
        "stack": 0
    }
]