[
    {
        "type": 0,
        "location": [
            112,
            286
        ],
        "bgloc": [
            125,
            325
        ],
        "mean": [
            [
                56.96707818930041,
                46.7201646090535,
                46.69547325102881,
                89.8477366255144,
                79.58024691358025,
                63.28395061728395,
                73.05349794238683,
                56.934156378600825
            ]
        ],
        "min": [
            [
                7,
                7,
                6,
                10,
                12,
                7,
                14,
                9
            ]
        ],
        "max": [
            [
                211,
                166,
                170,
                215,
                226,
                185,
                228,
                140
            ]
        ],
        "RawIntDen": [
            [
                13843,
                11353,
                11347,
                21833,
                19338,
                15378,
                17752,
                13835
            ]
        ],
        "IntDen": [
            [
                14652.926244000002,
                12017.241324,
                12010.890276000002,
                23110.405164000003,
                20469.427704,
                16277.736024000002,
                18790.634016000004,
                14644.458180000001
            ]
        ],
        "local_bg": [
            [
                4.267489711934156,
                4.329218106995885,
                4.279835390946502,
                4.382716049382716,
                5.032921810699588,
                5.041152263374485,
                4.238683127572016,
                4.246913580246914
            ]
        ],
        "area": [
            1.0585080000000002
        ],
        "distance": 3.6108295125023173,
        "points": [
            [
                112.0,
                294.4
            ],
            [
                106.0,
                292.0
            ],
            [
                102.4,
                286.0
            ],
            [
                102.8,
                276.8
            ],
            [
                112.0,
                276.2
            ],
            [
                118.4,
                279.6
            ],
            [
                119.2,
                286.0
            ],
            [
                117.8,
                291.8
            ]
        ],
        "shift": null,
        "channel": 0,
        "closest_Dend": 0
    }
]