Dendrite: 0,Timestep 1 (Luminosity),Timestep 2 (Luminosity),Timestep 3 (Luminosity),Timestep 4 (Luminosity),Timestep 5 (Luminosity),Timestep 6 (Luminosity),Timestep 7 (Luminosity),Timestep 8 (Luminosity)
"[123.0, 36.0]",72.0,119.0,255.0,255.0,255.0,255.0,255.0,255.0
"[124.0, 37.0]",101.0,109.0,255.0,255.0,255.0,255.0,255.0,255.0
"[124.0, 38.0]",125.0,65.0,255.0,255.0,255.0,255.0,255.0,255.0
"[124.0, 38.0]",125.0,65.0,255.0,255.0,255.0,255.0,255.0,255.0
"[125.0, 39.0]",100.0,90.0,255.0,255.0,255.0,255.0,255.0,255.0
"[125.0, 39.0]",100.0,90.0,255.0,255.0,255.0,255.0,255.0,255.0
"[126.0, 40.0]",150.0,132.0,255.0,255.0,255.0,255.0,255.0,255.0
"[126.0, 41.0]",118.0,103.0,255.0,255.0,255.0,255.0,255.0,255.0
"[127.0, 42.0]",194.0,109.0,255.0,255.0,255.0,255.0,255.0,255.0
"[127.0, 43.0]",150.0,129.0,255.0,255.0,255.0,255.0,255.0,255.0
"[128.0, 43.0]",163.0,126.0,255.0,255.0,255.0,255.0,255.0,255.0
"[129.0, 44.0]",172.0,227.0,255.0,255.0,255.0,255.0,255.0,255.0
"[129.0, 45.0]",175.0,197.0,255.0,255.0,255.0,255.0,255.0,255.0
"[130.0, 46.0]",149.0,224.0,255.0,255.0,255.0,255.0,255.0,255.0
"[131.0, 47.0]",209.0,223.0,255.0,255.0,255.0,255.0,255.0,255.0
"[131.0, 48.0]",221.0,220.0,255.0,255.0,255.0,255.0,255.0,255.0
"[132.0, 49.0]",136.0,147.0,255.0,255.0,255.0,255.0,255.0,255.0
"[132.0, 50.0]",93.0,113.0,255.0,255.0,255.0,243.0,255.0,255.0
"[133.0, 51.0]",119.0,127.0,255.0,255.0,255.0,237.0,252.0,255.0
"[134.0, 52.0]",74.0,98.0,255.0,255.0,237.0,241.0,211.0,252.0
"[135.0, 53.0]",86.0,75.0,244.0,255.0,164.0,199.0,223.0,243.0
"[135.0, 54.0]",83.0,74.0,245.0,248.0,169.0,165.0,129.0,200.0
"[136.0, 55.0]",85.0,49.0,208.0,214.0,129.0,160.0,115.0,197.0
"[137.0, 56.0]",89.0,70.0,182.0,174.0,94.0,165.0,75.0,110.0
"[137.0, 57.0]",63.0,86.0,181.0,162.0,79.0,117.0,86.0,97.0
"[138.0, 58.0]",62.0,68.0,73.0,105.0,56.0,88.0,51.0,88.0
"[139.0, 59.0]",71.0,57.0,82.0,51.0,49.0,92.0,74.0,112.0
"[139.0, 60.0]",126.0,89.0,69.0,101.0,47.0,55.0,86.0,96.0
"[140.0, 61.0]",116.0,91.0,71.0,55.0,46.0,93.0,52.0,125.0
"[141.0, 62.0]",186.0,74.0,111.0,94.0,47.0,109.0,70.0,168.0
"[141.0, 63.0]",211.0,169.0,156.0,117.0,41.0,128.0,124.0,142.0
"[142.0, 64.0]",152.0,86.0,89.0,185.0,46.0,156.0,113.0,85.0
"[143.0, 65.0]",195.0,105.0,108.0,171.0,38.0,89.0,87.0,84.0
"[144.0, 66.0]",71.0,75.0,72.0,131.0,48.0,81.0,66.0,40.0
"[144.0, 67.0]",91.0,69.0,51.0,105.0,56.0,65.0,48.0,61.0
"[145.0, 68.0]",45.0,58.0,46.0,67.0,51.0,29.0,52.0,49.0
"[146.0, 69.0]",37.0,33.0,38.0,38.0,36.0,32.0,38.0,34.0
"[146.0, 70.0]",23.0,39.0,56.0,29.0,64.0,29.0,37.0,42.0
"[147.0, 71.0]",54.0,32.0,50.0,31.0,53.0,26.0,40.0,22.0
"[148.0, 72.0]",51.0,25.0,50.0,25.0,36.0,36.0,27.0,39.0
"[148.0, 73.0]",25.0,34.0,29.0,27.0,28.0,29.0,44.0,28.0
"[149.0, 74.0]",83.0,25.0,33.0,38.0,48.0,34.0,21.0,18.0
"[150.0, 75.0]",62.0,29.0,25.0,33.0,30.0,23.0,25.0,30.0
"[150.0, 76.0]",63.0,42.0,20.0,33.0,32.0,26.0,23.0,54.0
"[151.0, 77.0]",79.0,55.0,36.0,41.0,23.0,19.0,44.0,39.0
"[152.0, 77.0]",133.0,50.0,25.0,67.0,37.0,41.0,36.0,39.0
"[152.0, 78.0]",131.0,39.0,58.0,63.0,43.0,31.0,65.0,72.0
"[153.0, 79.0]",163.0,90.0,83.0,92.0,64.0,47.0,43.0,73.0
"[154.0, 81.0]",150.0,102.0,129.0,74.0,97.0,73.0,98.0,176.0
"[154.0, 82.0]",120.0,75.0,77.0,68.0,133.0,71.0,67.0,183.0
"[155.0, 83.0]",129.0,101.0,89.0,36.0,163.0,54.0,57.0,219.0
"[156.0, 83.0]",141.0,132.0,68.0,43.0,129.0,140.0,58.0,183.0
"[156.0, 85.0]",103.0,70.0,33.0,46.0,103.0,80.0,58.0,112.0
"[157.0, 86.0]",101.0,58.0,48.0,31.0,123.0,40.0,45.0,61.0
"[158.0, 86.0]",110.0,75.0,60.0,34.0,75.0,67.0,39.0,91.0
"[158.0, 88.0]",132.0,35.0,23.0,21.0,70.0,41.0,38.0,50.0
"[159.0, 88.0]",107.0,108.0,39.0,34.0,50.0,47.0,63.0,71.0
"[160.0, 90.0]",76.0,59.0,43.0,30.0,54.0,44.0,52.0,63.0
"[160.0, 91.0]",93.0,44.0,33.0,30.0,50.0,46.0,45.0,48.0
"[161.0, 91.0]",67.0,59.0,77.0,41.0,101.0,36.0,58.0,91.0
"[162.0, 92.0]",68.0,98.0,56.0,32.0,73.0,66.0,55.0,102.0
"[162.0, 94.0]",74.0,47.0,40.0,33.0,68.0,30.0,69.0,68.0
"[163.0, 94.0]",59.0,91.0,65.0,37.0,85.0,87.0,69.0,97.0
"[164.0, 96.0]",95.0,73.0,105.0,52.0,114.0,96.0,62.0,97.0
"[164.0, 96.0]",95.0,73.0,105.0,52.0,114.0,96.0,62.0,97.0
"[165.0, 97.0]",64.0,68.0,133.0,83.0,159.0,153.0,110.0,145.0
"[166.0, 99.0]",143.0,137.0,206.0,168.0,243.0,143.0,137.0,224.0
"[166.0, 99.0]",143.0,137.0,206.0,168.0,243.0,143.0,137.0,224.0
"[167.0, 101.0]",168.0,205.0,231.0,226.0,204.0,197.0,174.0,175.0
"[167.0, 102.0]",187.0,202.0,238.0,237.0,188.0,162.0,183.0,186.0
"[168.0, 103.0]",186.0,227.0,221.0,226.0,169.0,183.0,220.0,225.0
"[169.0, 104.0]",122.0,198.0,144.0,200.0,143.0,148.0,165.0,190.0
"[169.0, 105.0]",121.0,234.0,178.0,167.0,119.0,84.0,241.0,172.0
"[170.0, 105.0]",108.0,227.0,132.0,159.0,144.0,140.0,141.0,148.0
"[171.0, 107.0]",78.0,157.0,87.0,145.0,97.0,98.0,135.0,145.0
"[171.0, 108.0]",79.0,149.0,73.0,110.0,90.0,93.0,107.0,118.0
"[172.0, 109.0]",100.0,118.0,151.0,95.0,73.0,89.0,133.0,140.0
"[173.0, 109.0]",93.0,101.0,121.0,95.0,69.0,113.0,153.0,82.0
"[173.0, 111.0]",89.0,170.0,155.0,142.0,125.0,132.0,141.0,157.0
"[174.0, 112.0]",135.0,148.0,142.0,139.0,160.0,206.0,225.0,241.0
"[175.0, 112.0]",151.0,149.0,168.0,194.0,145.0,219.0,164.0,231.0
"[175.0, 114.0]",196.0,189.0,221.0,176.0,237.0,218.0,248.0,255.0
"[176.0, 114.0]",190.0,171.0,196.0,214.0,232.0,218.0,243.0,255.0
"[177.0, 115.0]",225.0,204.0,167.0,223.0,235.0,214.0,250.0,255.0
"[177.0, 116.0]",172.0,188.0,184.0,223.0,242.0,239.0,255.0,254.0
"[178.0, 118.0]",127.0,150.0,128.0,223.0,248.0,228.0,241.0,234.0
"[179.0, 118.0]",106.0,144.0,169.0,214.0,242.0,190.0,246.0,159.0
"[179.0, 120.0]",100.0,114.0,113.0,127.0,221.0,191.0,216.0,162.0
"[180.0, 120.0]",96.0,103.0,82.0,107.0,169.0,193.0,229.0,148.0
"[181.0, 122.0]",47.0,115.0,86.0,111.0,118.0,148.0,102.0,77.0
"[181.0, 122.0]",47.0,115.0,86.0,111.0,118.0,148.0,102.0,77.0
"[182.0, 124.0]",50.0,57.0,78.0,98.0,74.0,75.0,94.0,84.0
"[183.0, 125.0]",56.0,87.0,51.0,75.0,54.0,76.0,61.0,90.0
"[183.0, 125.0]",56.0,87.0,51.0,75.0,54.0,76.0,61.0,90.0
"[184.0, 127.0]",74.0,49.0,61.0,77.0,77.0,80.0,98.0,86.0
"[185.0, 128.0]",112.0,62.0,63.0,65.0,90.0,62.0,118.0,92.0
"[185.0, 129.0]",83.0,91.0,102.0,57.0,69.0,77.0,45.0,70.0
"[186.0, 129.0]",58.0,84.0,58.0,80.0,93.0,89.0,101.0,74.0
"[187.0, 131.0]",69.0,76.0,74.0,82.0,62.0,84.0,80.0,98.0
"[187.0, 132.0]",70.0,78.0,46.0,28.0,64.0,95.0,93.0,117.0
"[188.0, 133.0]",78.0,78.0,43.0,29.0,96.0,84.0,82.0,95.0
"[189.0, 134.0]",61.0,70.0,78.0,66.0,122.0,89.0,64.0,75.0
"[189.0, 135.0]",67.0,63.0,58.0,75.0,73.0,57.0,44.0,94.0
"[190.0, 136.0]",89.0,93.0,61.0,65.0,80.0,55.0,76.0,87.0
"[191.0, 137.0]",48.0,58.0,31.0,42.0,73.0,55.0,73.0,58.0
"[191.0, 138.0]",50.0,46.0,26.0,32.0,75.0,37.0,68.0,83.0
"[192.0, 139.0]",67.0,32.0,36.0,44.0,44.0,38.0,35.0,77.0
"[193.0, 140.0]",62.0,37.0,38.0,36.0,43.0,48.0,32.0,67.0
"[193.0, 141.0]",56.0,26.0,36.0,36.0,40.0,32.0,44.0,50.0
"[194.0, 142.0]",91.0,32.0,29.0,25.0,72.0,30.0,54.0,75.0
"[195.0, 142.0]",59.0,64.0,48.0,58.0,57.0,74.0,81.0,62.0
"[195.0, 144.0]",77.0,38.0,33.0,26.0,55.0,40.0,31.0,65.0
"[196.0, 144.0]",101.0,52.0,42.0,33.0,72.0,50.0,65.0,121.0
"[196.0, 146.0]",88.0,45.0,57.0,44.0,39.0,33.0,62.0,85.0
"[197.0, 147.0]",94.0,57.0,55.0,41.0,95.0,66.0,76.0,87.0
"[198.0, 148.0]",122.0,49.0,87.0,75.0,76.0,75.0,130.0,122.0
"[198.0, 149.0]",148.0,73.0,85.0,79.0,92.0,62.0,88.0,84.0
"[199.0, 150.0]",210.0,89.0,99.0,104.0,108.0,111.0,164.0,150.0
"[200.0, 151.0]",210.0,143.0,109.0,106.0,157.0,141.0,198.0,177.0
"[200.0, 152.0]",147.0,140.0,122.0,134.0,156.0,61.0,166.0,123.0
"[201.0, 153.0]",163.0,158.0,161.0,149.0,190.0,148.0,155.0,141.0
"[202.0, 154.0]",177.0,122.0,147.0,146.0,164.0,87.0,154.0,154.0
"[202.0, 154.0]",177.0,122.0,147.0,146.0,164.0,87.0,154.0,154.0
"[203.0, 155.0]",128.0,145.0,163.0,124.0,194.0,116.0,143.0,132.0
"[204.0, 157.0]",144.0,116.0,169.0,115.0,148.0,64.0,127.0,77.0
"[204.0, 157.0]",144.0,116.0,169.0,115.0,148.0,64.0,127.0,77.0
"[205.0, 159.0]",105.0,109.0,158.0,97.0,137.0,77.0,121.0,104.0
"[206.0, 159.0]",135.0,102.0,133.0,105.0,109.0,141.0,110.0,132.0
"[206.0, 160.0]",146.0,97.0,164.0,80.0,138.0,84.0,177.0,140.0
"[207.0, 162.0]",160.0,79.0,159.0,100.0,163.0,170.0,143.0,167.0
"[208.0, 163.0]",180.0,117.0,172.0,158.0,169.0,203.0,162.0,208.0
"[208.0, 164.0]",192.0,138.0,184.0,151.0,156.0,210.0,225.0,200.0
"[209.0, 165.0]",172.0,141.0,179.0,252.0,201.0,227.0,214.0,202.0
"[210.0, 166.0]",159.0,193.0,207.0,231.0,204.0,234.0,203.0,223.0
"[210.0, 167.0]",156.0,175.0,219.0,190.0,250.0,232.0,218.0,210.0
"[211.0, 167.0]",137.0,217.0,151.0,176.0,198.0,196.0,204.0,217.0
"[212.0, 169.0]",109.0,99.0,172.0,98.0,167.0,171.0,173.0,221.0
"[212.0, 170.0]",93.0,83.0,86.0,98.0,155.0,204.0,170.0,180.0
"[213.0, 171.0]",69.0,70.0,65.0,74.0,101.0,137.0,153.0,186.0
"[214.0, 172.0]",106.0,68.0,70.0,52.0,73.0,201.0,127.0,161.0
"[214.0, 173.0]",69.0,71.0,46.0,60.0,49.0,132.0,152.0,137.0
"[215.0, 173.0]",109.0,53.0,64.0,55.0,67.0,142.0,157.0,135.0
"[216.0, 175.0]",94.0,47.0,61.0,38.0,60.0,177.0,85.0,62.0
"[216.0, 176.0]",65.0,47.0,49.0,29.0,33.0,100.0,60.0,70.0
"[217.0, 176.0]",130.0,36.0,60.0,41.0,36.0,157.0,90.0,52.0
"[217.0, 177.0]",78.0,33.0,41.0,31.0,39.0,85.0,95.0,47.0
"[218.0, 179.0]",39.0,47.0,55.0,36.0,28.0,57.0,81.0,98.0
"[219.0, 180.0]",49.0,26.0,41.0,44.0,44.0,79.0,78.0,119.0
"[219.0, 180.0]",49.0,26.0,41.0,44.0,44.0,79.0,78.0,119.0
"[220.0, 182.0]",35.0,26.0,56.0,72.0,50.0,99.0,129.0,146.0
"[220.0, 183.0]",31.0,22.0,91.0,70.0,36.0,119.0,142.0,186.0
"[221.0, 183.0]",46.0,27.0,67.0,61.0,85.0,128.0,151.0,138.0
"[221.0, 185.0]",30.0,17.0,87.0,68.0,49.0,93.0,123.0,91.0
"[222.0, 185.0]",31.0,25.0,98.0,86.0,93.0,113.0,101.0,94.0
"[223.0, 187.0]",33.0,25.0,109.0,136.0,63.0,211.0,163.0,144.0
"[223.0, 188.0]",28.0,22.0,119.0,130.0,79.0,253.0,195.0,234.0
"[224.0, 189.0]",22.0,22.0,211.0,213.0,85.0,255.0,246.0,250.0
"[224.0, 189.0]",22.0,22.0,211.0,213.0,85.0,255.0,246.0,250.0
"[225.0, 191.0]",22.0,16.0,255.0,255.0,75.0,255.0,255.0,255.0
"[225.0, 192.0]",18.0,17.0,248.0,255.0,144.0,255.0,255.0,255.0
"[226.0, 193.0]",16.0,12.0,255.0,255.0,85.0,255.0,255.0,255.0
"[226.0, 193.0]",16.0,12.0,255.0,255.0,85.0,255.0,255.0,255.0
"[227.0, 195.0]",21.0,19.0,233.0,255.0,68.0,255.0,255.0,189.0
"[227.0, 195.0]",21.0,19.0,233.0,255.0,68.0,255.0,255.0,189.0
"[227.0, 197.0]",11.0,15.0,140.0,194.0,69.0,193.0,178.0,157.0
"[228.0, 198.0]",19.0,7.0,122.0,128.0,28.0,125.0,140.0,101.0
"[228.0, 198.0]",19.0,7.0,122.0,128.0,28.0,125.0,140.0,101.0
"[229.0, 199.0]",20.0,18.0,78.0,117.0,27.0,122.0,85.0,58.0
"[229.0, 201.0]",13.0,21.0,32.0,43.0,26.0,52.0,42.0,54.0
"[229.0, 202.0]",13.0,13.0,42.0,16.0,16.0,46.0,98.0,36.0
"[230.0, 203.0]",19.0,12.0,15.0,20.0,30.0,55.0,26.0,61.0
"[230.0, 204.0]",16.0,7.0,19.0,16.0,26.0,65.0,27.0,53.0
"[230.0, 205.0]",18.0,18.0,19.0,18.0,21.0,48.0,36.0,41.0
"[231.0, 206.0]",20.0,12.0,15.0,21.0,12.0,47.0,18.0,20.0
"[231.0, 206.0]",20.0,12.0,15.0,21.0,12.0,47.0,18.0,20.0
"[231.0, 208.0]",15.0,23.0,16.0,12.0,24.0,33.0,20.0,12.0
"[232.0, 209.0]",10.0,13.0,10.0,12.0,14.0,26.0,23.0,21.0
"[232.0, 210.0]",13.0,18.0,11.0,14.0,16.0,26.0,23.0,15.0
"[232.0, 211.0]",24.0,13.0,13.0,20.0,23.0,15.0,13.0,16.0
"[232.0, 211.0]",24.0,13.0,13.0,20.0,23.0,15.0,13.0,16.0
"[233.0, 213.0]",19.0,25.0,20.0,17.0,15.0,26.0,19.0,21.0
"[233.0, 214.0]",20.0,18.0,20.0,15.0,27.0,22.0,21.0,27.0
"[233.0, 215.0]",29.0,15.0,18.0,29.0,27.0,20.0,26.0,31.0
"[233.0, 216.0]",18.0,21.0,29.0,20.0,35.0,34.0,12.0,23.0
"[233.0, 216.0]",18.0,21.0,29.0,20.0,35.0,34.0,12.0,23.0
"[234.0, 218.0]",36.0,16.0,27.0,40.0,28.0,48.0,41.0,46.0
"[234.0, 218.0]",36.0,16.0,27.0,40.0,28.0,48.0,41.0,46.0
"[234.0, 219.0]",52.0,29.0,22.0,24.0,36.0,67.0,61.0,54.0
"[234.0, 221.0]",98.0,30.0,28.0,51.0,125.0,77.0,96.0,83.0
"[235.0, 222.0]",126.0,47.0,61.0,66.0,89.0,69.0,70.0,149.0
"[235.0, 222.0]",126.0,47.0,61.0,66.0,89.0,69.0,70.0,149.0
"[235.0, 224.0]",92.0,72.0,62.0,61.0,85.0,58.0,55.0,91.0
"[235.0, 225.0]",128.0,39.0,56.0,49.0,83.0,34.0,93.0,60.0
"[235.0, 225.0]",128.0,39.0,56.0,49.0,83.0,34.0,93.0,60.0
"[235.0, 227.0]",57.0,38.0,31.0,22.0,66.0,73.0,29.0,39.0
"[236.0, 228.0]",115.0,32.0,61.0,36.0,47.0,50.0,54.0,33.0
"[236.0, 229.0]",120.0,37.0,43.0,26.0,36.0,61.0,38.0,33.0
"[236.0, 229.0]",120.0,37.0,43.0,26.0,36.0,61.0,38.0,33.0
"[236.0, 231.0]",33.0,35.0,39.0,34.0,57.0,67.0,43.0,45.0
"[236.0, 231.0]",33.0,35.0,39.0,34.0,57.0,67.0,43.0,45.0
"[236.0, 232.0]",96.0,49.0,48.0,58.0,66.0,45.0,46.0,29.0
"[236.0, 233.0]",102.0,46.0,77.0,52.0,54.0,60.0,31.0,40.0
"[237.0, 235.0]",69.0,47.0,54.0,51.0,77.0,62.0,37.0,44.0
"[237.0, 236.0]",46.0,63.0,46.0,63.0,79.0,66.0,26.0,31.0
"[237.0, 237.0]",50.0,33.0,59.0,37.0,21.0,23.0,20.0,29.0
"[237.0, 237.0]",50.0,33.0,59.0,37.0,21.0,23.0,20.0,29.0
"[237.0, 238.0]",94.0,35.0,28.0,36.0,45.0,29.0,24.0,17.0
"[237.0, 240.0]",72.0,23.0,37.0,46.0,28.0,20.0,21.0,11.0
"[237.0, 241.0]",58.0,19.0,32.0,23.0,26.0,19.0,30.0,13.0
"[237.0, 241.0]",58.0,19.0,32.0,23.0,26.0,19.0,30.0,13.0
"[237.0, 242.0]",38.0,22.0,26.0,17.0,24.0,21.0,15.0,17.0
"[237.0, 244.0]",40.0,29.0,20.0,20.0,23.0,14.0,28.0,19.0
"[237.0, 245.0]",57.0,33.0,37.0,18.0,16.0,16.0,21.0,12.0
"[237.0, 245.0]",57.0,33.0,37.0,18.0,16.0,16.0,21.0,12.0
"[237.0, 247.0]",41.0,18.0,30.0,13.0,17.0,40.0,32.0,15.0
"[237.0, 248.0]",67.0,12.0,16.0,21.0,19.0,29.0,19.0,15.0
"[238.0, 248.0]",87.0,30.0,26.0,14.0,29.0,32.0,23.0,37.0
"[238.0, 250.0]",79.0,28.0,16.0,21.0,21.0,32.0,37.0,20.0
"[238.0, 251.0]",64.0,19.0,36.0,15.0,24.0,24.0,20.0,21.0
"[238.0, 251.0]",64.0,19.0,36.0,15.0,24.0,24.0,20.0,21.0
"[238.0, 253.0]",65.0,24.0,28.0,40.0,16.0,43.0,49.0,27.0
"[238.0, 254.0]",63.0,21.0,25.0,19.0,46.0,32.0,79.0,44.0
"[238.0, 255.0]",82.0,22.0,53.0,31.0,23.0,60.0,107.0,45.0
"[238.0, 256.0]",113.0,32.0,57.0,47.0,45.0,69.0,84.0,86.0
"[238.0, 257.0]",136.0,55.0,57.0,60.0,51.0,72.0,88.0,141.0
"[238.0, 258.0]",130.0,83.0,84.0,76.0,44.0,72.0,68.0,94.0
"[238.0, 258.0]",130.0,83.0,84.0,76.0,44.0,72.0,68.0,94.0
"[238.0, 259.0]",105.0,50.0,68.0,67.0,69.0,85.0,53.0,72.0
"[238.0, 261.0]",109.0,49.0,61.0,65.0,94.0,66.0,20.0,100.0
"[238.0, 262.0]",63.0,45.0,99.0,52.0,69.0,28.0,31.0,45.0
"[238.0, 263.0]",77.0,39.0,60.0,68.0,94.0,26.0,20.0,32.0
"[238.0, 264.0]",59.0,53.0,39.0,50.0,60.0,24.0,23.0,26.0
"[238.0, 265.0]",58.0,30.0,46.0,29.0,39.0,25.0,19.0,32.0
"[238.0, 266.0]",42.0,18.0,41.0,31.0,15.0,29.0,45.0,22.0
"[238.0, 267.0]",82.0,23.0,44.0,21.0,27.0,21.0,31.0,44.0
"[238.0, 268.0]",97.0,27.0,36.0,17.0,28.0,19.0,34.0,39.0
"[238.0, 269.0]",81.0,27.0,36.0,28.0,37.0,20.0,30.0,43.0
"[238.0, 270.0]",141.0,50.0,26.0,30.0,26.0,18.0,39.0,41.0
"[238.0, 271.0]",92.0,31.0,51.0,36.0,27.0,35.0,50.0,60.0
"[238.0, 272.0]",132.0,23.0,47.0,40.0,32.0,41.0,36.0,81.0
"[238.0, 273.0]",86.0,17.0,53.0,36.0,29.0,15.0,77.0,56.0
"[238.0, 274.0]",88.0,36.0,33.0,24.0,18.0,27.0,65.0,80.0
"[238.0, 275.0]",72.0,32.0,38.0,24.0,33.0,36.0,56.0,82.0
"[238.0, 276.0]",69.0,24.0,23.0,33.0,26.0,30.0,83.0,82.0
"[238.0, 277.0]",55.0,43.0,23.0,44.0,25.0,38.0,70.0,59.0
"[238.0, 278.0]",77.0,40.0,31.0,27.0,34.0,20.0,72.0,86.0
"[238.0, 279.0]",51.0,44.0,50.0,29.0,40.0,46.0,59.0,66.0
"[238.0, 280.0]",73.0,36.0,52.0,21.0,31.0,48.0,96.0,108.0
"[238.0, 281.0]",73.0,51.0,47.0,52.0,50.0,95.0,113.0,93.0
"[238.0, 282.0]",133.0,58.0,67.0,52.0,44.0,85.0,164.0,97.0
"[238.0, 283.0]",86.0,49.0,53.0,74.0,55.0,94.0,108.0,99.0
"[238.0, 284.0]",135.0,72.0,55.0,74.0,64.0,73.0,77.0,138.0
"[238.0, 285.0]",98.0,68.0,90.0,50.0,92.0,58.0,157.0,129.0
"[238.0, 285.0]",98.0,68.0,90.0,50.0,92.0,58.0,157.0,129.0
"[237.0, 287.0]",84.0,45.0,38.0,54.0,73.0,26.0,47.0,64.0
"[237.0, 288.0]",86.0,51.0,43.0,42.0,71.0,27.0,20.0,49.0
"[237.0, 289.0]",81.0,94.0,32.0,29.0,69.0,22.0,35.0,26.0
"[237.0, 289.0]",81.0,94.0,32.0,29.0,69.0,22.0,35.0,26.0
"[237.0, 291.0]",50.0,41.0,17.0,16.0,25.0,23.0,29.0,22.0
"[237.0, 292.0]",35.0,31.0,13.0,16.0,13.0,15.0,14.0,12.0
"[237.0, 293.0]",28.0,20.0,19.0,13.0,20.0,14.0,23.0,28.0
"[236.0, 294.0]",30.0,11.0,10.0,14.0,12.0,10.0,17.0,30.0
"[236.0, 294.0]",30.0,11.0,10.0,14.0,12.0,10.0,17.0,30.0
"[236.0, 296.0]",19.0,15.0,12.0,12.0,16.0,20.0,11.0,22.0
"[236.0, 297.0]",24.0,19.0,19.0,12.0,13.0,10.0,12.0,18.0
"[236.0, 298.0]",13.0,14.0,26.0,14.0,16.0,24.0,40.0,12.0
"[236.0, 299.0]",26.0,10.0,27.0,15.0,14.0,11.0,11.0,32.0
"[235.0, 300.0]",17.0,21.0,11.0,16.0,12.0,21.0,27.0,34.0
"[235.0, 301.0]",21.0,24.0,10.0,13.0,13.0,17.0,30.0,33.0
"[235.0, 302.0]",32.0,15.0,22.0,17.0,6.0,9.0,14.0,24.0
"[235.0, 303.0]",25.0,13.0,10.0,17.0,6.0,17.0,45.0,25.0
"[235.0, 304.0]",24.0,27.0,12.0,18.0,22.0,30.0,41.0,28.0
"[234.0, 305.0]",15.0,20.0,17.0,30.0,33.0,17.0,46.0,39.0
"[234.0, 306.0]",15.0,21.0,17.0,28.0,15.0,33.0,78.0,40.0
"[234.0, 306.0]",15.0,21.0,17.0,28.0,15.0,33.0,78.0,40.0
"[234.0, 308.0]",16.0,21.0,26.0,30.0,21.0,40.0,50.0,74.0
"[233.0, 309.0]",24.0,37.0,44.0,40.0,23.0,29.0,79.0,157.0
"[233.0, 309.0]",24.0,37.0,44.0,40.0,23.0,29.0,79.0,157.0
"[233.0, 311.0]",31.0,42.0,61.0,55.0,56.0,63.0,142.0,142.0
"[233.0, 311.0]",31.0,42.0,61.0,55.0,56.0,63.0,142.0,142.0
"[233.0, 312.0]",32.0,79.0,78.0,81.0,66.0,54.0,104.0,225.0
"[232.0, 314.0]",70.0,58.0,95.0,115.0,98.0,78.0,144.0,163.0
"[232.0, 315.0]",97.0,77.0,120.0,82.0,87.0,64.0,87.0,154.0
"[232.0, 315.0]",97.0,77.0,120.0,82.0,87.0,64.0,87.0,154.0
"[232.0, 317.0]",95.0,77.0,97.0,118.0,44.0,104.0,164.0,151.0
"[231.0, 318.0]",100.0,89.0,108.0,102.0,84.0,94.0,253.0,219.0
"[231.0, 319.0]",98.0,72.0,79.0,107.0,51.0,133.0,246.0,181.0
"[231.0, 319.0]",98.0,72.0,79.0,107.0,51.0,133.0,246.0,181.0
"[231.0, 321.0]",155.0,135.0,162.0,140.0,76.0,124.0,225.0,178.0
"[231.0, 321.0]",155.0,135.0,162.0,140.0,76.0,124.0,225.0,178.0
"[230.0, 323.0]",90.0,116.0,147.0,91.0,69.0,86.0,84.0,126.0
"[230.0, 324.0]",88.0,110.0,83.0,77.0,88.0,64.0,56.0,115.0
"[230.0, 325.0]",72.0,103.0,88.0,98.0,84.0,60.0,67.0,73.0
"[230.0, 326.0]",96.0,97.0,86.0,53.0,78.0,67.0,51.0,71.0
"[230.0, 327.0]",83.0,74.0,55.0,65.0,46.0,38.0,57.0,77.0
"[229.0, 328.0]",70.0,50.0,45.0,48.0,47.0,36.0,43.0,68.0
"[229.0, 329.0]",77.0,55.0,35.0,34.0,36.0,24.0,25.0,86.0
"[229.0, 330.0]",100.0,28.0,33.0,46.0,41.0,32.0,29.0,57.0
"[229.0, 331.0]",55.0,26.0,46.0,23.0,27.0,19.0,42.0,33.0
"[229.0, 332.0]",100.0,26.0,28.0,21.0,31.0,22.0,35.0,33.0
"[228.0, 333.0]",46.0,23.0,22.0,64.0,19.0,18.0,15.0,32.0
"[228.0, 334.0]",46.0,26.0,31.0,28.0,27.0,31.0,36.0,37.0
"[228.0, 335.0]",34.0,24.0,22.0,32.0,36.0,28.0,21.0,29.0
"[228.0, 335.0]",34.0,24.0,22.0,32.0,36.0,28.0,21.0,29.0
"[228.0, 336.0]",46.0,22.0,36.0,57.0,35.0,43.0,28.0,34.0
"[228.0, 338.0]",34.0,29.0,64.0,58.0,45.0,53.0,39.0,52.0
"[227.0, 338.0]",44.0,48.0,63.0,65.0,35.0,45.0,53.0,31.0
"[227.0, 340.0]",66.0,44.0,67.0,65.0,75.0,118.0,72.0,86.0
"[227.0, 341.0]",53.0,57.0,55.0,82.0,79.0,137.0,82.0,86.0
"[227.0, 342.0]",97.0,98.0,121.0,118.0,117.0,133.0,148.0,133.0
"[227.0, 343.0]",96.0,93.0,86.0,110.0,144.0,171.0,188.0,177.0
"[227.0, 344.0]",101.0,115.0,140.0,145.0,170.0,182.0,171.0,178.0
"[227.0, 345.0]",174.0,125.0,144.0,157.0,131.0,178.0,182.0,247.0
"[227.0, 346.0]",160.0,101.0,128.0,121.0,141.0,187.0,205.0,216.0
"[226.0, 346.0]",154.0,90.0,165.0,148.0,105.0,163.0,151.0,137.0
"[226.0, 347.0]",175.0,66.0,137.0,101.0,122.0,164.0,167.0,131.0
"[226.0, 349.0]",146.0,82.0,102.0,85.0,89.0,148.0,131.0,121.0
"[226.0, 350.0]",131.0,101.0,107.0,87.0,130.0,175.0,97.0,86.0
"[226.0, 350.0]",131.0,101.0,107.0,87.0,130.0,175.0,97.0,86.0
"[226.0, 352.0]",169.0,127.0,105.0,102.0,212.0,128.0,119.0,57.0
"[226.0, 353.0]",197.0,122.0,140.0,115.0,157.0,100.0,79.0,54.0
"[226.0, 353.0]",197.0,122.0,140.0,115.0,157.0,100.0,79.0,54.0
"[226.0, 355.0]",159.0,91.0,101.0,210.0,188.0,143.0,132.0,80.0
"[226.0, 355.0]",159.0,91.0,101.0,210.0,188.0,143.0,132.0,80.0
"[226.0, 357.0]",181.0,86.0,120.0,133.0,193.0,167.0,153.0,116.0
"[226.0, 358.0]",139.0,81.0,145.0,160.0,169.0,139.0,203.0,122.0
"[226.0, 358.0]",139.0,81.0,145.0,160.0,169.0,139.0,203.0,122.0
"[226.0, 360.0]",149.0,99.0,113.0,121.0,165.0,158.0,151.0,177.0
"[226.0, 361.0]",104.0,102.0,91.0,107.0,162.0,140.0,176.0,147.0
"[226.0, 361.0]",104.0,102.0,91.0,107.0,162.0,140.0,176.0,147.0
"[226.0, 363.0]",91.0,123.0,119.0,81.0,129.0,177.0,142.0,151.0
"[226.0, 364.0]",85.0,33.0,94.0,101.0,119.0,117.0,117.0,129.0
"[226.0, 365.0]",114.0,61.0,74.0,48.0,135.0,184.0,96.0,136.0
"[226.0, 366.0]",74.0,45.0,75.0,42.0,144.0,109.0,98.0,86.0
"[226.0, 367.0]",78.0,25.0,50.0,27.0,102.0,76.0,91.0,104.0
"[226.0, 367.0]",78.0,25.0,50.0,27.0,102.0,76.0,91.0,104.0
"[226.0, 369.0]",88.0,27.0,45.0,45.0,80.0,77.0,74.0,85.0
"[226.0, 370.0]",72.0,20.0,58.0,38.0,61.0,73.0,69.0,67.0
"[226.0, 370.0]",72.0,20.0,58.0,38.0,61.0,73.0,69.0,67.0
"[226.0, 371.0]",66.0,33.0,49.0,41.0,43.0,87.0,123.0,82.0
"[227.0, 372.0]",70.0,33.0,89.0,39.0,71.0,104.0,71.0,131.0
"[227.0, 374.0]",74.0,32.0,37.0,66.0,64.0,67.0,75.0,106.0
"[227.0, 375.0]",68.0,29.0,60.0,48.0,104.0,65.0,88.0,74.0
"[227.0, 376.0]",63.0,35.0,39.0,33.0,75.0,70.0,146.0,148.0
"[227.0, 377.0]",60.0,35.0,58.0,41.0,78.0,89.0,97.0,109.0
"[227.0, 378.0]",104.0,42.0,66.0,56.0,127.0,82.0,134.0,208.0
"[227.0, 379.0]",88.0,78.0,66.0,70.0,120.0,133.0,179.0,150.0
"[227.0, 379.0]",88.0,78.0,66.0,70.0,120.0,133.0,179.0,150.0
"[227.0, 381.0]",74.0,81.0,65.0,93.0,105.0,105.0,201.0,182.0
"[227.0, 382.0]",98.0,116.0,76.0,96.0,109.0,165.0,123.0,176.0
"[227.0, 383.0]",109.0,146.0,112.0,95.0,89.0,116.0,158.0,216.0
"[227.0, 384.0]",86.0,128.0,103.0,178.0,106.0,166.0,169.0,204.0
"[227.0, 384.0]",86.0,128.0,103.0,178.0,106.0,166.0,169.0,204.0
"[227.0, 386.0]",133.0,150.0,138.0,152.0,116.0,131.0,224.0,146.0
"[227.0, 387.0]",128.0,147.0,122.0,144.0,133.0,133.0,152.0,148.0
"[227.0, 387.0]",128.0,147.0,122.0,144.0,133.0,133.0,152.0,148.0
"[228.0, 389.0]",58.0,135.0,160.0,83.0,160.0,123.0,218.0,155.0
"[228.0, 390.0]",85.0,146.0,99.0,80.0,126.0,89.0,184.0,139.0
"[228.0, 391.0]",99.0,104.0,99.0,53.0,114.0,129.0,112.0,167.0
"[228.0, 391.0]",99.0,104.0,99.0,53.0,114.0,129.0,112.0,167.0
"[228.0, 393.0]",74.0,40.0,45.0,28.0,110.0,91.0,125.0,112.0
"[228.0, 394.0]",110.0,41.0,41.0,41.0,75.0,92.0,76.0,167.0
"[228.0, 395.0]",86.0,29.0,36.0,22.0,55.0,65.0,74.0,107.0
"[228.0, 396.0]",63.0,36.0,43.0,33.0,50.0,39.0,73.0,108.0
"[228.0, 397.0]",49.0,18.0,44.0,24.0,42.0,53.0,56.0,59.0
"[228.0, 397.0]",49.0,18.0,44.0,24.0,42.0,53.0,56.0,59.0
"[228.0, 398.0]",56.0,27.0,22.0,30.0,42.0,40.0,47.0,105.0
"[228.0, 399.0]",79.0,16.0,28.0,18.0,25.0,23.0,48.0,77.0
"[228.0, 401.0]",41.0,17.0,18.0,22.0,22.0,37.0,40.0,62.0
"[229.0, 402.0]",80.0,28.0,28.0,20.0,37.0,40.0,44.0,53.0
"[229.0, 403.0]",64.0,14.0,16.0,15.0,34.0,41.0,43.0,52.0
"[229.0, 404.0]",38.0,16.0,18.0,13.0,26.0,30.0,38.0,49.0
"[229.0, 404.0]",38.0,16.0,18.0,13.0,26.0,30.0,38.0,49.0
"[229.0, 406.0]",30.0,13.0,22.0,7.0,23.0,36.0,32.0,41.0
"[229.0, 407.0]",31.0,16.0,11.0,13.0,18.0,20.0,30.0,33.0
"[229.0, 408.0]",22.0,9.0,9.0,17.0,12.0,11.0,28.0,15.0
"[229.0, 409.0]",32.0,13.0,12.0,11.0,23.0,13.0,20.0,18.0
"[229.0, 410.0]",21.0,9.0,20.0,15.0,20.0,14.0,12.0,23.0
"[229.0, 411.0]",18.0,13.0,18.0,7.0,8.0,13.0,15.0,17.0
"[229.0, 412.0]",16.0,7.0,12.0,11.0,21.0,11.0,14.0,24.0
"[229.0, 413.0]",28.0,9.0,10.0,19.0,14.0,22.0,19.0,13.0
"[230.0, 413.0]",17.0,11.0,10.0,15.0,7.0,19.0,24.0,12.0
"[230.0, 415.0]",15.0,30.0,11.0,12.0,8.0,14.0,16.0,18.0
"[230.0, 416.0]",20.0,12.0,11.0,17.0,12.0,18.0,39.0,30.0
"[230.0, 416.0]",20.0,12.0,11.0,17.0,12.0,18.0,39.0,30.0
"[230.0, 418.0]",21.0,8.0,9.0,18.0,26.0,24.0,14.0,21.0
"[230.0, 419.0]",11.0,14.0,11.0,19.0,16.0,11.0,14.0,13.0
"[230.0, 420.0]",18.0,7.0,16.0,9.0,14.0,8.0,12.0,12.0
"[230.0, 421.0]",18.0,11.0,8.0,8.0,17.0,23.0,34.0,16.0
"[230.0, 422.0]",14.0,9.0,4.0,10.0,10.0,22.0,27.0,18.0
"[230.0, 423.0]",19.0,11.0,13.0,12.0,13.0,21.0,9.0,14.0
"[230.0, 423.0]",19.0,11.0,13.0,12.0,13.0,21.0,9.0,14.0
"[230.0, 424.0]",21.0,11.0,18.0,15.0,14.0,14.0,16.0,12.0
"[230.0, 426.0]",14.0,16.0,16.0,7.0,10.0,20.0,17.0,14.0
"[230.0, 427.0]",28.0,17.0,11.0,13.0,14.0,10.0,16.0,17.0
"[230.0, 428.0]",14.0,15.0,22.0,11.0,18.0,18.0,24.0,16.0
"[230.0, 428.0]",14.0,15.0,22.0,11.0,18.0,18.0,24.0,16.0
"[230.0, 430.0]",11.0,9.0,10.0,13.0,11.0,18.0,13.0,19.0
"[230.0, 431.0]",14.0,13.0,15.0,12.0,16.0,18.0,14.0,18.0
"[230.0, 432.0]",16.0,18.0,11.0,15.0,12.0,14.0,12.0,18.0
"[230.0, 433.0]",16.0,19.0,23.0,14.0,18.0,24.0,21.0,27.0
"[230.0, 433.0]",16.0,19.0,23.0,14.0,18.0,24.0,21.0,27.0
"[230.0, 435.0]",16.0,16.0,29.0,18.0,23.0,20.0,33.0,26.0
"[231.0, 436.0]",29.0,14.0,16.0,28.0,15.0,22.0,20.0,24.0
"[231.0, 436.0]",29.0,14.0,16.0,28.0,15.0,22.0,20.0,24.0
"[231.0, 437.0]",29.0,14.0,26.0,15.0,31.0,33.0,13.0,39.0
"[231.0, 439.0]",50.0,16.0,33.0,39.0,39.0,27.0,30.0,45.0
"[231.0, 439.0]",50.0,16.0,33.0,39.0,39.0,27.0,30.0,45.0
"[231.0, 440.0]",78.0,17.0,40.0,23.0,28.0,50.0,64.0,66.0
"[231.0, 442.0]",106.0,41.0,41.0,40.0,54.0,69.0,60.0,121.0
"[231.0, 442.0]",106.0,41.0,41.0,40.0,54.0,69.0,60.0,121.0
"[231.0, 444.0]",97.0,73.0,69.0,95.0,92.0,66.0,104.0,121.0
"[231.0, 445.0]",175.0,81.0,103.0,120.0,128.0,121.0,122.0,150.0
"[231.0, 445.0]",175.0,81.0,103.0,120.0,128.0,121.0,122.0,150.0
"[231.0, 447.0]",155.0,118.0,174.0,225.0,154.0,202.0,228.0,217.0
"[231.0, 448.0]",231.0,192.0,255.0,240.0,220.0,253.0,204.0,230.0
"[231.0, 449.0]",224.0,242.0,255.0,255.0,178.0,255.0,229.0,255.0
"[231.0, 450.0]",238.0,182.0,255.0,255.0,231.0,250.0,246.0,255.0
"[231.0, 451.0]",230.0,213.0,243.0,223.0,226.0,255.0,231.0,255.0
"[231.0, 451.0]",230.0,213.0,243.0,223.0,226.0,255.0,231.0,255.0
"[231.0, 452.0]",252.0,220.0,255.0,242.0,247.0,255.0,255.0,255.0
"[231.0, 454.0]",224.0,227.0,229.0,242.0,249.0,255.0,226.0,246.0
"[231.0, 454.0]",224.0,227.0,229.0,242.0,249.0,255.0,226.0,246.0
"[231.0, 456.0]",215.0,176.0,175.0,167.0,169.0,203.0,188.0,244.0
"[231.0, 457.0]",244.0,217.0,152.0,93.0,159.0,142.0,177.0,214.0
"[231.0, 458.0]",172.0,186.0,82.0,77.0,133.0,146.0,151.0,155.0
"[231.0, 459.0]",200.0,116.0,95.0,56.0,107.0,83.0,124.0,183.0
"[231.0, 459.0]",200.0,116.0,95.0,56.0,107.0,83.0,124.0,183.0
"[231.0, 461.0]",131.0,104.0,97.0,67.0,69.0,113.0,91.0,171.0
"[231.0, 462.0]",131.0,100.0,107.0,33.0,67.0,57.0,76.0,129.0
"[231.0, 462.0]",131.0,100.0,107.0,33.0,67.0,57.0,76.0,129.0
"[231.0, 463.0]",119.0,51.0,99.0,64.0,41.0,59.0,79.0,118.0
"[231.0, 465.0]",86.0,97.0,67.0,53.0,82.0,63.0,45.0,110.0
"[231.0, 465.0]",86.0,97.0,67.0,53.0,82.0,63.0,45.0,110.0
"[232.0, 467.0]",68.0,107.0,97.0,48.0,72.0,87.0,112.0,80.0
"[232.0, 467.0]",68.0,107.0,97.0,48.0,72.0,87.0,112.0,80.0
"[232.0, 469.0]",89.0,128.0,151.0,123.0,77.0,114.0,109.0,161.0
"[232.0, 470.0]",93.0,165.0,142.0,150.0,128.0,131.0,148.0,159.0
"[232.0, 471.0]",82.0,147.0,194.0,149.0,136.0,154.0,201.0,185.0
"[232.0, 472.0]",113.0,140.0,128.0,136.0,133.0,121.0,195.0,168.0
"[232.0, 473.0]",107.0,177.0,105.0,106.0,141.0,146.0,172.0,202.0
"[232.0, 474.0]",92.0,135.0,78.0,101.0,170.0,218.0,145.0,142.0
"[232.0, 475.0]",101.0,120.0,117.0,89.0,165.0,112.0,176.0,163.0
"[232.0, 475.0]",101.0,120.0,117.0,89.0,165.0,112.0,176.0,163.0
"[232.0, 476.0]",79.0,44.0,57.0,105.0,145.0,103.0,108.0,153.0
"[232.0, 477.0]",93.0,26.0,36.0,30.0,77.0,116.0,76.0,93.0
"[232.0, 479.0]",65.0,29.0,69.0,40.0,61.0,54.0,55.0,62.0
"[232.0, 480.0]",54.0,51.0,85.0,43.0,51.0,59.0,92.0,87.0
"[232.0, 480.0]",54.0,51.0,85.0,43.0,51.0,59.0,92.0,87.0
"[232.0, 482.0]",75.0,103.0,108.0,110.0,79.0,110.0,93.0,164.0
"[232.0, 483.0]",110.0,91.0,169.0,101.0,120.0,117.0,104.0,153.0
"[232.0, 483.0]",110.0,91.0,169.0,101.0,120.0,117.0,104.0,153.0
"[232.0, 485.0]",161.0,115.0,172.0,156.0,178.0,229.0,207.0,250.0
"[232.0, 485.0]",161.0,115.0,172.0,156.0,178.0,229.0,207.0,250.0
"[233.0, 487.0]",249.0,169.0,213.0,242.0,213.0,219.0,255.0,250.0
"[233.0, 488.0]",219.0,149.0,223.0,255.0,239.0,240.0,255.0,255.0
"[233.0, 489.0]",179.0,200.0,216.0,238.0,220.0,230.0,255.0,240.0
"[233.0, 490.0]",191.0,169.0,206.0,197.0,205.0,239.0,255.0,255.0
"[233.0, 491.0]",177.0,188.0,183.0,183.0,192.0,193.0,254.0,254.0
"[233.0, 491.0]",177.0,188.0,183.0,183.0,192.0,193.0,254.0,254.0
"[233.0, 492.0]",164.0,97.0,157.0,140.0,170.0,176.0,236.0,231.0
"[233.0, 494.0]",104.0,89.0,109.0,102.0,162.0,155.0,216.0,201.0
"[233.0, 494.0]",104.0,89.0,109.0,102.0,162.0,155.0,216.0,201.0
"[234.0, 496.0]",139.0,49.0,97.0,104.0,83.0,119.0,158.0,122.0
"[234.0, 497.0]",107.0,90.0,123.0,117.0,117.0,133.0,162.0,124.0
"[234.0, 497.0]",107.0,90.0,123.0,117.0,117.0,133.0,162.0,124.0
"[234.0, 498.0]",119.0,94.0,96.0,96.0,120.0,129.0,148.0,111.0
"[234.0, 500.0]",124.0,68.0,72.0,93.0,111.0,75.0,126.0,106.0
"[234.0, 501.0]",119.0,41.0,88.0,79.0,123.0,92.0,88.0,120.0
"[234.0, 502.0]",102.0,53.0,79.0,114.0,113.0,61.0,98.0,81.0
"[235.0, 503.0]",111.0,51.0,73.0,109.0,111.0,142.0,91.0,111.0
"[235.0, 503.0]",111.0,51.0,73.0,109.0,111.0,142.0,91.0,111.0
"[235.0, 505.0]",101.0,34.0,73.0,74.0,89.0,58.0,87.0,105.0
"[235.0, 506.0]",86.0,23.0,40.0,70.0,135.0,90.0,91.0,82.0
"[235.0, 506.0]",86.0,23.0,40.0,70.0,135.0,90.0,91.0,82.0
"[235.0, 508.0]",108.0,25.0,62.0,44.0,111.0,78.0,76.0,125.0
"[236.0, 509.0]",106.0,52.0,46.0,96.0,103.0,128.0,98.0,118.0
"[236.0, 510.0]",99.0,67.0,86.0,112.0,111.0,174.0,100.0,152.0
"[236.0, 511.0]",109.0,44.0,91.0,77.0,116.0,157.0,109.0,153.0
"[236.0, 512.0]",143.0,52.0,114.0,101.0,156.0,163.0,102.0,146.0
"[236.0, 513.0]",107.0,39.0,76.0,114.0,115.0,155.0,150.0,137.0
"[236.0, 514.0]",118.0,52.0,113.0,160.0,199.0,140.0,149.0,196.0
"[237.0, 515.0]",185.0,83.0,128.0,198.0,203.0,245.0,199.0,231.0
"[237.0, 516.0]",177.0,106.0,184.0,188.0,227.0,195.0,207.0,229.0
"[237.0, 517.0]",151.0,88.0,125.0,187.0,229.0,240.0,211.0,215.0
"[237.0, 517.0]",151.0,88.0,125.0,187.0,229.0,240.0,211.0,215.0
"[237.0, 519.0]",226.0,85.0,146.0,152.0,206.0,228.0,205.0,236.0
"[238.0, 519.0]",209.0,114.0,169.0,228.0,218.0,228.0,230.0,225.0
"[238.0, 521.0]",168.0,169.0,109.0,207.0,195.0,226.0,238.0,247.0
"[238.0, 522.0]",200.0,151.0,178.0,169.0,174.0,244.0,246.0,225.0
"[238.0, 523.0]",181.0,149.0,142.0,173.0,210.0,249.0,238.0,234.0
"[238.0, 524.0]",195.0,174.0,179.0,154.0,156.0,235.0,227.0,250.0
"[239.0, 525.0]",185.0,158.0,168.0,182.0,214.0,220.0,244.0,254.0
"[239.0, 526.0]",201.0,170.0,193.0,177.0,195.0,216.0,253.0,250.0
"[239.0, 527.0]",154.0,165.0,163.0,122.0,236.0,218.0,229.0,244.0
"[239.0, 528.0]",133.0,105.0,144.0,155.0,202.0,202.0,193.0,238.0
"[239.0, 529.0]",161.0,123.0,136.0,125.0,157.0,165.0,216.0,233.0
"[240.0, 530.0]",122.0,94.0,134.0,176.0,191.0,225.0,233.0,224.0
"[240.0, 531.0]",152.0,90.0,110.0,150.0,238.0,202.0,249.0,231.0
"[240.0, 532.0]",138.0,53.0,98.0,153.0,226.0,208.0,166.0,224.0
"[240.0, 533.0]",198.0,46.0,88.0,125.0,177.0,169.0,179.0,160.0
"[240.0, 534.0]",155.0,38.0,56.0,97.0,181.0,179.0,153.0,137.0
"[241.0, 535.0]",94.0,34.0,61.0,136.0,164.0,98.0,116.0,133.0
"[241.0, 536.0]",114.0,28.0,78.0,81.0,106.0,123.0,75.0,185.0
"[241.0, 537.0]",82.0,27.0,71.0,53.0,124.0,84.0,78.0,153.0
"[241.0, 538.0]",63.0,39.0,33.0,58.0,86.0,58.0,68.0,109.0
"[241.0, 539.0]",63.0,23.0,22.0,48.0,65.0,40.0,77.0,66.0
"[242.0, 540.0]",114.0,20.0,38.0,120.0,69.0,63.0,56.0,79.0
"[242.0, 541.0]",60.0,20.0,41.0,62.0,91.0,76.0,65.0,62.0
"[242.0, 542.0]",86.0,24.0,36.0,59.0,57.0,51.0,60.0,82.0
"[242.0, 543.0]",86.0,20.0,26.0,43.0,59.0,41.0,39.0,86.0
"[242.0, 544.0]",49.0,22.0,45.0,51.0,57.0,26.0,57.0,58.0
"[243.0, 545.0]",83.0,26.0,35.0,87.0,100.0,50.0,99.0,88.0
"[243.0, 546.0]",59.0,20.0,23.0,61.0,79.0,50.0,48.0,50.0
"[243.0, 546.0]",59.0,20.0,23.0,61.0,79.0,50.0,48.0,50.0
"[243.0, 548.0]",68.0,29.0,28.0,46.0,26.0,37.0,58.0,81.0
"[243.0, 549.0]",50.0,8.0,20.0,34.0,39.0,29.0,40.0,60.0
"[243.0, 550.0]",59.0,17.0,20.0,42.0,19.0,31.0,43.0,61.0
"[243.0, 551.0]",37.0,15.0,26.0,22.0,34.0,36.0,20.0,67.0
"[244.0, 552.0]",41.0,16.0,28.0,43.0,74.0,52.0,56.0,90.0
"[244.0, 553.0]",69.0,9.0,29.0,39.0,60.0,52.0,53.0,49.0
"[244.0, 554.0]",45.0,31.0,30.0,53.0,67.0,64.0,73.0,81.0
"[244.0, 555.0]",55.0,30.0,30.0,42.0,46.0,74.0,60.0,61.0
"[244.0, 556.0]",44.0,14.0,23.0,38.0,79.0,71.0,87.0,98.0
"[244.0, 557.0]",68.0,16.0,37.0,45.0,56.0,59.0,63.0,82.0
"[244.0, 558.0]",40.0,29.0,33.0,72.0,64.0,44.0,73.0,92.0
"[244.0, 559.0]",31.0,19.0,27.0,40.0,81.0,51.0,93.0,123.0
"[245.0, 560.0]",74.0,30.0,41.0,66.0,109.0,147.0,117.0,147.0
"[245.0, 561.0]",97.0,25.0,62.0,77.0,91.0,147.0,98.0,198.0
"[245.0, 562.0]",68.0,33.0,57.0,69.0,105.0,134.0,111.0,162.0
"[245.0, 563.0]",41.0,31.0,46.0,87.0,89.0,113.0,107.0,139.0
"[245.0, 564.0]",66.0,13.0,63.0,78.0,135.0,131.0,103.0,168.0
"[245.0, 564.0]",66.0,13.0,63.0,78.0,135.0,131.0,103.0,168.0
"[245.0, 566.0]",46.0,34.0,64.0,53.0,114.0,179.0,105.0,194.0
"[245.0, 567.0]",41.0,24.0,47.0,101.0,143.0,97.0,111.0,189.0
"[246.0, 568.0]",64.0,47.0,85.0,129.0,130.0,142.0,136.0,164.0
"[246.0, 568.0]",64.0,47.0,85.0,129.0,130.0,142.0,136.0,164.0
"[246.0, 570.0]",79.0,72.0,74.0,114.0,133.0,112.0,168.0,138.0
"[246.0, 570.0]",79.0,72.0,74.0,114.0,133.0,112.0,168.0,138.0
"[246.0, 571.0]",109.0,57.0,105.0,124.0,143.0,88.0,114.0,161.0
"[246.0, 573.0]",94.0,36.0,42.0,108.0,135.0,184.0,129.0,106.0
"[246.0, 574.0]",95.0,42.0,40.0,88.0,138.0,119.0,108.0,114.0
"[246.0, 575.0]",119.0,56.0,66.0,98.0,95.0,106.0,142.0,102.0
"[246.0, 576.0]",86.0,92.0,93.0,96.0,120.0,125.0,162.0,100.0
"[246.0, 577.0]",86.0,57.0,88.0,131.0,111.0,121.0,117.0,96.0
"[247.0, 578.0]",123.0,70.0,101.0,145.0,127.0,120.0,135.0,114.0
"[247.0, 579.0]",108.0,107.0,109.0,161.0,119.0,170.0,95.0,102.0
"[247.0, 579.0]",108.0,107.0,109.0,161.0,119.0,170.0,95.0,102.0
"[247.0, 581.0]",118.0,137.0,146.0,154.0,177.0,168.0,137.0,128.0
"[247.0, 582.0]",96.0,169.0,153.0,197.0,203.0,192.0,171.0,139.0
"[247.0, 583.0]",110.0,218.0,237.0,232.0,247.0,184.0,163.0,139.0
"[247.0, 584.0]",183.0,212.0,207.0,200.0,226.0,234.0,176.0,182.0
"[247.0, 585.0]",176.0,195.0,204.0,235.0,229.0,137.0,222.0,237.0
"[247.0, 586.0]",225.0,198.0,192.0,211.0,224.0,197.0,233.0,220.0
"[247.0, 586.0]",225.0,198.0,192.0,211.0,224.0,197.0,233.0,220.0
"[247.0, 588.0]",152.0,175.0,147.0,194.0,206.0,164.0,225.0,221.0
"[248.0, 589.0]",189.0,200.0,198.0,145.0,168.0,118.0,201.0,216.0
"[248.0, 589.0]",189.0,200.0,198.0,145.0,168.0,118.0,201.0,216.0
"[248.0, 591.0]",175.0,133.0,113.0,114.0,142.0,117.0,169.0,179.0
"[248.0, 592.0]",130.0,161.0,89.0,113.0,122.0,82.0,142.0,164.0
"[248.0, 593.0]",184.0,83.0,103.0,76.0,124.0,134.0,153.0,137.0
"[248.0, 594.0]",121.0,72.0,90.0,87.0,125.0,122.0,163.0,97.0
"[248.0, 595.0]",98.0,69.0,99.0,161.0,144.0,154.0,135.0,148.0
"[248.0, 596.0]",90.0,43.0,99.0,172.0,129.0,128.0,206.0,154.0
"[248.0, 597.0]",78.0,49.0,130.0,188.0,131.0,191.0,187.0,127.0
"[248.0, 598.0]",114.0,55.0,127.0,166.0,144.0,210.0,184.0,144.0
"[248.0, 599.0]",64.0,77.0,199.0,224.0,209.0,197.0,209.0,175.0
"[248.0, 600.0]",140.0,139.0,196.0,224.0,130.0,153.0,227.0,139.0
"[249.0, 601.0]",122.0,112.0,189.0,205.0,130.0,125.0,186.0,125.0
"[249.0, 602.0]",100.0,93.0,193.0,179.0,194.0,93.0,175.0,150.0
"[249.0, 603.0]",121.0,95.0,119.0,174.0,131.0,151.0,145.0,153.0
"[249.0, 604.0]",138.0,113.0,114.0,185.0,111.0,80.0,134.0,107.0
"[249.0, 605.0]",99.0,61.0,79.0,92.0,125.0,89.0,159.0,86.0
"[249.0, 606.0]",130.0,77.0,70.0,93.0,64.0,72.0,101.0,81.0
"[249.0, 607.0]",96.0,66.0,54.0,49.0,79.0,45.0,104.0,107.0
"[249.0, 608.0]",98.0,96.0,47.0,74.0,72.0,57.0,102.0,70.0
"[249.0, 609.0]",104.0,57.0,46.0,65.0,61.0,44.0,60.0,89.0
"[249.0, 610.0]",51.0,41.0,28.0,51.0,46.0,43.0,49.0,77.0
"[249.0, 611.0]",54.0,46.0,25.0,77.0,63.0,105.0,74.0,111.0
"[249.0, 612.0]",42.0,25.0,43.0,42.0,44.0,89.0,66.0,76.0
"[250.0, 612.0]",57.0,37.0,52.0,54.0,76.0,79.0,88.0,91.0
"[250.0, 613.0]",55.0,43.0,61.0,45.0,65.0,87.0,119.0,68.0
"[250.0, 615.0]",33.0,25.0,53.0,96.0,103.0,145.0,91.0,86.0
"[250.0, 616.0]",30.0,22.0,42.0,69.0,97.0,123.0,147.0,148.0
"[250.0, 617.0]",31.0,21.0,54.0,43.0,55.0,118.0,164.0,139.0
"[250.0, 618.0]",46.0,36.0,59.0,115.0,83.0,139.0,153.0,98.0
"[250.0, 619.0]",43.0,30.0,113.0,69.0,84.0,122.0,153.0,161.0
"[250.0, 619.0]",43.0,30.0,113.0,69.0,84.0,122.0,153.0,161.0
"[250.0, 620.0]",45.0,37.0,104.0,66.0,98.0,112.0,203.0,149.0
"[250.0, 622.0]",35.0,28.0,129.0,103.0,90.0,145.0,214.0,198.0
"[250.0, 622.0]",35.0,28.0,129.0,103.0,90.0,145.0,214.0,198.0
"[250.0, 623.0]",38.0,21.0,137.0,94.0,66.0,122.0,233.0,168.0
"[250.0, 625.0]",46.0,29.0,108.0,84.0,64.0,100.0,164.0,166.0
"[250.0, 625.0]",46.0,29.0,108.0,84.0,64.0,100.0,164.0,166.0
"[250.0, 627.0]",42.0,27.0,146.0,58.0,70.0,97.0,114.0,136.0
"[250.0, 628.0]",48.0,42.0,76.0,45.0,68.0,86.0,92.0,199.0
"[251.0, 628.0]",40.0,41.0,94.0,79.0,88.0,109.0,126.0,173.0
"[251.0, 630.0]",58.0,69.0,65.0,88.0,110.0,94.0,82.0,135.0
"[251.0, 631.0]",63.0,29.0,53.0,59.0,88.0,75.0,137.0,125.0
"[251.0, 631.0]",63.0,29.0,53.0,59.0,88.0,75.0,137.0,125.0
"[251.0, 633.0]",56.0,40.0,98.0,80.0,70.0,67.0,80.0,126.0
"[251.0, 634.0]",45.0,34.0,72.0,65.0,72.0,105.0,125.0,96.0
"[251.0, 635.0]",40.0,40.0,56.0,50.0,74.0,98.0,141.0,114.0
"[251.0, 636.0]",63.0,30.0,89.0,49.0,93.0,89.0,98.0,130.0
"[251.0, 637.0]",48.0,22.0,62.0,50.0,82.0,160.0,154.0,128.0
"[251.0, 638.0]",66.0,30.0,70.0,58.0,122.0,106.0,104.0,136.0
"[251.0, 639.0]",43.0,31.0,115.0,62.0,106.0,133.0,116.0,138.0
"[251.0, 639.0]",43.0,31.0,115.0,62.0,106.0,133.0,116.0,138.0
"[251.0, 641.0]",66.0,24.0,66.0,100.0,119.0,94.0,120.0,115.0
"[251.0, 642.0]",59.0,50.0,70.0,66.0,84.0,139.0,133.0,116.0
"[251.0, 643.0]",63.0,31.0,77.0,63.0,78.0,107.0,95.0,111.0
"[251.0, 643.0]",63.0,31.0,77.0,63.0,78.0,107.0,95.0,111.0
"[251.0, 645.0]",49.0,28.0,58.0,93.0,103.0,107.0,145.0,90.0
"[251.0, 646.0]",57.0,28.0,121.0,108.0,86.0,92.0,120.0,128.0
"[251.0, 647.0]",86.0,43.0,48.0,68.0,67.0,80.0,116.0,104.0
"[251.0, 648.0]",56.0,40.0,57.0,44.0,133.0,62.0,103.0,84.0
"[251.0, 649.0]",69.0,48.0,59.0,84.0,69.0,72.0,103.0,107.0
"[251.0, 650.0]",56.0,35.0,77.0,94.0,49.0,117.0,87.0,85.0
"[252.0, 651.0]",73.0,41.0,72.0,78.0,82.0,64.0,69.0,68.0
"[252.0, 652.0]",76.0,52.0,57.0,62.0,82.0,106.0,54.0,45.0
"[252.0, 653.0]",79.0,59.0,83.0,69.0,98.0,58.0,59.0,52.0
"[252.0, 654.0]",61.0,40.0,49.0,39.0,72.0,70.0,80.0,88.0
"[252.0, 655.0]",96.0,54.0,73.0,69.0,64.0,85.0,90.0,77.0
"[252.0, 656.0]",60.0,56.0,72.0,59.0,147.0,73.0,50.0,79.0
"[252.0, 657.0]",48.0,55.0,75.0,84.0,116.0,85.0,94.0,72.0
"[252.0, 658.0]",85.0,55.0,97.0,80.0,91.0,75.0,106.0,101.0
"[252.0, 659.0]",83.0,76.0,109.0,129.0,84.0,61.0,61.0,75.0
"[252.0, 660.0]",97.0,54.0,108.0,74.0,139.0,119.0,60.0,84.0
"[252.0, 661.0]",81.0,41.0,85.0,112.0,113.0,91.0,59.0,84.0
"[252.0, 662.0]",85.0,42.0,110.0,123.0,120.0,108.0,59.0,101.0
"[252.0, 662.0]",85.0,42.0,110.0,123.0,120.0,108.0,59.0,101.0
"[252.0, 664.0]",61.0,45.0,55.0,78.0,78.0,91.0,69.0,116.0
"[252.0, 664.0]",61.0,45.0,55.0,78.0,78.0,91.0,69.0,116.0
"[252.0, 666.0]",48.0,44.0,89.0,62.0,74.0,101.0,68.0,99.0
"[252.0, 667.0]",84.0,37.0,70.0,61.0,67.0,65.0,117.0,114.0
"[252.0, 668.0]",90.0,37.0,92.0,64.0,91.0,100.0,110.0,79.0
"[252.0, 669.0]",62.0,59.0,84.0,69.0,61.0,92.0,121.0,97.0
"[252.0, 670.0]",58.0,37.0,81.0,50.0,93.0,61.0,108.0,107.0
"[252.0, 670.0]",58.0,37.0,81.0,50.0,93.0,61.0,108.0,107.0
"[252.0, 671.0]",69.0,27.0,63.0,73.0,79.0,63.0,125.0,109.0
"[252.0, 673.0]",73.0,25.0,73.0,39.0,96.0,50.0,89.0,56.0
"[252.0, 673.0]",73.0,25.0,73.0,39.0,96.0,50.0,89.0,56.0
"[252.0, 674.0]",53.0,21.0,85.0,54.0,42.0,91.0,84.0,58.0
"[253.0, 676.0]",57.0,31.0,46.0,69.0,62.0,69.0,64.0,61.0
"[253.0, 677.0]",42.0,25.0,59.0,45.0,58.0,106.0,86.0,74.0
"[253.0, 677.0]",42.0,25.0,59.0,45.0,58.0,106.0,86.0,74.0
"[253.0, 678.0]",82.0,22.0,54.0,32.0,38.0,74.0,80.0,56.0
"[253.0, 680.0]",48.0,19.0,47.0,44.0,44.0,33.0,64.0,49.0
"[253.0, 680.0]",48.0,19.0,47.0,44.0,44.0,33.0,64.0,49.0
"[253.0, 682.0]",28.0,16.0,28.0,41.0,68.0,30.0,46.0,43.0
"[253.0, 683.0]",20.0,9.0,11.0,38.0,21.0,29.0,55.0,60.0
"[253.0, 684.0]",30.0,14.0,21.0,27.0,19.0,21.0,32.0,48.0
"[253.0, 684.0]",30.0,14.0,21.0,27.0,19.0,21.0,32.0,48.0
"[253.0, 686.0]",23.0,24.0,17.0,39.0,24.0,21.0,43.0,41.0
"[253.0, 686.0]",23.0,24.0,17.0,39.0,24.0,21.0,43.0,41.0
"[253.0, 688.0]",24.0,24.0,21.0,47.0,26.0,26.0,52.0,46.0
"[253.0, 689.0]",26.0,24.0,21.0,21.0,28.0,30.0,59.0,49.0
"[253.0, 690.0]",17.0,20.0,48.0,23.0,27.0,30.0,45.0,39.0
"[253.0, 691.0]",21.0,24.0,15.0,31.0,40.0,36.0,75.0,46.0
"[253.0, 692.0]",35.0,19.0,28.0,25.0,22.0,17.0,57.0,41.0
"[253.0, 693.0]",29.0,28.0,36.0,30.0,51.0,36.0,60.0,52.0
"[253.0, 693.0]",29.0,28.0,36.0,30.0,51.0,36.0,60.0,52.0
"[253.0, 695.0]",19.0,25.0,21.0,28.0,21.0,21.0,40.0,56.0
"[253.0, 695.0]",19.0,25.0,21.0,28.0,21.0,21.0,40.0,56.0
"[253.0, 697.0]",54.0,15.0,35.0,40.0,31.0,35.0,63.0,115.0
"[253.0, 698.0]",23.0,15.0,53.0,34.0,34.0,40.0,70.0,101.0
"[253.0, 699.0]",18.0,19.0,81.0,27.0,31.0,23.0,92.0,116.0
"[253.0, 700.0]",18.0,27.0,63.0,27.0,21.0,25.0,77.0,122.0
"[253.0, 701.0]",20.0,17.0,67.0,23.0,31.0,19.0,65.0,112.0
"[254.0, 701.0]",30.0,46.0,80.0,38.0,22.0,32.0,71.0,174.0
"[254.0, 703.0]",22.0,37.0,52.0,23.0,18.0,27.0,33.0,88.0
"[254.0, 704.0]",23.0,36.0,49.0,41.0,12.0,30.0,28.0,64.0
"[254.0, 705.0]",22.0,23.0,29.0,11.0,16.0,20.0,17.0,88.0
"[254.0, 706.0]",22.0,18.0,30.0,41.0,12.0,17.0,40.0,49.0
"[254.0, 707.0]",31.0,23.0,19.0,21.0,20.0,21.0,18.0,28.0
"[254.0, 707.0]",31.0,23.0,19.0,21.0,20.0,21.0,18.0,28.0
"[254.0, 709.0]",18.0,23.0,22.0,20.0,23.0,20.0,30.0,25.0
"[254.0, 710.0]",24.0,20.0,11.0,30.0,32.0,25.0,18.0,27.0
"[254.0, 711.0]",15.0,18.0,21.0,24.0,21.0,14.0,44.0,28.0
"[254.0, 711.0]",15.0,18.0,21.0,24.0,21.0,14.0,44.0,28.0
"[254.0, 713.0]",21.0,20.0,18.0,19.0,20.0,26.0,15.0,24.0
"[254.0, 714.0]",20.0,22.0,19.0,16.0,34.0,9.0,30.0,20.0
"[254.0, 715.0]",20.0,25.0,11.0,38.0,35.0,24.0,35.0,30.0
"[254.0, 716.0]",13.0,16.0,23.0,29.0,20.0,24.0,63.0,46.0
"[254.0, 717.0]",19.0,11.0,24.0,38.0,30.0,23.0,43.0,32.0
"[254.0, 717.0]",19.0,11.0,24.0,38.0,30.0,23.0,43.0,32.0
"[254.0, 719.0]",22.0,15.0,15.0,18.0,35.0,31.0,45.0,64.0
"[254.0, 720.0]",26.0,29.0,29.0,27.0,27.0,29.0,42.0,39.0
"[254.0, 720.0]",26.0,29.0,29.0,27.0,27.0,29.0,42.0,39.0
"[254.0, 722.0]",14.0,24.0,38.0,29.0,25.0,46.0,56.0,98.0
"[254.0, 723.0]",24.0,30.0,44.0,29.0,40.0,62.0,86.0,113.0
"[254.0, 723.0]",24.0,30.0,44.0,29.0,40.0,62.0,86.0,113.0
"[254.0, 725.0]",36.0,52.0,35.0,29.0,58.0,74.0,92.0,91.0
"[254.0, 726.0]",39.0,32.0,54.0,54.0,49.0,135.0,125.0,145.0
"[254.0, 726.0]",39.0,32.0,54.0,54.0,49.0,135.0,125.0,145.0
"[254.0, 728.0]",59.0,40.0,48.0,54.0,91.0,150.0,126.0,157.0
"[254.0, 729.0]",64.0,43.0,50.0,52.0,113.0,116.0,164.0,175.0
"[254.0, 730.0]",66.0,53.0,69.0,65.0,138.0,136.0,183.0,153.0
"[254.0, 731.0]",102.0,59.0,86.0,80.0,117.0,166.0,189.0,187.0
"[254.0, 732.0]",77.0,64.0,79.0,87.0,119.0,178.0,195.0,204.0
"[254.0, 732.0]",77.0,64.0,79.0,87.0,119.0,178.0,195.0,204.0
"[254.0, 734.0]",95.0,77.0,113.0,119.0,178.0,189.0,180.0,143.0
"[254.0, 734.0]",95.0,77.0,113.0,119.0,178.0,189.0,180.0,143.0
"[254.0, 735.0]",149.0,81.0,100.0,121.0,186.0,182.0,175.0,186.0
"[254.0, 737.0]",127.0,138.0,137.0,135.0,169.0,189.0,154.0,175.0
"[254.0, 738.0]",111.0,111.0,127.0,148.0,170.0,199.0,176.0,179.0
"[254.0, 738.0]",111.0,111.0,127.0,148.0,170.0,199.0,176.0,179.0
"[254.0, 740.0]",140.0,121.0,124.0,192.0,178.0,195.0,216.0,206.0
"[254.0, 741.0]",147.0,110.0,153.0,158.0,237.0,230.0,195.0,207.0
"[254.0, 741.0]",147.0,110.0,153.0,158.0,237.0,230.0,195.0,207.0
"[254.0, 742.0]",155.0,158.0,166.0,161.0,174.0,206.0,167.0,152.0
"[254.0, 743.0]",224.0,157.0,181.0,218.0,187.0,170.0,147.0,144.0
"[254.0, 744.0]",188.0,189.0,193.0,198.0,166.0,207.0,138.0,191.0
"[254.0, 745.0]",183.0,191.0,238.0,180.0,183.0,165.0,113.0,134.0
"[254.0, 747.0]",165.0,185.0,189.0,173.0,137.0,96.0,137.0,86.0
"[254.0, 748.0]",144.0,203.0,179.0,124.0,122.0,142.0,168.0,100.0
"[254.0, 749.0]",132.0,203.0,141.0,113.0,111.0,84.0,85.0,69.0
"[254.0, 750.0]",132.0,173.0,124.0,130.0,85.0,122.0,87.0,91.0
"[253.0, 751.0]",116.0,113.0,118.0,70.0,98.0,106.0,128.0,111.0
"[253.0, 752.0]",116.0,163.0,98.0,73.0,100.0,95.0,95.0,119.0
"[253.0, 753.0]",126.0,145.0,147.0,112.0,87.0,82.0,113.0,124.0
"[253.0, 754.0]",104.0,181.0,137.0,73.0,111.0,135.0,158.0,118.0
"[253.0, 755.0]",126.0,133.0,123.0,102.0,127.0,103.0,146.0,134.0
"[253.0, 756.0]",185.0,174.0,130.0,83.0,130.0,105.0,127.0,102.0
"[253.0, 757.0]",111.0,181.0,157.0,112.0,126.0,111.0,130.0,164.0
"[253.0, 758.0]",196.0,184.0,144.0,114.0,195.0,122.0,132.0,169.0
"[253.0, 759.0]",149.0,180.0,210.0,162.0,155.0,184.0,180.0,178.0
"[253.0, 759.0]",149.0,180.0,210.0,162.0,155.0,184.0,180.0,178.0
"[253.0, 760.0]",184.0,176.0,185.0,199.0,188.0,174.0,203.0,182.0
"[253.0, 762.0]",180.0,215.0,197.0,200.0,255.0,225.0,199.0,229.0
"[253.0, 762.0]",180.0,215.0,197.0,200.0,255.0,225.0,199.0,229.0
"[253.0, 764.0]",180.0,241.0,209.0,240.0,194.0,235.0,196.0,208.0
"[253.0, 765.0]",242.0,211.0,217.0,228.0,230.0,226.0,224.0,196.0
"[253.0, 766.0]",251.0,217.0,233.0,212.0,181.0,238.0,244.0,187.0
"[253.0, 766.0]",251.0,217.0,233.0,212.0,181.0,238.0,244.0,187.0
"[253.0, 768.0]",234.0,203.0,217.0,192.0,155.0,155.0,201.0,193.0
"[253.0, 769.0]",223.0,202.0,195.0,215.0,145.0,198.0,231.0,213.0
"[253.0, 769.0]",223.0,202.0,195.0,215.0,145.0,198.0,231.0,213.0
"[253.0, 771.0]",140.0,125.0,152.0,138.0,144.0,161.0,202.0,136.0
"[253.0, 772.0]",131.0,151.0,108.0,121.0,144.0,158.0,164.0,146.0
"[253.0, 773.0]",106.0,80.0,62.0,115.0,96.0,147.0,172.0,118.0
"[253.0, 774.0]",133.0,98.0,54.0,126.0,116.0,171.0,139.0,142.0
"[253.0, 775.0]",103.0,81.0,80.0,83.0,108.0,148.0,143.0,153.0
"[253.0, 775.0]",103.0,81.0,80.0,83.0,108.0,148.0,143.0,153.0
"[253.0, 777.0]",131.0,76.0,49.0,94.0,170.0,159.0,181.0,179.0
"[252.0, 778.0]",59.0,46.0,54.0,40.0,95.0,109.0,83.0,148.0
"[252.0, 779.0]",52.0,76.0,38.0,46.0,99.0,84.0,126.0,144.0
"[252.0, 780.0]",78.0,62.0,36.0,47.0,88.0,145.0,121.0,130.0
"[252.0, 781.0]",62.0,54.0,60.0,42.0,121.0,137.0,125.0,149.0
"[252.0, 782.0]",57.0,49.0,43.0,37.0,96.0,174.0,153.0,144.0
"[252.0, 783.0]",43.0,30.0,51.0,40.0,74.0,159.0,99.0,132.0
"[252.0, 783.0]",43.0,30.0,51.0,40.0,74.0,159.0,99.0,132.0
"[252.0, 784.0]",31.0,44.0,67.0,97.0,98.0,151.0,138.0,156.0
"[252.0, 786.0]",70.0,87.0,100.0,83.0,97.0,168.0,106.0,183.0
"[252.0, 786.0]",70.0,87.0,100.0,83.0,97.0,168.0,106.0,183.0
"[252.0, 788.0]",79.0,86.0,132.0,62.0,135.0,116.0,114.0,145.0
"[252.0, 789.0]",107.0,72.0,98.0,82.0,133.0,138.0,131.0,124.0
"[252.0, 790.0]",79.0,50.0,91.0,61.0,104.0,137.0,144.0,220.0
"[252.0, 790.0]",79.0,50.0,91.0,61.0,104.0,137.0,144.0,220.0
"[252.0, 792.0]",80.0,60.0,112.0,57.0,110.0,201.0,217.0,226.0
"[252.0, 792.0]",80.0,60.0,112.0,57.0,110.0,201.0,217.0,226.0
"[251.0, 794.0]",84.0,37.0,43.0,58.0,70.0,135.0,147.0,235.0
"[251.0, 795.0]",65.0,36.0,29.0,51.0,99.0,123.0,180.0,233.0
"[251.0, 795.0]",65.0,36.0,29.0,51.0,99.0,123.0,180.0,233.0
"[251.0, 796.0]",77.0,39.0,44.0,61.0,83.0,145.0,207.0,229.0
"[251.0, 797.0]",41.0,39.0,46.0,90.0,121.0,136.0,163.0,236.0
"[251.0, 799.0]",92.0,40.0,59.0,76.0,95.0,111.0,137.0,182.0
"[251.0, 799.0]",92.0,40.0,59.0,76.0,95.0,111.0,137.0,182.0
"[250.0, 801.0]",31.0,36.0,38.0,30.0,60.0,81.0,75.0,79.0
"[250.0, 802.0]",29.0,29.0,29.0,68.0,75.0,69.0,77.0,98.0
"[250.0, 803.0]",50.0,25.0,33.0,67.0,65.0,51.0,95.0,120.0
"[250.0, 804.0]",41.0,21.0,41.0,45.0,115.0,76.0,67.0,73.0
"[250.0, 805.0]",57.0,38.0,30.0,47.0,44.0,77.0,56.0,101.0
"[250.0, 806.0]",42.0,34.0,32.0,40.0,78.0,69.0,46.0,55.0
"[249.0, 807.0]",28.0,28.0,25.0,73.0,44.0,40.0,37.0,73.0
"[249.0, 808.0]",23.0,22.0,33.0,41.0,48.0,47.0,56.0,71.0
"[249.0, 809.0]",23.0,41.0,32.0,30.0,28.0,55.0,37.0,69.0
"[249.0, 809.0]",23.0,41.0,32.0,30.0,28.0,55.0,37.0,69.0
"[248.0, 811.0]",26.0,19.0,25.0,25.0,53.0,52.0,27.0,33.0
"[248.0, 812.0]",19.0,38.0,18.0,15.0,35.0,50.0,31.0,39.0
"[248.0, 813.0]",25.0,24.0,19.0,35.0,23.0,47.0,45.0,49.0
"[248.0, 814.0]",32.0,19.0,21.0,17.0,31.0,56.0,35.0,46.0
"[248.0, 814.0]",32.0,19.0,21.0,17.0,31.0,56.0,35.0,46.0
"[247.0, 816.0]",24.0,21.0,29.0,26.0,22.0,25.0,32.0,25.0
"[247.0, 817.0]",24.0,17.0,46.0,39.0,27.0,28.0,30.0,46.0
"[247.0, 818.0]",20.0,19.0,25.0,25.0,34.0,36.0,32.0,40.0
"[247.0, 818.0]",20.0,19.0,25.0,25.0,34.0,36.0,32.0,40.0
"[246.0, 820.0]",20.0,18.0,20.0,23.0,45.0,47.0,17.0,54.0
"[246.0, 820.0]",20.0,18.0,20.0,23.0,45.0,47.0,17.0,54.0
"[246.0, 822.0]",20.0,16.0,34.0,33.0,37.0,45.0,49.0,62.0
"[246.0, 823.0]",33.0,25.0,23.0,35.0,36.0,68.0,42.0,91.0
"[245.0, 824.0]",35.0,32.0,25.0,36.0,51.0,78.0,54.0,62.0
"[245.0, 825.0]",31.0,45.0,30.0,42.0,43.0,89.0,89.0,106.0
"[245.0, 826.0]",36.0,31.0,32.0,48.0,46.0,107.0,82.0,83.0
"[245.0, 827.0]",32.0,46.0,86.0,98.0,66.0,121.0,107.0,108.0
"[244.0, 827.0]",48.0,47.0,62.0,51.0,58.0,92.0,121.0,139.0
"[244.0, 829.0]",63.0,57.0,65.0,65.0,83.0,129.0,111.0,159.0
"[244.0, 830.0]",41.0,71.0,121.0,85.0,81.0,122.0,117.0,137.0
"[243.0, 831.0]",43.0,69.0,69.0,93.0,119.0,133.0,120.0,120.0
"[243.0, 832.0]",99.0,59.0,97.0,125.0,125.0,97.0,145.0,167.0
"[243.0, 833.0]",80.0,88.0,117.0,127.0,152.0,138.0,144.0,167.0
"[242.0, 833.0]",61.0,80.0,97.0,89.0,112.0,143.0,122.0,168.0
"[242.0, 835.0]",89.0,89.0,113.0,151.0,124.0,145.0,110.0,169.0
"[242.0, 836.0]",110.0,126.0,120.0,137.0,143.0,144.0,163.0,189.0
"[241.0, 836.0]",102.0,115.0,121.0,130.0,118.0,146.0,141.0,231.0
"[241.0, 838.0]",133.0,139.0,130.0,192.0,156.0,205.0,200.0,175.0
"[241.0, 839.0]",110.0,173.0,168.0,157.0,223.0,187.0,127.0,169.0
"[240.0, 840.0]",154.0,213.0,123.0,177.0,169.0,188.0,167.0,204.0
"[240.0, 841.0]",120.0,149.0,123.0,141.0,146.0,177.0,166.0,170.0
"[240.0, 842.0]",119.0,180.0,144.0,117.0,125.0,161.0,138.0,186.0
"[239.0, 843.0]",103.0,138.0,105.0,150.0,120.0,190.0,210.0,202.0
"[239.0, 844.0]",117.0,191.0,127.0,149.0,135.0,171.0,207.0,183.0
"[238.0, 845.0]",187.0,140.0,119.0,193.0,144.0,208.0,247.0,230.0
"[238.0, 846.0]",154.0,131.0,187.0,202.0,170.0,205.0,232.0,212.0
"[238.0, 847.0]",158.0,157.0,161.0,174.0,216.0,166.0,224.0,226.0
"[237.0, 847.0]",149.0,127.0,195.0,151.0,183.0,185.0,236.0,230.0
"[237.0, 848.0]",164.0,173.0,150.0,104.0,144.0,183.0,222.0,173.0
"[237.0, 849.0]",198.0,114.0,129.0,168.0,174.0,197.0,229.0,142.0
"[236.0, 851.0]",143.0,96.0,110.0,79.0,98.0,121.0,132.0,94.0
"[236.0, 852.0]",142.0,107.0,89.0,61.0,127.0,98.0,112.0,72.0
"[236.0, 853.0]",132.0,76.0,80.0,61.0,80.0,91.0,107.0,98.0
"[235.0, 854.0]",110.0,64.0,55.0,46.0,58.0,68.0,46.0,84.0
"[235.0, 854.0]",110.0,64.0,55.0,46.0,58.0,68.0,46.0,84.0
"[234.0, 856.0]",60.0,38.0,37.0,25.0,34.0,53.0,56.0,53.0
"[234.0, 857.0]",87.0,52.0,33.0,28.0,53.0,62.0,31.0,34.0
"[234.0, 857.0]",87.0,52.0,33.0,28.0,53.0,62.0,31.0,34.0
"[233.0, 859.0]",74.0,36.0,52.0,29.0,44.0,42.0,47.0,34.0
"[233.0, 860.0]",60.0,35.0,32.0,25.0,36.0,25.0,54.0,44.0
"[233.0, 861.0]",60.0,41.0,49.0,31.0,40.0,42.0,32.0,47.0
"[232.0, 862.0]",46.0,19.0,25.0,19.0,24.0,32.0,44.0,49.0
"[232.0, 863.0]",54.0,24.0,27.0,39.0,27.0,30.0,44.0,33.0
"[232.0, 864.0]",63.0,33.0,29.0,20.0,39.0,32.0,52.0,61.0
"[231.0, 864.0]",52.0,28.0,33.0,18.0,44.0,18.0,29.0,33.0
"[231.0, 866.0]",60.0,23.0,38.0,15.0,28.0,18.0,28.0,35.0
"[231.0, 867.0]",52.0,32.0,35.0,23.0,34.0,14.0,53.0,42.0
"[230.0, 867.0]",56.0,19.0,25.0,20.0,26.0,24.0,58.0,50.0
"[230.0, 869.0]",71.0,23.0,46.0,27.0,33.0,38.0,55.0,26.0
"[230.0, 870.0]",45.0,23.0,24.0,28.0,30.0,35.0,55.0,32.0
"[229.0, 870.0]",35.0,20.0,21.0,31.0,19.0,39.0,28.0,28.0
"[229.0, 872.0]",50.0,34.0,24.0,29.0,42.0,47.0,34.0,64.0
"[229.0, 873.0]",54.0,22.0,32.0,28.0,34.0,40.0,58.0,40.0
"[228.0, 873.0]",39.0,20.0,21.0,21.0,42.0,28.0,26.0,44.0
"[228.0, 875.0]",67.0,16.0,44.0,17.0,19.0,70.0,35.0,50.0
"[228.0, 875.0]",67.0,16.0,44.0,17.0,19.0,70.0,35.0,50.0
"[227.0, 876.0]",48.0,18.0,17.0,30.0,26.0,28.0,28.0,28.0
"[227.0, 878.0]",67.0,24.0,37.0,20.0,34.0,31.0,46.0,49.0
"[227.0, 879.0]",45.0,26.0,38.0,39.0,34.0,72.0,63.0,53.0
"[226.0, 879.0]",55.0,14.0,33.0,13.0,18.0,31.0,42.0,53.0
"[226.0, 881.0]",62.0,33.0,31.0,35.0,22.0,57.0,41.0,38.0
"[226.0, 881.0]",62.0,33.0,31.0,35.0,22.0,57.0,41.0,38.0
"[226.0, 882.0]",54.0,29.0,39.0,33.0,24.0,48.0,44.0,66.0
"[225.0, 884.0]",75.0,21.0,42.0,29.0,32.0,41.0,63.0,27.0
"[225.0, 885.0]",88.0,23.0,55.0,43.0,34.0,47.0,45.0,50.0
"[225.0, 885.0]",88.0,23.0,55.0,43.0,34.0,47.0,45.0,50.0
"[224.0, 887.0]",33.0,34.0,34.0,29.0,28.0,64.0,29.0,40.0
"[224.0, 888.0]",40.0,28.0,32.0,69.0,54.0,38.0,62.0,65.0
"[224.0, 888.0]",40.0,28.0,32.0,69.0,54.0,38.0,62.0,65.0
"[224.0, 890.0]",61.0,38.0,91.0,33.0,63.0,81.0,83.0,128.0
"[223.0, 891.0]",63.0,62.0,72.0,69.0,46.0,73.0,67.0,69.0
"[223.0, 891.0]",63.0,62.0,72.0,69.0,46.0,73.0,67.0,69.0
"[223.0, 893.0]",49.0,36.0,63.0,96.0,94.0,115.0,97.0,142.0
"[223.0, 894.0]",86.0,33.0,93.0,118.0,84.0,166.0,155.0,193.0
"[222.0, 894.0]",67.0,53.0,34.0,75.0,77.0,122.0,144.0,129.0
"[222.0, 896.0]",103.0,77.0,77.0,80.0,129.0,189.0,162.0,173.0
"[222.0, 896.0]",103.0,77.0,77.0,80.0,129.0,189.0,162.0,173.0
"[222.0, 898.0]",87.0,84.0,107.0,151.0,144.0,166.0,130.0,171.0
"[221.0, 898.0]",95.0,86.0,117.0,93.0,130.0,147.0,139.0,158.0
"[221.0, 900.0]",90.0,66.0,130.0,128.0,118.0,189.0,190.0,163.0
"[221.0, 901.0]",91.0,116.0,138.0,170.0,149.0,124.0,163.0,107.0
"[220.0, 902.0]",113.0,148.0,107.0,128.0,111.0,153.0,139.0,154.0
"[220.0, 903.0]",97.0,123.0,108.0,104.0,134.0,103.0,117.0,156.0
"[220.0, 903.0]",97.0,123.0,108.0,104.0,134.0,103.0,117.0,156.0
"[220.0, 905.0]",123.0,119.0,164.0,103.0,115.0,146.0,134.0,123.0
"[219.0, 905.0]",97.0,79.0,80.0,111.0,110.0,88.0,141.0,96.0
"[219.0, 907.0]",84.0,161.0,93.0,111.0,147.0,98.0,127.0,123.0
"[219.0, 908.0]",117.0,110.0,89.0,60.0,105.0,104.0,108.0,115.0
"[219.0, 909.0]",87.0,111.0,117.0,129.0,106.0,129.0,133.0,103.0
"[218.0, 909.0]",120.0,84.0,86.0,88.0,110.0,95.0,73.0,106.0
"[218.0, 911.0]",93.0,82.0,106.0,85.0,65.0,99.0,81.0,75.0
"[218.0, 912.0]",89.0,159.0,83.0,98.0,81.0,63.0,65.0,82.0
"[218.0, 912.0]",89.0,159.0,83.0,98.0,81.0,63.0,65.0,82.0
"[217.0, 914.0]",99.0,66.0,81.0,60.0,56.0,41.0,22.0,49.0
"[217.0, 915.0]",90.0,48.0,43.0,45.0,70.0,24.0,21.0,39.0
"[217.0, 916.0]",65.0,34.0,28.0,52.0,36.0,26.0,55.0,32.0
"[217.0, 917.0]",66.0,47.0,34.0,21.0,21.0,23.0,21.0,36.0
"[216.0, 918.0]",41.0,25.0,23.0,24.0,18.0,23.0,28.0,27.0
"[216.0, 918.0]",41.0,25.0,23.0,24.0,18.0,23.0,28.0,27.0
"[216.0, 919.0]",36.0,30.0,16.0,23.0,20.0,33.0,18.0,28.0
"[216.0, 921.0]",61.0,33.0,18.0,21.0,27.0,29.0,19.0,51.0
"[216.0, 922.0]",43.0,32.0,28.0,30.0,27.0,38.0,24.0,36.0
"[215.0, 923.0]",39.0,21.0,17.0,12.0,21.0,25.0,25.0,30.0
"[215.0, 924.0]",42.0,19.0,21.0,19.0,18.0,26.0,26.0,59.0
"[215.0, 924.0]",42.0,19.0,21.0,19.0,18.0,26.0,26.0,59.0
"[215.0, 925.0]",65.0,24.0,22.0,19.0,40.0,32.0,53.0,53.0
"[214.0, 927.0]",44.0,20.0,20.0,31.0,31.0,45.0,38.0,39.0
"[214.0, 927.0]",44.0,20.0,20.0,31.0,31.0,45.0,38.0,39.0
"[214.0, 928.0]",41.0,52.0,38.0,26.0,38.0,48.0,52.0,74.0
"[214.0, 929.0]",100.0,32.0,25.0,31.0,41.0,92.0,37.0,83.0
"[214.0, 930.0]",81.0,41.0,38.0,57.0,56.0,126.0,57.0,93.0
"[213.0, 931.0]",66.0,22.0,20.0,45.0,41.0,73.0,93.0,162.0
"[213.0, 932.0]",39.0,29.0,45.0,28.0,58.0,136.0,104.0,202.0
"[213.0, 933.0]",102.0,43.0,38.0,40.0,66.0,119.0,157.0,190.0
"[213.0, 934.0]",103.0,50.0,68.0,51.0,133.0,149.0,178.0,251.0
"[213.0, 935.0]",124.0,74.0,100.0,71.0,183.0,196.0,239.0,219.0
"[212.0, 936.0]",117.0,50.0,49.0,87.0,154.0,190.0,165.0,231.0
"[212.0, 937.0]",110.0,87.0,59.0,89.0,184.0,221.0,237.0,234.0
"[212.0, 938.0]",150.0,93.0,93.0,124.0,249.0,248.0,228.0,244.0
"[212.0, 939.0]",163.0,97.0,66.0,161.0,231.0,193.0,244.0,255.0
"[212.0, 940.0]",188.0,106.0,139.0,129.0,252.0,255.0,255.0,234.0
"[211.0, 941.0]",147.0,98.0,106.0,97.0,199.0,243.0,250.0,252.0
"[211.0, 942.0]",142.0,87.0,128.0,179.0,243.0,255.0,208.0,251.0
"[211.0, 943.0]",153.0,97.0,142.0,183.0,249.0,237.0,215.0,254.0
"[211.0, 944.0]",209.0,143.0,115.0,129.0,230.0,255.0,177.0,255.0
"[211.0, 945.0]",151.0,102.0,165.0,214.0,250.0,235.0,211.0,255.0
"[210.0, 946.0]",133.0,116.0,137.0,188.0,248.0,193.0,160.0,248.0
"[210.0, 947.0]",107.0,91.0,121.0,183.0,243.0,213.0,154.0,255.0
"[210.0, 948.0]",119.0,119.0,134.0,209.0,220.0,226.0,186.0,255.0
"[210.0, 949.0]",143.0,112.0,120.0,200.0,229.0,156.0,215.0,241.0
"[210.0, 950.0]",180.0,137.0,145.0,210.0,252.0,197.0,198.0,207.0
"[210.0, 951.0]",144.0,91.0,171.0,183.0,201.0,215.0,227.0,245.0
"[209.0, 952.0]",135.0,124.0,127.0,169.0,193.0,187.0,238.0,146.0
"[209.0, 953.0]",183.0,78.0,162.0,177.0,219.0,202.0,212.0,192.0
"[209.0, 954.0]",162.0,143.0,194.0,176.0,229.0,180.0,186.0,111.0
"[209.0, 955.0]",170.0,107.0,165.0,177.0,187.0,171.0,144.0,105.0
"[209.0, 956.0]",157.0,141.0,149.0,135.0,152.0,129.0,118.0,81.0
"[209.0, 957.0]",125.0,129.0,102.0,105.0,115.0,131.0,143.0,122.0
"[208.0, 957.0]",134.0,89.0,146.0,131.0,136.0,114.0,107.0,94.0
"[208.0, 958.0]",147.0,118.0,163.0,155.0,112.0,79.0,134.0,65.0
"[208.0, 959.0]",112.0,74.0,76.0,134.0,110.0,111.0,117.0,98.0
"[208.0, 960.0]",95.0,85.0,69.0,191.0,101.0,70.0,140.0,117.0
"[208.0, 961.0]",88.0,64.0,67.0,81.0,101.0,140.0,95.0,147.0
"[208.0, 961.0]",88.0,64.0,67.0,81.0,101.0,140.0,95.0,147.0
"[208.0, 962.0]",78.0,108.0,79.0,104.0,121.0,146.0,101.0,142.0
"[207.0, 962.0]",100.0,52.0,81.0,91.0,93.0,108.0,121.0,122.0
"[207.0, 963.0]",99.0,49.0,69.0,93.0,112.0,92.0,124.0,133.0
"[207.0, 964.0]",59.0,83.0,71.0,92.0,113.0,93.0,124.0,87.0
