[
    {
        "type": 0,
        "location": [
            173,
            234
        ],
        "bgloc": [
            166,
            207
        ],
        "mean": [
            [
                42.94423791821561,
                42.20074349442379,
                47.100371747211895,
                143.80669144981414,
                106.10780669144981,
                73.89219330855019,
                79.2081784386617,
                81.1003717472119
            ]
        ],
        "min": [
            [
                6,
                7,
                7,
                16,
                11,
                8,
                9,
                10
            ]
        ],
        "max": [
            [
                138,
                128,
                151,
                255,
                255,
                198,
                246,
                251
            ]
        ],
        "RawIntDen": [
            [
                11552,
                11352,
                12670,
                38684,
                28543,
                19877,
                21307,
                21816
            ]
        ],
        "IntDen": [
            [
                13536.217728000001,
                13301.864928,
                14846.249880000001,
                45328.518576,
                33445.659852000004,
                23291.153028000004,
                24966.775548,
                25563.203424000003
            ]
        ],
        "local_bg": [
            [
                6.382899628252788,
                6.25278810408922,
                6.096654275092937,
                7.431226765799257,
                6.95910780669145,
                6.951672862453532,
                6.762081784386617,
                7.111524163568773
            ]
        ],
        "area": [
            1.171764
        ],
        "distance": 5.278805659065739,
        "points": [
            [
                173.0,
                242.6
            ],
            [
                164.0,
                243.0
            ],
            [
                163.6,
                234.0
            ],
            [
                164.6,
                225.6
            ],
            [
                173.0,
                224.6
            ],
            [
                179.2,
                227.8
            ],
            [
                181.8,
                234.0
            ],
            [
                179.0,
                240.0
            ]
        ],
        "shift": null,
        "channel": 0,
        "closest_Dend": 0
    }
]