[
    {
        "type": 0,
        "location": [
            174,
            263
        ],
        "bgloc": [
            174,
            279
        ],
        "mean": [
            [
                60.43382352941177,
                70.70588235294117,
                73.70588235294117,
                59.919117647058826,
                60.80882352941177,
                66.99264705882354,
                83.3529411764706,
                74.25
            ]
        ],
        "min": [
            [
                7,
                8,
                8,
                7,
                5,
                8,
                7,
                12
            ]
        ],
        "max": [
            [
                194,
                184,
                186,
                209,
                207,
                170,
                221,
                181
            ]
        ],
        "RawIntDen": [
            [
                8219,
                9616,
                10024,
                8149,
                8270,
                9111,
                11336,
                10098
            ]
        ],
        "IntDen": [
            [
                4869.067104000001,
                5696.672256000001,
                5938.377984000001,
                4827.597984000001,
                4899.280320000001,
                5397.502176000001,
                6715.627776000001,
                5982.216768
            ]
        ],
        "local_bg": [
            [
                8.029411764705882,
                7.8161764705882355,
                8.051470588235293,
                7.595588235294118,
                7.992647058823529,
                7.845588235294118,
                8.904411764705882,
                8.058823529411764
            ]
        ],
        "area": [
            0.592416
        ],
        "distance": 0.462,
        "points": [
            [
                174.0,
                270.8
            ],
            [
                169.8,
                267.2
            ],
            [
                168.0,
                263.0
            ],
            [
                168.2,
                257.2
            ],
            [
                174.0,
                257.2
            ],
            [
                179.8,
                257.2
            ],
            [
                180.4,
                263.0
            ],
            [
                179.8,
                268.8
            ]
        ],
        "shift": null,
        "channel": 0,
        "closest_Dend": 0
    },
    {
        "type": 0,
        "location": [
            184,
            241
        ],
        "bgloc": [
            184,
            213
        ],
        "mean": [
            [
                30.84931506849315,
                29.977168949771688,
                41.05936073059361,
                25.45205479452055,
                24.45662100456621,
                25.4337899543379,
                26.4337899543379,
                30.639269406392692
            ]
        ],
        "min": [
            [
                5,
                6,
                6,
                5,
                5,
                4,
                4,
                6
            ]
        ],
        "max": [
            [
                89,
                100,
                119,
                77,
                72,
                85,
                77,
                86
            ]
        ],
        "RawIntDen": [
            [
                6756,
                6565,
                8992,
                5574,
                5356,
                5570,
                5789,
                6710
            ]
        ],
        "IntDen": [
            [
                6444.980784,
                6262.773660000001,
                8578.044288000001,
                5317.3953360000005,
                5109.431184000001,
                5313.57948,
                5522.497596000001,
                6401.098440000001
            ]
        ],
        "local_bg": [
            [
                4.71689497716895,
                4.794520547945205,
                4.794520547945205,
                4.808219178082192,
                5.013698630136986,
                4.136986301369863,
                4.899543378995434,
                4.438356164383562
            ]
        ],
        "area": [
            0.9539640000000001
        ],
        "distance": 1.122,
        "points": [
            [
                184.0,
                249.6
            ],
            [
                176.4,
                248.6
            ],
            [
                177.2,
                241.0
            ],
            [
                178.6,
                235.6
            ],
            [
                184.0,
                232.4
            ],
            [
                190.8,
                234.2
            ],
            [
                193.4,
                241.0
            ],
            [
                190.0,
                247.0
            ]
        ],
        "shift": null,
        "channel": 0,
        "closest_Dend": 0
    },
    {
        "type": 0,
        "location": [
            202,
            266
        ],
        "bgloc": [
            202,
            288
        ],
        "mean": [
            [
                90.487922705314,
                84.40579710144928,
                80.42512077294685,
                70.27536231884058,
                76.5072463768116,
                69.91787439613526,
                76.81159420289855,
                65.32367149758454
            ]
        ],
        "min": [
            [
                11,
                11,
                10,
                12,
                9,
                10,
                12,
                9
            ]
        ],
        "max": [
            [
                186,
                210,
                194,
                208,
                192,
                181,
                173,
                157
            ]
        ],
        "RawIntDen": [
            [
                18731,
                17472,
                16648,
                14547,
                15837,
                14473,
                15900,
                13522
            ]
        ],
        "IntDen": [
            [
                16889.592852,
                15754.362624000001,
                15011.368416000001,
                13116.913524000001,
                14280.096204000001,
                13050.188316000002,
                14336.902800000002,
                12192.679224000001
            ]
        ],
        "local_bg": [
            [
                7.217391304347826,
                7.120772946859903,
                6.884057971014493,
                6.956521739130435,
                7.454106280193237,
                6.502415458937198,
                7.835748792270532,
                6.7729468599033815
            ]
        ],
        "area": [
            0.901692
        ],
        "distance": 2.31,
        "points": [
            [
                202.0,
                275.4
            ],
            [
                196.6,
                271.4
            ],
            [
                196.0,
                266.0
            ],
            [
                195.6,
                259.6
            ],
            [
                202.0,
                258.8
            ],
            [
                208.0,
                260.0
            ],
            [
                211.8,
                266.0
            ],
            [
                209.4,
                273.4
            ]
        ],
        "shift": null,
        "channel": 0,
        "closest_Dend": 0
    },
    {
        "type": 0,
        "location": [
            259,
            244
        ],
        "bgloc": [
            259,
            218
        ],
        "mean": [
            [
                51.424731182795696,
                49.38172043010753,
                51.623655913978496,
                45.25806451612903,
                50.086021505376344,
                42.73118279569893,
                43.715053763440864,
                50.39247311827957
            ]
        ],
        "min": [
            [
                10,
                9,
                7,
                6,
                10,
                6,
                6,
                8
            ]
        ],
        "max": [
            [
                137,
                110,
                115,
                105,
                116,
                112,
                113,
                130
            ]
        ],
        "RawIntDen": [
            [
                9565,
                9185,
                9602,
                8418,
                9316,
                7948,
                8131,
                9373
            ]
        ],
        "IntDen": [
            [
                7749.716040000001,
                7441.833960000001,
                7779.694032000001,
                6820.398288000001,
                7547.972256000001,
                6439.596768,
                6587.866296000001,
                7594.154568000001
            ]
        ],
        "local_bg": [
            [
                5.682795698924731,
                6.349462365591398,
                5.596774193548387,
                6.397849462365591,
                6.198924731182796,
                5.779569892473118,
                6.139784946236559,
                6.123655913978495
            ]
        ],
        "area": [
            0.810216
        ],
        "distance": 6.0911190873330945,
        "points": [
            [
                259.0,
                252.0
            ],
            [
                254.0,
                249.0
            ],
            [
                252.8,
                244.0
            ],
            [
                253.8,
                238.8
            ],
            [
                259.0,
                236.6
            ],
            [
                264.8,
                238.2
            ],
            [
                267.08296108798686,
                246.75120106428483
            ],
            [
                267.2,
                252.2
            ]
        ],
        "shift": null,
        "channel": 0,
        "closest_Dend": 0
    },
    {
        "type": 0,
        "location": [
            315,
            249
        ],
        "bgloc": [
            318,
            230
        ],
        "mean": [
            [
                49.0,
                60.67934782608695,
                62.58152173913044,
                57.28804347826087,
                58.53260869565217,
                53.25,
                62.58695652173913,
                73.46195652173913
            ]
        ],
        "min": [
            [
                7,
                8,
                10,
                8,
                7,
                4,
                8,
                9
            ]
        ],
        "max": [
            [
                151,
                149,
                168,
                144,
                149,
                148,
                139,
                204
            ]
        ],
        "RawIntDen": [
            [
                9016,
                11165,
                11515,
                10541,
                10770,
                9798,
                11516,
                13517
            ]
        ],
        "IntDen": [
            [
                7226.360064,
                8948.79216,
                9229.318560000002,
                8448.653664000001,
                8632.19808,
                7853.136192000001,
                9230.120064,
                10833.929568000001
            ]
        ],
        "local_bg": [
            [
                6.298913043478261,
                6.4021739130434785,
                5.9021739130434785,
                5.956521739130435,
                6.2771739130434785,
                4.836956521739131,
                6.1521739130434785,
                5.961956521739131
            ]
        ],
        "area": [
            0.8015040000000001
        ],
        "distance": 9.70255126941687,
        "points": [
            [
                315.0,
                255.0
            ],
            [
                309.4,
                254.6
            ],
            [
                306.0,
                249.0
            ],
            [
                309.4,
                243.4
            ],
            [
                315.0,
                242.8
            ],
            [
                323.2,
                240.8
            ],
            [
                324.0,
                249.0
            ],
            [
                320.4,
                254.4
            ]
        ],
        "shift": null,
        "channel": 0,
        "closest_Dend": 0
    },
    {
        "type": 0,
        "location": [
            371,
            239
        ],
        "bgloc": [
            364,
            204
        ],
        "mean": [
            [
                34.51243781094527,
                28.970149253731343,
                24.36318407960199,
                24.104477611940297,
                28.930348258706466,
                21.915422885572138,
                24.597014925373134,
                24.955223880597014
            ]
        ],
        "min": [
            [
                6,
                5,
                4,
                1,
                2,
                2,
                1,
                3
            ]
        ],
        "max": [
            [
                111,
                89,
                109,
                98,
                129,
                71,
                74,
                91
            ]
        ],
        "RawIntDen": [
            [
                6937,
                5823,
                4897,
                4845,
                5815,
                4405,
                4944,
                5016
            ]
        ],
        "IntDen": [
            [
                6073.7319720000005,
                5098.362588000001,
                4287.597732,
                4242.06882,
                5091.35814,
                3856.8241800000005,
                4328.748864,
                4391.788896000001
            ]
        ],
        "local_bg": [
            [
                3.54228855721393,
                3.616915422885572,
                2.736318407960199,
                2.8855721393034828,
                3.36318407960199,
                3.0398009950248754,
                3.8208955223880596,
                3.54228855721393
            ]
        ],
        "area": [
            0.8755560000000001
        ],
        "distance": 13.7847224188399,
        "points": [
            [
                371.0,
                249.4
            ],
            [
                362.8,
                247.2
            ],
            [
                363.8,
                239.0
            ],
            [
                365.0,
                233.0
            ],
            [
                371.0,
                232.0
            ],
            [
                376.8,
                233.2
            ],
            [
                377.4,
                239.0
            ],
            [
                376.6,
                244.6
            ]
        ],
        "shift": null,
        "channel": 0,
        "closest_Dend": 0
    },
    {
        "type": 0,
        "location": [
            412,
            234
        ],
        "bgloc": [
            402,
            219
        ],
        "mean": [
            [
                37.3646408839779,
                34.790055248618785,
                37.04419889502763,
                34.30386740331492,
                36.53591160220994,
                32.94475138121547,
                35.91160220994475,
                38.68508287292818
            ]
        ],
        "min": [
            [
                6,
                6,
                6,
                8,
                8,
                6,
                5,
                8
            ]
        ],
        "max": [
            [
                108,
                115,
                110,
                90,
                97,
                90,
                82,
                93
            ]
        ],
        "RawIntDen": [
            [
                6763,
                6297,
                6705,
                6209,
                6613,
                5963,
                6500,
                7002
            ]
        ],
        "IntDen": [
            [
                5332.192668000001,
                4964.781492000001,
                5286.463380000001,
                4895.3991240000005,
                5213.927268,
                4701.443868,
                5124.834000000001,
                5520.628872
            ]
        ],
        "local_bg": [
            [
                7.171270718232044,
                6.823204419889502,
                6.220994475138122,
                6.519337016574585,
                6.204419889502763,
                4.961325966850829,
                6.220994475138122,
                6.502762430939226
            ]
        ],
        "area": [
            0.7884360000000001
        ],
        "distance": 16.834066199731566,
        "points": [
            [
                412.0,
                240.0
            ],
            [
                406.2,
                239.8
            ],
            [
                404.0,
                234.0
            ],
            [
                405.8,
                227.8
            ],
            [
                412.0,
                225.0
            ],
            [
                418.6,
                227.4
            ],
            [
                421.0,
                234.0
            ],
            [
                415.8,
                237.8
            ]
        ],
        "shift": null,
        "channel": 0,
        "closest_Dend": 0
    }
]