[
    {
        "type": 0,
        "location": [
            300,
            342
        ],
        "bgloc": [
            310,
            56
        ],
        "mean": [
            [
                23.891666666666666,
                23.283333333333335,
                24.579166666666666,
                29.325,
                22.083333333333332,
                23.845833333333335,
                24.516666666666666,
                25.208333333333332
            ]
        ],
        "min": [
            [
                3,
                3,
                5,
                4,
                4,
                5,
                4,
                6
            ]
        ],
        "max": [
            [
                87,
                85,
                85,
                81,
                63,
                78,
                78,
                75
            ]
        ],
        "RawIntDen": [
            [
                5734,
                5588,
                5899,
                7038,
                5300,
                5723,
                5884,
                6050
            ]
        ],
        "IntDen": [
            [
                5994.552960000001,
                5841.918720000001,
                6167.050560000001,
                7357.8067200000005,
                5540.832,
                5983.0531200000005,
                6151.368960000001,
                6324.912000000001
            ]
        ],
        "local_bg": [
            [
                4.233333333333333,
                4.566666666666666,
                3.9916666666666667,
                4.216666666666667,
                4.504166666666666,
                4.233333333333333,
                3.9458333333333333,
                4.225
            ]
        ],
        "area": [
            1.0454400000000001
        ],
        "distance": 3.2977937170265266,
        "points": [
            [
                300.0,
                350.0
            ],
            [
                294.4,
                347.6
            ],
            [
                292.0,
                342.0
            ],
            [
                292.4,
                334.4
            ],
            [
                300.0,
                332.6
            ],
            [
                307.2,
                334.8
            ],
            [
                309.6,
                342.0
            ],
            [
                307.0,
                349.0
            ]
        ],
        "shift": null,
        "channel": 0,
        "closest_Dend": 0
    }
]