[
    {
        "type": 0,
        "location": [
            312,
            278
        ],
        "bgloc": [
            104.73056024275328,
            205.8226663538034
        ],
        "mean": [
            [
                24.428571428571427,
                24.676190476190477,
                24.49047619047619,
                35.2952380952381,
                31.347619047619048,
                36.0,
                24.447619047619046,
                33.7952380952381
            ]
        ],
        "min": [
            [
                5,
                6,
                6,
                8,
                6,
                8,
                6,
                8
            ]
        ],
        "max": [
            [
                85,
                96,
                97,
                148,
                108,
                112,
                75,
                114
            ]
        ],
        "RawIntDen": [
            [
                5130,
                5182,
                5143,
                7412,
                6583,
                7560,
                5134,
                7097
            ]
        ],
        "IntDen": [
            [
                4692.718800000001,
                4740.28632,
                4704.610680000001,
                6780.201120000001,
                6021.8650800000005,
                6915.5856,
                4696.37784,
                6492.05172
            ]
        ],
        "local_bg": [
            [
                5.777251184834123,
                6.028436018957346,
                5.890995260663507,
                6.018957345971564,
                5.914691943127962,
                6.0947867298578196,
                6.317535545023697,
                6.578199052132701
            ]
        ],
        "area": [
            0.9147600000000001
        ],
        "distance": 4.645967084162531,
        "points": [
            [
                312.0,
                288.6
            ],
            [
                305.0,
                285.0
            ],
            [
                305.4,
                278.0
            ],
            [
                306.8,
                272.8
            ],
            [
                312.0,
                271.2
            ],
            [
                318.4,
                271.6
            ],
            [
                320.0,
                278.0
            ],
            [
                319.4,
                285.4
            ]
        ],
        "shift": null,
        "channel": 0,
        "closest_Dend": 0
    }
]