[
    {
        "type": 0,
        "location": [
            17,
            106
        ],
        "bgloc": [
            20,
            130
        ],
        "mean": [
            [
                39.71641791044776,
                36.04477611940298,
                38.492537313432834,
                70.98461538461538,
                46.985074626865675,
                56.3134328358209,
                41.61194029850746,
                51.8955223880597
            ]
        ],
        "min": [
            [
                12,
                13,
                18,
                29,
                22,
                24,
                12,
                23
            ]
        ],
        "max": [
            [
                83,
                66,
                62,
                122,
                98,
                101,
                83,
                87
            ]
        ],
        "RawIntDen": [
            [
                2661,
                2415,
                2579,
                4614,
                3148,
                3773,
                2788,
                3477
            ]
        ],
        "IntDen": [
            [
                11.591316,
                10.51974,
                11.234124000000001,
                20.098584000000002,
                13.712688000000002,
                16.435188,
                12.144528000000001,
                15.145812000000001
            ]
        ],
        "local_bg": [
            [
                7.2388059701492535,
                7.2835820895522385,
                7.044776119402985,
                6.522388059701493,
                7.074626865671642,
                8.462686567164178,
                6.343283582089552,
                7.358208955223881
            ]
        ],
        "area": [
            0.29185200000000006
        ],
        "distance": 0.132,
        "points": [
            [
                17.382792350007605,
                111.06102591813733
            ],
            [
                12.582792350007605,
                111.06102591813733
            ],
            [
                12.382792350007605,
                106.26102591813734
            ],
            [
                15.182792350007606,
                104.06102591813733
            ],
            [
                17.382792350007605,
                103.06102591813733
            ],
            [
                21.514823024121014,
                103.42798178908902
            ],
            [
                22.895616060913582,
                107.11009655386921
            ],
            [
                20.982792350007607,
                109.86102591813733
            ]
        ],
        "shift": [
            [
                0,
                0
            ],
            [
                2.0,
                0.0
            ],
            [
                4.0,
                -2.0
            ],
            [
                -3.0,
                -5.0
            ],
            [
                -2.0,
                1.0
            ],
            [
                8.0,
                6.0
            ],
            [
                22.0,
                6.0
            ],
            [
                22.0,
                6.0
            ]
        ],
        "channel": 0,
        "closest_Dend": 0
    },
    {
        "type": 0,
        "location": [
            57,
            108
        ],
        "bgloc": [
            52,
            125
        ],
        "mean": [
            [
                70.0673076923077,
                65.36538461538461,
                45.30769230769231,
                39.41346153846154,
                38.92307692307692,
                63.93269230769231,
                59.5,
                32.28846153846154
            ]
        ],
        "min": [
            [
                29,
                21,
                14,
                12,
                12,
                24,
                26,
                10
            ]
        ],
        "max": [
            [
                123,
                121,
                89,
                89,
                77,
                115,
                102,
                82
            ]
        ],
        "RawIntDen": [
            [
                7287,
                6798,
                4712,
                4099,
                4048,
                6649,
                6188,
                3358
            ]
        ],
        "IntDen": [
            [
                31.742172000000004,
                29.612088000000004,
                20.525472,
                17.855244000000003,
                17.633088,
                28.963044000000004,
                26.954928000000002,
                14.627448000000001
            ]
        ],
        "local_bg": [
            [
                11.115384615384615,
                10.932692307692308,
                9.442307692307692,
                7.884615384615385,
                7.211538461538462,
                11.673076923076923,
                7.990384615384615,
                9.5
            ]
        ],
        "area": [
            0.45302400000000004
        ],
        "distance": 2.6886196606221553,
        "points": [
            [
                58.16432186732729,
                115.27595217028936
            ],
            [
                53.561678411352034,
                114.35542347909431
            ],
            [
                50.8000923377669,
                111.13357305991164
            ],
            [
                53.10141406575451,
                106.07066525833889
            ],
            [
                57.211143545412,
                103.14212331380206
            ],
            [
                61.411143545412,
                103.94212331380206
            ],
            [
                63.22722966890004,
                108.83225133192403
            ],
            [
                62.30670097770499,
                112.05410175110669
            ]
        ],
        "shift": [
            [
                0,
                0
            ],
            [
                3.0,
                1.0
            ],
            [
                5.0,
                1.0
            ],
            [
                -4.0,
                -3.0
            ],
            [
                -0.0,
                1.0
            ],
            [
                13.0,
                5.0
            ],
            [
                40.0,
                8.0
            ],
            [
                42.0,
                7.0
            ]
        ],
        "channel": 0,
        "closest_Dend": 0
    },
    
    {
        "type": 0,
        "location": [
            140,
            81
        ],
        "bgloc": [
            151.02414165965524,
            45.9273779259766
        ],
        "mean": [
            [
                29.194915254237287,
                103.15677966101696,
                52.78813559322034,
                47.567796610169495,
                48.48728813559322,
                41.44915254237288,
                27.822033898305083,
                28.228813559322035
            ]
        ],
        "min": [
            [
                7,
                18,
                12,
                10,
                8,
                8,
                6,
                6
            ]
        ],
        "max": [
            [
                112,
                241,
                135,
                134,
                130,
                106,
                76,
                82
            ]
        ],
        "RawIntDen": [
            [
                6890,
                24345,
                12458,
                11226,
                11443,
                9782,
                6566,
                6662
            ]
        ],
        "IntDen": [
            [
                30.012840000000004,
                106.04682000000001,
                54.26704800000001,
                48.900456000000005,
                49.84570800000001,
                42.610392000000004,
                28.601496000000004,
                29.019672000000003
            ]
        ],
        "local_bg": [
            [
                9.779661016949152,
                10.203389830508474,
                9.94915254237288,
                8.347457627118644,
                8.139830508474576,
                10.682203389830509,
                7.919491525423729,
                11.152542372881356
            ]
        ],
        "area": [
            1.028016
        ],
        "distance": 7.678808963160878,
        "points": [
            [
                138.77652056807497,
                87.88071233538075
            ],
            [
                133.75730963996202,
                86.05441165372395
            ],
            [
                130.84648659321346,
                78.56943810494198
            ],
            [
                134.58897336760444,
                74.826951330551
            ],
            [
                139.99478759728032,
                71.91612828380246
            ],
            [
                147.8955930098835,
                73.57945573908734
            ],
            [
                151.22224792045327,
                80.64859742404809
            ],
            [
                148.72725673752595,
                86.47024351754517
            ]
        ],
        "shift": [
            [
                0,
                0
            ],
            [
                4.0,
                -1.0
            ],
            [
                1.0,
                -2.0
            ],
            [
                -7.0,
                -5.0
            ],
            [
                0.0,
                0.0
            ],
            [
                11.0,
                5.0
            ],
            [
                41.0,
                5.0
            ],
            [
                41.0,
                6.0
            ]
        ],
        "channel": 0,
        "closest_Dend": 0
    },
    {
        "type": 0,
        "location": [
            108,
            117
        ],
        "bgloc": [
            108,
            155
        ],
        "mean": [
            [
                30.03529411764706,
                28.888235294117646,
                33.46470588235294,
                66.62352941176471,
                75.33529411764705,
                76.87058823529412,
                53.8,
                51.67058823529412
            ]
        ],
        "min": [
            [
                9,
                9,
                7,
                19,
                21,
                26,
                15,
                15
            ]
        ],
        "max": [
            [
                100,
                94,
                85,
                150,
                178,
                145,
                122,
                117
            ]
        ],
        "RawIntDen": [
            [
                5106,
                4911,
                5689,
                11326,
                12807,
                13068,
                9146,
                8784
            ]
        ],
        "IntDen": [
            [
                22.241736000000003,
                21.392316,
                24.781284000000003,
                49.336056000000006,
                55.78729200000001,
                56.92420800000001,
                39.83997600000001,
                38.263104000000006
            ]
        ],
        "local_bg": [
            [
                6.0058823529411764,
                5.935294117647059,
                6.182352941176471,
                5.964705882352941,
                5.6117647058823525,
                7.294117647058823,
                5.8352941176470585,
                6.394117647058824
            ]
        ],
        "area": [
            0.7405200000000001
        ],
        "distance": 5.908016453110475,
        "points": [
            [
                107.09522954277298,
                125.98404638727565
            ],
            [
                101.54805174222463,
                123.42381047933027
            ],
            [
                99.84122780359439,
                117.02322070946678
            ],
            [
                102.82816969619734,
                111.47604290891844
            ],
            [
                109.22875946606081,
                111.04933692426087
            ],
            [
                114.3492312819516,
                113.18286684754871
            ],
            [
                115.62934923592428,
                118.73004464809705
            ],
            [
                113.06911332797893,
                122.57039851001514
            ]
        ],
        "shift": [
            [
                0,
                0
            ],
            [
                3.0,
                -2.0
            ],
            [
                2.0,
                -2.0
            ],
            [
                -5.0,
                -4.0
            ],
            [
                -2.0,
                -0.0
            ],
            [
                5.0,
                6.0
            ],
            [
                37.0,
                3.0
            ],
            [
                38.0,
                -26.0
            ]
        ],
        "channel": 0,
        "closest_Dend": 0
    },
    {
        "type": 0,
        "location": [
            199,
            126
        ],
        "bgloc": [
            199,
            162
        ],
        "mean": [
            [
                41.78947368421053,
                33.19548872180451,
                29.473684210526315,
                83.0827067669173,
                84.17293233082707,
                44.721804511278194,
                45.473684210526315,
                41.278195488721806
            ]
        ],
        "min": [
            [
                14,
                11,
                7,
                19,
                26,
                13,
                10,
                8
            ]
        ],
        "max": [
            [
                103,
                73,
                94,
                190,
                158,
                132,
                111,
                92
            ]
        ],
        "RawIntDen": [
            [
                5558,
                4415,
                3920,
                11050,
                11195,
                5948,
                6048,
                5490
            ]
        ],
        "IntDen": [
            [
                24.210648000000003,
                19.231740000000002,
                17.07552,
                48.13380000000001,
                48.765420000000006,
                25.909488000000003,
                26.345088000000004,
                23.914440000000003
            ]
        ],
        "local_bg": [
            [
                7.180451127819549,
                7.150375939849624,
                7.105263157894737,
                7.511278195488722,
                6.7593984962406015,
                7.195488721804511,
                5.879699248120301,
                6.56390977443609
            ]
        ],
        "area": [
            0.5793480000000001
        ],
        "distance": 11.995902776025456,
        "points": [
            [
                201.01766458888326,
                132.85936420787084
            ],
            [
                195.6118503592074,
                133.27519607169205
            ],
            [
                193.5326910401013,
                128.70104556965862
            ],
            [
                195.6118503592074,
                124.1268950676252
            ],
            [
                202.8745759875361,
                117.9051288956004
            ],
            [
                207.71625734932388,
                125.80593430820358
            ],
            [
                204.76015136327425,
                131.19603675258594
            ]
        ],
        "shift": [
            [
                0,
                0
            ],
            [
                -1,
                0
            ],
            [
                -0.0,
                -0.0
            ],
            [
                -10.0,
                1.0
            ],
            [
                -4.0,
                1.0
            ],
            [
                6.0,
                7.0
            ],
            [
                38.0,
                5.0
            ],
            [
                38.0,
                6.0
            ]
        ],
        "channel": 0,
        "closest_Dend": 0
    },
    {
        "type": 0,
        "location": [
            238,
            134
        ],
        "bgloc": [
            238,
            186
        ],
        "mean": [
            [
                56.97959183673469,
                52.744897959183675,
                107.63265306122449,
                80.35714285714286,
                62.93877551020408,
                42.41836734693877,
                36.734693877551024,
                41.214285714285715
            ]
        ],
        "min": [
            [
                18,
                21,
                48,
                23,
                14,
                14,
                13,
                17
            ]
        ],
        "max": [
            [
                95,
                110,
                199,
                151,
                117,
                92,
                77,
                71
            ]
        ],
        "RawIntDen": [
            [
                5584,
                5169,
                10548,
                7875,
                6168,
                4157,
                3600,
                4039
            ]
        ],
        "IntDen": [
            [
                24.323904000000002,
                22.516164000000003,
                45.94708800000001,
                34.30350000000001,
                26.867808000000004,
                18.107892000000003,
                15.681600000000001,
                17.593884000000003
            ]
        ],
        "local_bg": [
            [
                6.316326530612245,
                6.469387755102041,
                6.204081632653061,
                5.704081632653061,
                5.540816326530612,
                6.1020408163265305,
                5.755102040816326,
                6.163265306122449
            ]
        ],
        "area": [
            0.42688800000000005
        ],
        "distance": 14.569902776025458,
        "points": [
            [
                238.1840373531274,
                138.99764757779232
            ],
            [
                233.60988685109396,
                137.33432012250745
            ],
            [
                231.11489566816664,
                131.51267402901038
            ],
            [
                236.9365417616637,
                128.18601911844058
            ],
            [
                241.9265241275184,
                128.18601911844058
            ],
            [
                244.42151531044567,
                136.0868245310438
            ],
            [
                241.51069226369714,
                137.7501519863287
            ]
        ],
        "shift": [
            [
                0,
                0
            ],
            [
                2.0,
                -1.0
            ],
            [
                4.0,
                0.0
            ],
            [
                -8.0,
                1.0
            ],
            [
                -3.0,
                4.0
            ],
            [
                11.0,
                6.0
            ],
            [
                40.0,
                6.0
            ],
            [
                38.0,
                6.0
            ]
        ],
        "channel": 0,
        "closest_Dend": 0
    }
]