[
    {
        "type": 0,
        "location": [
            391,
            251
        ],
        "bgloc": [
            391.4791957615881,
            228.20965013855567
        ],
        "mean": [
            [
                45.973684210526315,
                33.60526315789474,
                31.75438596491228,
                53.03508771929825,
                36.49122807017544,
                33.14035087719298,
                29.096491228070175,
                32.64912280701754
            ]
        ],
        "min": [
            [
                8,
                8,
                10,
                5,
                9,
                5,
                5,
                7
            ]
        ],
        "max": [
            [
                99,
                71,
                66,
                144,
                92,
                77,
                57,
                103
            ]
        ],
        "RawIntDen": [
            [
                5241,
                3831,
                3620,
                6046,
                4160,
                3778,
                3317,
                3722
            ]
        ],
        "IntDen": [
            [
                22.829796,
                16.687836,
                15.768720000000002,
                26.336376,
                18.120960000000004,
                16.456968000000003,
                14.448852000000002,
                16.213032000000002
            ]
        ],
        "local_bg": [
            [
                7.327433628318584,
                4.31858407079646,
                3.5575221238938055,
                4.0,
                3.0,
                4.221238938053097,
                3.150442477876106,
                5.353982300884955
            ]
        ],
        "area": [
            0.4965840000000001
        ],
        "distance": 1.2728352968618786,
        "points": [
            [
                391.6837964071799,
                257.6894672545915
            ],
            [
                385.4837964071799,
                257.08946725459145
            ],
            [
                385.0837964071799,
                250.88946725459144
            ],
            [
                385.8837964071799,
                245.08946725459143
            ],
            [
                391.6837964071799,
                244.88946725459144
            ],
            [
                394.91305685248267,
                247.09886259376347
            ],
            [
                395.29211731856543,
                251.07899748763285
            ],
            [
                394.72352661944126,
                256.19631377975054
            ]
        ],
        "shift": [
            [
                0,
                0
            ],
            [
                2.0,
                2.0
            ],
            [
                3.0,
                2.0
            ],
            [
                5.0,
                2.0
            ],
            [
                8.0,
                3.0
            ],
            [
                5.0,
                3.0
            ],
            [
                8.0,
                3.0
            ],
            [
                12.0,
                -0.0
            ]
        ],
        "channel": 0,
        "closest_Dend": 0
    },
    {
        "type": 0,
        "location": [
            323,
            297
        ],
        "bgloc": [
            334,
            344
        ],
        "mean": [
            [
                40.1,
                51.522222222222226,
                44.53333333333333,
                41.00555555555555,
                47.51111111111111,
                53.41111111111111,
                42.43888888888889,
                56.06111111111111
            ]
        ],
        "min": [
            [
                3,
                8,
                6,
                3,
                7,
                7,
                4,
                7
            ]
        ],
        "max": [
            [
                126,
                178,
                131,
                152,
                135,
                133,
                119,
                173
            ]
        ],
        "RawIntDen": [
            [
                7218,
                9274,
                8016,
                7381,
                8552,
                9614,
                7639,
                10091
            ]
        ],
        "IntDen": [
            [
                31.441608000000002,
                40.397544,
                34.91769600000001,
                32.151636,
                37.252512,
                41.878584000000004,
                33.275484000000006,
                43.956396000000005
            ]
        ],
        "local_bg": [
            [
                4.122222222222222,
                4.166666666666667,
                2.9555555555555557,
                2.888888888888889,
                3.0833333333333335,
                3.1055555555555556,
                2.6166666666666667,
                3.5388888888888888
            ]
        ],
        "area": [
            0.7840800000000001
        ],
        "distance": 6.24488594059364,
        "points": [
            [
                323.33665151219026,
                303.6744058389587
            ],
            [
                317.9366515121903,
                302.8744058389587
            ],
            [
                316.73665151219024,
                297.4744058389587
            ],
            [
                317.73665151219024,
                291.8744058389587
            ],
            [
                323.33665151219026,
                288.07440583895874
            ],
            [
                329.83034952875954,
                290.93619305538573
            ],
            [
                331.7256518591735,
                297.94881167791743
            ],
            [
                328.9366515121903,
                303.07440583895874
            ]
        ],
        "shift": [
            [
                0,
                0
            ],
            [
                1.0,
                -0.0
            ],
            [
                2.0,
                -2.0
            ],
            [
                7.0,
                -3.0
            ],
            [
                5.0,
                -2.0
            ],
            [
                8.0,
                -3.0
            ],
            [
                8.0,
                0.0
            ],
            [
                9.0,
                0.0
            ]
        ],
        "channel": 0,
        "closest_Dend": 0
    },
    {
        "type": 0,
        "location": [
            309,
            270
        ],
        "bgloc": [
            317.9004701661116,
            244.82420107946973
        ],
        "mean": [
            [
                74.63316582914572,
                58.12562814070352,
                56.55778894472362,
                92.31658291457286,
                71.89949748743719,
                75.62814070351759,
                80.97989949748744,
                80.97989949748744
            ]
        ],
        "min": [
            [
                8,
                11,
                8,
                14,
                14,
                10,
                12,
                15
            ]
        ],
        "max": [
            [
                207,
                160,
                173,
                211,
                170,
                176,
                212,
                239
            ]
        ],
        "RawIntDen": [
            [
                14852,
                11567,
                11255,
                18371,
                14308,
                15050,
                16115,
                16115
            ]
        ],
        "IntDen": [
            [
                64.695312,
                50.38585200000001,
                49.02678,
                80.02407600000001,
                62.32564800000001,
                65.55780000000001,
                70.19694000000001,
                70.19694000000001
            ]
        ],
        "local_bg": [
            [
                8.410891089108912,
                7.836633663366337,
                7.143564356435643,
                8.0,
                7.351485148514851,
                6.648514851485149,
                6.97029702970297,
                8.425742574257425
            ]
        ],
        "area": [
            0.8668440000000001
        ],
        "distance": 6.7247984701763395,
        "points": [
            [
                310.22309856507536,
                277.6634731351103
            ],
            [
                304.4719540856872,
                274.30021153245684
            ],
            [
                302.4719540856872,
                269.90021153245686
            ],
            [
                301.8792005692861,
                264.4886673377117
            ],
            [
                309.460409890942,
                261.64571384209074
            ],
            [
                316.66255874651506,
                263.5410161725047
            ],
            [
                319.8845727082188,
                269.9850440959122
            ],
            [
                316.09853578935866,
                275.1995801055721
            ]
        ],
        "shift": [
            [
                0,
                0
            ],
            [
                2.0,
                -2.0
            ],
            [
                1.0,
                -3.0
            ],
            [
                3.0,
                -2.0
            ],
            [
                1.0,
                -1.0
            ],
            [
                0,
                0
            ],
            [
                2.0,
                -0.0
            ],
            [
                4.0,
                0.0
            ]
        ],
        "channel": 0,
        "closest_Dend": 0
    },
    {
        "type": 0,
        "location": [
            285,
            261
        ],
        "bgloc": [
            282,
            227
        ],
        "mean": [
            [
                44.17857142857143,
                42.25892857142857,
                45.848214285714285,
                70.64285714285714,
                63.955357142857146,
                52.879464285714285,
                61.214285714285715,
                73.08482142857143
            ]
        ],
        "min": [
            [
                7,
                4,
                6,
                7,
                9,
                7,
                7,
                8
            ]
        ],
        "max": [
            [
                169,
                161,
                153,
                214,
                204,
                145,
                188,
                204
            ]
        ],
        "RawIntDen": [
            [
                9896,
                9466,
                10270,
                15824,
                14326,
                11845,
                13712,
                16371
            ]
        ],
        "IntDen": [
            [
                43.106976,
                41.233896,
                44.73612000000001,
                68.92934400000001,
                62.404056000000004,
                51.59682000000001,
                59.72947200000001,
                71.312076
            ]
        ],
        "local_bg": [
            [
                4.665178571428571,
                3.700892857142857,
                3.1875,
                3.8526785714285716,
                3.9375,
                3.638392857142857,
                3.625,
                4.276785714285714
            ]
        ],
        "area": [
            0.9757440000000002
        ],
        "distance": 8.293596027334953,
        "points": [
            [
                285.3457723404555,
                269.51601039588627
            ],
            [
                278.74577234045546,
                267.1160103958863
            ],
            [
                279.54577234045547,
                260.51601039588627
            ],
            [
                279.9457723404555,
                255.11601039588626
            ],
            [
                285.3457723404555,
                253.71601039588626
            ],
            [
                291.3457723404555,
                254.51601039588627
            ],
            [
                297.54577234045547,
                260.51601039588627
            ],
            [
                293.3457723404555,
                268.51601039588627
            ]
        ],
        "shift": [
            [
                0,
                0
            ],
            [
                2.0,
                -4.0
            ],
            [
                -0.0,
                -2.0
            ],
            [
                3.0,
                -2.0
            ],
            [
                1.0,
                0.0
            ],
            [
                3.0,
                -4.0
            ],
            [
                5.0,
                -2.0
            ],
            [
                7.0,
                -0.0
            ]
        ],
        "channel": 0,
        "closest_Dend": 0
    },
    {
        "type": 0,
        "location": [
            178,
            303
        ],
        "bgloc": [
            175,
            348
        ],
        "mean": [
            [
                41.021857923497265,
                48.31147540983606,
                50.0655737704918,
                100.27868852459017,
                73.1256830601093,
                43.05464480874317,
                51.5792349726776,
                52.53551912568306
            ]
        ],
        "min": [
            [
                4,
                2,
                4,
                20,
                3,
                2,
                3,
                5
            ]
        ],
        "max": [
            [
                139,
                171,
                175,
                219,
                227,
                151,
                184,
                182
            ]
        ],
        "RawIntDen": [
            [
                7507,
                8841,
                9162,
                18351,
                13382,
                7879,
                9439,
                9614
            ]
        ],
        "IntDen": [
            [
                32.700492000000004,
                38.511396000000005,
                39.90967200000001,
                79.93695600000001,
                58.29199200000001,
                34.320924000000005,
                41.11628400000001,
                41.878584000000004
            ]
        ],
        "local_bg": [
            [
                3.4098360655737703,
                3.3169398907103824,
                2.759562841530055,
                4.027322404371585,
                3.628415300546448,
                3.4043715846994536,
                3.519125683060109,
                4.693989071038251
            ]
        ],
        "area": [
            0.7971480000000001
        ],
        "distance": 15.393258315019773,
        "points": [
            [
                178.39484859758383,
                310.83677297667634
            ],
            [
                172.99484859758383,
                308.83677297667634
            ],
            [
                172.19484859758384,
                303.43677297667637
            ],
            [
                174.19484859758384,
                299.2367729766764
            ],
            [
                179.0427130031374,
                297.35726136666364
            ],
            [
                185.5478394885122,
                298.41214674267036
            ],
            [
                189.19484859758384,
                303.43677297667637
            ],
            [
                186.19484859758384,
                311.2367729766764
            ]
        ],
        "shift": [
            [
                0,
                0
            ],
            [
                -3,
                0
            ],
            [
                -1.0,
                -3.0
            ],
            [
                2.0,
                -3.0
            ],
            [
                2.0,
                -0.0
            ],
            [
                1.0,
                -2.0
            ],
            [
                3.0,
                -2.0
            ],
            [
                5.0,
                -3.0
            ]
        ],
        "channel": 0,
        "closest_Dend": 0
    },
    {
        "type": 0,
        "location": [
            64,
            216
        ],
        "bgloc": [
            78.96740425391937,
            190.23353370218075
        ],
        "mean": [
            [
                79.01923076923077,
                79.32211538461539,
                58.62980769230769,
                92.1298076923077,
                56.40865384615385,
                59.71153846153846,
                66.34615384615384,
                76.47596153846153
            ]
        ],
        "min": [
            [
                12,
                11,
                5,
                18,
                6,
                6,
                8,
                13
            ]
        ],
        "max": [
            [
                221,
                197,
                183,
                195,
                173,
                171,
                188,
                196
            ]
        ],
        "RawIntDen": [
            [
                16436,
                16499,
                12195,
                19163,
                11733,
                12420,
                13800,
                15907
            ]
        ],
        "IntDen": [
            [
                71.59521600000001,
                71.86964400000001,
                53.12142000000001,
                83.474028,
                51.108948000000005,
                54.10152000000001,
                60.11280000000001,
                69.29089200000001
            ]
        ],
        "local_bg": [
            [
                5.814285714285714,
                5.319047619047619,
                3.657142857142857,
                5.5285714285714285,
                4.904761904761905,
                5.071428571428571,
                5.385714285714286,
                6.70952380952381
            ]
        ],
        "area": [
            0.9060480000000001
        ],
        "distance": 24.2850748244359,
        "points": [
            [
                64.42820182500697,
                223.6087285599524
            ],
            [
                59.028201825006974,
                221.8087285599524
            ],
            [
                58.37944419024503,
                216.77531993175614
            ],
            [
                59.662513991558164,
                211.64304072650356
            ],
            [
                64.42820182500697,
                207.4087285599524
            ],
            [
                72.85980337649335,
                209.0769011238773
            ],
            [
                75.05935160731588,
                216.4087285599524
            ],
            [
                71.39343788927832,
                222.6407818806162
            ]
        ],
        "shift": [
            [
                0,
                0
            ],
            [
                -2.0,
                -3.0
            ],
            [
                0.0,
                -2.0
            ],
            [
                2.0,
                -3.0
            ],
            [
                4.0,
                -3.0
            ],
            [
                5.0,
                -3.0
            ],
            [
                5.0,
                -5.0
            ],
            [
                6.0,
                -6.0
            ]
        ],
        "channel": 0,
        "closest_Dend": 0
    },
    {
        "type": 0,
        "location": [
            49,
            236
        ],
        "bgloc": [
            43,
            261
        ],
        "mean": [
            [
                86.9875,
                76.9875,
                84.38333333333334,
                103.62083333333334,
                93.6875,
                108.1875,
                105.125,
                107.10416666666667
            ]
        ],
        "min": [
            [
                11,
                10,
                11,
                17,
                9,
                7,
                12,
                11
            ]
        ],
        "max": [
            [
                245,
                238,
                225,
                225,
                249,
                255,
                255,
                246
            ]
        ],
        "RawIntDen": [
            [
                20877,
                18477,
                20252,
                24869,
                22485,
                25965,
                25230,
                25705
            ]
        ],
        "IntDen": [
            [
                90.94021200000002,
                80.48581200000001,
                88.217712,
                108.32936400000001,
                97.94466000000001,
                113.10354000000001,
                109.90188,
                111.97098000000001
            ]
        ],
        "local_bg": [
            [
                6.0875,
                5.279166666666667,
                4.616666666666666,
                4.633333333333334,
                5.329166666666667,
                5.4375,
                5.066666666666666,
                5.366666666666666
            ]
        ],
        "area": [
            1.0454400000000001
        ],
        "distance": 24.850830505170936,
        "points": [
            [
                48.54648733122625,
                243.23761949637395
            ],
            [
                43.146487331226254,
                241.43761949637397
            ],
            [
                39.746487331226255,
                236.03761949637396
            ],
            [
                41.07898096341921,
                229.75966410159347
            ],
            [
                48.54648733122625,
                227.83761949637397
            ],
            [
                55.54648733122625,
                229.03761949637396
            ],
            [
                59.04195818180318,
                236.35830879406106
            ],
            [
                57.20900132278442,
                244.0567276019399
            ]
        ],
        "shift": [
            [
                0,
                0
            ],
            [
                -1,
                0
            ],
            [
                -1.0,
                -2.0
            ],
            [
                1.0,
                -3.0
            ],
            [
                3.0,
                -0.0
            ],
            [
                4.0,
                -2.0
            ],
            [
                5.0,
                -1.0
            ],
            [
                6.0,
                -1.0
            ]
        ],
        "channel": 0,
        "closest_Dend": 0
    }
]