[
    {
        "type": 0,
        "location": [
            263,
            328
        ],
        "bgloc": [
            325,
            186
        ],
        "mean": [
            [
            47.94117647058823,
            37.1078431372549,
            38.36274509803921,
            89.31372549019608,
            35.509803921568626,
            36.627450980392155,
            29.058823529411764,
            23.42156862745098
            ]
        ],
        "min": [
            [
                7,
                6,
                7,
                11,
                6,
                6,
                5,
                6
            ]
        ],
        "max": [
            [
                158,
                114,
                138,
                160,
                111,
                96,
                88,
                102
            ]
        ],
        "RawIntDen": [
            [
                16416,
                10577,
                11021,
                18536,
                11065,
                8941,
                8001,
                8962
            ]
        ],
        "IntDen": [
            [
                20522.823552,
                13223.069244000002,
                13778.145612000002,
                23173.188192,
                13833.153180000001,
                11177.787852000001,
                10002.626172000002,
                11204.041464000002
            ]
        ],
        "local_bg": [
            [
                5.665505226480836,
                5.7595818815331015,
                5.930313588850174,
                5.529616724738676,
                5.623693379790941,
                5.529616724738676,
                5.700348432055749,
                6.048780487804878
            ]
        ],
        "area": [
            1.250172
        ],
        "distance": 3.7529106114073545,
        "points": [
            [
                263.0,
                337.0
            ],
            [
                257.0,
                334.0
            ],
            [
                253.2,
                328.0
            ],
            [
                254.6,
                319.6
            ],
            [
                263.0,
                320.2
            ],
            [
                269.0,
                322.0
            ],
            [
                273.8,
                328.0
            ],
            [
                272.8,
                337.8
            ]
        ],
        "shift": null,
        "channel": 0,
        "closest_Dend": 0
    }
]