[
    {
        "type": 0,
        "location": [
            220,
            264
        ],
        "bgloc": [
            226,
            230
        ],
        "mean": [
            [
                65.61410788381743,
                63.42323651452282,
                62.37344398340249,
                125.12033195020747,
                98.38174273858921,
                81.2448132780083,
                75.08298755186722,
                84.75933609958506
            ]
        ],
        "min": [
            [
                8,
                12,
                9,
                16,
                12,
                8,
                9,
                11
            ]
        ],
        "max": [
            [
                206,
                196,
                184,
                255,
                255,
                245,
                212,
                238
            ]
        ],
        "RawIntDen": [
            [
                15813,
                15285,
                15032,
                30154,
                23710,
                19580,
                18095,
                20427
            ]
        ],
        "IntDen": [
            [
                68.88142800000001,
                66.58146,
                65.479392,
                131.35082400000002,
                103.28076000000001,
                85.29048000000002,
                78.82182,
                88.98001200000002
            ]
        ],
        "local_bg": [
            [
                5.933609958506224,
                6.5020746887966805,
                6.273858921161826,
                6.572614107883817,
                6.477178423236515,
                6.842323651452282,
                6.340248962655601,
                6.282157676348548
            ]
        ],
        "area": [
            1.0497960000000002
        ],
        "distance": 1.781483254920762,
        "points": [
            [
                219.90969945952304,
                273.1769429663755
            ],
            [
                214.10969945952303,
                270.1769429663755
            ],
            [
                211.50969945952303,
                264.3769429663755
            ],
            [
                214.90969945952304,
                259.3769429663755
            ],
            [
                219.90969945952304,
                258.5769429663755
            ],
            [
                227.50969945952303,
                256.7769429663755
            ],
            [
                232.10969945952303,
                264.3769429663755
            ],
            [
                228.30969945952305,
                272.7769429663755
            ]
        ],
        "shift": [
            [
                0,
                0
            ],
            [
                1.0,
                -2.0
            ],
            [
                1.0,
                -3.0
            ],
            [
                2.0,
                -3.0
            ],
            [
                1.0,
                -1.0
            ],
            [
                4.0,
                -1.0
            ],
            [
                3.0,
                -1.0
            ],
            [
                -1,
                0
            ]
        ],
        "channel": 0,
        "closest_Dend": 0
    }
]