[
    {
        "type": 0,
        "location": [
            21,
            253
        ],
        "bgloc": [
            21,
            227
        ],
        "mean": [
            [
                100.16949152542372,
                95.5819209039548,
                109.98870056497175,
                127.74011299435028,
                87.37288135593221,
                96.2316384180791,
                103.11299435028249,
                142.63841807909606
            ]
        ],
        "min": [
            [
                11,
                17,
                17,
                17,
                16,
                18,
                15,
                17
            ]
        ],
        "max": [
            [
                236,
                206,
                245,
                255,
                228,
                255,
                235,
                255
            ]
        ],
        "RawIntDen": [
            [
                17730,
                16918,
                19468,
                22610,
                15465,
                17033,
                18251,
                25247
            ]
        ],
        "IntDen": [
            [
                77.23188,
                73.69480800000001,
                84.802608,
                98.48916000000001,
                67.36554000000001,
                74.19574800000001,
                79.50135600000002,
                109.97593200000001
            ]
        ],
        "local_bg": [
            [
                10.819209039548022,
                10.59322033898305,
                10.903954802259888,
                11.937853107344633,
                11.790960451977401,
                12.31638418079096,
                12.536723163841808,
                12.265536723163843
            ]
        ],
        "area": [
            0.7710120000000001
        ],
        "distance": 0.47012497129076564,
        "points": [
            [
                21.310826755266284,
                260.77072700073944
            ],
            [
                15.956853090604735,
                260.0278545613827
            ],
            [
                15.910826755266283,
                252.57072700073945
            ],
            [
                17.4212167905938,
                248.60581770146797
            ],
            [
                21.310826755266284,
                244.37072700073946
            ],
            [
                29.72187187050195,
                245.67709030148984
            ],
            [
                28.632645255211607,
                253.4493452207329
            ],
            [
                25.99679059523129,
                258.72105454069356
            ]
        ],
        "shift": [
            [
                0,
                0
            ],
            [
                1.0,
                -2.0
            ],
            [
                3.0,
                -2.0
            ],
            [
                3.0,
                -3.0
            ],
            [
                -0.0,
                -4.0
            ],
            [
                3.0,
                -5.0
            ],
            [
                5.0,
                -8.0
            ],
            [
                4.0,
                -5.0
            ]
        ],
        "channel": 0,
        "closest_Dend": 0
    },
    {
        "type": 0,
        "location": [
            91,
            253
        ],
        "bgloc": [
            167.30701247389783,
            153.40500762672457
        ],
        "mean": [
            [
                101.67539267015707,
                121.17801047120419,
                90.1151832460733,
                137.18848167539267,
                93.19371727748691,
                117.26178010471205,
                104.64921465968587,
                107.33507853403141
            ]
        ],
        "min": [
            [
                15,
                11,
                7,
                22,
                12,
                17,
                14,
                16
            ]
        ],
        "max": [
            [
                249,
                255,
                219,
                247,
                239,
                254,
                236,
                229
            ]
        ],
        "RawIntDen": [
            [
                19420,
                23145,
                17212,
                26203,
                17800,
                22397,
                19988,
                20501
            ]
        ],
        "IntDen": [
            [
                84.59352000000001,
                100.81962000000001,
                74.97547200000001,
                114.140268,
                77.53680000000001,
                97.56133200000001,
                87.06772800000002,
                89.302356
            ]
        ],
        "local_bg": [
            [
                6.280612244897959,
                4.938775510204081,
                4.821428571428571,
                5.622448979591836,
                4.918367346938775,
                5.096938775510204,
                5.591836734693878,
                5.780612244897959
            ]
        ],
        "area": [
            0.8319960000000001
        ],
        "distance": 4.8634703276577165,
        "points": [
            [
                89.46449568953312,
                259.977745381398
            ],
            [
                84.72166613474798,
                258.52061782075475
            ],
            [
                83.92166613474798,
                252.52061782075478
            ],
            [
                88.37868421476547,
                248.7132722007832
            ],
            [
                90.9288593895222,
                242.40538098152925
            ],
            [
                99.71504158945659,
                243.28399920152268
            ],
            [
                97.6649324094719,
                253.24167236144834
            ],
            [
                96.78631418947846,
                259.977745381398
            ]
        ],
        "shift": [
            [
                0,
                0
            ],
            [
                1.0,
                -5.0
            ],
            [
                2.0,
                -5.0
            ],
            [
                2.0,
                -3.0
            ],
            [
                4.0,
                -7.0
            ],
            [
                5.0,
                -9.0
            ],
            [
                4.0,
                -10.0
            ],
            [
                4.0,
                -7.0
            ]
        ],
        "channel": 0,
        "closest_Dend": 0
    },
    {
        "type": 0,
        "location": [
            144,
            298
        ],
        "bgloc": [
            152,
            347
        ],
        "mean": [
            [
                84.17857142857143,
                90.95714285714286,
                88.11428571428571,
                110.10714285714286,
                128.09285714285716,
                128.6642857142857,
                150.75714285714287,
                152.10714285714286
            ]
        ],
        "min": [
            [
                11,
                8,
                21,
                21,
                26,
                28,
                29,
                24
            ]
        ],
        "max": [
            [
                187,
                255,
                211,
                239,
                255,
                253,
                255,
                247
            ]
        ],
        "RawIntDen": [
            [
                11785,
                12734,
                12336,
                15415,
                17933,
                18013,
                21106,
                21295
            ]
        ],
        "IntDen": [
            [
                51.335460000000005,
                55.46930400000001,
                53.73561600000001,
                67.14774000000001,
                78.11614800000001,
                78.464628,
                91.93773600000002,
                92.76102000000002
            ]
        ],
        "local_bg": [
            [
                5.728571428571429,
                4.7,
                5.757142857142857,
                5.085714285714285,
                5.685714285714286,
                5.835714285714285,
                5.821428571428571,
                5.85
            ]
        ],
        "area": [
            0.60984
        ],
        "distance": 8.425835360878382,
        "points": [
            [
                144.1959957743412,
                304.508983620383
            ],
            [
                138.7959957743412,
                303.708983620383
            ],
            [
                137.1959957743412,
                298.308983620383
            ],
            [
                142.65591852873274,
                292.10349436079224
            ],
            [
                148.8062460686868,
                292.6892398407879
            ],
            [
                152.0278462086627,
                298.8395673807419
            ],
            [
                150.1959957743412,
                304.308983620383
            ]
        ],
        "shift": [
            [
                0,
                0
            ],
            [
                3.0,
                -2.0
            ],
            [
                4.0,
                -4.0
            ],
            [
                4.0,
                -3.0
            ],
            [
                3.0,
                -5.0
            ],
            [
                5.0,
                -5.0
            ],
            [
                5.0,
                -4.0
            ],
            [
                5.0,
                -3.0
            ]
        ],
        "channel": 0,
        "closest_Dend": 0
    },
    {
        "type": 0,
        "location": [
            164,
            244
        ],
        "bgloc": [
            191.6376697428284,
            169.1022058647443
        ],
        "mean": [
            [
                49.36521739130435,
                56.756521739130434,
                41.8304347826087,
                158.8608695652174,
                81.21304347826087,
                76.4695652173913,
                71.05652173913043,
                94.54782608695652
            ]
        ],
        "min": [
            [
                8,
                11,
                9,
                22,
                11,
                10,
                11,
                13
            ]
        ],
        "max": [
            [
                162,
                211,
                145,
                255,
                223,
                234,
                243,
                255
            ]
        ],
        "RawIntDen": [
            [
                11354,
                13054,
                9621,
                36538,
                18679,
                17588,
                16343,
                21746
            ]
        ],
        "IntDen": [
            [
                49.45802400000001,
                56.86322400000001,
                41.909076000000006,
                159.15952800000002,
                81.36572400000001,
                76.61332800000001,
                71.19010800000001,
                94.725576
            ]
        ],
        "local_bg": [
            [
                8.064377682403434,
                7.549356223175966,
                6.570815450643777,
                7.180257510729613,
                6.759656652360515,
                7.579399141630901,
                7.506437768240343,
                7.725321888412017
            ]
        ],
        "area": [
            1.00188
        ],
        "distance": 10.65116104326357,
        "points": [
            [
                165.38305141415316,
                252.4493452207329
            ],
            [
                160.11134209419248,
                250.69210878074605
            ],
            [
                155.7182509942253,
                243.95603576079634
            ],
            [
                158.64697839420342,
                236.63421726085102
            ],
            [
                165.67592415415095,
                234.58410808086632
            ],
            [
                171.5333789541072,
                236.9270900008488
            ],
            [
                173.5834881340919,
                244.54178124079195
            ],
            [
                171.24050621410942,
                250.3992360407482
            ]
        ],
        "shift": [
            [
                0,
                0
            ],
            [
                5.0,
                0.0
            ],
            [
                9.0,
                -3.0
            ],
            [
                1.0,
                -2.0
            ],
            [
                5.0,
                -3.0
            ],
            [
                8.0,
                -4.0
            ],
            [
                5.0,
                -4.0
            ],
            [
                9.0,
                -4.0
            ]
        ],
        "channel": 0,
        "closest_Dend": 0
    },
    {
        "type": 0,
        "location": [
            216,
            274
        ],
        "bgloc": [
            223,
            310
        ],
        "mean": [
            [
                92.27717391304348,
                75.3913043478261,
                82.60326086956522,
                199.46195652173913,
                115.51086956521739,
                197.16304347826087,
                126.34239130434783,
                155.79347826086956
            ]
        ],
        "min": [
            [
                14,
                7,
                8,
                44,
                16,
                47,
                20,
                29
            ]
        ],
        "max": [
            [
                253,
                241,
                240,
                255,
                255,
                255,
                255,
                255
            ]
        ],
        "RawIntDen": [
            [
                16979,
                13872,
                15199,
                36701,
                21254,
                36278,
                23247,
                28666
            ]
        ],
        "IntDen": [
            [
                73.960524,
                60.426432000000005,
                66.206844,
                159.86955600000002,
                92.58242400000002,
                158.026968,
                101.26393200000001,
                124.86909600000001
            ]
        ],
        "local_bg": [
            [
                7.989130434782608,
                6.875,
                7.163043478260869,
                7.831521739130435,
                6.945652173913044,
                7.532608695652174,
                7.179347826086956,
                7.125
            ]
        ],
        "area": [
            0.8015040000000001
        ],
        "distance": 13.35955947583536,
        "points": [
            [
                214.99992625379008,
                282.1508737405186
            ],
            [
                210.31396241382504,
                279.51501908053825
            ],
            [
                207.6781077538447,
                273.657564280582
            ],
            [
                208.84959871383597,
                268.971600440617
            ],
            [
                216.4352704476217,
                267.72938308116835
            ],
            [
                224.07898119372226,
                269.2644731806148
            ],
            [
                223.757088947567,
                275.3440743211115
            ],
            [
                221.44312653374192,
                280.9793827805273
            ]
        ],
        "shift": [
            [
                0,
                0
            ],
            [
                2.0,
                0.0
            ],
            [
                6.0,
                -2.0
            ],
            [
                2.0,
                -2.0
            ],
            [
                1.0,
                -3.0
            ],
            [
                4.0,
                -6.0
            ],
            [
                6.0,
                -7.0
            ],
            [
                8.0,
                -5.0
            ]
        ],
        "channel": 0,
        "closest_Dend": 0
    },
    {
        "type": 0,
        "location": [
            217,
            246
        ],
        "bgloc": [
            238.72926445688756,
            195.7874428693778
        ],
        "mean": [
            [
                133.91612903225806,
                129.69677419354838,
                128.4,
                215.43225806451613,
                192.28387096774193,
                191.03870967741935,
                146.29677419354837,
                153.81290322580645
            ]
        ],
        "min": [
            [
                37,
                29,
                29,
                47,
                49,
                37,
                31,
                38
            ]
        ],
        "max": [
            [
                232,
                236,
                249,
                255,
                255,
                255,
                255,
                255
            ]
        ],
        "RawIntDen": [
            [
                20757,
                20103,
                19902,
                33392,
                29804,
                29611,
                22676,
                23841
            ]
        ],
        "IntDen": [
            [
                90.41749200000001,
                87.56866800000002,
                86.69311200000001,
                145.455552,
                129.82622400000002,
                128.98551600000002,
                98.77665600000002,
                103.85139600000001
            ]
        ],
        "local_bg": [
            [
                11.764705882352942,
                9.980392156862745,
                8.816993464052288,
                9.758169934640524,
                9.477124183006536,
                10.006535947712418,
                9.418300653594772,
                9.954248366013072
            ]
        ],
        "area": [
            0.6751800000000001
        ],
        "distance": 13.887374632651408,
        "points": [
            [
                216.7070535137923,
                251.59189042077665
            ],
            [
                211.87068838766328,
                250.09134482149423
            ],
            [
                209.5070535137923,
                245.59189042077665
            ],
            [
                213.33505208765234,
                236.03345330159922
            ],
            [
                221.53548880759115,
                238.66930796157953
            ],
            [
                223.5855979875758,
                246.8697446815183
            ],
            [
                221.30705351379228,
                250.19189042077664
            ]
        ],
        "shift": [
            [
                0,
                0
            ],
            [
                3.0,
                -0.0
            ],
            [
                5.0,
                -1.0
            ],
            [
                5.0,
                -2.0
            ],
            [
                5.0,
                -2.0
            ],
            [
                5.0,
                -3.0
            ],
            [
                4.0,
                -3.0
            ],
            [
                6.0,
                -3.0
            ]
        ],
        "channel": 0,
        "closest_Dend": 0
    },
    {
        "type": 0,
        "location": [
            284,
            276
        ],
        "bgloc": [
            277,
            307
        ],
        "mean": [
            [
                139.425,
                91.3375,
                80.0875,
                101.8,
                124.8625,
                77.875,
                80.375,
                79.975
            ]
        ],
        "min": [
            [
                47,
                18,
                23,
                21,
                37,
                23,
                29,
                18
            ]
        ],
        "max": [
            [
                241,
                226,
                201,
                197,
                224,
                148,
                142,
                166
            ]
        ],
        "RawIntDen": [
            [
                11154,
                7307,
                6407,
                8144,
                9989,
                6230,
                6430,
                6398
            ]
        ],
        "IntDen": [
            [
                48.58682400000001,
                31.829292000000002,
                27.908892,
                35.475264,
                43.512084,
                27.137880000000003,
                28.009080000000004,
                27.869688000000004
            ]
        ],
        "local_bg": [
            [
                8.45,
                8.125,
                8.675,
                9.4,
                9.3875,
                10.675,
                9.45,
                9.7625
            ]
        ],
        "area": [
            0.34848
        ],
        "distance": 18.471333146996766,
        "points": [
            [
                288.328221806607,
                280.8451661209585
            ],
            [
                282.76363974664855,
                281.4309116009541
            ],
            [
                279.2491668666748,
                278.20931146097814
            ],
            [
                281.0064033066617,
                273.52334762101316
            ],
            [
                284.2280034466376,
                270.3017474810372
            ],
            [
                288.91396728660266,
                273.2304748810153
            ],
            [
                290.0854582465939,
                277.3306932409847
            ]
        ],
        "shift": [
            [
                0,
                0
            ],
            [
                -3.0,
                2.0
            ],
            [
                -2.0,
                3.0
            ],
            [
                -2.0,
                5.0
            ],
            [
                -2.0,
                5.0
            ],
            [
                1.0,
                8.0
            ],
            [
                -1.0,
                8.0
            ],
            [
                4.0,
                8.0
            ]
        ],
        "channel": 0,
        "closest_Dend": 0
    }
]