[
    {
        "type": 0,
        "location": [
            68,
            256
        ],
        "bgloc": [
            60,
            275
        ],
        "mean": [
            [
                64.5,
                69.11904761904762,
                65.44047619047619,
                51.80952380952381,
                39.035714285714285,
                54.48809523809524,
                60.916666666666664,
                48.416666666666664
            ]
        ],
        "min": [
            [
                9,
                11,
                7,
                11,
                7,
                11,
                16,
                11
            ]
        ],
        "max": [
            [
                143,
                166,
                155,
                124,
                113,
                116,
                115,
                116
            ]
        ],
        "RawIntDen": [
            [
                5418,
                5806,
                5497,
                4352,
                3279,
                4577,
                5117,
                4067
            ]
        ],
        "IntDen": [
            [
                23.600808000000004,
                25.290936000000002,
                23.944932,
                18.957312,
                14.283324000000002,
                19.937412000000002,
                22.289652000000004,
                17.715852
            ]
        ],
        "local_bg": [
            [
                7.059523809523809,
                7.571428571428571,
                7.642857142857143,
                8.845238095238095,
                8.369047619047619,
                8.595238095238095,
                10.05952380952381,
                8.261904761904763
            ]
        ],
        "area": [
            0.36590400000000006
        ],
        "distance": 1.2340709236283065,
        "points": [
            [
                68.00985741618973,
                262.36575723804566
            ],
            [
                64.26515370849759,
                260.50759736851944
            ],
            [
                63.23773808364861,
                255.7129911192242
            ],
            [
                62.35725799923426,
                251.0293108582767
            ],
            [
                67.68987245799418,
                250.91838486992896
            ],
            [
                71.11459120749078,
                252.28827236972762
            ],
            [
                73.65882987257302,
                255.8239171075719
            ],
            [
                70.48940741538428,
                258.878116612794
            ]
        ],
        "shift": [
            [
                0,
                0
            ],
            [
                -2.0,
                3.0
            ],
            [
                -3.0,
                3.0
            ],
            [
                -6.0,
                2.0
            ],
            [
                -7.0,
                4.0
            ],
            [
                -6.0,
                2.0
            ],
            [
                -5.0,
                2.0
            ],
            [
                -5.0,
                2.0
            ]
        ],
        "channel": 0,
        "closest_Dend": 0
    },
    {
        "type": 0,
        "location": [
            92,
            246
        ],
        "bgloc": [
            97,
            231
        ],
        "mean": [
            [
                47.05050505050505,
                37.60606060606061,
                36.7979797979798,
                26.404040404040405,
                30.90909090909091,
                28.939393939393938,
                27.484848484848484,
                27.050505050505052
            ]
        ],
        "min": [
            [
                15,
                11,
                11,
                7,
                10,
                9,
                9,
                9
            ]
        ],
        "max": [
            [
                106,
                91,
                102,
                61,
                80,
                90,
                69,
                90
            ]
        ],
        "RawIntDen": [
            [
                4658,
                3723,
                3643,
                2614,
                3060,
                2865,
                2721,
                2678
            ]
        ],
        "IntDen": [
            [
                20.290248000000002,
                16.217388000000003,
                15.868908000000001,
                11.386584000000001,
                13.329360000000001,
                12.479940000000001,
                11.852676,
                11.665368
            ]
        ],
        "local_bg": [
            [
                8.525252525252526,
                7.98989898989899,
                7.7272727272727275,
                7.808080808080808,
                8.343434343434344,
                8.141414141414142,
                9.262626262626263,
                9.252525252525253
            ]
        ],
        "area": [
            0.43124400000000007
        ],
        "distance": 2.4701965140120077,
        "points": [
            [
                91.72311053358833,
                251.62283849177086
            ],
            [
                87.32311053358832,
                250.22283849177086
            ],
            [
                83.12311053358833,
                245.82283849177085
            ],
            [
                87.070957987958,
                241.78212336331072
            ],
            [
                91.00537557942003,
                242.30175674648953
            ],
            [
                94.54513240773254,
                243.0556478673246
            ],
            [
                98.52311053358832,
                245.82283849177085
            ],
            [
                96.3176986115988,
                250.00144836210254
            ]
        ],
        "shift": [
            [
                0,
                0
            ],
            [
                0.0,
                1.0
            ],
            [
                -3.0,
                1.0
            ],
            [
                -1.0,
                1.0
            ],
            [
                -4.0,
                1.0
            ],
            [
                -6.0,
                0.0
            ],
            [
                -3.0,
                1.0
            ],
            [
                -4.0,
                0.0
            ]
        ],
        "channel": 0,
        "closest_Dend": 0
    },
    {
        "type": 0,
        "location": [
            86,
            264
        ],
        "bgloc": [
            77,
            284
        ],
        "mean": [
            [
                57.69607843137255,
                67.20588235294117,
                63.3921568627451,
                92.32352941176471,
                81.04901960784314,
                83.62745098039215,
                83.8921568627451,
                68.43137254901961
            ]
        ],
        "min": [
            [
                19,
                16,
                13,
                16,
                23,
                18,
                28,
                25
            ]
        ],
        "max": [
            [
                114,
                129,
                114,
                187,
                172,
                149,
                153,
                131
            ]
        ],
        "RawIntDen": [
            [
                5885,
                6855,
                6466,
                9417,
                8267,
                8530,
                8557,
                6980
            ]
        ],
        "IntDen": [
            [
                25.635060000000003,
                29.860380000000003,
                28.165896000000004,
                41.020452000000006,
                36.01105200000001,
                37.15668,
                37.274292,
                30.404880000000002
            ]
        ],
        "local_bg": [
            [
                6.411764705882353,
                6.784313725490196,
                6.803921568627451,
                7.598039215686274,
                7.372549019607843,
                7.117647058823529,
                7.647058823529412,
                7.107843137254902
            ]
        ],
        "area": [
            0.44431200000000004
        ],
        "distance": 2.5437318679301213,
        "points": [
            [
                86.24356053439377,
                268.91946348573003
            ],
            [
                82.13389803499786,
                267.54957598593137
            ],
            [
                79.39412303540058,
                263.7823853614851
            ],
            [
                79.39412303540058,
                259.33025098713955
            ],
            [
                85.2161449095448,
                259.33025098713955
            ],
            [
                90.35322303378969,
                260.70013848693816
            ],
            [
                92.40805428348764,
                264.8098009863341
            ],
            [
                91.52312870487307,
                269.50490049316704
            ]
        ],
        "shift": [
            [
                0,
                0
            ],
            [
                0.0,
                2.0
            ],
            [
                -3.0,
                2.0
            ],
            [
                -7.0,
                3.0
            ],
            [
                -6.0,
                4.0
            ],
            [
                -6.0,
                2.0
            ],
            [
                -3.0,
                2.0
            ],
            [
                -2.0,
                1.0
            ]
        ],
        "channel": 0,
        "closest_Dend": 0
    },
    {
        "type": 0,
        "location": [
            138,
            251
        ],
        "bgloc": [
            147,
            222
        ],
        "mean": [
            [
                28.29054054054054,
                30.06081081081081,
                33.851351351351354,
                37.46621621621622,
                36.4054054054054,
                40.777027027027025,
                35.263513513513516,
                42.229729729729726
            ]
        ],
        "min": [
            [
                9,
                9,
                7,
                9,
                7,
                8,
                8,
                9
            ]
        ],
        "max": [
            [
                55,
                84,
                75,
                82,
                81,
                101,
                83,
                85
            ]
        ],
        "RawIntDen": [
            [
                4187,
                4449,
                5010,
                5545,
                5388,
                6035,
                5219,
                6250
            ]
        ],
        "IntDen": [
            [
                18.238572,
                19.379844000000002,
                21.823560000000004,
                24.154020000000003,
                23.470128000000003,
                26.288460000000004,
                22.733964000000004,
                27.225
            ]
        ],
        "local_bg": [
            [
                6.216216216216216,
                5.121621621621622,
                5.148648648648648,
                5.027027027027027,
                5.256756756756757,
                5.351351351351352,
                5.121621621621622,
                5.5
            ]
        ],
        "area": [
            0.644688
        ],
        "distance": 5.503909656162587,
        "points": [
            [
                137.55413494772472,
                260.29096924507996
            ],
            [
                133.4444724483288,
                256.0280473693249
            ],
            [
                132.7595286984295,
                249.17860987033168
            ],
            [
                137.55413494772472,
                242.09096924507998
            ],
            [
                143.1541349477247,
                245.29096924508
            ],
            [
                143.95413494772473,
                250.89096924508
            ],
            [
                143.03368494691927,
                258.4253504939725
            ]
        ],
        "shift": [
            [
                0,
                0
            ],
            [
                -1.0,
                1.0
            ],
            [
                -4.0,
                2.0
            ],
            [
                -6.0,
                -0.0
            ],
            [
                -6.0,
                1.0
            ],
            [
                -6.0,
                1.0
            ],
            [
                -7.0,
                1.0
            ],
            [
                -5.0,
                1.0
            ]
        ],
        "channel": 0,
        "closest_Dend": 0
    },
    {
        "type": 0,
        "location": [
            220,
            271
        ],
        "bgloc": [
            216,
            253
        ],
        "mean": [
            [
                46.8984375,
                33.1796875,
                37.1953125,
                66.671875,
                38.1796875,
                55.671875,
                45.859375,
                45.2109375
            ]
        ],
        "min": [
            [
                8,
                7,
                8,
                10,
                7,
                12,
                9,
                10
            ]
        ],
        "max": [
            [
                110,
                76,
                81,
                154,
                116,
                160,
                104,
                132
            ]
        ],
        "RawIntDen": [
            [
                6003,
                4247,
                4761,
                8534,
                4887,
                7126,
                5870,
                5787
            ]
        ],
        "IntDen": [
            [
                26.149068000000003,
                18.499932,
                20.738916000000003,
                37.17410400000001,
                21.287772000000004,
                31.040856000000005,
                25.569720000000004,
                25.208172
            ]
        ],
        "local_bg": [
            [
                8.390625,
                7.953125,
                8.25,
                9.203125,
                8.6015625,
                8.8359375,
                8.7421875,
                9.28125
            ]
        ],
        "area": [
            0.5575680000000001
        ],
        "distance": 11.55810282338215,
        "points": [
            [
                220.3774974358444,
                277.21456299256295
            ],
            [
                216.15229799633642,
                275.8785634841191
            ],
            [
                214.78241049653778,
                271.7689009847232
            ],
            [
                216.15229799633642,
                266.28935098552864
            ],
            [
                220.3774974358444,
                264.21456299256295
            ],
            [
                225.7774974358444,
                265.6145629925629
            ],
            [
                227.57749743584438,
                271.01456299256296
            ],
            [
                225.3774974358444,
                276.01456299256296
            ]
        ],
        "shift": [
            [
                0,
                0
            ],
            [
                0,
                0
            ],
            [
                -5.0,
                1.0
            ],
            [
                -6.0,
                -1.0
            ],
            [
                -7.0,
                -2.0
            ],
            [
                -9.0,
                -1.0
            ],
            [
                -8.0,
                0.0
            ],
            [
                -7.0,
                2.0
            ]
        ],
        "channel": 0,
        "closest_Dend": 0
    },
    {
        "type": 0,
        "location": [
            220,
            296
        ],
        "bgloc": [
            226,
            326
        ],
        "mean": [
            [
                41.796954314720814,
                41.441624365482234,
                56.25888324873097,
                68.16243654822335,
                62.35532994923858,
                87.58375634517766,
                64.73604060913705,
                77.28426395939087
            ]
        ],
        "min": [
            [
                6,
                7,
                9,
                8,
                11,
                19,
                9,
                8
            ]
        ],
        "max": [
            [
                116,
                133,
                138,
                185,
                153,
                185,
                149,
                199
            ]
        ],
        "RawIntDen": [
            [
                8234,
                8164,
                11083,
                13428,
                12284,
                17254,
                12753,
                15225
            ]
        ],
        "IntDen": [
            [
                35.867304000000004,
                35.562384,
                48.277548,
                58.492368000000006,
                53.50910400000001,
                75.15842400000001,
                55.552068000000006,
                66.32010000000001
            ]
        ],
        "local_bg": [
            [
                5.568527918781726,
                5.441624365482234,
                5.380710659898477,
                6.01015228426396,
                5.949238578680203,
                6.258883248730965,
                6.324873096446701,
                6.365482233502538
            ]
        ],
        "area": [
            0.8581320000000001
        ],
        "distance": 11.234511200404146,
        "points": [
            [
                220.11727243544166,
                302.41231298853575
            ],
            [
                214.31727243544165,
                302.21231298853576
            ],
            [
                211.09746674663845,
                296.48215410212185
            ],
            [
                214.52218549613505,
                291.6875478528266
            ],
            [
                221.02915112017857,
                291.34507597787695
            ],
            [
                227.65165368433418,
                290.5902911143915
            ],
            [
                232.44625993362942,
                296.41231298853575
            ],
            [
                228.3365974342335,
                302.5768067376296
            ]
        ],
        "shift": [
            [
                0,
                0
            ],
            [
                0,
                0
            ],
            [
                -4.0,
                0.0
            ],
            [
                -1.0,
                1.0
            ],
            [
                -4.0,
                1.0
            ],
            [
                -5.0,
                1.0
            ],
            [
                -1.0,
                1.0
            ],
            [
                0.0,
                1.0
            ]
        ],
        "channel": 0,
        "closest_Dend": 0
    },
    {
        "type": 0,
        "location": [
            247,
            256
        ],
        "bgloc": [
            247,
            216
        ],
        "mean": [
            [
                30.09268292682927,
                33.458536585365856,
                31.819512195121952,
                43.517073170731706,
                33.014634146341464,
                36.4390243902439,
                34.707317073170735,
                33.4780487804878
            ]
        ],
        "min": [
            [
                6,
                6,
                7,
                7,
                8,
                7,
                7,
                8
            ]
        ],
        "max": [
            [
                99,
                117,
                88,
                114,
                85,
                86,
                85,
                76
            ]
        ],
        "RawIntDen": [
            [
                6169,
                6859,
                6523,
                8921,
                6768,
                7470,
                7115,
                6863
            ]
        ],
        "IntDen": [
            [
                26.872164,
                29.877804000000005,
                28.414188000000003,
                38.85987600000001,
                29.481408000000002,
                32.539320000000004,
                30.992940000000004,
                29.895228000000003
            ]
        ],
        "local_bg": [
            [
                5.453658536585366,
                5.278048780487805,
                4.848780487804878,
                5.0634146341463415,
                5.4,
                5.273170731707317,
                5.146341463414634,
                5.214634146341464
            ]
        ],
        "area": [
            0.8929800000000001
        ],
        "distance": 13.643179129907752,
        "points": [
            [
                247.14513493161581,
                267.4855754943752
            ],
            [
                240.57791048848333,
                264.5904759875423
            ],
            [
                238.3451349316158,
                255.68557549437523
            ],
            [
                241.94513493161583,
                250.48557549437524
            ],
            [
                247.14513493161581,
                249.68557549437523
            ],
            [
                252.3451349316158,
                250.48557549437524
            ],
            [
                253.3451349316158,
                255.68557549437523
            ],
            [
                252.22195423677175,
                263.905532237643
            ]
        ],
        "shift": [
            [
                0,
                0
            ],
            [
                0,
                0
            ],
            [
                -2.0,
                2.0
            ],
            [
                -4.0,
                3.0
            ],
            [
                -5.0,
                1.0
            ],
            [
                -6.0,
                -0.0
            ],
            [
                -5.0,
                2.0
            ],
            [
                -3.0,
                2.0
            ]
        ],
        "channel": 0,
        "closest_Dend": 0
    }
]