[
    {
        "type": 0,
        "location": [
            353,
            312
        ],
        "bgloc": [
            364,
            340
        ],
        "mean": [
            [
                59.497975708502025,
                56.40080971659919,
                41.75708502024292,
                76.91497975708502,
                60.283400809716596,
                61.64372469635627,
                64.29959514170041,
                110.92712550607287
            ]
        ],
        "min": [
            [
                5,
                8,
                5,
                8,
                8,
                12,
                8,
                11
            ]
        ],
        "max": [
            [
                178,
                200,
                189,
                200,
                170,
                178,
                190,
                238
            ]
        ],
        "RawIntDen": [
            [
                14696,
                13931,
                10314,
                18998,
                14890,
                15226,
                15882,
                27399
            ]
        ],
        "IntDen": [
            [
                64.015776,
                60.68343600000001,
                44.927784,
                82.75528800000001,
                64.86084000000001,
                66.32445600000001,
                69.18199200000001,
                119.35004400000001
            ]
        ],
        "local_bg": [
            [
                7.1417004048583,
                6.931174089068826,
                6.578947368421052,
                6.854251012145749,
                6.506072874493927,
                6.615384615384615,
                7.125506072874494,
                7.008097165991903
            ]
        ],
        "area": [
            1.075932
        ],
        "distance": 1.6881537450680024,
        "points": [
            [
                352.97487455115845,
                322.73055778362595
            ],
            [
                346.17487455115844,
                318.53055778362597
            ],
            [
                344.3748745511584,
                311.73055778362595
            ],
            [
                346.5748745511585,
                305.330557783626
            ],
            [
                352.97487455115845,
                302.53055778362597
            ],
            [
                358.77487455115846,
                305.93055778362594
            ],
            [
                361.3748745511584,
                311.73055778362595
            ],
            [
                360.17487455115844,
                318.93055778362594
            ]
        ],
        "shift": [
            [
                0,
                0
            ],
            [
                -1,
                0
            ],
            [
                1.0,
                1.0
            ],
            [
                3.0,
                0.0
            ],
            [
                2.0,
                1.0
            ],
            [
                0,
                0
            ],
            [
                2.0,
                3.0
            ],
            [
                -1,
                0
            ]
        ],
        "channel": 0,
        "closest_Dend": 0
    }
]