[
    {
        "type": 0,
        "location": [
            98,
            137
        ],
        "bgloc": [
            310,
            45
        ],
        "mean": [
            [
                32.16140350877193,
                30.856140350877194,
                27.189473684210526,
                24.178947368421053,
                30.59298245614035,
                23.56140350877193,
                25.56140350877193,
                30.575438596491228
            ]
        ],
        "min": [
            [
                4,
                4,
                5,
                4,
                5,
                4,
                4,
                4
            ]
        ],
        "max": [
            [
                121,
                100,
                96,
                109,
                107,
                108,
                122,
                99
            ]
        ],
        "RawIntDen": [
            [
                9166,
                8794,
                7749,
                6891,
                8719,
                6715,
                7285,
                8714
            ]
        ],
        "IntDen": [
            [
                11379.222360000002,
                10917.39924,
                9620.073540000001,
                8554.900860000002,
                10824.289740000002,
                8336.403900000001,
                9044.036100000001,
                10818.082440000002
            ]
        ],
        "local_bg": [
            [
                2.663157894736842,
                2.3508771929824563,
                2.2736842105263158,
                2.0842105263157893,
                2.354385964912281,
                2.543859649122807,
                2.550877192982456,
                2.624561403508772
            ]
        ],
        "area": [
            1.2414600000000002
        ],
        "distance": 7.447623290389181,
        "points": [
            [
                98.0,
                145.8
            ],
            [
                88.0,
                147.0
            ],
            [
                87.0,
                137.0
            ],
            [
                89.4,
                128.4
            ],
            [
                98.0,
                128.4
            ],
            [
                103.4,
                131.6
            ],
            [
                106.0,
                137.0
            ],
            [
                104.6,
                143.6
            ]
        ],
        "shift": null,
        "channel": 0,
        "closest_Dend": 0
    }
]