[
    {
        "type": 0,
        "location": [
            311,
            263
        ],
        "bgloc": [
            311,
            299
        ],
        "mean": [
            [
            42.458333333333336,
            58.78333333333333,
            57.25,
            69.75,
            50.36666666666667,
            59.59166666666667,
            52.15833333333333,
            37.0
            ]
        ],
        "min": [
            [
                5,
                6,
                6,
                6,
                6,
                7,
                6,
                5
            ]
        ],
        "max": [
            [
                107,
                149,
                124,
                156,
                143,
                149,
                143,
                128
            ]
        ],
        "RawIntDen": [
            [
                8456,
                11287,
                12068,
                13307,
                11525,
                14032,
                12745,
                10639
            ]
        ],
        "IntDen": [
            [
                11786.98752,
                15733.175040000002,
                16821.82656,
                18548.893440000003,
                16064.928000000002,
                19559.485440000004,
                17765.510400000003,
                14829.914880000002
            ]
        ],
        "local_bg": [
            [
                5.8625,
                5.746875,
                5.796875,
                5.884375,
                6.16875,
                5.959375,
                6.0375,
                5.9875
            ]
        ],
        "area": [
            1.39392
        ],
        "distance": 8.78227258433776,
        "points": [
            [
                311.0,
                270.6
            ],
            [
                306.0,
                268.0
            ],
            [
                305.0,
                263.0
            ],
            [
                305.2,
                257.2
            ],
            [
                311.0,
                253.2
            ],
            [
                320.8,
                253.2
            ],
            [
                324.2,
                263.0
            ],
            [
                323.6,
                275.6
            ]
        ],
        "shift": null,
        "channel": 0,
        "closest_Dend": 0
    },
    {
        "type": 0,
        "location": [
            359,
            258
        ],
        "bgloc": [
            357,
            279
        ],
        "mean": [
            [
            61.0,
            88.52136752136752,
            68.86324786324786,
            84.28205128205128,
            57.17948717948718,
            55.666666666666664,
            63.15384615384615,
            71.54700854700855
            ]
        ],
        "min": [
            [
                5,
                6,
                6,
                6,
                6,
                6,
                10,
                9
            ]
        ],
        "max": [
            [
                167,
                229,
                186,
                191,
                157,
                166,
                205,
                197
            ]
        ],
        "RawIntDen": [
            [
                13049,
                16666,
                13675,
                16681,
                16183,
                19278,
                22899,
                25997
            ]
        ],
        "IntDen": [
            [
                20349.236952000003,
                25989.760368000003,
                21325.4514,
                26013.152088000003,
                25236.546984000004,
                30063.038544000003,
                35709.799752000006,
                40540.969656
            ]
        ],
        "local_bg": [
            [
                7.572625698324022,
                7.692737430167598,
                7.64245810055866,
                7.927374301675978,
                8.61731843575419,
                8.90782122905028,
                10.136871508379889,
                14.005586592178771
            ]
        ],
        "area": [
            1.5594480000000002
        ],
        "distance": 5.555070612845192,
        "points": [
            [
                359.0,
                264.8
            ],
            [
                354.0,
                263.0
            ],
            [
                350.0,
                258.0
            ],
            [
                351.8,
                250.8
            ],
            [
                359.0,
                251.2
            ],
            [
                365.8,
                251.2
            ],
            [
                380.0,
                258.0
            ],
            [
                371.0,
                270.0
            ]
        ],
        "shift": null,
        "channel": 0,
        "closest_Dend": 0
    },
    {
        "type": 0,
        "location": [
            322,
            228
        ],
        "bgloc": [
            322,
            194
        ],
        "mean": [
            [
            66.20731707317073,
            67.45731707317073,
            76.32317073170732,
            76.51219512195122,
            113.09146341463415,
            87.01219512195122,
            78.79268292682927,
            71.78048780487805
            ]
        ],
        "min": [
            [
                8,
                7,
                8,
                9,
                8,
                6,
                6,
                4
            ]
        ],
        "max": [
            [
                162,
                169,
                173,
                200,
                221,
                245,
                175,
                136
            ]
        ],
        "RawIntDen": [
            [
                13108,
                14632,
                15908,
                16235,
                20566,
                16770,
                9324,
                4926
            ]
        ],
        "IntDen": [
            [
                15416.580960000001,
                17208.98784,
                18709.71696,
                19094.308200000003,
                24188.08392,
                19723.532400000004,
                10966.142880000001,
                5793.567120000001
            ]
        ],
        "local_bg": [
            [
                5.803703703703704,
                5.229629629629629,
                5.503703703703704,
                5.685185185185185,
                5.762962962962963,
                5.837037037037037,
                5.444444444444445,
                5.4148148148148145
            ]
        ],
        "area": [
            1.17612
        ],
        "distance": 8.32027258433776,
        "points": [
            [
                322.0,
                238.2
            ],
            [
                314.0,
                236.0
            ],
            [
                314.2,
                228.0
            ],
            [
                317.6,
                223.6
            ],
            [
                322.0,
                222.0
            ],
            [
                327.4,
                222.6
            ],
            [
                334.8,
                228.0
            ],
            [
                332.0,
                238.0
            ]
        ],
        "shift": null,
        "channel": 0,
        "closest_Dend": 0
    }
]