[
    {
        "type": 0,
        "location": [
            311,
            263
        ],
        "bgloc": [
            311,
            299
        ],
        "mean": [
            [
            42.458333333333336,
            58.78333333333333,
            57.25,
            69.75,
            50.36666666666667,
            59.59166666666667,
            52.15833333333333,
            37.0
            ]
        ],
        "min": [
            [
                5,
                6,
                6,
                6,
                6,
                7,
                6,
                5
            ]
        ],
        "max": [
            [
                107,
                149,
                124,
                156,
                143,
                149,
                143,
                128
            ]
        ],
        "RawIntDen": [
            [
                13587,
                18811,
                18320,
                22320,
                16117,
                19069,
                16691,
                11840
            ]
        ],
        "IntDen": [
            [
                18938.7264,
                26220.56448,
                25536.6144,
                31112.2944,
                22466.27328,
                26581.12512,
                23265.45408,
                16504.0128
            ]
        ],
        "local_bg": [
            [
                5.8625,
                5.746875,
                5.796875,
                5.884375,
                6.16875,
                5.959375,
                6.0375,
                5.9875
            ]
        ],
        "area": [
            1.39392
        ],
        "distance": 8.78227258433776,
        "points": [
            [
                311.0,
                270.6
            ],
            [
                306.0,
                268.0
            ],
            [
                305.0,
                263.0
            ],
            [
                305.2,
                257.2
            ],
            [
                311.0,
                253.2
            ],
            [
                320.8,
                253.2
            ],
            [
                324.2,
                263.0
            ],
            [
                323.6,
                275.6
            ]
        ],
        "shift": null,
        "channel": 0,
        "closest_Dend": 0
    },
    {
        "type": 0,
        "location": [
            359,
            258
        ],
        "bgloc": [
            357,
            279
        ],
        "mean": [
            [
            61.0,
            88.52136752136752,
            68.86324786324786,
            84.28205128205128,
            57.17948717948718,
            55.666666666666664,
            63.15384615384615,
            71.54700854700855
            ]
        ],
        "min": [
            [
                5,
                6,
                6,
                6,
                6,
                6,
                10,
                9
            ]
        ],
        "max": [
            [
                167,
                229,
                186,
                191,
                157,
                166,
                205,
                197
            ]
        ],
        "RawIntDen": [
            [
                21838,
                31691,
                24653,
                30173,
                20470,
                19929,
                22609,
                25614
            ]
        ],
        "IntDen": [
            [
                34055.22542,
                49419.92009,
                38445.13819,
                47053.18452,
                31922.30042,
                31077.71938,
                35257.67979,
                39943.4345
            ]
        ],
        "local_bg": [
            [
                7.572625698324022,
                7.692737430167598,
                7.64245810055866,
                7.927374301675978,
                8.61731843575419,
                8.90782122905028,
                10.136871508379889,
                14.005586592178771
            ]
        ],
        "area": [
            1.5594480000000002
        ],
        "distance": 5.555070612845192,
        "points": [
            [
                359.0,
                264.8
            ],
            [
                354.0,
                263.0
            ],
            [
                350.0,
                258.0
            ],
            [
                351.8,
                250.8
            ],
            [
                359.0,
                251.2
            ],
            [
                365.8,
                251.2
            ],
            [
                380.0,
                258.0
            ],
            [
                371.0,
                270.0
            ]
        ],
        "shift": null,
        "channel": 0,
        "closest_Dend": 0
    },
    {
        "type": 0,
        "location": [
            322,
            228
        ],
        "bgloc": [
            322,
            194
        ],
        "mean": [
            [
            66.20731707317073,
            67.45731707317073,
            76.32317073170732,
            101.00910999000001,
            113.09146341463415,
            87.01219512195122,
            78.79268292682927,
            71.78048780487805
            ]
        ],
        "min": [
            [
                8,
                7,
                8,
                9,
                8,
                6,
                6,
                4
            ]
        ],
        "max": [
            [
                162,
                169,
                173,
                200,
                221,
                245,
                175,
                136
            ]
        ],
        "RawIntDen": [
            [
                17876,
                18213,
                20607,
                27272,
                30535,
                23493,
                21274,
                19381
            ]
        ],
        "IntDen": [
            [
                21024.29243,
                21421.23293,
                24236.60604,
                32075.6853,
                35912.46563,
                27630.93139,
                25020.80557,
                22794.06618
            ]
        ],
        "local_bg": [
            [
                5.803703703703704,
                5.229629629629629,
                5.503703703703704,
                5.685185185185185,
                5.762962962962963,
                5.837037037037037,
                5.444444444444445,
                5.4148148148148145
            ]
        ],
        "area": [
            1.17612
        ],
        "distance": 8.32027258433776,
        "points": [
            [
                322.0,
                238.2
            ],
            [
                314.0,
                236.0
            ],
            [
                314.2,
                228.0
            ],
            [
                317.6,
                223.6
            ],
            [
                322.0,
                222.0
            ],
            [
                327.4,
                222.6
            ],
            [
                334.8,
                228.0
            ],
            [
                332.0,
                238.0
            ]
        ],
        "shift": null,
        "channel": 0,
        "closest_Dend": 0
    }
]