[
    {
        "type": 0,
        "location": [
            45,
            278
        ],
        "bgloc": [
            53,
            299
        ],
        "mean": [
            [
                83.80272108843538,
                54.095238095238095,
                66.28571428571429,
                51.38775510204081,
                46.51020408163265,
                45.142857142857146,
                67.10204081632654,
                66.84353741496598
            ]
        ],
        "min": [
            [
                19,
                6,
                10,
                10,
                7,
                5,
                13,
                11
            ]
        ],
        "max": [
            [
                174,
                159,
                164,
                126,
                120,
                111,
                141,
                157
            ]
        ],
        "RawIntDen": [
            [
                12319,
                7952,
                9744,
                7554,
                6837,
                6636,
                9864,
                9826
            ]
        ],
        "IntDen": [
            [
                4.9276,
                3.1808,
                3.8976,
                3.0216000000000003,
                2.7348000000000003,
                2.6544000000000003,
                3.9456,
                3.9304
            ]
        ],
        "local_bg": [
            [
                6.761904761904762,
                6.217687074829932,
                5.149659863945578,
                5.204081632653061,
                6.578231292517007,
                7.095238095238095,
                5.925170068027211,
                5.537414965986395
            ]
        ],
        "area": [
            0.058800000000000005
        ],
        "distance": 0.4748034775229983,
        "points": [
            [
                44.9336232721609,
                284.6849019297643
            ],
            [
                38.9336232721609,
                284.2849019297643
            ],
            [
                31.9336232721609,
                278.2849019297643
            ],
            [
                40.133623272160904,
                273.4849019297643
            ],
            [
                44.9336232721609,
                272.0849019297643
            ],
            [
                48.133623272160904,
                275.0849019297643
            ],
            [
                49.9336232721609,
                278.2849019297643
            ],
            [
                49.7336232721609,
                283.0849019297643
            ]
        ],
        "shift": [
            [
                0,
                0
            ],
            [
                1,
                0
            ],
            [
                -1,
                0
            ],
            [
                0,
                0
            ],
            [
                0,
                0
            ],
            [
                0,
                0
            ],
            [
                -12.0,
                -1.0
            ],
            [
                -11.0,
                -1.0
            ]
        ],
        "channel": 0,
        "closest_Dend": 0,
        "distance_to_Dend": [
            0.3553826495289367,
            0.22654831257600336,
            0.11495846326331105
        ]
    },
    {
        "type": 0,
        "location": [
            82,
            273
        ],
        "bgloc": [
            80,
            292
        ],
        "mean": [
            [
                68.07619047619048,
                86.67619047619047,
                86.3047619047619,
                59.55238095238095,
                38.41904761904762,
                40.12380952380953,
                55.923809523809524,
                46.885714285714286
            ]
        ],
        "min": [
            [
                19,
                21,
                17,
                7,
                5,
                9,
                5,
                9
            ]
        ],
        "max": [
            [
                131,
                147,
                179,
                152,
                133,
                126,
                144,
                119
            ]
        ],
        "RawIntDen": [
            [
                7148,
                9101,
                9062,
                6253,
                4034,
                4213,
                5872,
                4923
            ]
        ],
        "IntDen": [
            [
                2.8592,
                3.6404,
                3.6248,
                2.5012000000000003,
                1.6136000000000001,
                1.6852,
                2.3488,
                1.9692
            ]
        ],
        "local_bg": [
            [
                6.904761904761905,
                6.847619047619047,
                6.180952380952381,
                5.619047619047619,
                7.0095238095238095,
                6.9904761904761905,
                5.9523809523809526,
                6.123809523809523
            ]
        ],
        "area": [
            0.042
        ],
        "distance": 1.283492654488951,
        "points": [
            [
                82.40092078559758,
                277.5047739032128
            ],
            [
                78.20092078559757,
                276.7047739032128
            ],
            [
                75.00092078559757,
                272.5047739032128
            ],
            [
                76.60092078559758,
                266.7047739032128
            ],
            [
                82.40092078559758,
                267.30477390321283
            ],
            [
                87.60092078559758,
                267.30477390321283
            ],
            [
                87.40092078559758,
                272.5047739032128
            ],
            [
                85.60092078559758,
                275.7047739032128
            ]
        ],
        "shift": [
            [
                0,
                0
            ],
            [
                0,
                0
            ],
            [
                1,
                0
            ],
            [
                2,
                0
            ],
            [
                -5.0,
                4.0
            ],
            [
                2,
                0
            ],
            [
                -10.0,
                0.0
            ],
            [
                -8.0,
                1.0
            ]
        ],
        "channel": 0,
        "closest_Dend": 0,
        "distance_to_Dend": [
            0.2953036323754207,
            0.19480910716723224,
            0.091463911237294
        ]
    },
    {
        "type": 0,
        "location": [
            104,
            257
        ],
        "bgloc": [
            104,
            243
        ],
        "mean": [
            [
                73.23809523809524,
                55.87619047619047,
                59.02857142857143,
                83.6952380952381,
                81.6,
                83.4095238095238,
                100.85714285714286,
                108.94285714285714
            ]
        ],
        "min": [
            [
                5,
                6,
                6,
                9,
                12,
                17,
                26,
                33
            ]
        ],
        "max": [
            [
                181,
                157,
                186,
                212,
                192,
                160,
                156,
                205
            ]
        ],
        "RawIntDen": [
            [
                7690,
                5867,
                6198,
                8788,
                8568,
                8758,
                10590,
                11439
            ]
        ],
        "IntDen": [
            [
                3.076,
                2.3468,
                2.4792,
                3.5152,
                3.4272,
                3.5032,
                4.236,
                4.5756000000000006
            ]
        ],
        "local_bg": [
            [
                8.628571428571428,
                7.752380952380952,
                7.914285714285715,
                8.742857142857142,
                8.485714285714286,
                8.866666666666667,
                8.847619047619048,
                8.485714285714286
            ]
        ],
        "area": [
            0.042
        ],
        "distance": 1.7090981817900146,
        "points": [
            [
                104.0,
                261.2
            ],
            [
                99.8,
                261.2
            ],
            [
                97.6,
                257.0
            ],
            [
                98.8,
                251.8
            ],
            [
                104.0,
                251.8
            ],
            [
                108.0,
                253.0
            ],
            [
                111.0,
                257.0
            ],
            [
                108.2,
                261.2
            ]
        ],
        "shift": [
            [
                0,
                0
            ],
            [
                0,
                0
            ],
            [
                -2,
                0
            ],
            [
                -2,
                0
            ],
            [
                -1,
                0
            ],
            [
                -1,
                0
            ],
            [
                -4,
                0
            ],
            [
                -4,
                0
            ]
        ],
        "channel": 0,
        "closest_Dend": 0,
        "distance_to_Dend": [
            0.26523951440160626,
            0.14,
            0.05600000000000023
        ]
    },
    {
        "type": 0,
        "location": [
            137,
            271
        ],
        "bgloc": [
            141,
            288
        ],
        "mean": [
            [
                49.16379310344828,
                65.41379310344827,
                52.43103448275862,
                54.706896551724135,
                50.41379310344828,
                36.01724137931034,
                32.12068965517241,
                29.844827586206897
            ]
        ],
        "min": [
            [
                8,
                10,
                10,
                7,
                8,
                7,
                4,
                6
            ]
        ],
        "max": [
            [
                135,
                162,
                137,
                153,
                103,
                75,
                83,
                88
            ]
        ],
        "RawIntDen": [
            [
                5703,
                7588,
                6082,
                6346,
                5848,
                4178,
                3726,
                3462
            ]
        ],
        "IntDen": [
            [
                2.2812,
                3.0352,
                2.4328000000000003,
                2.5384,
                2.3392,
                1.6712,
                1.4904000000000002,
                1.3848
            ]
        ],
        "local_bg": [
            [
                6.448275862068965,
                6.775862068965517,
                6.120689655172414,
                6.181034482758621,
                6.120689655172414,
                6.370689655172414,
                5.724137931034483,
                5.568965517241379
            ]
        ],
        "area": [
            0.046400000000000004
        ],
        "distance": 2.3247514456836607,
        "points": [
            [
                136.9105227769616,
                276.5643898235582
            ],
            [
                131.1105227769616,
                276.96438982355824
            ],
            [
                127.31052277696162,
                271.1643898235582
            ],
            [
                133.1105227769616,
                267.3643898235582
            ],
            [
                136.9105227769616,
                265.96438982355824
            ],
            [
                140.31052277696162,
                267.76438982355825
            ],
            [
                143.71052277696162,
                271.1643898235582
            ],
            [
                141.31052277696162,
                275.5643898235582
            ]
        ],
        "shift": [
            [
                0,
                0
            ],
            [
                2,
                0
            ],
            [
                3,
                0
            ],
            [
                3,
                0
            ],
            [
                3,
                0
            ],
            [
                -1.0,
                3.0
            ],
            [
                0,
                0
            ],
            [
                -3.0,
                2.0
            ]
        ],
        "channel": 0,
        "closest_Dend": 0,
        "distance_to_Dend": [
            0.3029049101869837,
            0.18593630009309006,
            0.08986827967813621
        ]
    },
    {
        "type": 0,
        "location": [
            156,
            246
        ],
        "bgloc": [
            150,
            231
        ],
        "mean": [
            [
                87.38524590163935,
                69.5,
                58.57377049180328,
                73.28688524590164,
                72.10655737704919,
                71.06557377049181,
                63.15573770491803,
                45.049180327868854
            ]
        ],
        "min": [
            [
                15,
                10,
                7,
                8,
                15,
                11,
                9,
                7
            ]
        ],
        "max": [
            [
                240,
                186,
                170,
                181,
                161,
                165,
                176,
                158
            ]
        ],
        "RawIntDen": [
            [
                10661,
                8479,
                7146,
                8941,
                8797,
                8670,
                7705,
                5496
            ]
        ],
        "IntDen": [
            [
                4.2644,
                3.3916,
                2.8584,
                3.5764,
                3.5188,
                3.468,
                3.0820000000000003,
                2.1984
            ]
        ],
        "local_bg": [
            [
                7.401639344262295,
                7.122950819672131,
                6.934426229508197,
                7.688524590163935,
                7.19672131147541,
                6.639344262295082,
                7.737704918032787,
                7.598360655737705
            ]
        ],
        "area": [
            0.0488
        ],
        "distance": 2.8430765199087196,
        "points": [
            [
                156.2932113345435,
                250.6797808677035
            ],
            [
                148.8932113345435,
                253.4797808677035
            ],
            [
                148.2932113345435,
                246.0797808677035
            ],
            [
                152.4932113345435,
                242.2797808677035
            ],
            [
                156.2932113345435,
                241.4797808677035
            ],
            [
                159.8932113345435,
                242.4797808677035
            ],
            [
                165.4932113345435,
                246.0797808677035
            ],
            [
                159.8932113345435,
                249.6797808677035
            ]
        ],
        "shift": [
            [
                0,
                0
            ],
            [
                2,
                0
            ],
            [
                -4.0,
                0.0
            ],
            [
                1,
                0
            ],
            [
                -4.0,
                1.0
            ],
            [
                1,
                0
            ],
            [
                -7.0,
                -2.0
            ],
            [
                -5.0,
                -1.0
            ]
        ],
        "channel": 0,
        "closest_Dend": 0,
        "distance_to_Dend": [
            0.2616657515175446,
            0.15598408406872355,
            0.07417407298678078
        ]
    },
    {
        "type": 0,
        "location": [
            205,
            271
        ],
        "bgloc": [
            202,
            306
        ],
        "mean": [
            [
                51.957671957671955,
                48.73015873015873,
                50.76190476190476,
                45.851851851851855,
                48.89417989417989,
                49.592592592592595,
                45.16931216931217,
                45.86243386243386
            ]
        ],
        "min": [
            [
                6,
                4,
                9,
                5,
                7,
                9,
                6,
                7
            ]
        ],
        "max": [
            [
                149,
                125,
                160,
                113,
                127,
                147,
                126,
                120
            ]
        ],
        "RawIntDen": [
            [
                9820,
                9210,
                9594,
                8666,
                9241,
                9373,
                8537,
                8668
            ]
        ],
        "IntDen": [
            [
                3.9280000000000004,
                3.684,
                3.8376,
                3.4664,
                3.6964,
                3.7492,
                3.4148,
                3.4672
            ]
        ],
        "local_bg": [
            [
                3.5291005291005293,
                3.35978835978836,
                2.8306878306878307,
                2.582010582010582,
                4.037037037037037,
                2.5502645502645502,
                3.132275132275132,
                3.0476190476190474
            ]
        ],
        "area": [
            0.0756
        ],
        "distance": 3.794934360172269,
        "points": [
            [
                204.88102095418628,
                277.2438777173522
            ],
            [
                199.88102095418628,
                276.0438777173522
            ],
            [
                200.48102095418628,
                271.0438777173522
            ],
            [
                201.2810209541863,
                267.44387771735217
            ],
            [
                204.88102095418628,
                261.6438777173522
            ],
            [
                213.48102095418628,
                262.44387771735217
            ],
            [
                215.48102095418628,
                271.0438777173522
            ],
            [
                210.88102095418628,
                277.0438777173522
            ]
        ],
        "shift": [
            [
                0,
                0
            ],
            [
                0,
                -1
            ],
            [
                0,
                -5
            ],
            [
                -5.0,
                0.0
            ],
            [
                -6.0,
                -1.0
            ],
            [
                -5.0,
                -1.0
            ],
            [
                -10.0,
                -1.0
            ],
            [
                -7.0,
                -2.0
            ]
        ],
        "channel": 0,
        "closest_Dend": 0,
        "distance_to_Dend": [
            0.4852676641631429,
            0.3574056848028746,
            0.17056997873910507
        ]
    },
    {
        "type": 0,
        "location": [
            225,
            246
        ],
        "bgloc": [
            225,
            229
        ],
        "mean": [
            [
                65.929203539823,
                42.7787610619469,
                29.053097345132745,
                20.707964601769913,
                33.08849557522124,
                49.64601769911504,
                27.04424778761062,
                37.86725663716814
            ]
        ],
        "min": [
            [
                12,
                5,
                5,
                4,
                5,
                5,
                5,
                4
            ]
        ],
        "max": [
            [
                144,
                149,
                111,
                74,
                106,
                152,
                96,
                119
            ]
        ],
        "RawIntDen": [
            [
                7450,
                4834,
                3283,
                2340,
                3739,
                5610,
                3056,
                4279
            ]
        ],
        "IntDen": [
            [
                2.98,
                1.9336,
                1.3132000000000001,
                0.936,
                1.4956,
                2.244,
                1.2224000000000002,
                1.7116
            ]
        ],
        "local_bg": [
            [
                5.902654867256637,
                5.654867256637168,
                5.300884955752212,
                5.283185840707965,
                5.79646017699115,
                4.893805309734513,
                5.274336283185841,
                5.017699115044247
            ]
        ],
        "area": [
            0.045200000000000004
        ],
        "distance": 4.161627894331505,
        "points": [
            [
                225.28486175073192,
                250.659908894255
            ],
            [
                220.88486175073191,
                250.259908894255
            ],
            [
                217.88486175073191,
                245.859908894255
            ],
            [
                220.88486175073191,
                241.459908894255
            ],
            [
                225.28486175073192,
                240.659908894255
            ],
            [
                229.4848617507319,
                241.659908894255
            ],
            [
                233.68486175073193,
                245.859908894255
            ],
            [
                230.08486175073193,
                250.659908894255
            ]
        ],
        "shift": [
            [
                0,
                0
            ],
            [
                0,
                -1
            ],
            [
                1,
                -1
            ],
            [
                0,
                -1
            ],
            [
                1,
                -1
            ],
            [
                -2.0,
                1.0
            ],
            [
                -2,
                -1
            ],
            [
                -4.0,
                2.0
            ]
        ],
        "channel": 0,
        "closest_Dend": 0,
        "distance_to_Dend": [
            0.2702159117772966,
            0.16626703953130592,
            0.07044831336682252
        ]
    },
    {
        "type": 0,
        "location": [
            278,
            271
        ],
        "bgloc": [
            278,
            299
        ],
        "mean": [
            [
                63.82394366197183,
                66.30985915492958,
                67.83802816901408,
                74.58450704225352,
                76.8943661971831,
                91.21830985915493,
                50.647887323943664,
                98.20422535211267
            ]
        ],
        "min": [
            [
                9,
                7,
                7,
                9,
                7,
                15,
                5,
                26
            ]
        ],
        "max": [
            [
                175,
                173,
                178,
                203,
                225,
                185,
                212,
                206
            ]
        ],
        "RawIntDen": [
            [
                9063,
                9416,
                9633,
                10591,
                10919,
                12953,
                7192,
                13945
            ]
        ],
        "IntDen": [
            [
                3.6252,
                3.7664,
                3.8532,
                4.236400000000001,
                4.3676,
                5.1812000000000005,
                2.8768000000000002,
                5.578
            ]
        ],
        "local_bg": [
            [
                3.6267605633802815,
                3.591549295774648,
                2.76056338028169,
                2.3732394366197185,
                4.471830985915493,
                4.119718309859155,
                3.23943661971831,
                3.528169014084507
            ]
        ],
        "area": [
            0.0568
        ],
        "distance": 5.2301479153590895,
        "points": [
            [
                277.9931834765808,
                276.0438777173522
            ],
            [
                273.9931834765808,
                275.0438777173522
            ],
            [
                269.5931834765808,
                271.0438777173522
            ],
            [
                270.19318347658077,
                263.2438777173522
            ],
            [
                277.9931834765808,
                263.44387771735217
            ],
            [
                282.39318347658076,
                266.6438777173522
            ],
            [
                284.39318347658076,
                271.0438777173522
            ],
            [
                281.5931834765808,
                274.6438777173522
            ]
        ],
        "shift": [
            [
                0,
                0
            ],
            [
                1,
                0
            ],
            [
                2,
                0
            ],
            [
                2,
                0
            ],
            [
                2,
                0
            ],
            [
                -4.0,
                0.0
            ],
            [
                2,
                0
            ],
            [
                -6.0,
                -2.0
            ]
        ],
        "channel": 0,
        "closest_Dend": 0,
        "distance_to_Dend": [
            0.38,
            0.28,
            0.1280000000000001
        ]
    },
    {
        "type": 0,
        "location": [
            297,
            251
        ],
        "bgloc": [
            297,
            237
        ],
        "mean": [
            [
                77.16666666666667,
                25.322222222222223,
                18.92222222222222,
                17.233333333333334,
                19.766666666666666,
                21.766666666666666,
                29.366666666666667,
                28.91111111111111
            ]
        ],
        "min": [
            [
                20,
                5,
                6,
                4,
                4,
                4,
                3,
                5
            ]
        ],
        "max": [
            [
                182,
                86,
                65,
                66,
                77,
                77,
                99,
                90
            ]
        ],
        "RawIntDen": [
            [
                6945,
                2279,
                1703,
                1551,
                1779,
                1959,
                2643,
                2602
            ]
        ],
        "IntDen": [
            [
                2.778,
                0.9116000000000001,
                0.6812,
                0.6204000000000001,
                0.7116,
                0.7836000000000001,
                1.0572000000000001,
                1.0408
            ]
        ],
        "local_bg": [
            [
                7.666666666666667,
                6.955555555555556,
                7.5,
                7.355555555555555,
                7.888888888888889,
                6.511111111111111,
                7.344444444444444,
                6.877777777777778
            ]
        ],
        "area": [
            0.036000000000000004
        ],
        "distance": 5.610735642677618,
        "points": [
            [
                297.3970242731264,
                254.84003692080654
            ],
            [
                293.19702427312643,
                254.84003692080654
            ],
            [
                290.99702427312644,
                250.64003692080655
            ],
            [
                292.7970242731264,
                246.04003692080656
            ],
            [
                297.3970242731264,
                245.64003692080655
            ],
            [
                301.5970242731264,
                246.44003692080656
            ],
            [
                303.5970242731264,
                250.64003692080655
            ],
            [
                301.5970242731264,
                254.84003692080654
            ]
        ],
        "shift": [
            [
                0,
                0
            ],
            [
                0,
                -3
            ],
            [
                0,
                -4
            ],
            [
                0,
                -4
            ],
            [
                0.0,
                -3.0
            ],
            [
                -3.0,
                -3.0
            ],
            [
                -7.0,
                -4.0
            ],
            [
                -4.0,
                -2.0
            ]
        ],
        "channel": 0,
        "closest_Dend": 0,
        "distance_to_Dend": [
            0.24957563983690403,
            0.14,
            0.05600000000000023
        ]
    },
    {
        "type": 0,
        "location": [
            341,
            261
        ],
        "bgloc": [
            346,
            278
        ],
        "mean": [
            [
                46.92168674698795,
                52.204819277108435,
                52.98192771084337,
                44.93975903614458,
                47.19879518072289,
                45.80120481927711,
                36.74096385542169,
                36.39156626506024
            ]
        ],
        "min": [
            [
                7,
                5,
                9,
                8,
                8,
                10,
                5,
                6
            ]
        ],
        "max": [
            [
                120,
                125,
                110,
                100,
                106,
                98,
                113,
                110
            ]
        ],
        "RawIntDen": [
            [
                7789,
                8666,
                8795,
                7460,
                7835,
                7603,
                6099,
                6041
            ]
        ],
        "IntDen": [
            [
                3.1156,
                3.4664,
                3.5180000000000002,
                2.984,
                3.1340000000000003,
                3.0412000000000003,
                2.4396,
                2.4164000000000003
            ]
        ],
        "local_bg": [
            [
                5.313253012048193,
                5.542168674698795,
                5.433734939759036,
                5.385542168674699,
                6.849397590361446,
                5.771084337349397,
                5.475903614457831,
                5.457831325301205
            ]
        ],
        "area": [
            0.0664
        ],
        "distance": 6.452414890967851,
        "points": [
            [
                340.74380968035695,
                270.6425974518369
            ],
            [
                334.34380968035697,
                267.6425974518369
            ],
            [
                329.74380968035695,
                261.2425974518369
            ],
            [
                336.54380968035696,
                257.04259745183697
            ],
            [
                340.74380968035695,
                256.04259745183697
            ],
            [
                345.94380968035694,
                256.04259745183697
            ],
            [
                347.74380968035695,
                261.2425974518369
            ],
            [
                345.34380968035697,
                265.8425974518369
            ]
        ],
        "shift": [
            [
                0,
                0
            ],
            [
                3,
                0
            ],
            [
                1,
                0
            ],
            [
                1,
                0
            ],
            [
                -1.0,
                4.0
            ],
            [
                -2.0,
                2.0
            ],
            [
                -2.0,
                4.0
            ],
            [
                -6.0,
                3.0
            ]
        ],
        "channel": 0,
        "closest_Dend": 0,
        "distance_to_Dend": [
            0.36912460358661064,
            0.18527408476763926,
            0.09115712600571378
        ]
    },
    {
        "type": 0,
        "location": [
            362,
            256
        ],
        "bgloc": [
            366,
            274
        ],
        "mean": [
            [
                73.78378378378379,
                71.4,
                71.15675675675676,
                79.5945945945946,
                79.05945945945946,
                75.65945945945946,
                64.92972972972973,
                81.91351351351351
            ]
        ],
        "min": [
            [
                4,
                5,
                21,
                19,
                19,
                8,
                7,
                4
            ]
        ],
        "max": [
            [
                185,
                168,
                162,
                165,
                169,
                176,
                192,
                210
            ]
        ],
        "RawIntDen": [
            [
                13650,
                13209,
                13164,
                14725,
                14626,
                13997,
                12012,
                15154
            ]
        ],
        "IntDen": [
            [
                5.46,
                5.2836,
                5.2656,
                5.890000000000001,
                5.8504000000000005,
                5.598800000000001,
                4.8048,
                6.0616
            ]
        ],
        "local_bg": [
            [
                6.048648648648649,
                6.210810810810811,
                5.65945945945946,
                5.972972972972973,
                6.848648648648648,
                6.389189189189189,
                5.248648648648649,
                5.789189189189189
            ]
        ],
        "area": [
            0.07400000000000001
        ],
        "distance": 6.895889393307232,
        "points": [
            [
                362.24701034414494,
                263.5618292925278
            ],
            [
                355.84701034414496,
                261.9618292925278
            ],
            [
                352.84701034414496,
                255.56182929252782
            ],
            [
                357.84701034414496,
                251.1618292925278
            ],
            [
                362.24701034414494,
                249.96182929252782
            ],
            [
                369.4470103441449,
                248.36182929252783
            ],
            [
                370.04701034414495,
                255.56182929252782
            ],
            [
                368.24701034414494,
                261.5618292925278
            ]
        ],
        "shift": [
            [
                0,
                0
            ],
            [
                2,
                0
            ],
            [
                0,
                0
            ],
            [
                0,
                0
            ],
            [
                0,
                0
            ],
            [
                1,
                0
            ],
            [
                -4.0,
                3.0
            ],
            [
                -4.0,
                3.0
            ]
        ],
        "channel": 0,
        "closest_Dend": 0,
        "distance_to_Dend": [
            0.3514005591076605,
            0.1940285000290664,
            0.08958991539886903
        ]
    },
    {
        "type": 0,
        "location": [
            412,
            239
        ],
        "bgloc": [
            415,
            224
        ],
        "mean": [
            [
                55.95049504950495,
                45.103960396039604,
                38.82673267326733,
                26.698019801980198,
                43.2029702970297,
                46.14356435643565,
                41.89108910891089,
                39.618811881188115
            ]
        ],
        "min": [
            [
                7,
                4,
                4,
                1,
                7,
                3,
                3,
                3
            ]
        ],
        "max": [
            [
                172,
                145,
                135,
                98,
                128,
                151,
                153,
                133
            ]
        ],
        "RawIntDen": [
            [
                11302,
                9111,
                7843,
                5393,
                8727,
                9321,
                8462,
                8003
            ]
        ],
        "IntDen": [
            [
                4.5208,
                3.6444,
                3.1372,
                2.1572,
                3.4908,
                3.7284,
                3.3848000000000003,
                3.2012
            ]
        ],
        "local_bg": [
            [
                6.396039603960396,
                5.48019801980198,
                5.628712871287129,
                5.188118811881188,
                5.445544554455446,
                5.00990099009901,
                5.257425742574258,
                5.351485148514851
            ]
        ],
        "area": [
            0.08080000000000001
        ],
        "distance": 7.9190885825460695,
        "points": [
            [
                411.8559722027514,
                243.67850060218828
            ],
            [
                408.0559722027514,
                243.07850060218829
            ],
            [
                396.8559722027514,
                239.27850060218827
            ],
            [
                402.0559722027514,
                229.47850060218826
            ],
            [
                411.8559722027514,
                232.47850060218826
            ],
            [
                416.4559722027514,
                234.67850060218828
            ],
            [
                418.0559722027514,
                239.27850060218827
            ],
            [
                417.4559722027514,
                244.87850060218827
            ]
        ],
        "shift": [
            [
                0,
                0
            ],
            [
                2,
                0
            ],
            [
                1.0,
                -1.0
            ],
            [
                5,
                0
            ],
            [
                -3.0,
                1.0
            ],
            [
                -1.0,
                1.0
            ],
            [
                -3.0,
                -1.0
            ],
            [
                -3.0,
                -1.0
            ]
        ],
        "channel": 0,
        "closest_Dend": 0,
        "distance_to_Dend": [
            0.3809693136953793,
            0.15290446455515586,
            0.07001251894474858
        ]
    },
    {
        "type": 0,
        "location": [
            408,
            258
        ],
        "bgloc": [
            402,
            280
        ],
        "mean": [
            [
                34.82887700534759,
                41.75401069518717,
                47.81283422459893,
                29.262032085561497,
                23.951871657754012,
                31.893048128342247,
                33.07486631016043,
                32.919786096256686
            ]
        ],
        "min": [
            [
                4,
                6,
                7,
                6,
                2,
                5,
                6,
                4
            ]
        ],
        "max": [
            [
                107,
                153,
                131,
                82,
                80,
                84,
                79,
                108
            ]
        ],
        "RawIntDen": [
            [
                6513,
                7808,
                8941,
                5472,
                4479,
                5964,
                6185,
                6156
            ]
        ],
        "IntDen": [
            [
                2.6052,
                3.1232,
                3.5764,
                2.1888,
                1.7916,
                2.3856,
                2.474,
                2.4624
            ]
        ],
        "local_bg": [
            [
                4.470588235294118,
                5.449197860962567,
                4.497326203208556,
                4.81283422459893,
                5.438502673796791,
                5.893048128342246,
                5.160427807486631,
                4.86096256684492
            ]
        ],
        "area": [
            0.0748
        ],
        "distance": 7.926583899436028,
        "points": [
            [
                408.39507601689075,
                263.7022133721824
            ],
            [
                402.59507601689074,
                263.7022133721824
            ],
            [
                396.39507601689075,
                257.90221337218236
            ],
            [
                401.39507601689075,
                250.9022133721824
            ],
            [
                408.39507601689075,
                251.3022133721824
            ],
            [
                413.59507601689074,
                252.7022133721824
            ],
            [
                416.19507601689077,
                257.90221337218236
            ],
            [
                413.39507601689075,
                262.90221337218236
            ]
        ],
        "shift": [
            [
                0,
                0
            ],
            [
                2,
                0
            ],
            [
                5,
                0
            ],
            [
                -1.0,
                3.0
            ],
            [
                0.0,
                5.0
            ],
            [
                0.0,
                5.0
            ],
            [
                -6.0,
                3.0
            ],
            [
                -5.0,
                4.0
            ]
        ],
        "channel": 0,
        "closest_Dend": 0,
        "distance_to_Dend": [
            0.38442731374157324,
            0.2353529503447005,
            0.11078352207817262
        ]
    },
    {
        "type": 0,
        "location": [
            450,
            265
        ],
        "bgloc": [
            446,
            280
        ],
        "mean": [
            [
                57.73170731707317,
                68.9349593495935,
                75.59349593495935,
                56.829268292682926,
                55.68292682926829,
                62.72357723577236,
                52.0,
                67.73170731707317
            ]
        ],
        "min": [
            [
                13,
                14,
                15,
                9,
                13,
                15,
                8,
                8
            ]
        ],
        "max": [
            [
                112,
                129,
                162,
                142,
                115,
                137,
                129,
                173
            ]
        ],
        "RawIntDen": [
            [
                7101,
                8479,
                9298,
                6990,
                6849,
                7715,
                6396,
                8331
            ]
        ],
        "IntDen": [
            [
                2.8404000000000003,
                3.3916,
                3.7192000000000003,
                2.7960000000000003,
                2.7396000000000003,
                3.0860000000000003,
                2.5584000000000002,
                3.3324000000000003
            ]
        ],
        "local_bg": [
            [
                7.894308943089431,
                7.317073170731708,
                7.0,
                8.0,
                7.691056910569106,
                8.05691056910569,
                8.504065040650406,
                8.040650406504065
            ]
        ],
        "area": [
            0.0492
        ],
        "distance": 8.77331876616197,
        "points": [
            [
                449.96173339756984,
                269.9233656111461
            ],
            [
                446.56173339756987,
                268.3233656111461
            ],
            [
                440.56173339756987,
                264.9233656111461
            ],
            [
                444.16173339756983,
                259.1233656111461
            ],
            [
                449.96173339756984,
                260.3233656111461
            ],
            [
                453.96173339756984,
                260.9233656111461
            ],
            [
                458.76173339756986,
                264.9233656111461
            ],
            [
                454.3617333975698,
                269.3233656111461
            ]
        ],
        "shift": [
            [
                0,
                0
            ],
            [
                3,
                0
            ],
            [
                3,
                0
            ],
            [
                -2.0,
                3.0
            ],
            [
                -2.0,
                3.0
            ],
            [
                -5.0,
                2.0
            ],
            [
                -6.0,
                2.0
            ],
            [
                -7.0,
                3.0
            ]
        ],
        "channel": 0,
        "closest_Dend": 0,
        "distance_to_Dend": [
            0.2703035330882672,
            0.16081523081331103,
            0.07287080242562098
        ]
    },
    {
        "type": 0,
        "location": [
            466,
            267
        ],
        "bgloc": [
            466,
            283
        ],
        "mean": [
            [
                53.907407407407405,
                64.02777777777777,
                68.49074074074075,
                73.17592592592592,
                70.30555555555556,
                37.75,
                20.805555555555557,
                33.50925925925926
            ]
        ],
        "min": [
            [
                10,
                6,
                12,
                10,
                9,
                7,
                5,
                5
            ]
        ],
        "max": [
            [
                160,
                167,
                127,
                163,
                129,
                108,
                112,
                130
            ]
        ],
        "RawIntDen": [
            [
                5822,
                6915,
                7397,
                7903,
                7593,
                4077,
                2247,
                3619
            ]
        ],
        "IntDen": [
            [
                2.3288,
                2.766,
                2.9588,
                3.1612,
                3.0372000000000003,
                1.6308,
                0.8988,
                1.4476
            ]
        ],
        "local_bg": [
            [
                7.37037037037037,
                7.611111111111111,
                6.851851851851852,
                7.185185185185185,
                7.898148148148148,
                7.277777777777778,
                7.305555555555555,
                6.898148148148148
            ]
        ],
        "area": [
            0.0432
        ],
        "distance": 9.06452970074795,
        "points": [
            [
                466.1245499817033,
                272.2438777173522
            ],
            [
                460.7245499817033,
                272.44387771735217
            ],
            [
                458.3245499817033,
                267.0438777173522
            ],
            [
                461.3245499817033,
                262.2438777173522
            ],
            [
                466.1245499817033,
                262.2438777173522
            ],
            [
                470.9245499817033,
                262.2438777173522
            ],
            [
                471.1245499817033,
                267.0438777173522
            ],
            [
                470.1245499817033,
                271.0438777173522
            ]
        ],
        "shift": [
            [
                0,
                0
            ],
            [
                1,
                0
            ],
            [
                1,
                0
            ],
            [
                1,
                0
            ],
            [
                3,
                0
            ],
            [
                -1.0,
                4.0
            ],
            [
                -2.0,
                5.0
            ],
            [
                -3.0,
                5.0
            ]
        ],
        "channel": 0,
        "closest_Dend": 0,
        "distance_to_Dend": [
            0.2889429009337306,
            0.16,
            0.06399999999999978
        ]
    }
]