[
    {
        "type": 0,
        "location": [
            149,
            216
        ],
        "bgloc": [
            156,
            193
        ],
        "mean": [
            [
                34.02264150943396,
                47.4566037735849,
                56.99245283018868,
                94.24905660377358,
                75.12830188679246,
                72.22641509433963,
                75.85283018867925,
                81.0377358490566
            ]
        ],
        "min": [
            [
                4,
                8,
                6,
                12,
                13,
                8,
                8,
                8
            ]
        ],
        "max": [
            [
                130,
                146,
                194,
                213,
                191,
                206,
                223,
                204
            ]
        ],
        "RawIntDen": [
            [
                9016,
                12576,
                15103,
                24976,
                19909,
                19140,
                20101,
                21475
            ]
        ],
        "IntDen": [
            [
                10407.529440000002,
                14516.979840000002,
                17433.997020000003,
                28830.795840000002,
                22981.755060000003,
                22094.067600000002,
                23203.38834,
                24789.451500000003
            ]
        ],
        "local_bg": [
            [
                5.067924528301887,
                5.958490566037736,
                5.871698113207547,
                8.60377358490566,
                7.80377358490566,
                9.60377358490566,
                9.471698113207546,
                6.652830188679245
            ]
        ],
        "area": [
            1.1543400000000001
        ],
        "distance": 4.819135932073222,
        "points": [
            [
                149.0,
                223.6
            ],
            [
                142.8,
                222.2
            ],
            [
                138.23494258850218,
                216.00763862864534
            ],
            [
                141.6,
                208.6
            ],
            [
                149.0,
                202.0
            ],
            [
                157.6,
                207.4
            ],
            [
                155.4,
                216.0
            ],
            [
                153.0,
                220.0
            ]
        ],
        "shift": null,
        "channel": 0,
        "closest_Dend": 0
    }
]