[
    {
        "type": 0,
        "location": [
            451,
            255
        ],
        "bgloc": [
            458,
            284
        ],
        "mean": [
            [
                46.46206896551724,
                39.30344827586207,
                36.4,
                56.04827586206896,
                45.57241379310345,
                59.00689655172414,
                31.048275862068966,
                35.724137931034484
            ]
        ],
        "min": [
            [
                8,
                8,
                7,
                11,
                10,
                10,
                8,
                8
            ]
        ],
        "max": [
            [
                173,
                137,
                128,
                164,
                124,
                238,
                90,
                111
            ]
        ],
        "RawIntDen": [
            [
                6737,
                5699,
                5278,
                8127,
                6608,
                8556,
                4502,
                5180
            ]
        ],
        "IntDen": [
            [
                29.346372000000002,
                24.824844000000002,
                22.990968000000002,
                35.401212,
                28.784448000000005,
                37.269936,
                19.610712000000003,
                22.564080000000004
            ]
        ],
        "local_bg": [
            [
                12.455172413793104,
                9.393103448275863,
                10.048275862068966,
                10.993103448275862,
                10.53103448275862,
                10.641379310344828,
                10.172413793103448,
                10.289655172413793
            ]
        ],
        "area": [
            0.6316200000000001
        ],
        "distance": 1.5774888698434986,
        "points": [
            [
                450.7100845905542,
                261.89941919970147
            ],
            [
                444.91008459055416,
                261.0994191997015
            ],
            [
                442.3100845905542,
                255.29941919970145
            ],
            [
                444.89303137391573,
                251.48236598306295
            ],
            [
                451.14667394722653,
                249.13725001807143
            ],
            [
                457.11008459055415,
                248.89941919970147
            ],
            [
                456.5100845905542,
                255.29941919970145
            ],
            [
                455.5100845905542,
                260.0994191997015
            ]
        ],
        "shift": [
            [
                0,
                0
            ],
            [
                2.0,
                2.0
            ],
            [
                0.0,
                2.0
            ],
            [
                -1.0,
                4.0
            ],
            [
                0.0,
                6.0
            ],
            [
                0.0,
                6.0
            ],
            [
                3.0,
                6.0
            ],
            [
                2.0,
                6.0
            ]
        ],
        "channel": 0,
        "closest_Dend": 0
    }
]