[
    {
        "type": 0,
        "location": [
            112,
            210
        ],
        "bgloc": [
            107,
            188
        ],
        "mean": [
            [
            60.329787234042556,
            70.81914893617021,
            61.648936170212764,
            82.12765957446808,
            45.829787234042556,
            48.670212765957444,
            33.138297872340424,
            29.638297872340427
            ]
        ],
        "min": [
            [
                13,
                10,
                13,
                12,
                4,
                5,
                2,
                1
            ]
        ],
        "max": [
            [
                188,
                162,
                152,
                187,
                116,
                111,
                42,
                48
            ]
        ],
        "RawIntDen": [
            [
                9230,
                10835,
                9432,
                12566,
                7012,
                7447,
                5070,
                4535
            ]
        ],
        "IntDen": [
            [
                6151.80451365957,
                7221.4005726383,
                6286.31760829787,
                8374.52492425531,
                4673.24525565957,
                4962.88232234042,
                3379.09911127662,
                3022.2054972766
            ]
        ],
        "local_bg": [
            [
                7.209150326797386,
                7.405228758169935,
                6.967320261437909,
                7.045751633986928,
                7.209150326797386,
                6.130718954248366,
                5.405228758169935,
                4.816993464052287
            ]
        ],
        "area": [
            0.6664680000000001
        ],
        "distance": 6.676980552762887,
        "points": [
            [
                112.0,
                216.8
            ],
            [
                106.0,
                216.0
            ],
            [
                106.6,
                210.0
            ],
            [
                107.6,
                205.6
            ],
            [
                112.0,
                204.2
            ],
            [
                118.2,
                203.8
            ],
            [
                120.6,
                210.0
            ],
            [
                118.0,
                216.0
            ]
        ],
        "shift": null,
        "channel": 0,
        "closest_Dend": 0
    },
    {
        "type": 0,
        "location": [
            304,
            180
        ],
        "bgloc": [
            299,
            155
        ],
        "mean": [
            [
            95.14018691588785,
            129.42990654205607,
            128.44859813084113,
            105.38317757009345,
            92.60747663551402,
            88.5233644859813,
            111.2803738317757,
            99.90654205607477
            ]
        ],
        "min": [
            [
                13,
                16,
                19,
                11,
                11,
                8,
                6,
                3
            ]
        ],
        "max": [
            [
                232,
                255,
                255,
                240,
                205,
                193,
                236,
                202
            ]
        ],
        "RawIntDen": [
            [
                18743,
                25498,
                25304,
                20760,
                18244,
                17439,
                21922,
                19682
            ]
        ],
        "IntDen": [
            [
                16083.6392590654,
                21880.3850784674,
                21714.4929250094,
                17815.2373561121,
                15655.4795106168,
                14965.0521671776,
                18812.1702021307,
                16889.4011472897
            ]
        ],
        "local_bg": [
            [
                5.279187817258883,
                6.116751269035533,
                5.756345177664975,
                6.441624365482234,
                6.324873096446701,
                6.035532994923858,
                5.49238578680203,
                5.101522842639594
            ]
        ],
        "area": [
            0.8581320000000001
        ],
        "distance": 19.520660588990282,
        "points": [
            [
                304.0,
                187.8
            ],
            [
                295.6,
                188.4
            ],
            [
                295.2,
                180.0
            ],
            [
                298.2,
                174.2
            ],
            [
                304.0,
                172.6
            ],
            [
                308.6,
                175.4
            ],
            [
                310.4,
                180.0
            ],
            [
                310.8,
                186.8
            ]
        ],
        "shift": null,
        "channel": 0,
        "closest_Dend": 0
    },
    {
        "type": 0,
        "location": [
            448,
            206
        ],
        "bgloc": [
            445.9011773348478,
            233.83469285021673
        ],
        "mean": [
            [
            105.11320754716981,
            100.68867924528301,
            113.9622641509434,
            85.83018867924528,
            86.0754716981132,
            77.16037735849056,
            75.83018867924528,
            69.76415094339623
            ]
        ],
        "min": [
            [
                4,
                5,
                4,
                8,
                7,
                7,
                14,
                9
            ]
        ],
        "max": [
            [
                239,
                253,
                242,
                255,
                250,
                235,
                247,
                242
            ]
        ],
        "RawIntDen": [
            [
                81568,
                78134,
                88435,
                66604,
                66795,
                59876,
                58844,
                54137
            ]
        ],
        "IntDen": [
            [
                275720.211180677,
                264114.325429132,
                298931.982683773,
                225139.335964981,
                225782.732616453,
                202397.738937962,
                198908.549404981,
                182996.855293585
            ]
        ],
        "local_bg": [
            [
                7.578266494178525,
                7.553686934023286,
                7.6248382923674,
                8.852522639068564,
                8.871927554980594,
                9.163001293661061,
                8.33117723156533,
                8.104786545924968
            ]
        ],
        "area": [
            3.3802560000000006
        ],
        "distance": 28.92394815506622,
        "points": [
            [
                448.0,
                219.8
            ],
            [
                441.0,
                213.0
            ],
            [
                408.2,
                206.0
            ],
            [
                441.2,
                199.2
            ],
            [
                448.0,
                199.8
            ],
            [
                454.0,
                200.0
            ],
            [
                499.8,
                206.0
            ],
            [
                455.8,
                213.8
            ]
        ],
        "shift": null,
        "channel": 0,
        "closest_Dend": 0
    },
    {
        "type": 0,
        "location": [
            640,
            237
        ],
        "bgloc": [
            635,
            263
        ],
        "mean": [
            [
            53.8,
            88.79166666666667,
            85.325,
            104.30833333333334,
            110.45833333333333,
            106.45833333333333,
            94.95833333333333,
            98.80833333333334
            ]
        ],
        "min": [
            [
                5,
                7,
                10,
                10,
                10,
                9,
                9,
                8
            ]
        ],
        "max": [
            [
                232,
                250,
                253,
                255,
                244,
                255,
                246,
                246
            ]
        ],
        "RawIntDen": [
            [
                41318,
                68192,
                65530,
                80109,
                84832,
                81760,
                72928,
                75885
            ]
        ],
        "IntDen": [
            [
                138226.9059072,
                228130.062336,
                219223.2480768,
                267996.6203904,
                283797.651456,
                273520.558079999,
                243973.914624001,
                253865.616998401
            ]
        ],
        "local_bg": [
            [
                7.268229166666667,
                8.596354166666666,
                8.703125,
                10.045572916666666,
                10.234375,
                10.493489583333334,
                9.989583333333334,
                11.4453125
            ]
        ],
        "area": [
            3.3454080000000004
        ],
        "distance": 41.82512199674634,
        "points": [
            [
                640.0,
                249.0
            ],
            [
                632.0,
                245.0
            ],
            [
                617.8,
                237.0
            ],
            [
                630.2,
                227.2
            ],
            [
                640.0,
                228.8
            ],
            [
                647.2,
                229.8
            ],
            [
                681.0,
                237.0
            ],
            [
                651.4,
                248.4
            ]
        ],
        "shift": null,
        "channel": 0,
        "closest_Dend": 0
    },
    {
        "type": 0,
        "location": [
            750,
            247
        ],
        "bgloc": [
            748,
            271
        ],
        "mean": [
            [
            113.21,
            103.0,
            99.97,
            110.78,
            92.55,
            93.2,
            114.76,
            91.78
            ]
        ],
        "min": [
            [
                6,
                8,
                8,
                7,
                8,
                11,
                13,
                10
            ]
        ],
        "max": [
            [
                236,
                244,
                213,
                244,
                241,
                239,
                255,
                253
            ]
        ],
        "RawIntDen": [
            [
                94530,
                86005,
                83475,
                92501,
                77279,
                77822,
                95825,
                76636
            ]
        ],
        "IntDen": [
            [
                343831.460841001,
                312822.5463,
                303620.096637,
                336451.278438001,
                281084.724855,
                283058.84772,
                348538.984596,
                278746.148538
            ]
        ],
        "local_bg": [
            [
                6.796407185628743,
                9.461077844311378,
                9.479041916167665,
                10.75568862275449,
                10.615568862275449,
                11.338922155688623,
                13.097005988023952,
                14.136526946107784
            ]
        ],
        "area": [
            3.6372600000000004
        ],
        "distance": 49.0479609521396,
        "points": [
            [
                750.0,
                256.6
            ],
            [
                743.8,
                253.2
            ],
            [
                714.8,
                247.0
            ],
            [
                741.8,
                238.8
            ],
            [
                750.0,
                239.2
            ],
            [
                757.2,
                239.8
            ],
            [
                798.6,
                247.0
            ],
            [
                760.8,
                257.8
            ]
        ],
        "shift": null,
        "channel": 0,
        "closest_Dend": 0
    },
    {
        "type": 0,
        "location": [
            842,
            233
        ],
        "bgloc": [
            843.7756892435791,
            211.8661615178328
        ],
        "mean": [
            [
            95.02857142857142,
            58.01428571428571,
            41.357142857142854,
            29.82857142857143,
            46.92857142857143,
            33.77142857142857,
            29.085714285714285,
            31.071428571428573
            ]
        ],
        "min": [
            [
                14,
                7,
                5,
                7,
                7,
                7,
                4,
                5
            ]
        ],
        "max": [
            [
                222,
                151,
                105,
                35,
                103,
                48,
                32,
                30
            ]
        ],
        "RawIntDen": [
            [
                11213,
                6846,
                4880,
                3520,
                5538,
                3985,
                3432,
                3666
            ]
        ],
        "IntDen": [
            [
                343831.460841001,
                312822.5463,
                303620.096637,
                336451.278438001,
                281084.724855,
                283058.84772,
                348538.984596,
                278746.148538
            ]
        ],
        "local_bg": [
            [
                13.352941176470589,
                12.445378151260504,
                13.302521008403362,
                16.26890756302521,
                16.310924369747898,
                17.025210084033613,
                14.865546218487395,
                15.655462184873949
            ]
        ],
        "area": [
            0.514008
        ],
        "distance": 55.029560894354965,
        "points": [
            [
                842.0,
                237.8
            ],
            [
                837.4,
                237.6
            ],
            [
                835.6,
                233.0
            ],
            [
                837.4,
                228.4
            ],
            [
                842.0,
                227.0
            ],
            [
                847.6,
                227.4
            ],
            [
                849.6,
                233.0
            ],
            [
                846.6,
                237.6
            ]
        ],
        "shift": null,
        "channel": 0,
        "closest_Dend": 0
    },
    {
        "type": 0,
        "location": [
            958,
            219
        ],
        "bgloc": [
            954,
            185
        ],
        "mean": [
            [
            55.93617021276596,
            82.84042553191489,
            64.47872340425532,
            64.61702127659575,
            55.09574468085106,
            55.287234042553195,
            51.308510638297875,
            41.829787234042556
            ]
        ],
        "min": [
            [
                10,
                15,
                8,
                10,
                8,
                6,
                8,
                6
            ]
        ],
        "max": [
            [
                129,
                192,
                167,
                156,
                136,
                123,
                126,
                87
            ]
        ],
        "RawIntDen": [
            [
                12306,
                18225,
                14185,
                14216,
                12121,
                12163,
                11288,
                9203
            ]
        ],
        "IntDen": [
            [
                5763.76262125714,
                3518.73722262858,
                2508.43246971429,
                1809.19067245715,
                2846.35601485715,
                2048.33656594286,
                1764.13419977143,
                1884.57361714285
            ]
        ],
        "local_bg": [
            [
                33.59090909090909,
                16.65,
                19.177272727272726,
                51.445454545454545,
                53.05909090909091,
                53.1,
                12.877272727272727,
                11.581818181818182
            ]
        ],
        "area": [
            0.9583200000000001
        ],
        "distance": 62.849900981434786,
        "points": [
            [
                958.0,
                228.8
            ],
            [
                948.8,
                228.2
            ],
            [
                949.8,
                219.0
            ],
            [
                952.2,
                213.2
            ],
            [
                958.0,
                211.2
            ],
            [
                963.6,
                213.4
            ],
            [
                964.2,
                219.0
            ],
            [
                964.2,
                225.2
            ]
        ],
        "shift": null,
        "channel": 0,
        "closest_Dend": 0
    }
]