[
    {
        "type": 0,
        "location": [
            46,
            244
        ],
        "bgloc": [
            48,
            220
        ],
        "mean": [
            [
                61.890625,
                157.34895833333334,
                103.76041666666667,
                139.48958333333334,
                136.24479166666666,
                131.20833333333334,
                100.55729166666667,
                79.48958333333333
            ]
        ],
        "min": [
            [
                7,
                48,
                21,
                21,
                20,
                19,
                9,
                10
            ]
        ],
        "max": [
            [
                178,
                255,
                209,
                247,
                235,
                243,
                236,
                238
            ]
        ],
        "RawIntDen": [
            [
                11883,
                30211,
                19922,
                26782,
                26159,
                25192,
                19307,
                15262
            ]
        ],
        "IntDen": [
            [
                4.7532000000000005,
                12.0844,
                7.968800000000001,
                10.7128,
                10.463600000000001,
                10.0768,
                7.7228,
                6.1048
            ]
        ],
        "local_bg": [
            [
                6.15625,
                7.515625,
                7.1875,
                7.390625,
                7.515625,
                7.458333333333333,
                6.838541666666667,
                6.572916666666667
            ]
        ],
        "area": [
            0.07680000000000001
        ],
        "distance": 0.5119497613018988,
        "points": [
            [
                46.0,
                250.2
            ],
            [
                40.2,
                249.8
            ],
            [
                32.4,
                244.0
            ],
            [
                39.8,
                237.8
            ],
            [
                46.0,
                236.0
            ],
            [
                49.6,
                240.4
            ],
            [
                51.8,
                244.0
            ],
            [
                53.2,
                251.2
            ]
        ],
        "shift": null,
        "channel": 0,
        "closest_Dend": 0,
        "distance_to_Dend": [
            0.39245185888011963,
            0.23318530102771162,
            0.11121151019566274
        ]
    },
    {
        "type": 0,
        "location": [
            53,
            267
        ],
        "bgloc": [
            50,
            287
        ],
        "mean": [
            [
                141.0810810810811,
                157.03783783783783,
                125.44864864864864,
                116.4972972972973,
                66.02702702702703,
                115.37837837837837,
                139.0054054054054,
                135.04324324324324
            ]
        ],
        "min": [
            [
                18,
                29,
                9,
                10,
                7,
                8,
                11,
                11
            ]
        ],
        "max": [
            [
                254,
                255,
                255,
                255,
                243,
                255,
                255,
                255
            ]
        ],
        "RawIntDen": [
            [
                26100,
                29052,
                23208,
                21552,
                12215,
                21345,
                25716,
                24983
            ]
        ],
        "IntDen": [
            [
                10.440000000000001,
                11.620800000000001,
                9.2832,
                8.620800000000001,
                4.886,
                8.538,
                10.2864,
                9.9932
            ]
        ],
        "local_bg": [
            [
                9.405405405405405,
                9.232432432432432,
                8.0,
                8.956756756756757,
                7.124324324324324,
                7.994594594594594,
                7.854054054054054,
                7.967567567567568
            ]
        ],
        "area": [
            0.07400000000000001
        ],
        "distance": 0.5690057392129346,
        "points": [
            [
                53.0,
                275.0
            ],
            [
                46.4,
                273.6
            ],
            [
                44.2,
                267.0
            ],
            [
                46.8,
                260.8
            ],
            [
                53.0,
                261.2
            ],
            [
                58.2,
                261.8
            ],
            [
                61.8,
                267.0
            ],
            [
                58.4,
                272.4
            ]
        ],
        "shift": null,
        "channel": 0,
        "closest_Dend": 0,
        "distance_to_Dend": [
            0.3713774774662984,
            0.20589765941808588,
            0.09192639195824814
        ]
    },
    {
        "type": 0,
        "location": [
            93,
            285
        ],
        "bgloc": [
            101,
            338
        ],
        "mean": [
            [
                135.16959064327486,
                101.18128654970761,
                89.11695906432749,
                90.18128654970761,
                117.01754385964912,
                133.09941520467837,
                80.76608187134502,
                72.39766081871345
            ]
        ],
        "min": [
            [
                27,
                20,
                9,
                7,
                14,
                21,
                8,
                7
            ]
        ],
        "max": [
            [
                255,
                251,
                253,
                255,
                255,
                255,
                198,
                189
            ]
        ],
        "RawIntDen": [
            [
                23114,
                17302,
                15239,
                15421,
                20010,
                22760,
                13811,
                12380
            ]
        ],
        "IntDen": [
            [
                9.2456,
                6.920800000000001,
                6.0956,
                6.1684,
                8.004,
                9.104000000000001,
                5.5244,
                4.952
            ]
        ],
        "local_bg": [
            [
                4.502923976608187,
                4.485380116959064,
                4.713450292397661,
                4.6608187134502925,
                4.894736842105263,
                5.035087719298246,
                4.847953216374269,
                4.695906432748538
            ]
        ],
        "area": [
            0.0684
        ],
        "distance": 1.2649174900354485,
        "points": [
            [
                93.0,
                290.4
            ],
            [
                88.0,
                290.0
            ],
            [
                86.2,
                285.0
            ],
            [
                86.4,
                278.4
            ],
            [
                93.0,
                274.8
            ],
            [
                98.8,
                279.2
            ],
            [
                101.0,
                285.0
            ],
            [
                97.0,
                289.0
            ]
        ],
        "shift": null,
        "channel": 0,
        "closest_Dend": 0,
        "distance_to_Dend": [
            0.6482757566401801,
            0.54132357594403,
            0.34110910566168984
        ]
    },
    {
        "type": 0,
        "location": [
            103,
            240
        ],
        "bgloc": [
            99,
            207
        ],
        "mean": [
            [
                124.42687747035573,
                140.59288537549406,
                149.92885375494072,
                149.04743083003953,
                151.12252964426878,
                136.13833992094862,
                124.62845849802372,
                107.12648221343873
            ]
        ],
        "min": [
            [
                13,
                22,
                27,
                23,
                40,
                18,
                20,
                16
            ]
        ],
        "max": [
            [
                255,
                255,
                255,
                255,
                255,
                255,
                255,
                233
            ]
        ],
        "RawIntDen": [
            [
                31480,
                35570,
                37932,
                37709,
                38234,
                34443,
                31531,
                27103
            ]
        ],
        "IntDen": [
            [
                12.592,
                14.228000000000002,
                15.1728,
                15.0836,
                15.293600000000001,
                13.7772,
                12.612400000000001,
                10.8412
            ]
        ],
        "local_bg": [
            [
                4.08300395256917,
                4.92094861660079,
                4.893280632411067,
                4.924901185770751,
                5.055335968379446,
                5.395256916996048,
                4.739130434782608,
                4.909090909090909
            ]
        ],
        "area": [
            0.1012
        ],
        "distance": 1.585952016055987,
        "points": [
            [
                103.0,
                248.8
            ],
            [
                95.6,
                247.4
            ],
            [
                94.4,
                240.0
            ],
            [
                92.4,
                229.4
            ],
            [
                103.0,
                231.6
            ],
            [
                107.6,
                235.4
            ],
            [
                110.2,
                240.0
            ],
            [
                110.8,
                247.8
            ]
        ],
        "shift": null,
        "channel": 0,
        "closest_Dend": 0,
        "distance_to_Dend": [
            0.5893362947355971,
            0.3246686866600487,
            0.15100121143109557
        ]
    },
    {
        "type": 0,
        "location": [
            165,
            266
        ],
        "bgloc": [
            171,
            297
        ],
        "mean": [
            [
                117.41304347826087,
                114.9945652173913,
                111.44565217391305,
                118.7554347826087,
                107.67934782608695,
                89.52717391304348,
                76.82065217391305,
                83.52173913043478
            ]
        ],
        "min": [
            [
                19,
                13,
                11,
                8,
                9,
                9,
                8,
                11
            ]
        ],
        "max": [
            [
                255,
                246,
                255,
                255,
                242,
                207,
                239,
                248
            ]
        ],
        "RawIntDen": [
            [
                21604,
                21159,
                20506,
                21851,
                19813,
                16473,
                14135,
                15368
            ]
        ],
        "IntDen": [
            [
                8.6416,
                8.4636,
                8.2024,
                8.740400000000001,
                7.9252,
                6.5892,
                5.654,
                6.147200000000001
            ]
        ],
        "local_bg": [
            [
                5.092896174863388,
                5.032786885245901,
                5.224043715846994,
                4.961748633879782,
                5.672131147540983,
                5.1530054644808745,
                5.213114754098361,
                4.885245901639344
            ]
        ],
        "area": [
            0.0736
        ],
        "distance": 2.735554169310311,
        "points": [
            [
                165.0,
                273.4
            ],
            [
                159.6,
                271.4
            ],
            [
                157.0,
                266.0
            ],
            [
                159.2,
                260.2
            ],
            [
                165.0,
                257.6
            ],
            [
                171.0,
                260.0
            ],
            [
                172.0,
                266.0
            ],
            [
                171.4,
                272.4
            ]
        ],
        "shift": null,
        "channel": 0,
        "closest_Dend": 0,
        "distance_to_Dend": [
            0.4828046268339891,
            0.3216304616266219,
            0.1603150743907855
        ]
    },
    {
        "type": 0,
        "location": [
            160,
            230
        ],
        "bgloc": [
            152,
            190
        ],
        "mean": [
            [
                101.06993006993007,
                76.27972027972028,
                80.05594405594405,
                104.6923076923077,
                94.93006993006993,
                78.67132867132867,
                66.55244755244755,
                55.72727272727273
            ]
        ],
        "min": [
            [
                15,
                14,
                12,
                17,
                19,
                14,
                13,
                6
            ]
        ],
        "max": [
            [
                235,
                192,
                230,
                224,
                248,
                188,
                146,
                143
            ]
        ],
        "RawIntDen": [
            [
                14453,
                10908,
                11448,
                14971,
                13575,
                11250,
                9517,
                7969
            ]
        ],
        "IntDen": [
            [
                5.7812,
                4.3632,
                4.5792,
                5.9884,
                5.430000000000001,
                4.5,
                3.8068,
                3.1876
            ]
        ],
        "local_bg": [
            [
                3.664335664335664,
                3.902097902097902,
                3.769230769230769,
                3.6363636363636362,
                4.293706293706293,
                4.0,
                4.146853146853147,
                3.86013986013986
            ]
        ],
        "area": [
            0.0572
        ],
        "distance": 2.7786997190407114,
        "points": [
            [
                160.0,
                236.0
            ],
            [
                152.4,
                237.6
            ],
            [
                152.4,
                230.0
            ],
            [
                155.0,
                225.0
            ],
            [
                160.0,
                224.0
            ],
            [
                164.4,
                225.6
            ],
            [
                166.8,
                230.0
            ],
            [
                164.0,
                234.0
            ]
        ],
        "shift": null,
        "channel": 0,
        "closest_Dend": 0,
        "distance_to_Dend": [
            0.5275341768002411,
            0.40399923838465934,
            0.2872950774699449
        ]
    },
    {
        "type": 0,
        "location": [
            177,
            232
        ],
        "bgloc": [
            193,
            198
        ],
        "mean": [
            [
                91.20382165605096,
                112.98407643312102,
                110.17834394904459,
                131.0796178343949,
                101.26751592356688,
                127.29299363057325,
                105.85350318471338,
                99.20700636942675
            ]
        ],
        "min": [
            [
                17,
                21,
                20,
                30,
                21,
                24,
                19,
                16
            ]
        ],
        "max": [
            [
                242,
                253,
                241,
                255,
                223,
                252,
                252,
                242
            ]
        ],
        "RawIntDen": [
            [
                28638,
                35477,
                34596,
                41159,
                31798,
                39970,
                33238,
                31151
            ]
        ],
        "IntDen": [
            [
                11.455200000000001,
                14.190800000000001,
                13.8384,
                16.4636,
                12.7192,
                15.988000000000001,
                13.295200000000001,
                12.4604
            ]
        ],
        "local_bg": [
            [
                4.057324840764331,
                4.452229299363057,
                4.375796178343949,
                4.86624203821656,
                4.573248407643312,
                4.917197452229299,
                4.67515923566879,
                4.531847133757962
            ]
        ],
        "area": [
            0.12560000000000002
        ],
        "distance": 3.0584726089593017,
        "points": [
            [
                177.0,
                243.2
            ],
            [
                170.2,
                238.8
            ],
            [
                171.0,
                232.0
            ],
            [
                172.0,
                227.0
            ],
            [
                177.0,
                222.0
            ],
            [
                182.6,
                226.4
            ],
            [
                189.8,
                232.0
            ],
            [
                189.4,
                244.4
            ]
        ],
        "shift": null,
        "channel": 0,
        "closest_Dend": 0,
        "distance_to_Dend": [
            0.5617116698093428,
            0.3756594202199649,
            0.20191087142598377
        ]
    },
    {
        "type": 0,
        "location": [
            223,
            233
        ],
        "bgloc": [
            237,
            168
        ],
        "mean": [
            [
                37.44578313253012,
                33.34939759036145,
                31.451807228915662,
                39.48192771084337,
                43.2289156626506,
                40.31927710843374,
                36.63855421686747,
                36.325301204819276
            ]
        ],
        "min": [
            [
                8,
                9,
                5,
                9,
                8,
                5,
                6,
                7
            ]
        ],
        "max": [
            [
                120,
                122,
                87,
                95,
                100,
                105,
                92,
                100
            ]
        ],
        "RawIntDen": [
            [
                6216,
                5536,
                5221,
                6554,
                7176,
                6693,
                6082,
                6030
            ]
        ],
        "IntDen": [
            [
                2.4864,
                2.2144,
                2.0884,
                2.6216,
                2.8704,
                2.6772,
                2.4328000000000003,
                2.412
            ]
        ],
        "local_bg": [
            [
                3.536144578313253,
                3.783132530120482,
                3.9759036144578315,
                3.5120481927710845,
                3.6867469879518073,
                4.030120481927711,
                3.9156626506024095,
                3.7650602409638556
            ]
        ],
        "area": [
            0.0664
        ],
        "distance": 3.8612045056241784,
        "points": [
            [
                223.0,
                244.6
            ],
            [
                217.4,
                238.6
            ],
            [
                215.8,
                233.0
            ],
            [
                217.2,
                227.2
            ],
            [
                223.0,
                227.2
            ],
            [
                226.4,
                229.6
            ],
            [
                228.0,
                233.0
            ],
            [
                230.0,
                240.0
            ]
        ],
        "shift": null,
        "channel": 0,
        "closest_Dend": 0,
        "distance_to_Dend": [
            0.7760538612142966,
            0.6625860130723418,
            0.4396333508118643
        ]
    },
    {
        "type": 0,
        "location": [
            223,
            274
        ],
        "bgloc": [
            223,
            288
        ],
        "mean": [
            [
                62.86021505376344,
                35.46236559139785,
                38.064516129032256,
                29.49462365591398,
                36.45161290322581,
                23.010752688172044,
                25.741935483870968,
                35.344086021505376
            ]
        ],
        "min": [
            [
                12,
                9,
                10,
                8,
                10,
                9,
                6,
                7
            ]
        ],
        "max": [
            [
                185,
                116,
                132,
                121,
                128,
                84,
                84,
                138
            ]
        ],
        "RawIntDen": [
            [
                5846,
                3298,
                3540,
                2743,
                3390,
                2140,
                2394,
                3287
            ]
        ],
        "IntDen": [
            [
                2.3384,
                1.3192000000000002,
                1.4160000000000001,
                1.0972,
                1.356,
                0.8560000000000001,
                0.9576,
                1.3148
            ]
        ],
        "local_bg": [
            [
                9.698924731182796,
                7.870967741935484,
                8.741935483870968,
                8.043010752688172,
                8.387096774193548,
                8.419354838709678,
                8.053763440860216,
                8.161290322580646
            ]
        ],
        "area": [
            0.037200000000000004
        ],
        "distance": 4.014108970179334,
        "points": [
            [
                223.0,
                279.0
            ],
            [
                218.2,
                278.8
            ],
            [
                217.0,
                274.0
            ],
            [
                219.0,
                270.0
            ],
            [
                223.0,
                269.8
            ],
            [
                227.2,
                269.8
            ],
            [
                229.4,
                274.0
            ],
            [
                226.6,
                277.6
            ]
        ],
        "shift": null,
        "channel": 0,
        "closest_Dend": 0,
        "distance_to_Dend": [
            0.25477833502870717,
            0.14,
            0.05600000000000023
        ]
    },
    {
        "type": 0,
        "location": [
            299,
            273
        ],
        "bgloc": [
            308,
            296
        ],
        "mean": [
            [
                102.25475285171103,
                90.47148288973384,
                88.1254752851711,
                84.35361216730038,
                79.11026615969581,
                96.0342205323194,
                154.65019011406844,
                100.1596958174905
            ]
        ],
        "min": [
            [
                11,
                13,
                12,
                11,
                12,
                16,
                23,
                12
            ]
        ],
        "max": [
            [
                255,
                255,
                255,
                255,
                246,
                255,
                255,
                255
            ]
        ],
        "RawIntDen": [
            [
                26893,
                23794,
                23177,
                22185,
                20806,
                25257,
                40673,
                26342
            ]
        ],
        "IntDen": [
            [
                10.757200000000001,
                9.5176,
                9.270800000000001,
                8.874,
                8.3224,
                10.1028,
                16.2692,
                10.536800000000001
            ]
        ],
        "local_bg": [
            [
                6.91254752851711,
                6.920152091254753,
                6.973384030418251,
                6.5361216730038025,
                7.091254752851711,
                6.916349809885932,
                8.376425855513308,
                6.47148288973384
            ]
        ],
        "area": [
            0.1052
        ],
        "distance": 5.455884141101936,
        "points": [
            [
                299.0,
                279.8
            ],
            [
                293.6,
                278.4
            ],
            [
                282.0,
                273.0
            ],
            [
                294.0,
                268.0
            ],
            [
                299.0,
                266.2
            ],
            [
                310.0,
                262.0
            ],
            [
                307.8,
                273.0
            ],
            [
                305.6,
                279.6
            ]
        ],
        "shift": null,
        "channel": 0,
        "closest_Dend": 0,
        "distance_to_Dend": [
            0.4267968910464291,
            0.24883175315724992,
            0.13125389977786034
        ]
    },
    {
        "type": 0,
        "location": [
            321,
            230
        ],
        "bgloc": [
            332,
            170
        ],
        "mean": [
            [
                102.8995633187773,
                122.39301310043668,
                133.27947598253274,
                121.51965065502183,
                125.89082969432314,
                118.97816593886463,
                129.6943231441048,
                129.46724890829694
            ]
        ],
        "min": [
            [
                13,
                16,
                15,
                15,
                16,
                19,
                16,
                31
            ]
        ],
        "max": [
            [
                249,
                255,
                255,
                255,
                255,
                255,
                255,
                255
            ]
        ],
        "RawIntDen": [
            [
                23564,
                28028,
                30521,
                27828,
                28829,
                27246,
                29700,
                29648
            ]
        ],
        "IntDen": [
            [
                9.425600000000001,
                11.2112,
                12.208400000000001,
                11.1312,
                11.531600000000001,
                10.8984,
                11.88,
                11.859200000000001
            ]
        ],
        "local_bg": [
            [
                3.475982532751092,
                3.537117903930131,
                3.8995633187772927,
                3.8122270742358078,
                3.8646288209606987,
                4.043668122270742,
                3.8646288209606987,
                3.8034934497816595
            ]
        ],
        "area": [
            0.0916
        ],
        "distance": 5.878613736652375,
        "points": [
            [
                321.0,
                239.6
            ],
            [
                316.4,
                234.6
            ],
            [
                311.2,
                230.0
            ],
            [
                314.6,
                223.6
            ],
            [
                321.0,
                220.2
            ],
            [
                329.6,
                221.4
            ],
            [
                328.6,
                230.0
            ],
            [
                326.4,
                235.4
            ]
        ],
        "shift": null,
        "channel": 0,
        "closest_Dend": 0,
        "distance_to_Dend": [
            0.8176393788499633,
            0.6040376962256068,
            0.41746782464686377
        ]
    },
    {
        "type": 0,
        "location": [
            367,
            258
        ],
        "bgloc": [
            367,
            240
        ],
        "mean": [
            [
                182.17142857142858,
                163.75238095238095,
                104.36190476190477,
                117.41904761904762,
                135.2095238095238,
                103.24761904761905,
                95.33333333333333,
                85.72380952380952
            ]
        ],
        "min": [
            [
                45,
                24,
                10,
                13,
                20,
                14,
                16,
                11
            ]
        ],
        "max": [
            [
                255,
                255,
                255,
                255,
                255,
                255,
                255,
                255
            ]
        ],
        "RawIntDen": [
            [
                19128,
                17194,
                10958,
                12329,
                14197,
                10841,
                10010,
                9001
            ]
        ],
        "IntDen": [
            [
                7.6512,
                6.8776,
                4.3832,
                4.9316,
                5.6788,
                4.3364,
                4.0040000000000004,
                3.6004
            ]
        ],
        "local_bg": [
            [
                8.666666666666666,
                8.923809523809524,
                8.466666666666667,
                8.647619047619047,
                9.304761904761905,
                9.066666666666666,
                8.723809523809523,
                8.361904761904762
            ]
        ],
        "area": [
            0.042
        ],
        "distance": 7.131440157935709,
        "points": [
            [
                367.0,
                263.2
            ],
            [
                361.8,
                263.2
            ],
            [
                360.2,
                258.0
            ],
            [
                363.0,
                254.0
            ],
            [
                367.0,
                252.8
            ],
            [
                370.8,
                254.2
            ],
            [
                372.8,
                258.0
            ],
            [
                371.8,
                262.8
            ]
        ],
        "shift": null,
        "channel": 0,
        "closest_Dend": 0,
        "distance_to_Dend": [
            0.28399999999999975,
            0.18,
            0.07600000000000023
        ]
    },
    {
        "type": 0,
        "location": [
            389,
            254
        ],
        "bgloc": [
            393,
            225
        ],
        "mean": [
            [
                90.03731343283582,
                115.5223880597015,
                97.6268656716418,
                101.6268656716418,
                105.77611940298507,
                102.7089552238806,
                102.74626865671642,
                93.84328358208955
            ]
        ],
        "min": [
            [
                24,
                20,
                25,
                24,
                31,
                8,
                7,
                11
            ]
        ],
        "max": [
            [
                193,
                250,
                195,
                226,
                223,
                255,
                247,
                246
            ]
        ],
        "RawIntDen": [
            [
                12065,
                15480,
                13082,
                13618,
                14174,
                13763,
                13768,
                12575
            ]
        ],
        "IntDen": [
            [
                4.8260000000000005,
                6.192,
                5.2328,
                5.4472000000000005,
                5.6696,
                5.5052,
                5.5072,
                5.03
            ]
        ],
        "local_bg": [
            [
                5.201492537313433,
                5.134328358208955,
                5.223880597014926,
                5.186567164179104,
                5.746268656716418,
                5.641791044776119,
                4.992537313432836,
                5.2388059701492535
            ]
        ],
        "area": [
            0.0536
        ],
        "distance": 7.325975206002746,
        "points": [
            [
                389.0,
                261.8
            ],
            [
                384.0,
                259.0
            ],
            [
                383.2,
                254.0
            ],
            [
                384.0,
                249.0
            ],
            [
                389.0,
                248.2
            ],
            [
                393.0,
                250.0
            ],
            [
                394.8,
                254.0
            ],
            [
                395.6,
                260.6
            ]
        ],
        "shift": null,
        "channel": 0,
        "closest_Dend": 0,
        "distance_to_Dend": [
            0.4042140187734377,
            0.2893422176574287,
            0.13787107177516367
        ]
    },
    {
        "type": 0,
        "location": [
            404,
            262
        ],
        "bgloc": [
            406,
            244
        ],
        "mean": [
            [
                123.90425531914893,
                89.01595744680851,
                110.87234042553192,
                135.29787234042553,
                140.2712765957447,
                130.67021276595744,
                102.18085106382979,
                85.83510638297872
            ]
        ],
        "min": [
            [
                10,
                16,
                22,
                23,
                31,
                16,
                10,
                10
            ]
        ],
        "max": [
            [
                255,
                216,
                243,
                255,
                255,
                255,
                255,
                247
            ]
        ],
        "RawIntDen": [
            [
                23294,
                16735,
                20844,
                25436,
                26371,
                24566,
                19210,
                16137
            ]
        ],
        "IntDen": [
            [
                9.3176,
                6.694,
                8.3376,
                10.1744,
                10.5484,
                9.826400000000001,
                7.684,
                6.4548000000000005
            ]
        ],
        "local_bg": [
            [
                7.6436170212765955,
                7.292553191489362,
                7.835106382978723,
                7.829787234042553,
                9.117021276595745,
                7.861702127659575,
                7.420212765957447,
                7.6861702127659575
            ]
        ],
        "area": [
            0.0752
        ],
        "distance": 7.648217770191992,
        "points": [
            [
                404.0,
                267.2
            ],
            [
                399.6,
                266.4
            ],
            [
                393.8,
                262.0
            ],
            [
                397.4,
                255.4
            ],
            [
                404.0,
                253.6
            ],
            [
                409.6,
                256.4
            ],
            [
                413.4,
                262.0
            ],
            [
                409.6,
                267.6
            ]
        ],
        "shift": null,
        "channel": 0,
        "closest_Dend": 0,
        "distance_to_Dend": [
            0.34437440341832903,
            0.17755090628978626,
            0.07689093715267306
        ]
    },
    {
        "type": 0,
        "location": [
            474,
            237
        ],
        "bgloc": [
            453,
            196
        ],
        "mean": [
            [
                62.294642857142854,
                107.51339285714286,
                60.482142857142854,
                75.46428571428571,
                70.65178571428571,
                59.236607142857146,
                61.629464285714285,
                52.299107142857146
            ]
        ],
        "min": [
            [
                8,
                13,
                8,
                13,
                9,
                8,
                9,
                6
            ]
        ],
        "max": [
            [
                175,
                254,
                168,
                172,
                168,
                139,
                149,
                124
            ]
        ],
        "RawIntDen": [
            [
                13954,
                24083,
                13548,
                16904,
                15826,
                13269,
                13805,
                11715
            ]
        ],
        "IntDen": [
            [
                5.5816,
                9.6332,
                5.4192,
                6.7616000000000005,
                6.3304,
                5.3076,
                5.522,
                4.686
            ]
        ],
        "local_bg": [
            [
                4.334821428571429,
                4.553571428571429,
                4.803571428571429,
                4.669642857142857,
                4.875,
                4.566964285714286,
                4.625,
                4.383928571428571
            ]
        ],
        "area": [
            0.0896
        ],
        "distance": 9.330887586227897,
        "points": [
            [
                474.0,
                249.8
            ],
            [
                469.0,
                242.0
            ],
            [
                469.0,
                237.0
            ],
            [
                467.2,
                230.2
            ],
            [
                474.0,
                224.2
            ],
            [
                480.2,
                230.8
            ],
            [
                481.0,
                237.0
            ],
            [
                479.4,
                242.4
            ]
        ],
        "shift": null,
        "channel": 0,
        "closest_Dend": 0,
        "distance_to_Dend": [
            0.6946308372077937,
            0.4561578674099571,
            0.25440125785852524
        ]
    }
]