[
    {
        "type": 0,
        "location": [
            332,
            323
        ],
        "bgloc": [
            305.8797317216855,
            320.7708011031143
        ],
        "mean": [
            [
                19.724489795918366,
                22.413265306122447,
                25.20408163265306,
                23.8265306122449,
                19.637755102040817,
                22.255102040816325,
                16.709183673469386,
                20.959183673469386
            ]
        ],
        "min": [
            [
                4,
                4,
                4,
                5,
                5,
                5,
                4,
                4
            ]
        ],
        "max": [
            [
                82,
                97,
                114,
                66,
                68,
                58,
                60,
                58
            ]
        ],
        "RawIntDen": [
            [
                3866,
                4393,
                4940,
                4670,
                3849,
                4362,
                3275,
                4108
            ]
        ],
        "IntDen": [
            [
                3300.6980160000003,
                3750.6379680000005,
                4217.65344,
                3987.1339200000007,
                3286.183824,
                3724.1709120000005,
                2796.1164000000003,
                3507.3118080000004
            ]
        ],
        "local_bg": [
            [
                8.260416666666666,
                6.276041666666667,
                7.1875,
                7.473958333333333,
                7.385416666666667,
                7.864583333333333,
                6.203125,
                8.458333333333334
            ]
        ],
        "area": [
            0.8537760000000001
        ],
        "distance": 2.317759837161962,
        "points": [
            [
                332.0,
                331.6
            ],
            [
                326.0,
                329.0
            ],
            [
                324.8,
                323.0
            ],
            [
                325.8,
                316.8
            ],
            [
                332.0,
                316.2
            ],
            [
                338.0,
                317.0
            ],
            [
                341.2,
                323.0
            ],
            [
                338.1235374520827,
                329.0917832270877
            ]
        ],
        "shift": null,
        "channel": 0,
        "closest_Dend": 0
    }
]