[
    {
        "type": 0,
        "location": [
            129,
            274
        ],
        "bgloc": [
            81.46538168313197,
            399.04052054694665
        ],
        "mean": [
            [
                43.09848484848485,
                44.22727272727273,
                47.79924242424242,
                133.48863636363637,
                69.28030303030303,
                59.56060606060606,
                60.128787878787875,
                66.44318181818181
            ]
        ],
        "min": [
            [
                6,
                4,
                5,
                12,
                10,
                6,
                9,
                5
            ]
        ],
        "max": [
            [
                175,
                166,
                198,
                255,
                237,
                211,
                213,
                214
            ]
        ],
        "RawIntDen": [
            [
                11378,
                11676,
                12619,
                35241,
                18290,
                15724,
                15874,
                17541
            ]
        ],
        "IntDen": [
            [
                49.562568000000006,
                50.860656000000006,
                54.96836400000001,
                153.50979600000002,
                79.67124000000001,
                68.493744,
                69.14714400000001,
                76.408596
            ]
        ],
        "local_bg": [
            [
                4.532567049808429,
                3.9310344827586206,
                4.118773946360153,
                3.9272030651340994,
                3.9731800766283527,
                4.095785440613027,
                4.498084291187739,
                4.252873563218391
            ]
        ],
        "area": [
            1.1499840000000001
        ],
        "distance": 8.152822075422385,
        "points": [
            [
                128.5501990103408,
                283.19465436691655
            ],
            [
                122.95019901034081,
                279.99465436691656
            ],
            [
                122.35019901034082,
                274.39465436691654
            ],
            [
                126.22401058662143,
                268.1914852369982
            ],
            [
                133.2025758577796,
                263.53910838955943
            ],
            [
                141.7319334114173,
                263.53910838955943
            ],
            [
                140.95653727017753,
                275.1700505081563
            ],
            [
                133.9501990103408,
                279.7946543669165
            ]
        ],
        "shift": [
            [
                0,
                0
            ],
            [
                67.0,
                -41.0
            ],
            [
                65.0,
                -42.0
            ],
            [
                60.0,
                -31.0
            ],
            [
                63.0,
                -33.0
            ],
            [
                70.0,
                -67.0
            ],
            [
                71.0,
                -65.0
            ],
            [
                70.0,
                -63.0
            ]
        ],
        "channel": 0,
        "closest_Dend": 0
    }
]