[
    {
        "type": 0,
        "location": [
            986,
            232
        ],
        "bgloc": [
            994,
            203
        ],
        "mean": [
            [
            28.22077922077922,
            44.824675324675326,
            33.64935064935065,
            34.896103896103895,
            42.967532467532465,
            43.66233766233766,
            57.74025974025974,
            110.3051948051948
            ]
        ],
        "min": [
            [
                12,
                4,
                0,
                2,
                1,
                1,
                1,
                0
            ]
        ],
        "max": [
            [
                197,
                221,
                182,
                132,
                117,
                123,
                94,
                126
            ]
        ],
        "RawIntDen": [
            [
                6180,
                9817,
                7369,
                7642,
                9410,
                9562,
                12645,
                24157
            ]
        ],
        "IntDen": [
            [
                5895.83202685714,
                9364.68671914286,
                7029.95894228572,
                7290.4282817143,
                8976.69593228571,
                9121.85332457144,
                12062.9862822858,
                23044.7534837142
            ]
        ],
        "local_bg": [
            [
                4.525114155251141,
                4.662100456621005,
                3.5205479452054793,
                4.2785388127853885,
                3.374429223744292,
                4.260273972602739,
                3.2557077625570776,
                3.5159817351598175
            ]
        ],
        "area": [
            0.9539640000000001
        ],
        "distance": 64.26752286165606,
        "points": [
            [
                986.0,
                241.4
            ],
            [
                978.6,
                239.4
            ],
            [
                980.2,
                232.0
            ],
            [
                981.2,
                227.2
            ],
            [
                986.0,
                226.0
            ],
            [
                991.4,
                226.6
            ],
            [
                992.6,
                232.0
            ],
            [
                998.4,
                244.4
            ]
        ],
        "shift": null,
        "channel": 0,
        "closest_Dend": 0
    },
    {
        "type": 0,
        "location": [
            896,
            213
        ],
        "bgloc": [
            894,
            182
        ],
        "mean": [
            [
            83.69811320754717,
            107.83018867924528,
            87.22641509433963,
            150.66666666666666,
            82.16352201257861,
            102.21383647798743,
            82.25157232704403,
            68.58490566037736
            ]
        ],
        "min": [
            [
                21,
                8,
                2,
                3,
                1,
                2,
                0,
                0
            ]
        ],
        "max": [
            [
                217,
                231,
                214,
                181,
                178,
                180,
                166,
                164
            ]
        ],
        "RawIntDen": [
            [
                17326,
                22321,
                18056,
                31188,
                17008,
                21158,
                17026,
                14197
            ]
        ],
        "IntDen": [
            [
                15622.2732525283,
                20126.5310275471,
                16280.8316606038,
                28121.9700959999,
                15335.8414315472,
                19078.2375187924,
                15352.2760442264,
                12801.3893762264
            ]
        ],
        "local_bg": [
            [
                4.004830917874396,
                4.7729468599033815,
                3.888888888888889,
                4.729468599033816,
                4.285024154589372,
                4.603864734299517,
                3.536231884057971,
                3.6231884057971016
            ]
        ],
        "area": [
            0.901692
        ],
        "distance": 58.56769720637929,
        "points": [
            [
                896.0,
                222.4
            ],
            [
                889.8,
                219.2
            ],
            [
                887.8,
                213.0
            ],
            [
                890.2,
                207.2
            ],
            [
                896.0,
                206.8
            ],
            [
                900.8,
                208.2
            ],
            [
                903.0,
                213.0
            ],
            [
                905.4,
                222.4
            ]
        ],
        "shift": null,
        "channel": 0,
        "closest_Dend": 0
    },
    {
        "type": 0,
        "location": [
            817,
            255
        ],
        "bgloc": [
            823,
            279
        ],
        "mean": [
            [
            40.552083333333336,
            39.34375,
            41.583333333333336,
            38.979166666666664,
            55.28125,
            58.020833333333336,
            58.520833333333336,
            43.927083333333336
            ]
        ],
        "min": [
            [
                2,
                3,
                6,
                8,
                8,
                9,
                7,
                8
            ]
        ],
        "max": [
            [
                135,
                168,
                153,
                131,
                139,
                159,
                133,
                141
            ]
        ],
        "RawIntDen": [
            [
                28995,
                28131,
                29732,
                27870,
                39526,
                41485,
                41842,
                31408
            ]
        ],
        "IntDen": [
            [
                90305.2762218752,
                87614.443434375,
                92601.7628249999,
                86802.5542312499,
                123105.600028125,
                129206.36746875,
                130319.81551875,
                97821.0505593751
            ]
        ],
        "local_bg": [
            [
                6.160839160839161,
                7.4125874125874125,
                8.099300699300699,
                10.079720279720279,
                10.41958041958042,
                11.033566433566433,
                10.137062937062938,
                9.311888111888113
            ]
        ],
        "area": [
            3.1145400000000003
        ],
        "distance": 53.95031032831226,
        "points": [
            [
                817.0,
                264.8
            ],
            [
                806.8,
                265.2
            ],
            [
                790.4,
                255.0
            ],
            [
                810.2,
                248.2
            ],
            [
                817.0,
                247.0
            ],
            [
                827.2,
                244.8
            ],
            [
                840.6,
                255.0
            ],
            [
                832.0,
                270.0
            ]
        ],
        "shift": null,
        "channel": 0,
        "closest_Dend": 0
    },
    {
        "type": 0,
        "location": [
            675,
            236
        ],
        "bgloc": [
            667,
            263
        ],
        "mean": [
            [
            31.85820895522388,
            35.96268656716418,
            33.0,
            58.69402985074627,
            48.85820895522388,
            45.8134328358209,
            43.19402985074627,
            45.291044776119406
            ]
        ],
        "min": [
            [
                7,
                9,
                11,
                22,
                16,
                16,
                12,
                9
            ]
        ],
        "max": [
            [
                215,
                238,
                255,
                247,
                241,
                255,
                239,
                249
            ]
        ],
        "RawIntDen": [
            [
                19019,
                21470,
                19701,
                35040,
                29168,
                27351,
                25787,
                27039
            ]
        ],
        "IntDen": [
            [
                49460.4302348954,
                55832.7039826567,
                51233.080932,
                91123.5145929851,
                75853.2295028954,
                71126.160977284,
                67059.491730985,
                70315.1443184777
            ]
        ],
        "local_bg": [
            [
                8.171140939597315,
                8.226510067114093,
                9.50503355704698,
                13.555369127516778,
                10.991610738255034,
                10.493288590604028,
                11.354026845637584,
                10.830536912751677
            ]
        ],
        "area": [
            2.6005320000000003
        ],
        "distance": 43.77046814488906,
        "points": [
            [
                675.0,
                244.4
            ],
            [
                668.0,
                243.0
            ],
            [
                663.2,
                236.0
            ],
            [
                663.2,
                224.2
            ],
            [
                675.0,
                227.2
            ],
            [
                682.2,
                228.8
            ],
            [
                702.4,
                236.0
            ],
            [
                690.4,
                251.4
            ]
        ],
        "shift": null,
        "channel": 0,
        "closest_Dend": 0
    },
    {
        "type": 0,
        "location": [
            609,
            194
        ],
        "bgloc": [
            614,
            166
        ],
        "mean": [
            [
            87.66153846153846,
            77.20769230769231,
            84.95384615384616,
            182.92307692307693,
            98.05384615384615,
            88.73846153846154,
            72.24615384615385,
            66.78461538461538
            ]
        ],
        "min": [
            [
                10,
                7,
                5,
                6,
                5,
                3,
                1,
                4
            ]
        ],
        "max": [
            [
                222,
                192,
                243,
                253,
                205,
                172,
                153,
                136
            ]
        ],
        "RawIntDen": [
            [
                16831,
                14824,
                16311,
                35121,
                18826,
                17038,
                13871,
                12823
            ]
        ],
        "IntDen": [
            [
                14076.6533789538,
                12397.9791123692,
                13641.8532745846,
                29373.7115963076,
                15745.4458249846,
                14249.5852386462,
                11601.2573302154,
                10724.2457560616
            ]
        ],
        "local_bg": [
            [
                4.322916666666667,
                4.3125,
                3.5,
                4.916666666666667,
                3.7916666666666665,
                4.322916666666667,
                3.5520833333333335,
                3.8958333333333335
            ]
        ],
        "area": [
            0.8363520000000001
        ],
        "distance": 38.888271956478604,
        "points": [
            [
                609.0,
                202.8
            ],
            [
                601.4,
                201.6
            ],
            [
                602.8,
                194.0
            ],
            [
                603.8,
                188.8
            ],
            [
                609.0,
                187.8
            ],
            [
                613.4,
                189.6
            ],
            [
                614.6,
                194.0
            ],
            [
                619.6,
                204.6
            ]
        ],
        "shift": null,
        "channel": 0,
        "closest_Dend": 0
    },
    {
        "type": 0,
        "location": [
            405,
            222
        ],
        "bgloc": [
            435.71767217495875,
            254.1162304845402
        ],
        "mean": [
            [
            53.8921568627451,
            43.46078431372549,
            39.48039215686274,
            42.92156862745098,
            41.3235294117647,
            45.22549019607843,
            49.8235294117647,
            40.92156862745098
            ]
        ],
        "min": [
            [
                5,
                8,
                7,
                17,
                13,
                17,
                16,
                16
            ]
        ],
        "max": [
            [
                184,
                250,
                255,
                255,
                255,
                255,
                255,
                255
            ]
        ],
        "RawIntDen": [
            [
                26946,
                21730,
                19740,
                21461,
                20662,
                22613,
                24912,
                20461
            ]
        ],
        "IntDen": [
            [
                58688.5588235294,
                47328.794117647,
                42994.1470588235,
                46741.588235294,
                45001.3235294118,
                49250.5588235294,
                54257.8235294118,
                44563.588235294
            ]
        ],
        "local_bg": [
            [
                6.414829659318637,
                7.152304609218437,
                7.865731462925852,
                8.821643286573146,
                8.695390781563127,
                8.87374749498998,
                9.1062124248497,
                8.210420841683367
            ]
        ],
        "area": [
            2.1780000000000004
        ],
        "distance": 27.475071856652228,
        "points": [
            [
                405.0,
                229.2
            ],
            [
                399.2,
                227.8
            ],
            [
                396.4,
                222.0
            ],
            [
                392.6,
                209.6
            ],
            [
                405.0,
                209.2
            ],
            [
                416.6,
                210.4
            ],
            [
                420.2,
                222.0
            ],
            [
                419.4,
                236.4
            ]
        ],
        "shift": null,
        "channel": 0,
        "closest_Dend": 0
    },
    {
        "type": 0,
        "location": [
            313,
            188
        ],
        "bgloc": [
            311,
            155
        ],
        "mean": [
            [
            56.57575757575758,
            65.05454545454545,
            68.89696969696969,
            111.11515151515151,
            77.4121212121212,
            56.86060606060606,
            50.121212121212125,
            55.82424242424243
            ]
        ],
        "min": [
            [
                9,
                8,
                10,
                10,
                5,
                6,
                5,
                4
            ]
        ],
        "max": [
            [
                179,
                219,
                197,
                235,
                188,
                139,
                98,
                160
            ]
        ],
        "RawIntDen": [
            [
                22121,
                25436,
                26939,
                43446,
                30268,
                22232,
                19597,
                21827
            ]
        ],
        "IntDen": [
            [
                37676.605164,
                43323.0508656,
                45881.9118912,
                73997.0947055997,
                51552.5739432,
                37866.2999088,
                33378.202968,
                37176.1339224001
            ]
        ],
        "local_bg": [
            [
                5.867007672634271,
                6.117647058823529,
                5.071611253196931,
                5.189258312020461,
                5.42455242966752,
                5.071611253196931,
                4.859335038363171,
                5.10997442455243
            ]
        ],
        "area": [
            1.7031960000000002
        ],
        "distance": 19.40913632101905,
        "points": [
            [
                313.0,
                197.8
            ],
            [
                303.0,
                198.0
            ],
            [
                289.2,
                188.0
            ],
            [
                307.6,
                182.6
            ],
            [
                313.0,
                181.6
            ],
            [
                319.8,
                181.2
            ],
            [
                322.4,
                188.0
            ],
            [
                322.2,
                197.2
            ]
        ],
        "shift": null,
        "channel": 0,
        "closest_Dend": 0
    }
]