[
    {
        "type": 0,
        "location": [
            986,
            232
        ],
        "bgloc": [
            994,
            203
        ],
        "mean": [
            [
            28.22077922077922,
            44.824675324675326,
            33.64935064935065,
            34.896103896103895,
            42.967532467532465,
            43.66233766233766,
            57.74025974025974,
            110.3051948051948
            ]
        ],
        "min": [
            [
                12,
                4,
                0,
                2,
                1,
                1,
                1,
                0
            ]
        ],
        "max": [
            [
                197,
                221,
                182,
                132,
                117,
                123,
                94,
                126
            ]
        ],
        "RawIntDen": [
            [
                17163,
                14611,
                8528,
                4172,
                4464,
                4864,
                4309,
                4928
            ]
        ],
        "IntDen": [
            [
                16372.884132000001,
                13938.368004000002,
                8135.404992000001,
                3979.9378080000006,
                4258.495296,
                4640.080896,
                4110.630876,
                4701.134592
            ]
        ],
        "local_bg": [
            [
                4.525114155251141,
                4.662100456621005,
                3.5205479452054793,
                4.2785388127853885,
                3.374429223744292,
                4.260273972602739,
                3.2557077625570776,
                3.5159817351598175
            ]
        ],
        "area": [
            0.9539640000000001
        ],
        "distance": 64.26752286165606,
        "points": [
            [
                986.0,
                241.4
            ],
            [
                978.6,
                239.4
            ],
            [
                980.2,
                232.0
            ],
            [
                981.2,
                227.2
            ],
            [
                986.0,
                226.0
            ],
            [
                991.4,
                226.6
            ],
            [
                992.6,
                232.0
            ],
            [
                998.4,
                244.4
            ]
        ],
        "shift": null,
        "channel": 0,
        "closest_Dend": 0
    },
    {
        "type": 0,
        "location": [
            896,
            213
        ],
        "bgloc": [
            894,
            182
        ],
        "mean": [
            [
            83.69811320754717,
            107.83018867924528,
            87.22641509433963,
            150.66666666666666,
            82.16352201257861,
            102.21383647798743,
            82.25157232704403,
            68.58490566037736
            ]
        ],
        "min": [
            [
                21,
                8,
                2,
                3,
                1,
                2,
                0,
                0
            ]
        ],
        "max": [
            [
                217,
                231,
                214,
                181,
                178,
                180,
                166,
                164
            ]
        ],
        "RawIntDen": [
            [
                18265,
                18472,
                8717,
                7582,
                9193,
                7405,
                7101,
                7122
            ]
        ],
        "IntDen": [
            [
                16469.404380000004,
                16656.054624,
                7860.049164000001,
                6836.628744000001,
                8289.254556000002,
                6677.029260000001,
                6402.914892000001,
                6421.850424000001
            ]
        ],
        "local_bg": [
            [
                4.004830917874396,
                4.7729468599033815,
                3.888888888888889,
                4.729468599033816,
                4.285024154589372,
                4.603864734299517,
                3.536231884057971,
                3.6231884057971016
            ]
        ],
        "area": [
            0.901692
        ],
        "distance": 58.56769720637929,
        "points": [
            [
                896.0,
                222.4
            ],
            [
                889.8,
                219.2
            ],
            [
                887.8,
                213.0
            ],
            [
                890.2,
                207.2
            ],
            [
                896.0,
                206.8
            ],
            [
                900.8,
                208.2
            ],
            [
                903.0,
                213.0
            ],
            [
                905.4,
                222.4
            ]
        ],
        "shift": null,
        "channel": 0,
        "closest_Dend": 0
    },
    {
        "type": 0,
        "location": [
            817,
            255
        ],
        "bgloc": [
            823,
            279
        ],
        "mean": [
            [
            40.552083333333336,
            39.34375,
            41.583333333333336,
            38.979166666666664,
            55.28125,
            58.020833333333336,
            58.520833333333336,
            43.927083333333336
            ]
        ],
        "min": [
            [
                2,
                3,
                6,
                8,
                8,
                9,
                7,
                8
            ]
        ],
        "max": [
            [
                135,
                168,
                153,
                131,
                139,
                159,
                133,
                141
            ]
        ],
        "RawIntDen": [
            [
                20859,
                35400,
                42555,
                40928,
                38741,
                40935,
                37375,
                39878
            ]
        ],
        "IntDen": [
            [
                64966.189860000006,
                110254.71600000001,
                132539.24970000001,
                127471.89312000001,
                120660.39414000002,
                127493.69490000002,
                116405.93250000001,
                124201.62612000002
            ]
        ],
        "local_bg": [
            [
                6.160839160839161,
                7.4125874125874125,
                8.099300699300699,
                10.079720279720279,
                10.41958041958042,
                11.033566433566433,
                10.137062937062938,
                9.311888111888113
            ]
        ],
        "area": [
            3.1145400000000003
        ],
        "distance": 53.95031032831226,
        "points": [
            [
                817.0,
                264.8
            ],
            [
                806.8,
                265.2
            ],
            [
                790.4,
                255.0
            ],
            [
                810.2,
                248.2
            ],
            [
                817.0,
                247.0
            ],
            [
                827.2,
                244.8
            ],
            [
                840.6,
                255.0
            ],
            [
                832.0,
                270.0
            ]
        ],
        "shift": null,
        "channel": 0,
        "closest_Dend": 0
    },
    {
        "type": 0,
        "location": [
            675,
            236
        ],
        "bgloc": [
            667,
            263
        ],
        "mean": [
            [
            31.85820895522388,
            35.96268656716418,
            33.0,
            58.69402985074627,
            48.85820895522388,
            45.8134328358209,
            43.19402985074627,
            45.291044776119406
            ]
        ],
        "min": [
            [
                7,
                9,
                11,
                22,
                16,
                16,
                12,
                9
            ]
        ],
        "max": [
            [
                215,
                238,
                255,
                247,
                241,
                255,
                239,
                249
            ]
        ],
        "RawIntDen": [
            [
                28895,
                38374,
                54462,
                72711,
                66140,
                61845,
                54436,
                53425
            ]
        ],
        "IntDen": [
            [
                75142.37214,
                99792.814968,
                141630.173784,
                189087.28225200003,
                171999.18648000003,
                160829.90154000002,
                141562.559952,
                138933.42210000003
            ]
        ],
        "local_bg": [
            [
                8.171140939597315,
                8.226510067114093,
                9.50503355704698,
                13.555369127516778,
                10.991610738255034,
                10.493288590604028,
                11.354026845637584,
                10.830536912751677
            ]
        ],
        "area": [
            2.6005320000000003
        ],
        "distance": 43.77046814488906,
        "points": [
            [
                675.0,
                244.4
            ],
            [
                668.0,
                243.0
            ],
            [
                663.2,
                236.0
            ],
            [
                663.2,
                224.2
            ],
            [
                675.0,
                227.2
            ],
            [
                682.2,
                228.8
            ],
            [
                702.4,
                236.0
            ],
            [
                690.4,
                251.4
            ]
        ],
        "shift": null,
        "channel": 0,
        "closest_Dend": 0
    },
    {
        "type": 0,
        "location": [
            609,
            194
        ],
        "bgloc": [
            614,
            166
        ],
        "mean": [
            [
            87.66153846153846,
            77.20769230769231,
            84.95384615384616,
            182.92307692307693,
            98.05384615384615,
            88.73846153846154,
            72.24615384615385,
            66.78461538461538
            ]
        ],
        "min": [
            [
                10,
                7,
                5,
                6,
                5,
                3,
                1,
                4
            ]
        ],
        "max": [
            [
                222,
                192,
                243,
                253,
                205,
                172,
                153,
                136
            ]
        ],
        "RawIntDen": [
            [
                17359,
                13225,
                6687,
                6772,
                3990,
                3316,
                4792,
                4145
            ]
        ],
        "IntDen": [
            [
                14518.234368000001,
                11060.755200000001,
                5592.685824000001,
                5663.7757440000005,
                3337.0444800000005,
                2773.343232,
                4007.7987840000005,
                3466.6790400000004
            ]
        ],
        "local_bg": [
            [
                4.322916666666667,
                4.3125,
                3.5,
                4.916666666666667,
                3.7916666666666665,
                4.322916666666667,
                3.5520833333333335,
                3.8958333333333335
            ]
        ],
        "area": [
            0.8363520000000001
        ],
        "distance": 38.888271956478604,
        "points": [
            [
                609.0,
                202.8
            ],
            [
                601.4,
                201.6
            ],
            [
                602.8,
                194.0
            ],
            [
                603.8,
                188.8
            ],
            [
                609.0,
                187.8
            ],
            [
                613.4,
                189.6
            ],
            [
                614.6,
                194.0
            ],
            [
                619.6,
                204.6
            ]
        ],
        "shift": null,
        "channel": 0,
        "closest_Dend": 0
    },
    {
        "type": 0,
        "location": [
            405,
            222
        ],
        "bgloc": [
            435.71767217495875,
            254.1162304845402
        ],
        "mean": [
            [
            53.8921568627451,
            43.46078431372549,
            39.48039215686274,
            42.92156862745098,
            41.3235294117647,
            45.22549019607843,
            49.8235294117647,
            40.92156862745098
            ]
        ],
        "min": [
            [
                5,
                8,
                7,
                17,
                13,
                17,
                16,
                16
            ]
        ],
        "max": [
            [
                184,
                250,
                255,
                255,
                255,
                255,
                255,
                255
            ]
        ],
        "RawIntDen": [
            [
                22801,
                32044,
                51319,
                64659,
                63556,
                62322,
                64086,
                64162
            ]
        ],
        "IntDen": [
            [
                49660.57800000001,
                69791.83200000001,
                111772.782,
                140827.30200000003,
                138424.96800000002,
                135737.31600000002,
                139579.30800000002,
                139744.836
            ]
        ],
        "local_bg": [
            [
                6.414829659318637,
                7.152304609218437,
                7.865731462925852,
                8.821643286573146,
                8.695390781563127,
                8.87374749498998,
                9.1062124248497,
                8.210420841683367
            ]
        ],
        "area": [
            2.1780000000000004
        ],
        "distance": 27.475071856652228,
        "points": [
            [
                405.0,
                229.2
            ],
            [
                399.2,
                227.8
            ],
            [
                396.4,
                222.0
            ],
            [
                392.6,
                209.6
            ],
            [
                405.0,
                209.2
            ],
            [
                416.6,
                210.4
            ],
            [
                420.2,
                222.0
            ],
            [
                419.4,
                236.4
            ]
        ],
        "shift": null,
        "channel": 0,
        "closest_Dend": 0
    },
    {
        "type": 0,
        "location": [
            313,
            188
        ],
        "bgloc": [
            311,
            155
        ],
        "mean": [
            [
            56.57575757575758,
            65.05454545454545,
            68.89696969696969,
            111.11515151515151,
            77.4121212121212,
            56.86060606060606,
            50.121212121212125,
            55.82424242424243
            ]
        ],
        "min": [
            [
                9,
                8,
                10,
                10,
                5,
                6,
                5,
                4
            ]
        ],
        "max": [
            [
                179,
                219,
                197,
                235,
                188,
                139,
                98,
                160
            ]
        ],
        "RawIntDen": [
            [
                30333,
                21648,
                17979,
                26125,
                13782,
                9921,
                9337,
                10090
            ]
        ],
        "IntDen": [
            [
                51663.044268000005,
                36870.78700800001,
                30621.760884000003,
                44495.995500000005,
                23473.447272,
                16897.407516000003,
                15902.741052000001,
                17185.24764
            ]
        ],
        "local_bg": [
            [
                5.867007672634271,
                6.117647058823529,
                5.071611253196931,
                5.189258312020461,
                5.42455242966752,
                5.071611253196931,
                4.859335038363171,
                5.10997442455243
            ]
        ],
        "area": [
            1.7031960000000002
        ],
        "distance": 19.40913632101905,
        "points": [
            [
                313.0,
                197.8
            ],
            [
                303.0,
                198.0
            ],
            [
                289.2,
                188.0
            ],
            [
                307.6,
                182.6
            ],
            [
                313.0,
                181.6
            ],
            [
                319.8,
                181.2
            ],
            [
                322.4,
                188.0
            ],
            [
                322.2,
                197.2
            ]
        ],
        "shift": null,
        "channel": 0,
        "closest_Dend": 0
    }
]