[
    {
        "type": 0,
        "location": [
            170,
            202
        ],
        "bgloc": [
            173,
            217
        ],
        "mean": [
            [
                32.38167938931298,
                31.900763358778626,
                34.44274809160305,
                42.3587786259542,
                49.47328244274809,
                37.045801526717554,
                34.49618320610687,
                27.541984732824428
            ]
        ],
        "min": [
            [
                6,
                5,
                7,
                7,
                9,
                7,
                6,
                5
            ]
        ],
        "max": [
            [
                89,
                115,
                99,
                144,
                140,
                125,
                97,
                111
            ]
        ],
        "RawIntDen": [
            [
                4242,
                4179,
                4512,
                5549,
                6481,
                4853,
                4519,
                3608
            ]
        ],
        "IntDen": [
            [
                2420.637912,
                2384.6878440000005,
                2574.7096320000005,
                3166.4591640000003,
                3698.2919160000006,
                2769.2965080000004,
                2578.7040840000004,
                2058.8546880000004
            ]
        ],
        "local_bg": [
            [
                7.3893129770992365,
                6.99236641221374,
                6.603053435114504,
                6.99236641221374,
                6.908396946564886,
                7.32824427480916,
                7.32824427480916,
                6.519083969465649
            ]
        ],
        "area": [
            0.570636
        ],
        "distance": 10.42380115027896,
        "points": [
            [
                170.0,
                207.6
            ],
            [
                165.8,
                206.2
            ],
            [
                163.4,
                202.0
            ],
            [
                165.8,
                197.8
            ],
            [
                170.0,
                196.8
            ],
            [
                175.8,
                196.2
            ],
            [
                179.4,
                202.0
            ],
            [
                175.0,
                207.0
            ]
        ],
        "shift": null,
        "channel": 0,
        "closest_Dend": 0
    },
    {
        "type": 0,
        "location": [
            108,
            229
        ],
        "bgloc": [
            122,
            257
        ],
        "mean": [
            [
                68.03296703296704,
                65.76923076923077,
                71.21611721611721,
                78.06593406593407,
                79.00732600732601,
                87.80952380952381,
                94.43956043956044,
                87.71062271062272
            ]
        ],
        "min": [
            [
                6,
                4,
                6,
                9,
                7,
                8,
                8,
                8
            ]
        ],
        "max": [
            [
                211,
                203,
                218,
                225,
                246,
                225,
                254,
                246
            ]
        ],
        "RawIntDen": [
            [
                18573,
                17955,
                19442,
                21312,
                21569,
                23972,
                25782,
                23945
            ]
        ],
        "IntDen": [
            [
                22086.788724000002,
                21351.870540000004,
                23120.193096000003,
                25343.974656000002,
                25649.595972000003,
                28507.214736,
                30659.645016000002,
                28475.106660000005
            ]
        ],
        "local_bg": [
            [
                5.051282051282051,
                4.886446886446887,
                4.794871794871795,
                4.853479853479853,
                4.868131868131868,
                5.498168498168498,
                5.7655677655677655,
                5.688644688644689
            ]
        ],
        "area": [
            1.1891880000000001
        ],
        "distance": 5.720755421491909,
        "points": [
            [
                108.0,
                237.0
            ],
            [
                100.2,
                236.8
            ],
            [
                97.2,
                229.0
            ],
            [
                101.4,
                222.4
            ],
            [
                108.0,
                219.4
            ],
            [
                116.4,
                220.6
            ],
            [
                118.4,
                229.0
            ],
            [
                113.6,
                234.6
            ]
        ],
        "shift": null,
        "channel": 0,
        "closest_Dend": 0
    },
    {
        "type": 0,
        "location": [
            75,
            207
        ],
        "bgloc": [
            62,
            176
        ],
        "mean": [
            [
                24.66,
                35.056,
                33.704,
                50.332,
                49.204,
                37.748,
                34.344,
                36.264
            ]
        ],
        "min": [
            [
                2,
                2,
                4,
                6,
                6,
                5,
                6,
                5
            ]
        ],
        "max": [
            [
                105,
                128,
                122,
                179,
                177,
                139,
                133,
                116
            ]
        ],
        "RawIntDen": [
            [
                6165,
                8764,
                8426,
                12583,
                12301,
                9437,
                8586,
                9066
            ]
        ],
        "IntDen": [
            [
                6713.685,
                9543.996000000001,
                9175.914,
                13702.887000000002,
                13395.789,
                10276.893000000002,
                9350.154,
                9872.874000000002
            ]
        ],
        "local_bg": [
            [
                4.904,
                5.012,
                5.016,
                5.404,
                5.476,
                5.472,
                6.02,
                6.488
            ]
        ],
        "area": [
            1.0890000000000002
        ],
        "distance": 4.324240716952061,
        "points": [
            [
                75.0,
                216.0
            ],
            [
                67.8,
                214.2
            ],
            [
                66.4,
                207.0
            ],
            [
                67.2,
                199.2
            ],
            [
                75.0,
                198.6
            ],
            [
                82.0,
                200.0
            ],
            [
                82.8,
                207.0
            ],
            [
                82.0,
                214.0
            ]
        ],
        "shift": null,
        "channel": 0,
        "closest_Dend": 0
    }
]