[
    {
        "type": 0,
        "location": [
            488,
            144
        ],
        "bgloc": [
            382.8057936995774,
            38.48997310795238
        ],
        "mean": [
            [
                75.70520231213872,
                66.78612716763006,
                40.346820809248555,
                50.69942196531792,
                61.27647058823529,
                63.20809248554913,
                45.84276729559748,
                50.630057803468205
            ]
        ],
        "min": [
            [
                13,
                13,
                8,
                8,
                11,
                11,
                9,
                7
            ]
        ],
        "max": [
            [
                150,
                146,
                125,
                191,
                148,
                155,
                103,
                133
            ]
        ],
        "RawIntDen": [
            [
                13097,
                11554,
                6980,
                8771,
                10417,
                10935,
                7289,
                8759
            ]
        ],
        "IntDen": [
            [
                57.050532000000004,
                50.329224,
                30.404880000000002,
                38.206476,
                45.37645200000001,
                47.63286000000001,
                31.750884000000003,
                38.15420400000001
            ]
        ],
        "local_bg": [
            [
                7.7368421052631575,
                7.239766081871345,
                7.385964912280702,
                7.631578947368421,
                7.43859649122807,
                7.888888888888889,
                7.847953216374269,
                7.6608187134502925
            ]
        ],
        "area": [
            0.753588
        ],
        "distance": 31.924951323180675,
        "points": [
            [
                487.9535921537565,
                150.40344649416858
            ],
            [
                481.55359215375654,
                150.2034464941686
            ],
            [
                478.9535921537565,
                143.80344649416858
            ],
            [
                482.55359215375654,
                138.40344649416858
            ],
            [
                487.9535921537565,
                135.60344649416857
            ],
            [
                494.1535921537565,
                137.60344649416857
            ],
            [
                494.77774830853673,
                143.8824669879828
            ],
            [
                492.54672923947356,
                148.04965428546052
            ]
        ],
        "shift": [
            [
                0,
                0
            ],
            [
                -1,
                0
            ],
            [
                1,
                0
            ],
            [
                -2.0,
                1.0
            ],
            [
                2,
                0
            ],
            [
                0,
                0
            ],
            [
                3,
                0
            ],
            [
                -2.0,
                3.0
            ]
        ],
        "channel": 0,
        "closest_Dend": 0
    },
    {
        "type": 0,
        "location": [
            472,
            167
        ],
        "bgloc": [
            460.16668497887053,
            94.75243949289285
        ],
        "mean": [
            [
                135.53333333333333,
                76.62,
                81.9,
                139.14,
                83.44,
                106.25333333333333,
                91.04,
                70.00666666666666
            ]
        ],
        "min": [
            [
                23,
                12,
                25,
                44,
                18,
                18,
                19,
                14
            ]
        ],
        "max": [
            [
                241,
                171,
                223,
                229,
                180,
                234,
                203,
                182
            ]
        ],
        "RawIntDen": [
            [
                20330,
                11493,
                12285,
                20871,
                12516,
                15938,
                13656,
                10501
            ]
        ],
        "IntDen": [
            [
                88.55748000000001,
                50.063508000000006,
                53.51346000000001,
                90.91407600000001,
                54.519696,
                69.42592800000001,
                59.485536,
                45.74235600000001
            ]
        ],
        "local_bg": [
            [
                6.9523809523809526,
                7.319727891156463,
                7.374149659863946,
                7.394557823129252,
                7.54421768707483,
                7.63265306122449,
                7.496598639455782,
                7.163265306122449
            ]
        ],
        "area": [
            0.6534000000000001
        ],
        "distance": 30.868951323180674,
        "points": [
            [
                472.1853241513153,
                173.31785249727912
            ],
            [
                466.1855287952744,
                172.58714588279133
            ],
            [
                465.52891317942857,
                166.67760534017847
            ],
            [
                466.5138366031974,
                162.08129602925737
            ],
            [
                472.1853241513153,
                158.51785249727914
            ],
            [
                478.3329176884231,
                161.4246804134115
            ],
            [
                478.1853241513153,
                166.71785249727913
            ],
            [
                476.7853241513153,
                171.31785249727912
            ]
        ],
        "shift": [
            [
                0,
                0
            ],
            [
                1.0,
                -0.0
            ],
            [
                0,
                0
            ],
            [
                -5.0,
                4.0
            ],
            [
                -3.0,
                3.0
            ],
            [
                -2,
                0
            ],
            [
                -4.0,
                2.0
            ],
            [
                -5.0,
                4.0
            ]
        ],
        "channel": 0,
        "closest_Dend": 0
    },
    {
        "type": 0,
        "location": [
            452,
            138
        ],
        "bgloc": [
            362.7120557049558,
            62.60245870149828
        ],
        "mean": [
            [
                31.334821428571427,
                28.254464285714285,
                23.017857142857142,
                37.66517857142857,
                27.736607142857142,
                23.044642857142858,
                23.075892857142858,
                28.03125
            ]
        ],
        "min": [
            [
                8,
                7,
                7,
                8,
                7,
                6,
                6,
                7
            ]
        ],
        "max": [
            [
                80,
                103,
                55,
                119,
                103,
                85,
                58,
                77
            ]
        ],
        "RawIntDen": [
            [
                7019,
                6329,
                5156,
                8437,
                6213,
                5162,
                5169,
                6279
            ]
        ],
        "IntDen": [
            [
                30.574764000000002,
                27.569124000000002,
                22.459536000000003,
                36.751572,
                27.063828000000004,
                22.485672,
                22.516164000000003,
                27.351324
            ]
        ],
        "local_bg": [
            [
                9.186666666666667,
                8.062222222222223,
                7.804444444444444,
                8.115555555555556,
                8.693333333333333,
                7.795555555555556,
                7.777777777777778,
                7.631111111111111
            ]
        ],
        "area": [
            0.9757440000000002
        ],
        "distance": 29.631692461615014,
        "points": [
            [
                451.930626149071,
                148.27359249373546
            ],
            [
                446.56067012557685,
                143.79518316618336
            ],
            [
                444.33062614907095,
                138.47359249373545
            ],
            [
                445.730626149071,
                132.27359249373546
            ],
            [
                451.930626149071,
                128.67359249373547
            ],
            [
                458.33062614907095,
                132.07359249373548
            ],
            [
                458.33062614907095,
                138.47359249373545
            ],
            [
                460.530626149071,
                147.07359249373548
            ]
        ],
        "shift": [
            [
                0,
                0
            ],
            [
                -1.0,
                -1.0
            ],
            [
                0,
                0
            ],
            [
                -1.0,
                5.0
            ],
            [
                -1.0,
                3.0
            ],
            [
                0,
                0
            ],
            [
                -2.0,
                3.0
            ],
            [
                -2.0,
                5.0
            ]
        ],
        "channel": 0,
        "closest_Dend": 0
    },
    {
        "type": 0,
        "location": [
            428,
            145
        ],
        "bgloc": [
            408.9276530925854,
            62.60245870149828
        ],
        "mean": [
            [
                54.095541401273884,
                50.0828025477707,
                53.19108280254777,
                70.98089171974522,
                34.11464968152866,
                45.605095541401276,
                49.46496815286624,
                34.36942675159236
            ]
        ],
        "min": [
            [
                8,
                13,
                16,
                10,
                9,
                9,
                9,
                8
            ]
        ],
        "max": [
            [
                142,
                125,
                135,
                185,
                93,
                122,
                103,
                86
            ]
        ],
        "RawIntDen": [
            [
                8493,
                7863,
                8351,
                11144,
                5356,
                7160,
                7766,
                5396
            ]
        ],
        "IntDen": [
            [
                36.995508,
                34.251228000000005,
                36.37695600000001,
                48.54326400000001,
                23.330736,
                31.188960000000005,
                33.828696,
                23.504976000000003
            ]
        ],
        "local_bg": [
            [
                7.251612903225807,
                8.587096774193549,
                9.04516129032258,
                9.193548387096774,
                7.890322580645162,
                7.896774193548387,
                7.7612903225806456,
                7.548387096774194
            ]
        ],
        "area": [
            0.683892
        ],
        "distance": 29.000132983607564,
        "points": [
            [
                427.52979014615727,
                153.3224444944442
            ],
            [
                421.3297901461573,
                151.12244449444418
            ],
            [
                421.3297901461573,
                144.9224444944442
            ],
            [
                422.52979014615727,
                139.9224444944442
            ],
            [
                427.4462890710558,
                138.64772585597098
            ],
            [
                432.52979014615727,
                139.9224444944442
            ],
            [
                433.52979014615727,
                144.9224444944442
            ],
            [
                434.52979014615727,
                151.9224444944442
            ]
        ],
        "shift": [
            [
                0,
                0
            ],
            [
                -0.0,
                -2.0
            ],
            [
                0,
                0
            ],
            [
                -0.0,
                2.0
            ],
            [
                0,
                0
            ],
            [
                -2,
                0
            ],
            [
                1.0,
                3.0
            ],
            [
                -0.0,
                4.0
            ]
        ],
        "channel": 0,
        "closest_Dend": 0
    },
    {
        "type": 0,
        "location": [
            411,
            171
        ],
        "bgloc": [
            322.52457971571255,
            64.61183250096042
        ],
        "mean": [
            [
                88.27428571428571,
                59.114285714285714,
                63.29142857142857,
                93.18285714285715,
                46.86857142857143,
                52.628571428571426,
                55.182857142857145,
                50.06285714285714
            ]
        ],
        "min": [
            [
                11,
                9,
                11,
                16,
                7,
                8,
                9,
                9
            ]
        ],
        "max": [
            [
                223,
                181,
                146,
                214,
                141,
                137,
                152,
                116
            ]
        ],
        "RawIntDen": [
            [
                15448,
                10345,
                11076,
                16307,
                8202,
                9210,
                9657,
                8761
            ]
        ],
        "IntDen": [
            [
                67.291488,
                45.06282,
                48.24705600000001,
                71.033292,
                35.727912,
                40.11876,
                42.065892000000005,
                38.162916
            ]
        ],
        "local_bg": [
            [
                7.155172413793103,
                7.183908045977011,
                7.011494252873563,
                7.218390804597701,
                6.959770114942529,
                7.0,
                7.057471264367816,
                7.402298850574713
            ]
        ],
        "area": [
            0.7623000000000001
        ],
        "distance": 26.68306558202042,
        "points": [
            [
                411.27509214391296,
                182.97213249806663
            ],
            [
                405.27509214391296,
                176.77213249806664
            ],
            [
                404.47509214391295,
                170.77213249806664
            ],
            [
                407.07509214391297,
                166.57213249806665
            ],
            [
                411.27509214391296,
                165.97213249806663
            ],
            [
                417.07509214391297,
                164.97213249806663
            ],
            [
                418.27509214391296,
                170.77213249806664
            ],
            [
                417.47509214391295,
                176.97213249806663
            ]
        ],
        "shift": [
            [
                0,
                0
            ],
            [
                2.0,
                0.0
            ],
            [
                0,
                0
            ],
            [
                1.0,
                6.0
            ],
            [
                0.0,
                6.0
            ],
            [
                1.0,
                3.0
            ],
            [
                0.0,
                6.0
            ],
            [
                -1.0,
                6.0
            ]
        ],
        "channel": 0,
        "closest_Dend": 0
    },
    {
        "type": 0,
        "location": [
            358,
            170
        ],
        "bgloc": [
            274.29960852862075,
            60.59308490203614
        ],
        "mean": [
            [
                131.14285714285714,
                119.3781512605042,
                91.15966386554622,
                132.78151260504202,
                106.6218487394958,
                106.12605042016807,
                92.84873949579831,
                77.07563025210084
            ]
        ],
        "min": [
            [
                38,
                39,
                19,
                27,
                21,
                18,
                16,
                12
            ]
        ],
        "max": [
            [
                226,
                241,
                186,
                239,
                231,
                221,
                226,
                193
            ]
        ],
        "RawIntDen": [
            [
                15606,
                14206,
                10848,
                15801,
                12688,
                12629,
                11049,
                9172
            ]
        ],
        "IntDen": [
            [
                67.979736,
                61.881336000000005,
                47.253888,
                68.82915600000001,
                55.26892800000001,
                55.01192400000001,
                48.12944400000001,
                39.95323200000001
            ]
        ],
        "local_bg": [
            [
                7.721739130434782,
                8.11304347826087,
                7.417391304347826,
                7.939130434782609,
                7.226086956521739,
                7.565217391304348,
                7.278260869565218,
                7.678260869565217
            ]
        ],
        "area": [
            0.518364
        ],
        "distance": 23.273257996264288,
        "points": [
            [
                360.75696443834886,
                176.2799517711249
            ],
            [
                355.83234731950483,
                174.6384127315102
            ],
            [
                352.2209614323525,
                169.05717999682028
            ],
            [
                352.91542539873416,
                164.81195026812674
            ],
            [
                358.11542539873415,
                164.61195026812672
            ],
            [
                363.31542539873413,
                164.81195026812674
            ],
            [
                365.35327374927,
                170.0421034205891
            ],
            [
                364.3683503255012,
                173.65348930774138
            ]
        ],
        "shift": [
            [
                0,
                0
            ],
            [
                1.0,
                2.0
            ],
            [
                3.0,
                5.0
            ],
            [
                2.0,
                6.0
            ],
            [
                4.0,
                7.0
            ],
            [
                3.0,
                7.0
            ],
            [
                4.0,
                8.0
            ],
            [
                4.0,
                10.0
            ]
        ],
        "channel": 0,
        "closest_Dend": 0
    },
    {
        "type": 0,
        "location": [
            308,
            178
        ],
        "bgloc": [
            262.2433657318478,
            76.66807529773342
        ],
        "mean": [
            [
                43.41422594142259,
                46.24686192468619,
                42.13807531380753,
                47.30543933054393,
                48.40167364016737,
                47.94142259414226,
                45.42677824267783,
                35.54811715481171
            ]
        ],
        "min": [
            [
                9,
                6,
                8,
                9,
                9,
                10,
                8,
                6
            ]
        ],
        "max": [
            [
                134,
                164,
                158,
                160,
                171,
                138,
                155,
                119
            ]
        ],
        "RawIntDen": [
            [
                10376,
                11053,
                10071,
                11306,
                11568,
                11458,
                10857,
                8496
            ]
        ],
        "IntDen": [
            [
                45.19785600000001,
                48.146868000000005,
                43.869276000000006,
                49.24893600000001,
                50.39020800000001,
                49.91104800000001,
                47.29309200000001,
                37.008576000000005
            ]
        ],
        "local_bg": [
            [
                9.676470588235293,
                7.495798319327731,
                7.394957983193278,
                7.504201680672269,
                7.382352941176471,
                7.512605042016807,
                7.428571428571429,
                7.411764705882353
            ]
        ],
        "area": [
            1.0410840000000001
        ],
        "distance": 20.053018168291636,
        "points": [
            [
                307.8930421311163,
                188.05355249924784
            ],
            [
                300.49304213111634,
                185.25355249924786
            ],
            [
                300.8930421311163,
                177.85355249924785
            ],
            [
                302.2930421311163,
                172.25355249924786
            ],
            [
                307.8930421311163,
                168.45355249924785
            ],
            [
                313.2930421311163,
                172.45355249924785
            ],
            [
                315.8930421311163,
                177.85355249924785
            ],
            [
                316.8930421311163,
                186.85355249924785
            ]
        ],
        "shift": [
            [
                0,
                0
            ],
            [
                -2,
                0
            ],
            [
                0,
                0
            ],
            [
                0.0,
                5.0
            ],
            [
                2.0,
                3.0
            ],
            [
                2,
                0
            ],
            [
                2.0,
                7.0
            ],
            [
                4.0,
                8.0
            ]
        ],
        "channel": 0,
        "closest_Dend": 0
    },
    {
        "type": 0,
        "location": [
            308,
            178
        ],
        "bgloc": [
            419.9792089896273,
            88.72431809450637
        ],
        "mean": [
            [
                43.41422594142259,
                46.24686192468619,
                42.13807531380753,
                47.30543933054393,
                48.40167364016737,
                47.94142259414226,
                45.42677824267783,
                35.54811715481171
            ]
        ],
        "min": [
            [
                9,
                6,
                8,
                9,
                9,
                10,
                8,
                6
            ]
        ],
        "max": [
            [
                134,
                164,
                158,
                160,
                171,
                138,
                155,
                119
            ]
        ],
        "RawIntDen": [
            [
                10376,
                11053,
                10071,
                11306,
                11568,
                11458,
                10857,
                8496
            ]
        ],
        "IntDen": [
            [
                45.19785600000001,
                48.146868000000005,
                43.869276000000006,
                49.24893600000001,
                50.39020800000001,
                49.91104800000001,
                47.29309200000001,
                37.008576000000005
            ]
        ],
        "local_bg": [
            [
                7.133891213389122,
                7.01673640167364,
                7.317991631799163,
                7.916317991631799,
                7.585774058577406,
                7.702928870292887,
                7.414225941422594,
                7.468619246861925
            ]
        ],
        "area": [
            1.0410840000000001
        ],
        "distance": 20.053018168291636,
        "points": [
            [
                307.8930421311163,
                188.05355249924784
            ],
            [
                300.49304213111634,
                185.25355249924786
            ],
            [
                300.8930421311163,
                177.85355249924785
            ],
            [
                302.2930421311163,
                172.25355249924786
            ],
            [
                307.8930421311163,
                168.45355249924785
            ],
            [
                313.2930421311163,
                172.45355249924785
            ],
            [
                315.8930421311163,
                177.85355249924785
            ],
            [
                316.8930421311163,
                186.85355249924785
            ]
        ],
        "shift": [
            [
                0,
                0
            ],
            [
                -2,
                0
            ],
            [
                0,
                0
            ],
            [
                0.0,
                5.0
            ],
            [
                2.0,
                3.0
            ],
            [
                2,
                0
            ],
            [
                2.0,
                7.0
            ],
            [
                4.0,
                8.0
            ]
        ],
        "channel": 0,
        "closest_Dend": 0
    }
]