[
    {
        "type": 0,
        "location": [
            44,
            272
        ],
        "bgloc": [
            29.97878278898895,
            243.65281325409484
        ],
        "mean": [
            [
                108.7196261682243,
                108.67289719626169,
                117.71028037383178,
                156.61682242990653,
                105.66355140186916,
                116.55140186915888,
                119.88785046728972,
                129.14018691588785
            ]
        ],
        "min": [
            [
                20,
                20,
                24,
                45,
                19,
                35,
                25,
                35
            ]
        ],
        "max": [
            [
                239,
                218,
                225,
                244,
                213,
                220,
                209,
                221
            ]
        ],
        "RawIntDen": [
            [
                11633,
                11628,
                12595,
                16758,
                11306,
                12471,
                12828,
                13818
            ]
        ],
        "IntDen": [
            [
                50.673348000000004,
                50.651568000000005,
                54.863820000000004,
                72.997848,
                49.24893600000001,
                54.323676000000006,
                55.87876800000001,
                60.19120800000001
            ]
        ],
        "local_bg": [
            [
                10.79816513761468,
                11.44954128440367,
                12.477064220183486,
                11.302752293577981,
                12.412844036697248,
                12.954128440366972,
                12.321100917431192,
                13.559633027522937
            ]
        ],
        "area": [
            0.46609200000000006
        ],
        "distance": 1.3674638364889178,
        "points": [
            [
                43.98529794661587,
                278.874763516865
            ],
            [
                38.83917319543541,
                278.60609816861984
            ],
            [
                39.35231546521504,
                272.19181979637443
            ],
            [
                39.35231546521504,
                267.57353936835773
            ],
            [
                45.766593837460476,
                266.0341125590188
            ],
            [
                49.615160860807734,
                267.8301105032475
            ],
            [
                49.871731995697544,
                271.6786775265948
            ],
            [
                47.30602064679937,
                276.55352908950135
            ]
        ],
        "shift": [
            [
                0,
                0
            ],
            [
                -0.0,
                2.0
            ],
            [
                -0.0,
                3.0
            ],
            [
                -0.0,
                4.0
            ],
            [
                0.0,
                5.0
            ],
            [
                0.0,
                6.0
            ],
            [
                1.0,
                7.0
            ],
            [
                -0.0,
                7.0
            ]
        ],
        "channel": 0,
        "closest_Dend": 0
    },
    {
        "type": 0,
        "location": [
            142,
            236
        ],
        "bgloc": [
            142,
            190
        ],
        "mean": [
            [
                68.19402985074628,
                88.77611940298507,
                71.09701492537313,
                94.49253731343283,
                98.67910447761194,
                99.28358208955224,
                91.35074626865672,
                89.15671641791045
            ]
        ],
        "min": [
            [
                12,
                16,
                11,
                18,
                18,
                19,
                19,
                12
            ]
        ],
        "max": [
            [
                196,
                238,
                213,
                235,
                222,
                221,
                237,
                232
            ]
        ],
        "RawIntDen": [
            [
                9138,
                11896,
                9527,
                12662,
                13223,
                13304,
                12241,
                11947
            ]
        ],
        "IntDen": [
            [
                39.805128,
                51.818976000000006,
                41.499612000000006,
                55.15567200000001,
                57.599388000000005,
                57.95222400000001,
                53.321796000000006,
                52.041132000000005
            ]
        ],
        "local_bg": [
            [
                8.992537313432836,
                8.305970149253731,
                9.514925373134329,
                9.253731343283581,
                9.0,
                9.276119402985074,
                9.798507462686567,
                10.328358208955224
            ]
        ],
        "area": [
            0.5837040000000001
        ],
        "distance": 8.913686116092371,
        "points": [
            [
                142.53036975839098,
                244.73989585991177
            ],
            [
                136.36518487919548,
                241.58909328339243
            ],
            [
                136.5651848791955,
                236.18909328339242
            ],
            [
                137.7651848791955,
                232.18909328339242
            ],
            [
                141.7651848791955,
                230.58909328339243
            ],
            [
                146.1651848791955,
                231.78909328339242
            ],
            [
                148.36518487919548,
                236.18909328339242
            ],
            [
                148.17493472596695,
                242.1741845110136
            ]
        ],
        "shift": [
            [
                0,
                0
            ],
            [
                2.0,
                4.0
            ],
            [
                1,
                0
            ],
            [
                0.0,
                2.0
            ],
            [
                -0.0,
                4.0
            ],
            [
                2.0,
                3.0
            ],
            [
                2.0,
                2.0
            ],
            [
                1.0,
                4.0
            ]
        ],
        "channel": 0,
        "closest_Dend": 0
    },
    {
        "type": 0,
        "location": [
            165,
            273
        ],
        "bgloc": [
            172,
            304
        ],
        "mean": [
            [
                106.03225806451613,
                114.52258064516128,
                105.54193548387097,
                141.15483870967742,
                152.67096774193547,
                117.49032258064516,
                100.73548387096774,
                115.49032258064516
            ]
        ],
        "min": [
            [
                17,
                11,
                14,
                17,
                30,
                21,
                12,
                16
            ]
        ],
        "max": [
            [
                223,
                255,
                222,
                255,
                255,
                255,
                255,
                255
            ]
        ],
        "RawIntDen": [
            [
                16435,
                17751,
                16359,
                21879,
                23664,
                18211,
                15614,
                17901
            ]
        ],
        "IntDen": [
            [
                71.59086,
                77.323356,
                71.259804,
                95.30492400000001,
                103.08038400000001,
                79.327116,
                68.01458400000001,
                77.97675600000001
            ]
        ],
        "local_bg": [
            [
                7.374193548387097,
                7.974193548387097,
                8.187096774193549,
                7.84516129032258,
                8.67741935483871,
                8.019354838709678,
                8.387096774193548,
                8.580645161290322
            ]
        ],
        "area": [
            0.6751800000000001
        ],
        "distance": 9.262287565261078,
        "points": [
            [
                166.22631630833774,
                280.29695795461146
            ],
            [
                158.91315815416888,
                279.0261964935177
            ],
            [
                158.2726111267534,
                275.67867752659475
            ],
            [
                161.0948936105414,
                269.26439915434935
            ],
            [
                167.50917198278682,
                266.1855455356715
            ],
            [
                171.51315815416888,
                266.42619649351775
            ],
            [
                174.11315815416887,
                272.8261964935177
            ],
            [
                170.58802560146464,
                277.2181043359337
            ]
        ],
        "shift": [
            [
                0,
                0
            ],
            [
                1.0,
                1.0
            ],
            [
                2.0,
                2.0
            ],
            [
                0.0,
                3.0
            ],
            [
                -1.0,
                3.0
            ],
            [
                2.0,
                3.0
            ],
            [
                3.0,
                3.0
            ],
            [
                1.0,
                2.0
            ]
        ],
        "channel": 0,
        "closest_Dend": 0
    },
    {
        "type": 0,
        "location": [
            193,
            274
        ],
        "bgloc": [
            203,
            315
        ],
        "mean": [
            [
                46.221374045801525,
                47.67175572519084,
                52.3587786259542,
                53.13740458015267,
                54.587786259541986,
                55.541984732824424,
                55.86259541984733,
                48.267175572519086
            ]
        ],
        "min": [
            [
                10,
                10,
                9,
                9,
                10,
                10,
                11,
                12
            ]
        ],
        "max": [
            [
                114,
                110,
                121,
                129,
                135,
                126,
                145,
                116
            ]
        ],
        "RawIntDen": [
            [
                6055,
                6245,
                6859,
                6961,
                7151,
                7276,
                7318,
                6323
            ]
        ],
        "IntDen": [
            [
                26.375580000000003,
                27.20322,
                29.877804000000005,
                30.322116000000005,
                31.149756000000004,
                31.694256000000003,
                31.877208000000003,
                27.542988000000005
            ]
        ],
        "local_bg": [
            [
                6.259541984732825,
                6.099236641221374,
                6.450381679389313,
                7.320610687022901,
                7.0,
                6.572519083969466,
                6.0458015267175576,
                6.900763358778626
            ]
        ],
        "area": [
            0.570636
        ],
        "distance": 11.050901715790683,
        "points": [
            [
                192.82284072226912,
                282.252481033077
            ],
            [
                188.7708298816317,
                278.52724454994205
            ],
            [
                188.00111647696227,
                275.19181979637443
            ],
            [
                188.5142587467419,
                270.0603970985781
            ],
            [
                193.1325391747586,
                264.9289744007817
            ],
            [
                198.00739073766513,
                269.29068369390865
            ],
            [
                198.52053300744475,
                274.67867752659475
            ],
            [
                198.00739073766513,
                279.5535290895013
            ]
        ],
        "shift": [
            [
                0,
                0
            ],
            [
                -0.0,
                2.0
            ],
            [
                1.0,
                1.0
            ],
            [
                -0.0,
                2.0
            ],
            [
                -1.0,
                3.0
            ],
            [
                3,
                0
            ],
            [
                3,
                0
            ],
            [
                1.0,
                2.0
            ]
        ],
        "channel": 0,
        "closest_Dend": 0
    },
    {
        "type": 0,
        "location": [
            216,
            217
        ],
        "bgloc": [
            207,
            173
        ],
        "mean": [
            [
                55.141868512110726,
                60.141868512110726,
                61.86851211072664,
                111.39446366782006,
                69.1280276816609,
                52.87543252595156,
                68.280276816609,
                67.78200692041523
            ]
        ],
        "min": [
            [
                6,
                8,
                7,
                14,
                7,
                7,
                9,
                8
            ]
        ],
        "max": [
            [
                230,
                237,
                238,
                255,
                241,
                231,
                243,
                255
            ]
        ],
        "RawIntDen": [
            [
                15936,
                17381,
                17880,
                32193,
                19978,
                15281,
                19733,
                19589
            ]
        ],
        "IntDen": [
            [
                69.41721600000001,
                75.71163600000001,
                77.88528000000001,
                140.232708,
                87.024168,
                66.564036,
                85.95694800000001,
                85.32968400000001
            ]
        ],
        "local_bg": [
            [
                5.384083044982699,
                5.557093425605537,
                5.1833910034602075,
                5.13840830449827,
                6.179930795847751,
                6.342560553633218,
                5.3321799307958475,
                6.429065743944637
            ]
        ],
        "area": [
            1.2588840000000001
        ],
        "distance": 13.904358572429388,
        "points": [
            [
                214.94052740191194,
                227.46567469713864
            ],
            [
                207.49996449010723,
                224.13024994357102
            ],
            [
                203.65139746675996,
                217.45940043643577
            ],
            [
                209.55253356922577,
                210.01883752463107
            ],
            [
                215.19709853680175,
                209.50569525485142
            ],
            [
                221.61137690904718,
                211.30169319908015
            ],
            [
                225.45994393239442,
                215.1502602224274
            ],
            [
                225.45994393239442,
                223.36053653890156
            ]
        ],
        "shift": [
            [
                0,
                0
            ],
            [
                1.0,
                2.0
            ],
            [
                -0.0,
                4.0
            ],
            [
                -0.0,
                4.0
            ],
            [
                3.0,
                3.0
            ],
            [
                3.0,
                2.0
            ],
            [
                6.0,
                3.0
            ],
            [
                3.0,
                4.0
            ]
        ],
        "channel": 0,
        "closest_Dend": 0
    },
    {
        "type": 0,
        "location": [
            248,
            247
        ],
        "bgloc": [
            257,
            277
        ],
        "mean": [
            [
                65.30459770114942,
                73.37931034482759,
                62.51149425287356,
                88.15517241379311,
                75.6264367816092,
                81.60919540229885,
                79.94827586206897,
                86.89080459770115
            ]
        ],
        "min": [
            [
                9,
                10,
                10,
                13,
                11,
                16,
                10,
                10
            ]
        ],
        "max": [
            [
                198,
                239,
                216,
                238,
                214,
                238,
                241,
                247
            ]
        ],
        "RawIntDen": [
            [
                11363,
                12768,
                10877,
                15339,
                13159,
                14200,
                13911,
                15119
            ]
        ],
        "IntDen": [
            [
                49.49722800000001,
                55.617408000000005,
                47.38021200000001,
                66.81668400000001,
                57.320604,
                61.8552,
                60.59631600000001,
                65.85836400000001
            ]
        ],
        "local_bg": [
            [
                8.568965517241379,
                7.954022988505747,
                8.505747126436782,
                8.959770114942529,
                8.724137931034482,
                9.494252873563218,
                8.833333333333334,
                9.270114942528735
            ]
        ],
        "area": [
            0.7579440000000001
        ],
        "distance": 15.010985218193488,
        "points": [
            [
                248.47249245380019,
                255.73879640920552
            ],
            [
                242.2724924538002,
                253.1387964092055
            ],
            [
                240.2724924538002,
                246.9387964092055
            ],
            [
                242.78727767024475,
                242.4370299066063
            ],
            [
                249.71469831226983,
                240.64103196237758
            ],
            [
                254.2724924538002,
                241.1387964092055
            ],
            [
                255.47249245380019,
                246.9387964092055
            ],
            [
                254.2724924538002,
                252.73879640920552
            ]
        ],
        "shift": [
            [
                0,
                0
            ],
            [
                0.0,
                1.0
            ],
            [
                -0.0,
                2.0
            ],
            [
                0.0,
                4.0
            ],
            [
                -0.0,
                4.0
            ],
            [
                1.0,
                2.0
            ],
            [
                2.0,
                2.0
            ],
            [
                0.0,
                3.0
            ]
        ],
        "channel": 0,
        "closest_Dend": 0
    },
    {
        "type": 0,
        "location": [
            295,
            214
        ],
        "bgloc": [
            303,
            172
        ],
        "mean": [
            [
                99.7926267281106,
                103.38709677419355,
                117.84331797235023,
                149.21198156682027,
                133.82027649769586,
                115.11981566820276,
                122.23963133640552,
                115.29953917050692
            ]
        ],
        "min": [
            [
                11,
                10,
                13,
                19,
                18,
                12,
                11,
                14
            ]
        ],
        "max": [
            [
                247,
                255,
                253,
                255,
                255,
                255,
                255,
                255
            ]
        ],
        "RawIntDen": [
            [
                21655,
                22435,
                25572,
                32379,
                29039,
                24981,
                26526,
                25020
            ]
        ],
        "IntDen": [
            [
                94.32918000000001,
                97.72686000000002,
                111.39163200000002,
                141.04292400000003,
                126.49388400000001,
                108.81723600000001,
                115.54725600000002,
                108.98712000000002
            ]
        ],
        "local_bg": [
            [
                7.299539170506913,
                6.8663594470046085,
                7.903225806451613,
                6.631336405529954,
                8.036866359447005,
                8.76958525345622,
                7.2949308755760365,
                8.603686635944701
            ]
        ],
        "area": [
            0.9452520000000001
        ],
        "distance": 18.202682596406657,
        "points": [
            [
                294.87630481683277,
                222.5308070401854
            ],
            [
                287.22100808286547,
                221.53197979441072
            ],
            [
                287.0210080828655,
                213.53197979441072
            ],
            [
                290.62100808286544,
                208.93197979441072
            ],
            [
                295.22100808286547,
                207.33197979441073
            ],
            [
                300.8210080828655,
                207.93197979441072
            ],
            [
                304.62100808286544,
                213.53197979441072
            ],
            [
                303.08658113330694,
                221.76109363551595
            ]
        ],
        "shift": [
            [
                0,
                0
            ],
            [
                2.0,
                0.0
            ],
            [
                1.0,
                0.0
            ],
            [
                0,
                0
            ],
            [
                2.0,
                2.0
            ],
            [
                0,
                0
            ],
            [
                2.0,
                1.0
            ],
            [
                0,
                0
            ]
        ],
        "channel": 0,
        "closest_Dend": 0
    }
]