[
    {
        "type": 0,
        "location": [
            391,
            332
        ],
        "bgloc": [
            387,
            361
        ],
        "mean": [
            [
                147.9527027027027,
                138.21621621621622,
                113.76351351351352,
                144.97972972972974,
                151.85135135135135,
                123.69594594594595,
                116.22972972972973,
                95.45270270270271
            ]
        ],
        "min": [
            [
                42,
                24,
                9,
                14,
                24,
                25,
                10,
                12
            ]
        ],
        "max": [
            [
                254,
                255,
                255,
                255,
                255,
                254,
                255,
                255
            ]
        ],
        "RawIntDen": [
            [
                21897,
                20456,
                16837,
                21457,
                22474,
                18307,
                17202,
                14127
            ]
        ],
        "IntDen": [
            [
                14116.733136,
                13187.737728000002,
                10854.611856000001,
                13833.070416000002,
                14488.718112000002,
                11802.303216000002,
                11089.922976000002,
                9107.507376000001
            ]
        ],
        "local_bg": [
            [
                8.222972972972974,
                8.452702702702704,
                8.304054054054054,
                7.945945945945946,
                7.628378378378378,
                8.202702702702704,
                8.02027027027027,
                7.216216216216216
            ]
        ],
        "area": [
            0.644688
        ],
        "distance": 24.146974842724607,
        "points": [
            [
                391.0,
                336.6
            ],
            [
                387.4,
                335.6
            ],
            [
                387.2,
                332.0
            ],
            [
                384.2,
                325.2
            ],
            [
                391.0,
                324.2
            ],
            [
                398.2,
                324.8
            ],
            [
                399.8,
                332.0
            ],
            [
                396.0,
                337.0
            ]
        ],
        "shift": null,
        "channel": 0,
        "closest_Dend": 0
    },
    {
        "type": 0,
        "location": [
            531,
            281
        ],
        "bgloc": [
            526,
            231
        ],
        "mean": [
            [
                67.89655172413794,
                90.04827586206896,
                77.68275862068965,
                100.43448275862069,
                83.6896551724138,
                88.50344827586207,
                84.71724137931035,
                77.41379310344827
            ]
        ],
        "min": [
            [
                6,
                18,
                11,
                20,
                10,
                14,
                11,
                10
            ]
        ],
        "max": [
            [
                153,
                212,
                202,
                251,
                198,
                217,
                237,
                195
            ]
        ],
        "RawIntDen": [
            [
                9845,
                13057,
                11264,
                14563,
                12135,
                12833,
                12284,
                11225
            ]
        ],
        "IntDen": [
            [
                6218.298900000001,
                8247.06234,
                7114.567680000001,
                9198.282060000001,
                7664.708700000001,
                8105.579460000001,
                7758.820080000001,
                7089.934500000001
            ]
        ],
        "local_bg": [
            [
                6.13103448275862,
                5.56551724137931,
                5.144827586206897,
                5.413793103448276,
                5.993103448275862,
                5.744827586206896,
                5.048275862068966,
                5.544827586206897
            ]
        ],
        "area": [
            0.6316200000000001
        ],
        "distance": 31.98592636674927,
        "points": [
            [
                531.0,
                288.8
            ],
            [
                527.0,
                285.0
            ],
            [
                525.6,
                281.0
            ],
            [
                526.6,
                276.6
            ],
            [
                531.0,
                272.2
            ],
            [
                538.8,
                273.2
            ],
            [
                539.0,
                281.0
            ],
            [
                534.2,
                284.2
            ]
        ],
        "shift": null,
        "channel": 0,
        "closest_Dend": 0
    },
    {
        "type": 0,
        "location": [
            547,
            322
        ],
        "bgloc": [
            548,
            355
        ],
        "mean": [
            [
                95.46564885496183,
                99.09923664122137,
                64.80916030534351,
                118.80916030534351,
                88.50381679389314,
                65.90839694656489,
                74.01526717557252,
                57.54961832061068
            ]
        ],
        "min": [
            [
                28,
                18,
                4,
                7,
                6,
                4,
                6,
                4
            ]
        ],
        "max": [
            [
                202,
                210,
                237,
                249,
                241,
                217,
                235,
                202
            ]
        ],
        "RawIntDen": [
            [
                12506,
                12982,
                8490,
                15564,
                11594,
                8634,
                9696,
                7539
            ]
        ],
        "IntDen": [
            [
                7136.373816000001,
                7407.9965520000005,
                4844.699640000001,
                8881.378704,
                6615.953784000001,
                4926.871224,
                5532.886656000001,
                4302.024804000001
            ]
        ],
        "local_bg": [
            [
                6.900763358778626,
                7.290076335877862,
                6.549618320610687,
                6.587786259541985,
                7.190839694656488,
                6.282442748091603,
                6.458015267175573,
                5.9541984732824424
            ]
        ],
        "area": [
            0.570636
        ],
        "distance": 32.86389418342541,
        "points": [
            [
                547.0,
                327.6
            ],
            [
                542.4,
                326.6
            ],
            [
                542.2,
                322.0
            ],
            [
                544.2,
                319.2
            ],
            [
                547.0,
                313.2
            ],
            [
                556.2,
                312.8
            ],
            [
                553.2,
                322.0
            ],
            [
                550.2,
                325.2
            ]
        ],
        "shift": null,
        "channel": 0,
        "closest_Dend": 0
    },
    {
        "type": 0,
        "location": [
            682,
            319
        ],
        "bgloc": [
            685,
            301
        ],
        "mean": [
            [
                58.23033707865169,
                92.10112359550561,
                151.2078651685393,
                135.5561797752809,
                128.17977528089887,
                121.65168539325843,
                137.85393258426967,
                161.13483146067415
            ]
        ],
        "min": [
            [
                8,
                13,
                33,
                31,
                24,
                21,
                31,
                50
            ]
        ],
        "max": [
            [
                167,
                214,
                255,
                247,
                244,
                237,
                249,
                255
            ]
        ],
        "RawIntDen": [
            [
                10365,
                16394,
                26915,
                24129,
                22816,
                21654,
                24538,
                28682
            ]
        ],
        "IntDen": [
            [
                8036.689320000001,
                12711.382992,
                20869.029720000002,
                18708.854472000003,
                17690.796288,
                16789.818672,
                19025.979984,
                22239.104976000002
            ]
        ],
        "local_bg": [
            [
                10.640449438202246,
                12.544943820224718,
                14.882022471910112,
                14.387640449438202,
                14.073033707865168,
                13.52247191011236,
                13.769662921348315,
                21.578651685393258
            ]
        ],
        "area": [
            0.7753680000000001
        ],
        "distance": 41.85683505021742,
        "points": [
            [
                682.0,
                324.2
            ],
            [
                677.8,
                323.2
            ],
            [
                669.6,
                319.0
            ],
            [
                674.4,
                311.4
            ],
            [
                682.0,
                310.2
            ],
            [
                686.4,
                314.6
            ],
            [
                687.2,
                319.0
            ],
            [
                688.0,
                325.0
            ]
        ],
        "shift": null,
        "channel": 0,
        "closest_Dend": 0
    },
    {
        "type": 0,
        "location": [
            729,
            363
        ],
        "bgloc": [
            725,
            389
        ],
        "mean": [
            [
                94.19607843137256,
                83.50980392156863,
                74.7516339869281,
                81.16339869281046,
                88.09803921568627,
                111.62091503267973,
                112.18300653594771,
                74.54248366013071
            ]
        ],
        "min": [
            [
                32,
                18,
                10,
                7,
                10,
                18,
                13,
                13
            ]
        ],
        "max": [
            [
                212,
                172,
                179,
                200,
                206,
                236,
                240,
                167
            ]
        ],
        "RawIntDen": [
            [
                14412,
                12777,
                11437,
                12418,
                13479,
                17078,
                17164,
                11405
            ]
        ],
        "IntDen": [
            [
                9605.136816000002,
                8515.461636000002,
                7622.394516000001,
                8276.199624,
                8983.322172,
                11381.940504000002,
                11439.256752000001,
                7601.067540000001
            ]
        ],
        "local_bg": [
            [
                8.392156862745098,
                8.699346405228757,
                8.61437908496732,
                8.92156862745098,
                9.169934640522875,
                8.562091503267974,
                8.620915032679738,
                7.901960784313726
            ]
        ],
        "area": [
            0.6664680000000001
        ],
        "distance": 45.39151561939888,
        "points": [
            [
                729.0,
                368.6
            ],
            [
                725.2,
                366.8
            ],
            [
                723.8,
                363.0
            ],
            [
                724.4,
                358.4
            ],
            [
                729.0,
                353.8
            ],
            [
                737.2,
                354.8
            ],
            [
                735.8,
                363.0
            ],
            [
                734.0,
                368.0
            ]
        ],
        "shift": null,
        "channel": 0,
        "closest_Dend": 0
    }
]