[
    {
        "type": 0,
        "location": [
            471,
            425
        ],
        "bgloc": [
            493,
            425
        ],
        "mean": [
            [
                29.914027149321267,
                37.15384615384615,
                45.321266968325794,
                37.87782805429864,
                30.615384615384617,
                34.13574660633484,
                45.97285067873303,
                39.62443438914027
            ]
        ],
        "min": [
            [
                6,
                6,
                8,
                5,
                5,
                5,
                5,
                5
            ]
        ],
        "max": [
            [
                119,
                140,
                141,
                148,
                109,
                127,
                162,
                127
            ]
        ],
        "RawIntDen": [
            [
                6611,
                8211,
                10016,
                8371,
                6766,
                7544,
                10160,
                8757
            ]
        ],
        "IntDen": [
            [
                6364.251036000001,
                7904.532636000001,
                9642.162816000002,
                8058.560796000001,
                6513.465816000001,
                7262.4277440000005,
                9780.788160000002,
                8430.153732
            ]
        ],
        "local_bg": [
            [
                5.728506787330317,
                6.1855203619909505,
                6.375565610859729,
                6.144796380090498,
                5.895927601809955,
                6.180995475113122,
                6.085972850678733,
                5.873303167420814
            ]
        ],
        "area": [
            0.9626760000000001
        ],
        "distance": 27.57068118209376,
        "points": [
            [
                471.0,
                431.6
            ],
            [
                463.8,
                432.2
            ],
            [
                461.8,
                425.0
            ],
            [
                463.6,
                417.6
            ],
            [
                471.0,
                416.2
            ],
            [
                477.0,
                419.0
            ],
            [
                480.2,
                425.0
            ],
            [
                476.6,
                430.6
            ]
        ],
        "shift": null,
        "channel": 0,
        "closest_Dend": 0
    },
    {
        "type": 0,
        "location": [
            449,
            320
        ],
        "bgloc": [
            482,
            315
        ],
        "mean": [
            [
                118.6555023923445,
                87.01435406698565,
                74.92344497607655,
                76.89952153110048,
                62.760765550239235,
                65.0,
                119.11004784688996,
                81.72248803827752
            ]
        ],
        "min": [
            [
                20,
                13,
                9,
                8,
                6,
                7,
                19,
                8
            ]
        ],
        "max": [
            [
                255,
                241,
                230,
                232,
                208,
                205,
                255,
                242
            ]
        ],
        "RawIntDen": [
            [
                24799,
                18186,
                15659,
                16072,
                13117,
                13585,
                24894,
                17080
            ]
        ],
        "IntDen": [
            [
                22577.108796000004,
                16556.607144,
                14256.016236000001,
                14632.013088000002,
                11941.769268000002,
                12367.838340000002,
                22663.597176000003,
                15549.700320000002
            ]
        ],
        "local_bg": [
            [
                5.904306220095694,
                6.057416267942584,
                6.15311004784689,
                6.019138755980861,
                6.5311004784688995,
                6.827751196172249,
                6.220095693779904,
                6.052631578947368
            ]
        ],
        "area": [
            0.9104040000000001
        ],
        "distance": 20.693483928441076,
        "points": [
            [
                449.0,
                330.2
            ],
            [
                441.6,
                327.4
            ],
            [
                438.8,
                320.0
            ],
            [
                444.0,
                315.0
            ],
            [
                449.0,
                313.4
            ],
            [
                453.6,
                315.4
            ],
            [
                456.6,
                320.0
            ],
            [
                455.4,
                326.4
            ]
        ],
        "shift": null,
        "channel": 0,
        "closest_Dend": 0
    },
    {
        "type": 0,
        "location": [
            417,
            360
        ],
        "bgloc": [
            389,
            360
        ],
        "mean": [
            [
                82.39664804469274,
                87.02234636871508,
                88.09497206703911,
                90.64245810055866,
                94.16201117318435,
                93.45810055865921,
                97.27932960893855,
                79.77094972067039
            ]
        ],
        "min": [
            [
                12,
                21,
                18,
                16,
                14,
                10,
                11,
                10
            ]
        ],
        "max": [
            [
                191,
                177,
                227,
                210,
                231,
                225,
                234,
                226
            ]
        ],
        "RawIntDen": [
            [
                14749,
                15577,
                15769,
                16225,
                16855,
                16729,
                17413,
                14279
            ]
        ],
        "IntDen": [
            [
                11500.149276000002,
                12145.760748,
                12295.467756000002,
                12651.021900000002,
                13142.24802,
                13044.002796,
                13577.334012000001,
                11133.678996
            ]
        ],
        "local_bg": [
            [
                6.06145251396648,
                6.351955307262569,
                6.955307262569832,
                6.217877094972067,
                6.06145251396648,
                5.899441340782123,
                6.312849162011173,
                6.29608938547486
            ]
        ],
        "area": [
            0.7797240000000001
        ],
        "distance": 23.178836308907574,
        "points": [
            [
                417.0,
                366.8
            ],
            [
                411.4,
                365.6
            ],
            [
                409.8,
                360.0
            ],
            [
                411.4,
                354.4
            ],
            [
                417.0,
                353.6
            ],
            [
                422.6,
                354.4
            ],
            [
                425.8,
                360.0
            ],
            [
                424.6,
                367.6
            ]
        ],
        "shift": null,
        "channel": 0,
        "closest_Dend": 0
    },
    {
        "type": 0,
        "location": [
            447,
            202
        ],
        "bgloc": [
            489,
            209
        ],
        "mean": [
            [
                115.3301282051282,
                120.46474358974359,
                118.49038461538461,
                114.69871794871794,
                113.03205128205128,
                109.22115384615384,
                113.33974358974359,
                99.63782051282051
            ]
        ],
        "min": [
            [
                16,
                13,
                14,
                11,
                17,
                9,
                17,
                12
            ]
        ],
        "max": [
            [
                255,
                255,
                255,
                253,
                255,
                227,
                251,
                230
            ]
        ],
        "RawIntDen": [
            [
                35983,
                37585,
                36969,
                35786,
                35266,
                34077,
                35362,
                31087
            ]
        ],
        "IntDen": [
            [
                48903.48777600001,
                51080.72112000001,
                50243.532768000005,
                48635.750592000004,
                47929.033152,
                46313.09654400001,
                48059.50406400001,
                42249.47126400001
            ]
        ],
        "local_bg": [
            [
                8.169871794871796,
                8.522435897435898,
                8.76923076923077,
                8.41025641025641,
                8.39102564102564,
                8.746794871794872,
                8.349358974358974,
                8.067307692307692
            ]
        ],
        "area": [
            1.359072
        ],
        "distance": 12.422637601530104,
        "points": [
            [
                447.0,
                211.8
            ],
            [
                441.2,
                207.8
            ],
            [
                436.0,
                202.0
            ],
            [
                439.0,
                194.0
            ],
            [
                447.0,
                194.2
            ],
            [
                452.8,
                196.2
            ],
            [
                458.4,
                202.0
            ],
            [
                458.0,
                213.0
            ]
        ],
        "shift": null,
        "channel": 0,
        "closest_Dend": 0
    },
    {
        "type": 0,
        "location": [
            419,
            152
        ],
        "bgloc": [
            397,
            147
        ],
        "mean": [
            [
                118.23595505617978,
                71.41011235955057,
                58.848314606741575,
                71.29775280898876,
                83.2752808988764,
                69.6685393258427,
                61.98876404494382,
                56.97752808988764
            ]
        ],
        "min": [
            [
                27,
                10,
                10,
                14,
                10,
                13,
                9,
                9
            ]
        ],
        "max": [
            [
                255,
                198,
                147,
                183,
                212,
                206,
                189,
                198
            ]
        ],
        "RawIntDen": [
            [
                21046,
                12711,
                10475,
                12691,
                14823,
                12401,
                11034,
                10142
            ]
        ],
        "IntDen": [
            [
                16318.394928000002,
                9855.702648,
                8121.979800000001,
                9840.195288,
                11493.279864000002,
                9615.338568000001,
                8555.410512,
                7863.782256000001
            ]
        ],
        "local_bg": [
            [
                8.308988764044944,
                7.792134831460674,
                8.264044943820224,
                8.044943820224718,
                10.03370786516854,
                8.786516853932584,
                8.123595505617978,
                7.848314606741573
            ]
        ],
        "area": [
            0.7753680000000001
        ],
        "distance": 9.514909545515074,
        "points": [
            [
                419.0,
                160.8
            ],
            [
                413.4,
                157.6
            ],
            [
                412.2,
                152.0
            ],
            [
                414.0,
                147.0
            ],
            [
                419.0,
                146.0
            ],
            [
                426.6,
                144.4
            ],
            [
                426.2,
                152.0
            ],
            [
                425.2,
                158.2
            ]
        ],
        "shift": null,
        "channel": 0,
        "closest_Dend": 0
    },
    {
        "type": 0,
        "location": [
            441,
            273
        ],
        "bgloc": [
            474,
            265
        ],
        "mean": [
            [
                38.48905109489051,
                36.93065693430657,
                39.37956204379562,
                34.47810218978102,
                43.38321167883212,
                44.24087591240876,
                36.27007299270073,
                39.92335766423358
            ]
        ],
        "min": [
            [
                9,
                7,
                7,
                9,
                8,
                9,
                7,
                7
            ]
        ],
        "max": [
            [
                104,
                118,
                121,
                146,
                110,
                111,
                123,
                198
            ]
        ],
        "RawIntDen": [
            [
                10546,
                10119,
                10790,
                9447,
                11887,
                12122,
                9938,
                10939
            ]
        ],
        "IntDen": [
            [
                12587.115024,
                12077.471736000001,
                12878.33976,
                11275.410168000002,
                14187.657528000002,
                14468.140368000002,
                11861.440272000002,
                13056.177816000001
            ]
        ],
        "local_bg": [
            [
                6.41970802919708,
                6.635036496350365,
                7.2153284671532845,
                6.967153284671533,
                7.492700729927007,
                8.583941605839415,
                7.036496350364963,
                7.412408759124087
            ]
        ],
        "area": [
            1.1935440000000002
        ],
        "distance": 17.64067731290627,
        "points": [
            [
                441.0,
                282.2
            ],
            [
                432.8,
                281.2
            ],
            [
                431.8,
                273.0
            ],
            [
                431.6,
                263.6
            ],
            [
                441.0,
                266.0
            ],
            [
                446.6,
                267.4
            ],
            [
                450.0,
                273.0
            ],
            [
                449.0,
                281.0
            ]
        ],
        "shift": null,
        "channel": 0,
        "closest_Dend": 0
    },
    {
        "type": 0,
        "location": [
            410,
            208
        ],
        "bgloc": [
            382,
            204
        ],
        "mean": [
            [
                43.937777777777775,
                48.324444444444445,
                55.355555555555554,
                53.27111111111111,
                66.27111111111111,
                82.64,
                52.45777777777778,
                50.93333333333333
            ]
        ],
        "min": [
            [
                9,
                11,
                11,
                10,
                14,
                15,
                9,
                9
            ]
        ],
        "max": [
            [
                131,
                154,
                152,
                121,
                193,
                196,
                179,
                204
            ]
        ],
        "RawIntDen": [
            [
                9886,
                10873,
                12455,
                11986,
                14911,
                18594,
                11803,
                11460
            ]
        ],
        "IntDen": [
            [
                9689.268600000001,
                10656.627300000002,
                12207.1455,
                11747.478600000002,
                14614.271100000002,
                18223.979400000004,
                11568.1203,
                11231.946000000002
            ]
        ],
        "local_bg": [
            [
                6.866666666666666,
                7.355555555555555,
                7.311111111111111,
                7.506666666666667,
                6.9911111111111115,
                7.0311111111111115,
                6.977777777777778,
                6.595555555555555
            ]
        ],
        "area": [
            0.9801000000000001
        ],
        "distance": 13.19053149747525,
        "points": [
            [
                410.0,
                221.0
            ],
            [
                403.4,
                214.6
            ],
            [
                400.8,
                208.0
            ],
            [
                405.2,
                203.2
            ],
            [
                410.0,
                203.0
            ],
            [
                416.2,
                201.8
            ],
            [
                417.4,
                208.0
            ],
            [
                417.4,
                215.4
            ]
        ],
        "shift": null,
        "channel": 0,
        "closest_Dend": 0
    },
    {
        "type": 0,
        "location": [
            454,
            386
        ],
        "bgloc": [
            483,
            374
        ],
        "mean": [
            [
                57.92424242424242,
                57.86868686868687,
                60.06060606060606,
                68.65656565656566,
                71.29292929292929,
                56.303030303030305,
                68.79292929292929,
                110.57070707070707
            ]
        ],
        "min": [
            [
                8,
                9,
                11,
                9,
                9,
                7,
                9,
                23
            ]
        ],
        "max": [
            [
                161,
                187,
                184,
                208,
                221,
                187,
                248,
                226
            ]
        ],
        "RawIntDen": [
            [
                11469,
                11458,
                11892,
                13594,
                14116,
                11148,
                13621,
                21893
            ]
        ],
        "IntDen": [
            [
                9891.874872,
                9882.387504,
                10256.707296,
                11724.661872,
                12174.880608000001,
                9615.016224,
                11747.949048000002,
                18882.449784
            ]
        ],
        "local_bg": [
            [
                7.505050505050505,
                7.282828282828283,
                7.409090909090909,
                7.681818181818182,
                7.343434343434343,
                7.343434343434343,
                6.671717171717172,
                7.045454545454546
            ]
        ],
        "area": [
            0.8624880000000001
        ],
        "distance": 25.367783395366427,
        "points": [
            [
                454.0,
                397.0
            ],
            [
                447.4,
                392.6
            ],
            [
                445.2,
                386.0
            ],
            [
                449.2,
                381.2
            ],
            [
                454.0,
                379.8
            ],
            [
                458.0,
                382.0
            ],
            [
                460.8,
                386.0
            ],
            [
                461.4,
                393.4
            ]
        ],
        "shift": null,
        "channel": 0,
        "closest_Dend": 0
    },
    {
        "type": 0,
        "location": [
            413,
            235
        ],
        "bgloc": [
            395,
            235
        ],
        "mean": [
            [
                109.77184466019418,
                87.64077669902913,
                134.82038834951456,
                105.27184466019418,
                97.44174757281553,
                110.8883495145631,
                171.16990291262135,
                100.74271844660194
            ]
        ],
        "min": [
            [
                20,
                12,
                30,
                24,
                21,
                18,
                33,
                13
            ]
        ],
        "max": [
            [
                239,
                240,
                254,
                243,
                232,
                255,
                254,
                251
            ]
        ],
        "RawIntDen": [
            [
                22613,
                18054,
                27773,
                21686,
                20073,
                22843,
                35261,
                20753
            ]
        ],
        "IntDen": [
            [
                20291.458968000003,
                16200.504144000002,
                24921.712728000002,
                19459.628496,
                18012.225528000003,
                20497.846248,
                31640.964696000003,
                18622.414008000003
            ]
        ],
        "local_bg": [
            [
                9.087378640776699,
                9.16504854368932,
                10.669902912621358,
                9.53883495145631,
                9.344660194174757,
                9.766990291262136,
                10.601941747572816,
                8.70873786407767
            ]
        ],
        "area": [
            0.8973360000000001
        ],
        "distance": 14.863462254116769,
        "points": [
            [
                413.0,
                244.8
            ],
            [
                406.6,
                241.4
            ],
            [
                406.2,
                235.0
            ],
            [
                407.8,
                229.8
            ],
            [
                413.0,
                224.0
            ],
            [
                419.2,
                228.8
            ],
            [
                419.2,
                235.0
            ],
            [
                419.2,
                241.2
            ]
        ],
        "shift": null,
        "channel": 0,
        "closest_Dend": 0
    },
    {
        "type": 0,
        "location": [
            436,
            77
        ],
        "bgloc": [
            418,
            74
        ],
        "mean": [
            [
                106.51086956521739,
                83.2336956521739,
                78.29347826086956,
                74.08695652173913,
                129.08152173913044,
                97.34782608695652,
                90.54347826086956,
                69.67391304347827
            ]
        ],
        "min": [
            [
                13,
                16,
                12,
                14,
                26,
                16,
                14,
                10
            ]
        ],
        "max": [
            [
                233,
                195,
                201,
                210,
                255,
                238,
                228,
                187
            ]
        ],
        "RawIntDen": [
            [
                19598,
                15315,
                14406,
                13632,
                23751,
                17912,
                16660,
                12820
            ]
        ],
        "IntDen": [
            [
                15707.875392000002,
                12275.033760000002,
                11546.466624,
                10926.102528000001,
                19036.521504000004,
                14356.539648000002,
                13353.05664,
                10275.281280000001
            ]
        ],
        "local_bg": [
            [
                13.548913043478262,
                13.33695652173913,
                13.201086956521738,
                12.978260869565217,
                13.320652173913043,
                12.173913043478262,
                12.429347826086957,
                11.815217391304348
            ]
        ],
        "area": [
            0.8015040000000001
        ],
        "distance": 5.149342425591994,
        "points": [
            [
                436.0,
                88.0
            ],
            [
                431.0,
                82.0
            ],
            [
                428.6,
                77.0
            ],
            [
                429.4,
                70.4
            ],
            [
                436.0,
                69.4
            ],
            [
                442.2,
                70.8
            ],
            [
                442.0,
                77.0
            ],
            [
                441.2,
                82.2
            ]
        ],
        "shift": null,
        "channel": 0,
        "closest_Dend": 0
    },
    {
        "type": 0,
        "location": [
            427,
            110
        ],
        "bgloc": [
            404,
            105
        ],
        "mean": [
            [
                65.38129496402878,
                92.51079136690647,
                61.510791366906474,
                74.96402877697842,
                74.12949640287769,
                75.18705035971223,
                75.69064748201438,
                72.35251798561151
            ]
        ],
        "min": [
            [
                15,
                18,
                9,
                9,
                11,
                11,
                8,
                11
            ]
        ],
        "max": [
            [
                170,
                217,
                164,
                222,
                196,
                211,
                225,
                231
            ]
        ],
        "RawIntDen": [
            [
                9088,
                12859,
                8550,
                10420,
                10304,
                10451,
                10521,
                10057
            ]
        ],
        "IntDen": [
            [
                5502.638592,
                7785.918756000001,
                5176.8882,
                6309.143280000001,
                6238.907136000001,
                6327.913284000001,
                6370.2971640000005,
                6089.352588000001
            ]
        ],
        "local_bg": [
            [
                7.482014388489208,
                7.669064748201439,
                8.258992805755396,
                8.028776978417266,
                7.827338129496403,
                7.618705035971223,
                8.143884892086332,
                7.827338129496403
            ]
        ],
        "area": [
            0.605484
        ],
        "distance": 6.686652772707431,
        "points": [
            [
                427.0,
                118.2
            ],
            [
                422.4,
                114.6
            ],
            [
                421.0,
                110.0
            ],
            [
                423.0,
                106.0
            ],
            [
                427.0,
                103.4
            ],
            [
                431.6,
                105.4
            ],
            [
                434.2,
                110.0
            ],
            [
                433.2,
                116.2
            ]
        ],
        "shift": null,
        "channel": 0,
        "closest_Dend": 0
    },
    {
        "type": 0,
        "location": [
            437,
            43
        ],
        "bgloc": [
            415,
            42
        ],
        "mean": [
            [
                74.08196721311475,
                63.721311475409834,
                96.1584699453552,
                69.73770491803279,
                90.56830601092896,
                84.48633879781421,
                81.88524590163935,
                83.8743169398907
            ]
        ],
        "min": [
            [
                10,
                8,
                20,
                15,
                15,
                13,
                10,
                13
            ]
        ],
        "max": [
            [
                200,
                193,
                215,
                152,
                242,
                228,
                249,
                238
            ]
        ],
        "RawIntDen": [
            [
                13557,
                11661,
                17597,
                12762,
                16574,
                15461,
                14985,
                15349
            ]
        ],
        "IntDen": [
            [
                10806.935436000002,
                9295.542828000001,
                14027.413356000001,
                10173.202776000002,
                13211.930952,
                12324.705228,
                11945.262780000001,
                12235.424652000002
            ]
        ],
        "local_bg": [
            [
                11.169398907103826,
                10.628415300546449,
                11.387978142076502,
                11.519125683060109,
                10.327868852459016,
                10.879781420765028,
                10.737704918032787,
                9.96174863387978
            ]
        ],
        "area": [
            0.7971480000000001
        ],
        "distance": 2.0760413913280096,
        "points": [
            [
                437.0,
                52.0
            ],
            [
                429.4,
                50.6
            ],
            [
                428.6,
                43.0
            ],
            [
                432.2,
                38.2
            ],
            [
                437.0,
                37.4
            ],
            [
                442.0,
                38.0
            ],
            [
                443.8,
                43.0
            ],
            [
                443.6,
                49.6
            ]
        ],
        "shift": null,
        "channel": 0,
        "closest_Dend": 0
    },
    {
        "type": 0,
        "location": [
            415,
            275
        ],
        "bgloc": [
            398,
            277
        ],
        "mean": [
            [
                66.27741935483871,
                67.71612903225807,
                73.00645161290322,
                67.93548387096774,
                76.65806451612903,
                64.4,
                64.6774193548387,
                59.9741935483871
            ]
        ],
        "min": [
            [
                15,
                13,
                10,
                17,
                20,
                10,
                14,
                14
            ]
        ],
        "max": [
            [
                163,
                177,
                213,
                157,
                190,
                173,
                158,
                144
            ]
        ],
        "RawIntDen": [
            [
                10273,
                10496,
                11316,
                10530,
                11882,
                9982,
                10025,
                9296
            ]
        ],
        "IntDen": [
            [
                6936.124140000001,
                7086.6892800000005,
                7640.336880000001,
                7109.645400000001,
                8022.488760000001,
                6739.6467600000005,
                6768.679500000001,
                6276.473280000001
            ]
        ],
        "local_bg": [
            [
                15.458064516129033,
                23.335483870967742,
                24.18064516129032,
                28.84516129032258,
                25.15483870967742,
                23.26451612903226,
                23.129032258064516,
                25.335483870967742
            ]
        ],
        "area": [
            0.6751800000000001
        ],
        "distance": 17.41852991171091,
        "points": [
            [
                414.50992115276017,
                281.3625400365988
            ],
            [
                407.4,
                282.6
            ],
            [
                406.4,
                275.0
            ],
            [
                409.0,
                269.0
            ],
            [
                414.50992115276017,
                269.57209410116263
            ],
            [
                419.6,
                270.4
            ],
            [
                420.2,
                275.0
            ],
            [
                420.6,
                280.6
            ]
        ],
        "shift": null,
        "channel": 0,
        "closest_Dend": 0
    }
]