[
    {
        "type": 0,
        "location": [
            160,
            273
        ],
        "bgloc": [
            166,
            307
        ],
        "mean": [
            [
                41.0462962962963,
                60.370370370370374,
                53.99074074074074,
                79.12037037037037,
                53.638888888888886,
                61.898148148148145,
                47.379629629629626,
                61.52777777777778
            ]
        ],
        "min": [
            [
                5,
                15,
                12,
                24,
                14,
                10,
                6,
                10
            ]
        ],
        "max": [
            [
                123,
                154,
                123,
                157,
                149,
                164,
                110,
                140
            ]
        ],
        "RawIntDen": [
            [
                4433,
                6520,
                5831,
                8545,
                5793,
                6685,
                5117,
                6645
            ]
        ],
        "IntDen": [
            [
                19.310148,
                28.401120000000002,
                25.399836000000004,
                37.22202000000001,
                25.234308000000002,
                29.119860000000003,
                22.289652000000004,
                28.94562
            ]
        ],
        "local_bg": [
            [
                2.3981481481481484,
                3.3518518518518516,
                3.1481481481481484,
                4.157407407407407,
                3.1018518518518516,
                3.185185185185185,
                4.407407407407407,
                4.148148148148148
            ]
        ],
        "area": [
            0.47044800000000003
        ],
        "distance": 0.9102095785408513,
        "points": [
            [
                160.43727344817208,
                279.25334136904155
            ],
            [
                155.8669429489285,
                276.96817611941975
            ],
            [
                155.5812972927258,
                272.96913693258165
            ],
            [
                156.15258860513123,
                268.6844520895408
            ],
            [
                160.7229191043748,
                266.68493249612175
            ],
            [
                165.57889525982108,
                268.9700977457435
            ],
            [
                166.33744181844855,
                272.9792644861941
            ],
            [
                165.19485919363765,
                277.83524064164044
            ]
        ],
        "shift": [
            [
                0,
                0
            ],
            [
                0.0,
                -1.0
            ],
            [
                0,
                0
            ],
            [
                0,
                0
            ],
            [
                1.0,
                -2.0
            ],
            [
                1.0,
                -2.0
            ],
            [
                3.0,
                -0.0
            ],
            [
                3.0,
                -0.0
            ]
        ],
        "channel": 0,
        "closest_Dend": 0
    },
    {
        "type": 0,
        "location": [
            176,
            262
        ],
        "bgloc": [
            185,
            286
        ],
        "mean": [
            [
                51.52879581151832,
                49.24083769633508,
                48.382198952879584,
                137.54450261780104,
                71.38743455497382,
                73.26701570680628,
                63.617801047120416,
                70.18324607329843
            ]
        ],
        "min": [
            [
                5,
                7,
                6,
                30,
                15,
                11,
                11,
                8
            ]
        ],
        "max": [
            [
                147,
                131,
                138,
                248,
                228,
                188,
                183,
                184
            ]
        ],
        "RawIntDen": [
            [
                9842,
                9405,
                9241,
                26271,
                13635,
                13994,
                12151,
                13405
            ]
        ],
        "IntDen": [
            [
                42.87175200000001,
                40.968180000000004,
                40.253796,
                114.43647600000001,
                59.39406000000001,
                60.95786400000001,
                52.929756000000005,
                58.39218
            ]
        ],
        "local_bg": [
            [
                3.9633507853403143,
                5.518324607329843,
                5.057591623036649,
                6.795811518324608,
                5.387434554973822,
                5.801047120418848,
                6.277486910994765,
                6.554973821989528
            ]
        ],
        "area": [
            0.8319960000000001
        ],
        "distance": 1.9464582449186347,
        "points": [
            [
                176.37971240695495,
                271.8468094149956
            ],
            [
                170.3811536266978,
                266.9908332595494
            ],
            [
                169.2385710018869,
                261.56356579169767
            ],
            [
                170.6667992829005,
                257.2788809486568
            ],
            [
                176.95100371936041,
                255.8506526676432
            ],
            [
                182.18717268834263,
                257.27115542794905
            ],
            [
                185.80601906164483,
                262.70614841650854
            ],
            [
                182.66391684341485,
                269.8472898215766
            ]
        ],
        "shift": [
            [
                0,
                0
            ],
            [
                -1.0,
                1.0
            ],
            [
                -0.0,
                2.0
            ],
            [
                1.0,
                1.0
            ],
            [
                -1.0,
                1.0
            ],
            [
                0.0,
                1.0
            ],
            [
                0.0,
                -0.0
            ],
            [
                2.0,
                1.0
            ]
        ],
        "channel": 0,
        "closest_Dend": 0
    },
    {
        "type": 0,
        "location": [
            221,
            229
        ],
        "bgloc": [
            228,
            194
        ],
        "mean": [
            [
                38.925,
                33.775,
                35.38333333333333,
                69.23333333333333,
                43.56666666666667,
                50.55,
                40.30833333333333,
                45.575
            ]
        ],
        "min": [
            [
                7,
                9,
                5,
                13,
                8,
                10,
                7,
                7
            ]
        ],
        "max": [
            [
                108,
                83,
                94,
                177,
                109,
                116,
                85,
                97
            ]
        ],
        "RawIntDen": [
            [
                4671,
                4053,
                4246,
                8308,
                5228,
                6066,
                4837,
                5469
            ]
        ],
        "IntDen": [
            [
                20.346876,
                17.654868,
                18.495576000000003,
                36.189648000000005,
                22.773168000000002,
                26.423496000000004,
                21.069972000000003,
                23.822964000000002
            ]
        ],
        "local_bg": [
            [
                4.25,
                5.033333333333333,
                5.125,
                5.133333333333334,
                5.566666666666666,
                5.608333333333333,
                5.258333333333334,
                4.841666666666667
            ]
        ],
        "area": [
            0.5227200000000001
        ],
        "distance": 5.0758231396027025,
        "points": [
            [
                221.4521608615649,
                235.28316559247256
            ],
            [
                216.3105390499159,
                234.4262286238644
            ],
            [
                214.59666511269955,
                229.57025246841812
            ],
            [
                216.5961847061186,
                223.57169368816093
            ],
            [
                220.88086954915943,
                222.14346540714732
            ],
            [
                225.73684570460574,
                223.2860480319582
            ],
            [
                226.30813701701118,
                228.4276698436072
            ],
            [
                225.73684570460574,
                232.9980003428508
            ]
        ],
        "shift": [
            [
                0,
                0
            ],
            [
                -0.0,
                0.0
            ],
            [
                1.0,
                0.0
            ],
            [
                0.0,
                1.0
            ],
            [
                3,
                0
            ],
            [
                2.0,
                2.0
            ],
            [
                3.0,
                3.0
            ],
            [
                4.0,
                6.0
            ]
        ],
        "channel": 0,
        "closest_Dend": 0
    },
    {
        "type": 0,
        "location": [
            259,
            232
        ],
        "bgloc": [
            253,
            212
        ],
        "mean": [
            [
                46.2043795620438,
                49.11678832116788,
                45.02919708029197,
                54.394160583941606,
                45.56204379562044,
                40.956204379562045,
                47.372262773722625,
                46.2992700729927
            ]
        ],
        "min": [
            [
                8,
                12,
                5,
                7,
                6,
                6,
                6,
                8
            ]
        ],
        "max": [
            [
                109,
                115,
                121,
                142,
                119,
                90,
                121,
                126
            ]
        ],
        "RawIntDen": [
            [
                6330,
                6729,
                6169,
                7452,
                6242,
                5611,
                6490,
                6343
            ]
        ],
        "IntDen": [
            [
                27.573480000000004,
                29.311524000000002,
                26.872164,
                32.460912,
                27.190152000000005,
                24.441516000000004,
                28.270440000000004,
                27.630108000000003
            ]
        ],
        "local_bg": [
            [
                4.489051094890511,
                5.372262773722627,
                4.065693430656935,
                4.708029197080292,
                5.138686131386861,
                4.9489051094890515,
                4.956204379562044,
                4.532846715328467
            ]
        ],
        "area": [
            0.5967720000000001
        ],
        "distance": 8.080079911676643,
        "points": [
            [
                259.2164722991636,
                238.6564175466145
            ],
            [
                254.86357491224555,
                236.1405829676617
            ],
            [
                252.81647229916362,
                231.8564175466145
            ],
            [
                254.21647229916363,
                226.8564175466145
            ],
            [
                259.2164722991636,
                224.6564175466145
            ],
            [
                263.71859025452994,
                226.7142763129718
            ],
            [
                266.5750468165572,
                232.42718943702627
            ],
            [
                264.86117287934087,
                237.5688112486753
            ]
        ],
        "shift": [
            [
                0,
                0
            ],
            [
                0,
                0
            ],
            [
                2.0,
                3.0
            ],
            [
                2,
                0
            ],
            [
                3.0,
                0.0
            ],
            [
                1.0,
                -1.0
            ],
            [
                2,
                0
            ],
            [
                4.0,
                1.0
            ]
        ],
        "channel": 0,
        "closest_Dend": 0
    },
    {
        "type": 0,
        "location": [
            318,
            227
        ],
        "bgloc": [
            324,
            199
        ],
        "mean": [
            [
                37.78443113772455,
                36.131736526946106,
                34.17964071856287,
                88.10179640718563,
                43.26347305389221,
                53.532934131736525,
                56.91616766467066,
                50.33532934131737
            ]
        ],
        "min": [
            [
                3,
                5,
                5,
                14,
                5,
                1,
                3,
                5
            ]
        ],
        "max": [
            [
                116,
                120,
                99,
                188,
                116,
                176,
                154,
                162
            ]
        ],
        "RawIntDen": [
            [
                6310,
                6034,
                5708,
                14713,
                7225,
                8940,
                9505,
                8406
            ]
        ],
        "IntDen": [
            [
                27.486360000000005,
                26.284104000000003,
                24.864048000000004,
                64.08982800000001,
                31.472100000000005,
                38.942640000000004,
                41.403780000000005,
                36.616536
            ]
        ],
        "local_bg": [
            [
                9.233532934131736,
                10.910179640718562,
                11.29940119760479,
                11.640718562874252,
                10.736526946107784,
                10.634730538922156,
                10.125748502994012,
                10.077844311377245
            ]
        ],
        "area": [
            0.7274520000000001
        ],
        "distance": 11.629183967150874,
        "points": [
            [
                318.83427011080823,
                233.99848074943174
            ],
            [
                311.9787743619429,
                232.85589812462084
            ],
            [
                309.12231779991566,
                227.99992196917455
            ],
            [
                309.9792547685238,
                220.85878056410647
            ],
            [
                317.9773331422,
                221.17169368816093
            ],
            [
                322.3773331422,
                222.17169368816093
            ],
            [
                326.3773331422,
                226.57169368816093
            ],
            [
                322.8937475877327,
                230.7142372975591
            ]
        ],
        "shift": [
            [
                0,
                0
            ],
            [
                1.0,
                1.0
            ],
            [
                1,
                1
            ],
            [
                1,
                1
            ],
            [
                2.0,
                2.0
            ],
            [
                1.0,
                3.0
            ],
            [
                2.0,
                2.0
            ],
            [
                2.0,
                4.0
            ]
        ],
        "channel": 0,
        "closest_Dend": 0
    },
    {
        "type": 0,
        "location": [
            451,
            289
        ],
        "bgloc": [
            451,
            357
        ],
        "mean": [
            [
                30.968992248062015,
                29.364341085271317,
                29.53488372093023,
                50.1937984496124,
                28.837209302325583,
                30.697674418604652,
                26.155038759689923,
                41.29457364341085
            ]
        ],
        "min": [
            [
                6,
                6,
                2,
                6,
                4,
                4,
                5,
                8
            ]
        ],
        "max": [
            [
                81,
                77,
                101,
                127,
                91,
                114,
                78,
                124
            ]
        ],
        "RawIntDen": [
            [
                3995,
                3788,
                3810,
                6475,
                3720,
                3960,
                3374,
                5327
            ]
        ],
        "IntDen": [
            [
                17.402220000000003,
                16.500528000000003,
                16.59636,
                28.2051,
                16.204320000000003,
                17.249760000000002,
                14.697144000000002,
                23.204412
            ]
        ],
        "local_bg": [
            [
                2.4031007751937983,
                3.193798449612403,
                3.1782945736434107,
                5.751937984496124,
                4.046511627906977,
                4.891472868217054,
                4.209302325581396,
                3.046511627906977
            ]
        ],
        "area": [
            0.5619240000000001
        ],
        "distance": 20.66023124745358,
        "points": [
            [
                452.3440693808533,
                297.26298851607305
            ],
            [
                446.2311790249486,
                293.6782068039886
            ],
            [
                444.5173050877322,
                289.39352196094774
            ],
            [
                446.5168246811513,
                284.82319146170414
            ],
            [
                451.37280083659755,
                282.82367186828515
            ],
            [
                456.2287769920439,
                285.1088371179069
            ],
            [
                456.80006830444927,
                289.6791676171505
            ],
            [
                456.05746291148864,
                295.83476023505943
            ]
        ],
        "shift": [
            [
                0,
                0
            ],
            [
                -8.0,
                -11.0
            ],
            [
                0,
                0
            ],
            [
                0,
                0
            ],
            [
                2.0,
                -7.0
            ],
            [
                1.0,
                -17.0
            ],
            [
                2.0,
                -20.0
            ],
            [
                1.0,
                -21.0
            ]
        ],
        "channel": 0,
        "closest_Dend": 0
    },
    {
        "type": 0,
        "location": [
            474,
            258
        ],
        "bgloc": [
            485,
            275
        ],
        "mean": [
            [
                26.94214876033058,
                25.793388429752067,
                28.578512396694215,
                59.96694214876033,
                39.14876033057851,
                40.93388429752066,
                35.21487603305785,
                42.56198347107438
            ]
        ],
        "min": [
            [
                6,
                7,
                7,
                17,
                7,
                6,
                9,
                7
            ]
        ],
        "max": [
            [
                71,
                64,
                59,
                105,
                107,
                91,
                90,
                122
            ]
        ],
        "RawIntDen": [
            [
                3260,
                3121,
                3458,
                7256,
                4737,
                4953,
                4261,
                5150
            ]
        ],
        "IntDen": [
            [
                14.200560000000001,
                13.595076000000002,
                15.063048000000002,
                31.607136000000004,
                20.634372000000003,
                21.575268,
                18.560916000000002,
                22.433400000000002
            ]
        ],
        "local_bg": [
            [
                17.669421487603305,
                11.107438016528926,
                5.479338842975206,
                6.7272727272727275,
                5.115702479338843,
                4.537190082644628,
                5.735537190082645,
                5.330578512396694
            ]
        ],
        "area": [
            0.5270760000000001
        ],
        "distance": 21.901029078235407,
        "points": [
            [
                475.6177048725324,
                264.41614008566467
            ],
            [
                469.33350043607254,
                263.5592031170565
            ],
            [
                467.6196264988562,
                259.5601639302183
            ],
            [
                469.9047917484779,
                254.70418777477207
            ],
            [
                474.4751222477215,
                252.41902252515027
            ],
            [
                478.75980709076237,
                253.84725080616388
            ],
            [
                481.16651001474577,
                257.8530547005479
            ],
            [
                479.7665100147458,
                263.4530547005479
            ]
        ],
        "shift": [
            [
                0,
                0
            ],
            [
                -3.0,
                2.0
            ],
            [
                -3.0,
                3.0
            ],
            [
                -6.0,
                -1.0
            ],
            [
                -6.0,
                -4.0
            ],
            [
                -5.0,
                -9.0
            ],
            [
                -3.0,
                -10.0
            ],
            [
                -3.0,
                -11.0
            ]
        ],
        "channel": 0,
        "closest_Dend": 0
    }
]