[
    {
        "type": 0,
        "location": [
            196,
            267
        ],
        "bgloc": [
            196,
            283
        ],
        "mean": [
            [
            124.35714285714286,
            105.92207792207792,
            94.96103896103897,
            101.14285714285714,
            92.78571428571429,
            108.47402597402598,
            103.42857142857143,
            110.96103896103897
            ]
        ],
        "min": [
            [
                12,
                9,
                8,
                10,
                13,
                12,
                15,
                12
            ]
        ],
        "max": [
            [
                254,
                231,
                247,
                206,
                195,
                227,
                223,
                240
            ]
        ],
        "RawIntDen": [
            [
                20312,
                17394,
                14626,
                16652,
                15053,
                16614,
                17578,
                16829
            ]
        ],
        "IntDen": [
            [
                18315.167904,
                15684.030648000002,
                13188.147192000002,
                15014.975184,
                13573.169676000001,
                14980.710888000001,
                15849.941976000002,
                15174.574668000001
            ]
        ],
        "local_bg": [
            [
                10.415458937198068,
                10.11111111111111,
                9.666666666666666,
                10.78743961352657,
                10.93719806763285,
                11.594202898550725,
                10.971014492753623,
                10.893719806763285
            ]
        ],
        "area": [
            0.901692
        ],
        "distance": 12.017030614445652,
        "points": [
            [
                196.0,
                274.0
            ],
            [
                188.2,
                274.8
            ],
            [
                181.6,
                267.0
            ],
            [
                190.2,
                261.2
            ],
            [
                196.0,
                261.8
            ],
            [
                200.8,
                262.2
            ],
            [
                203.2,
                267.0
            ],
            [
                201.0,
                272.0
            ]
        ],
        "shift": null,
        "channel": 0,
        "closest_Dend": 0
    },
    {
        "type": 0,
        "location": [
            221,
            268
        ],
        "bgloc": [
            224,
            291
        ],
        "mean": [
            [
            110.47904191616766,
            83.9940119760479,
            89.88622754491018,
            106.86826347305389,
            120.53892215568862,
            93.79041916167665,
            101.92215568862275,
            128.83832335329342
            ]
        ],
        "min": [
            [
                13,
                10,
                13,
                18,
                9,
                10,
                9,
                8
            ]
        ],
        "max": [
            [
                240,
                216,
                237,
                215,
                243,
                251,
                252,
                255
            ]
        ],
        "RawIntDen": [
            [
                19364,
                14740,
                15336,
                19327,
                19363,
                12746,
                14952,
                15704
            ]
        ],
        "IntDen": [
            [
                16110.770544000003,
                12263.621040000002,
                12759.490656000002,
                16079.986692000002,
                16109.938548000002,
                10604.621016000001,
                12440.004192000002,
                13065.665184000001
            ]
        ],
        "local_bg": [
            [
                12.774869109947645,
                13.43979057591623,
                11.518324607329843,
                10.38219895287958,
                11.120418848167539,
                10.356020942408376,
                9.712041884816754,
                9.37696335078534
            ]
        ],
        "area": [
            0.8319960000000001
        ],
        "distance": 13.460730744982124,
        "points": [
            [
                221.0,
                274.8
            ],
            [
                214.8,
                274.2
            ],
            [
                207.8,
                268.0
            ],
            [
                214.2,
                261.2
            ],
            [
                221.0,
                261.2
            ],
            [
                226.0,
                263.0
            ],
            [
                227.2,
                268.0
            ],
            [
                225.6,
                272.6
            ]
        ],
        "shift": null,
        "channel": 0,
        "closest_Dend": 0
    },
    {
        "type": 0,
        "location": [
            247,
            261
        ],
        "bgloc": [
            250,
            279
        ],
        "mean": [
            [
            91.78301886792453,
            71.04716981132076,
            86.09433962264151,
            54.386792452830186,
            55.41509433962264,
            87.85849056603773,
            75.47169811320755,
            71.45283018867924
            ]
        ],
        "min": [
            [
                13,
                8,
                8,
                6,
                8,
                6,
                7,
                6
            ]
        ],
        "max": [
            [
                206,
                176,
                198,
                170,
                158,
                190,
                140,
                187
            ]
        ],
        "RawIntDen": [
            [
                11224,
                8652,
                8193,
                4849,
                3892,
                5361,
                5766,
                4178
            ]
        ],
        "IntDen": [
            [
                7235.978112000001,
                5577.8405760000005,
                5281.928784000001,
                3126.0921120000003,
                2509.125696,
                3456.1723680000005,
                3717.2710080000006,
                2693.5064640000005
            ]
        ],
        "local_bg": [
            [
                9.33108108108108,
                12.364864864864865,
                15.858108108108109,
                13.405405405405405,
                10.121621621621621,
                8.912162162162161,
                8.756756756756756,
                8.378378378378379
            ]
        ],
        "area": [
            0.644688
        ],
        "distance": 15.32963128989156,
        "points": [
            [
                247.0,
                267.0
            ],
            [
                241.4,
                266.6
            ],
            [
                237.2,
                261.0
            ],
            [
                240.8,
                254.8
            ],
            [
                247.0,
                255.0
            ],
            [
                251.2,
                256.8
            ],
            [
                253.2,
                261.0
            ],
            [
                251.0,
                265.0
            ]
        ],
        "shift": null,
        "channel": 0,
        "closest_Dend": 0
    }
]