[
    {
        "type": 0,
        "location": [
            196,
            267
        ],
        "bgloc": [
            196,
            283
        ],
        "mean": [
            [
            124.35714285714286,
            105.92207792207792,
            94.96103896103897,
            101.14285714285714,
            92.78571428571429,
            108.47402597402598,
            103.42857142857143,
            110.96103896103897
            ]
        ],
        "min": [
            [
                12,
                9,
                8,
                10,
                13,
                12,
                15,
                12
            ]
        ],
        "max": [
            [
                254,
                231,
                247,
                206,
                195,
                227,
                223,
                240
            ]
        ],
        "RawIntDen": [
            [
                25742,
                21926,
                19657,
                20937,
                19207,
                22454,
                21410,
                22969
            ]
        ],
        "IntDen": [
            [
                23211.2910574284,
                19770.3816891427,
                17724.5010925714,
                18878.3389645714,
                17318.4762111428,
                20246.7034157141,
                19304.9680937142,
                20710.9049965713
            ]
        ],
        "local_bg": [
            [
                10.415458937198068,
                10.11111111111111,
                9.666666666666666,
                10.78743961352657,
                10.93719806763285,
                11.594202898550725,
                10.971014492753623,
                10.893719806763285
            ]
        ],
        "area": [
            0.901692
        ],
        "distance": 12.017030614445652,
        "points": [
            [
                196.0,
                274.0
            ],
            [
                188.2,
                274.8
            ],
            [
                181.6,
                267.0
            ],
            [
                190.2,
                261.2
            ],
            [
                196.0,
                261.8
            ],
            [
                200.8,
                262.2
            ],
            [
                203.2,
                267.0
            ],
            [
                201.0,
                272.0
            ]
        ],
        "shift": null,
        "channel": 0,
        "closest_Dend": 0
    },
    {
        "type": 0,
        "location": [
            221,
            268
        ],
        "bgloc": [
            224,
            291
        ],
        "mean": [
            [
            110.47904191616766,
            83.9940119760479,
            89.88622754491018,
            141.40815782928144,
            120.53892215568862,
            93.79041916167665,
            101.92215568862275,
            128.83832335329342
            ]
        ],
        "min": [
            [
                13,
                10,
                13,
                18,
                9,
                10,
                9,
                8
            ]
        ],
        "max": [
            [
                240,
                216,
                237,
                215,
                243,
                251,
                252,
                255
            ]
        ],
        "RawIntDen": [
            [
                21101,
                16043,
                17168,
                27009,
                23023,
                17914,
                19467,
                24608
            ]
        ],
        "IntDen": [
            [
                17556.361102994,
                13347.5922597126,
                14283.9315185389,
                22471.3451411343,
                19154.9891058682,
                14904.3514339401,
                16196.5757362634,
                20473.8572082395
            ]
        ],
        "local_bg": [
            [
                12.774869109947645,
                13.43979057591623,
                11.518324607329843,
                10.38219895287958,
                11.120418848167539,
                10.356020942408376,
                9.712041884816754,
                9.37696335078534
            ]
        ],
        "area": [
            0.8319960000000001
        ],
        "distance": 13.460730744982124,
        "points": [
            [
                221.0,
                274.8
            ],
            [
                214.8,
                274.2
            ],
            [
                207.8,
                268.0
            ],
            [
                214.2,
                261.2
            ],
            [
                221.0,
                261.2
            ],
            [
                226.0,
                263.0
            ],
            [
                227.2,
                268.0
            ],
            [
                225.6,
                272.6
            ]
        ],
        "shift": null,
        "channel": 0,
        "closest_Dend": 0
    },
    {
        "type": 0,
        "location": [
            247,
            261
        ],
        "bgloc": [
            250,
            279
        ],
        "mean": [
            [
            91.78301886792453,
            71.04716981132076,
            86.09433962264151,
            54.386792452830186,
            55.41509433962264,
            87.85849056603773,
            75.47169811320755,
            71.45283018867924
            ]
        ],
        "min": [
            [
                13,
                8,
                8,
                6,
                8,
                6,
                7,
                6
            ]
        ],
        "max": [
            [
                206,
                176,
                198,
                170,
                158,
                190,
                140,
                187
            ]
        ],
        "RawIntDen": [
            [
                13584,
                10515,
                12742,
                8049,
                8201,
                13003,
                11170,
                10575
            ]
        ],
        "IntDen": [
            [
                8757.36880845283,
                6778.88215607547,
                8214.59016815094,
                5189.25184301886,
                5287.36605826415,
                8382.9145557736,
                7201.04332075472,
                6817.58776392453
            ]
        ],
        "local_bg": [
            [
                9.33108108108108,
                12.364864864864865,
                15.858108108108109,
                13.405405405405405,
                10.121621621621621,
                8.912162162162161,
                8.756756756756756,
                8.378378378378379
            ]
        ],
        "area": [
            0.644688
        ],
        "distance": 15.32963128989156,
        "points": [
            [
                247.0,
                267.0
            ],
            [
                241.4,
                266.6
            ],
            [
                237.2,
                261.0
            ],
            [
                240.8,
                254.8
            ],
            [
                247.0,
                255.0
            ],
            [
                251.2,
                256.8
            ],
            [
                253.2,
                261.0
            ],
            [
                251.0,
                265.0
            ]
        ],
        "shift": null,
        "channel": 0,
        "closest_Dend": 0
    }
]