[
    {
        "type": 0,
        "location": [
            236,
            110
        ],
        "bgloc": [
            233.0673517469137,
            137.33313941244836
        ],
        "mean": [
            [
                19.31159420289855,
                19.952898550724637,
                22.409420289855074,
                24.52536231884058,
                24.07608695652174,
                27.532608695652176,
                28.119565217391305,
                19.89855072463768
            ]
        ],
        "min": [
            [
                4,
                5,
                4,
                7,
                7,
                5,
                5,
                6
            ]
        ],
        "max": [
            [
                68,
                82,
                80,
                101,
                86,
                88,
                123,
                81
            ]
        ],
        "RawIntDen": [
            [
                5330,
                5507,
                6185,
                6769,
                6645,
                7599,
                7761,
                5492
            ]
        ],
        "IntDen": [
            [
                6408.024480000001,
                6620.823792000001,
                7435.95336,
                8138.070864000001,
                7988.991120000001,
                9135.943344000001,
                9330.708816,
                6602.789952000001
            ]
        ],
        "local_bg": [
            [
                6.3786764705882355,
                6.154411764705882,
                6.360294117647059,
                7.731617647058823,
                7.6875,
                8.139705882352942,
                8.091911764705882,
                7.852941176470588
            ]
        ],
        "area": [
            1.2022560000000002
        ],
        "distance": 4.571703190510092,
        "points": [
            [
                236.0,
                118.6
            ],
            [
                230.4,
                115.6
            ],
            [
                228.6,
                110.0
            ],
            [
                230.4,
                104.4
            ],
            [
                236.0,
                98.4
            ],
            [
                245.4,
                100.6
            ],
            [
                248.2,
                110.0
            ],
            [
                242.0,
                116.0
            ]
        ],
        "shift": null,
        "channel": 0,
        "closest_Dend": 0
    }
]