[
    {
        "type": 0,
        "location": [
            187,
            184
        ],
        "bgloc": [
            220,
            167
        ],
        "mean": [
            [
                63.01169590643275,
                69.07602339181287,
                63.853801169590646,
                83.23391812865498,
                52.39181286549707,
                49.87719298245614,
                61.099415204678365,
                53.08771929824562
            ]
        ],
        "min": [
            [
                8,
                8,
                4,
                8,
                9,
                8,
                5,
                5
            ]
        ],
        "max": [
            [
                224,
                212,
                204,
                228,
                138,
                173,
                224,
                168
            ]
        ],
        "RawIntDen": [
            [
                10775,
                11812,
                10919,
                14233,
                8959,
                8529,
                10448,
                9078
            ]
        ],
        "IntDen": [
            [
                46.935900000000004,
                51.453072000000006,
                47.56316400000001,
                61.998948000000006,
                39.025404,
                37.15232400000001,
                45.51148800000001,
                39.54376800000001
            ]
        ],
        "local_bg": [
            [
                8.450292397660819,
                8.280701754385966,
                7.970760233918129,
                7.578947368421052,
                7.83625730994152,
                7.818713450292398,
                7.649122807017544,
                8.631578947368421
            ]
        ],
        "area": [
            0.7448760000000001
        ],
        "distance": 1.9166167547862942,
        "points": [
            [
                186.8873891408935,
                189.62491412930612
            ],
            [
                182.2873891408935,
                188.62491412930612
            ],
            [
                178.68738914089352,
                184.02491412930613
            ],
            [
                181.8873891408935,
                179.02491412930613
            ],
            [
                186.8873891408935,
                174.62491412930612
            ],
            [
                194.2873891408935,
                176.62491412930612
            ],
            [
                194.8873891408935,
                184.02491412930613
            ],
            [
                191.68738914089352,
                188.82491412930614
            ]
        ],
        "shift": [
            [
                0,
                0
            ],
            [
                0,
                0
            ],
            [
                0,
                0
            ],
            [
                1.0,
                0.0
            ],
            [
                0.0,
                -2.0
            ],
            [
                0,
                0
            ],
            [
                2.0,
                -2.0
            ],
            [
                0,
                -1
            ]
        ],
        "channel": 0,
        "closest_Dend": 0
    }
]