[
    {
        "type": 0,
        "location": [
            58,
            240
        ],
        "bgloc": [
            49,
            203
        ],
        "mean": [
            [
                60.04368932038835,
                53.80582524271845,
                59.75242718446602,
                104.83009708737865,
                68.66019417475728,
                83.2135922330097,
                79.80097087378641,
                71.59223300970874
            ]
        ],
        "min": [
            [
                8,
                10,
                9,
                10,
                7,
                8,
                7,
                6
            ]
        ],
        "max": [
            [
                179,
                170,
                179,
                253,
                197,
                238,
                220,
                214
            ]
        ],
        "RawIntDen": [
            [
                12369,
                11084,
                12309,
                21595,
                14144,
                17142,
                16439,
                14748
            ]
        ],
        "IntDen": [
            [
                53.87936400000001,
                48.281904000000004,
                53.618004000000006,
                94.06782000000001,
                61.611264000000006,
                74.67055200000001,
                71.60828400000001,
                64.242288
            ]
        ],
        "local_bg": [
            [
                6.092233009708738,
                6.456310679611651,
                6.441747572815534,
                6.689320388349515,
                6.281553398058253,
                6.266990291262136,
                6.796116504854369,
                6.165048543689321
            ]
        ],
        "area": [
            0.8973360000000001
        ],
        "distance": 3.917008984956126,
        "points": [
            [
                58.25622311076921,
                250.81639902894784
            ],
            [
                48.38028271149125,
                248.93265170520436
            ],
            [
                50.659345880555406,
                242.09546219801194
            ],
            [
                53.65622311076921,
                235.21639902894785
            ],
            [
                58.25622311076921,
                233.41639902894784
            ],
            [
                63.05622311076921,
                235.01639902894783
            ],
            [
                64.05622311076921,
                239.81639902894784
            ],
            [
                65.07057255966669,
                247.71029984206672
            ]
        ],
        "shift": [
            [
                0,
                0
            ],
            [
                3.0,
                2.0
            ],
            [
                -0.0,
                1.0
            ],
            [
                -2.0,
                1.0
            ],
            [
                -4.0,
                -0.0
            ],
            [
                1.0,
                3.0
            ],
            [
                1.0,
                3.0
            ],
            [
                2.0,
                2.0
            ]
        ],
        "channel": 0,
        "closest_Dend": 0
    }
]