[
    {
        "type": 0,
        "location": [
            65,
            173
        ],
        "bgloc": [
            90,
            140
        ],
        "mean": [
            [
                58.7734375,
                39.6875,
                48.1171875,
                69.11328125,
                43.0625,
                40.22265625,
                34.34375,
                27.6875
            ]
        ],
        "min": [
            [
                13,
                8,
                6,
                10,
                6,
                6,
                6,
                7
            ]
        ],
        "max": [
            [
                158,
                122,
                139,
                175,
                118,
                134,
                133,
                95
            ]
        ],
        "RawIntDen": [
            [
                15046,
                10160,
                12318,
                17693,
                11024,
                10297,
                8792,
                7088
            ]
        ],
        "IntDen": [
            [
                16778.336256000002,
                11329.781760000002,
                13736.245248000001,
                19730.101248000003,
                12293.259264000002,
                11482.555392000002,
                9804.275712,
                7904.083968000001
            ]
        ],
        "local_bg": [
            [
                6.6484375,
                6.171875,
                6.25,
                6.0625,
                7.00390625,
                7.15234375,
                7.24609375,
                7.328125
            ]
        ],
        "area": [
            1.1151360000000001
        ],
        "distance": 3.0557612728986543,
        "points": [
            [
                65.0,
                181.0
            ],
            [
                56.0,
                182.0
            ],
            [
                50.8,
                173.0
            ],
            [
                58.8,
                166.8
            ],
            [
                65.0,
                165.6
            ],
            [
                70.8,
                167.2
            ],
            [
                72.6,
                173.0
            ],
            [
                70.4,
                178.4
            ]
        ],
        "shift": null,
        "channel": 0,
        "closest_Dend": 0
    }
]