[
    {
        "type": 0,
        "location": [
            80,
            308
        ],
        "bgloc": [
            50.012547704434496,
            321.81109083731155
        ],
        "mean": [
            [
                25.80327868852459,
                21.704918032786885,
                25.76502732240437,
                75.85792349726776,
                49.814207650273225,
                43.704918032786885,
                29.55191256830601,
                34.82513661202186
            ]
        ],
        "min": [
            [
                7,
                6,
                6,
                13,
                7,
                5,
                6,
                6
            ]
        ],
        "max": [
            [
                88,
                71,
                90,
                190,
                151,
                128,
                117,
                145
            ]
        ],
        "RawIntDen": [
            [
                4722,
                3972,
                4715,
                13882,
                9116,
                7998,
                5408,
                6373
            ]
        ],
        "IntDen": [
            [
                20.569032000000004,
                17.302032,
                20.53854,
                60.469992000000005,
                39.709296,
                34.839288,
                23.557248,
                27.760788
            ]
        ],
        "local_bg": [
            [
                7.43646408839779,
                7.662983425414365,
                7.314917127071824,
                7.0220994475138125,
                7.077348066298343,
                7.104972375690608,
                6.8397790055248615,
                7.060773480662983
            ]
        ],
        "area": [
            0.7971480000000001
        ],
        "distance": 2.43360628740727,
        "points": [
            [
                80.0,
                313.8
            ],
            [
                76.0,
                312.0
            ],
            [
                74.0,
                308.0
            ],
            [
                75.0,
                303.0
            ],
            [
                80.0,
                298.6
            ],
            [
                89.62594589912914,
                301.00681254955555
            ],
            [
                90.4,
                308.0
            ],
            [
                84.6,
                312.6
            ]
        ],
        "shift": null,
        "channel": 0,
        "closest_Dend": 0
    },
    {
        "type": 0,
        "location": [
            101,
            287
        ],
        "bgloc": [
            131.73295018727458,
            166.75186561346118
        ],
        "mean": [
            [
                29.232394366197184,
                27.232394366197184,
                27.443661971830984,
                66.40845070422536,
                55.570422535211264,
                52.76056338028169,
                55.33098591549296,
                49.809859154929576
            ]
        ],
        "min": [
            [
                8,
                12,
                10,
                10,
                7,
                11,
                10,
                9
            ]
        ],
        "max": [
            [
                86,
                66,
                67,
                211,
                185,
                150,
                168,
                149
            ]
        ],
        "RawIntDen": [
            [
                4151,
                3867,
                3897,
                9430,
                7891,
                7492,
                7857,
                7073
            ]
        ],
        "IntDen": [
            [
                18.081756000000002,
                16.844652000000004,
                16.975332,
                41.07708,
                34.37319600000001,
                32.635152000000005,
                34.225092000000004,
                30.809988000000004
            ]
        ],
        "local_bg": [
            [
                8.164383561643836,
                8.13013698630137,
                8.17123287671233,
                8.417808219178083,
                8.513698630136986,
                9.013698630136986,
                10.102739726027398,
                10.150684931506849
            ]
        ],
        "area": [
            0.6185520000000001
        ],
        "distance": 3.5208741406133623,
        "points": [
            [
                95.0,
                287.0
            ],
            [
                95.2,
                281.2
            ],
            [
                101.0,
                279.2
            ],
            [
                108.2,
                279.8
            ],
            [
                110.8,
                287.0
            ],
            [
                103.09634191278411,
                292.02654854045227
            ]
        ],
        "shift": null,
        "channel": 0,
        "closest_Dend": 0
    },
    {
        "type": 0,
        "location": [
            131,
            287
        ],
        "bgloc": [
            116.01748817134381,
            361.6235946110029
        ],
        "mean": [
            [
                54.681592039801,
                60.24875621890547,
                56.6318407960199,
                130.12935323383084,
                94.45273631840796,
                73.8407960199005,
                61.08955223880597,
                71.30348258706468
            ]
        ],
        "min": [
            [
                12,
                12,
                11,
                21,
                10,
                9,
                7,
                9
            ]
        ],
        "max": [
            [
                169,
                190,
                187,
                231,
                218,
                216,
                200,
                198
            ]
        ],
        "RawIntDen": [
            [
                10991,
                12110,
                11383,
                26156,
                18985,
                14842,
                12279,
                14332
            ]
        ],
        "IntDen": [
            [
                47.876796000000006,
                52.751160000000006,
                49.584348000000006,
                113.93553600000001,
                82.69866,
                64.651752,
                53.48732400000001,
                62.430192000000005
            ]
        ],
        "local_bg": [
            [
                5.861386138613861,
                5.856435643564357,
                5.6138613861386135,
                5.698019801980198,
                6.178217821782178,
                6.034653465346534,
                6.183168316831683,
                6.128712871287129
            ]
        ],
        "area": [
            0.8755560000000001
        ],
        "distance": 5.100463362215575,
        "points": [
            [
                131.0,
                294.0
            ],
            [
                126.6,
                291.4
            ],
            [
                124.8,
                287.0
            ],
            [
                125.0,
                281.0
            ],
            [
                131.0,
                278.2
            ],
            [
                138.6,
                279.4
            ],
            [
                141.2,
                287.0
            ],
            [
                137.2,
                293.2
            ]
        ],
        "shift": null,
        "channel": 0,
        "closest_Dend": 0
    },
    {
        "type": 0,
        "location": [
            145,
            278
        ],
        "bgloc": [
            167.45490064469112,
            286.03970586771675
        ],
        "mean": [
            [
                69.33333333333333,
                76.09126984126983,
                71.76190476190476,
                148.03968253968253,
                124.99603174603175,
                109.5436507936508,
                101.63888888888889,
                92.84920634920636
            ]
        ],
        "min": [
            [
                14,
                15,
                11,
                38,
                44,
                34,
                25,
                13
            ]
        ],
        "max": [
            [
                227,
                200,
                211,
                255,
                232,
                235,
                227,
                218
            ]
        ],
        "RawIntDen": [
            [
                17472,
                19175,
                18084,
                37306,
                31499,
                27605,
                25613,
                23398
            ]
        ],
        "IntDen": [
            [
                76.10803200000001,
                83.5263,
                78.77390400000002,
                162.50493600000001,
                137.20964400000003,
                120.24738,
                111.57022800000001,
                101.92168800000002
            ]
        ],
        "local_bg": [
            [
                11.887550200803213,
                11.642570281124499,
                11.48995983935743,
                12.586345381526105,
                12.136546184738956,
                12.526104417670682,
                11.967871485943775,
                11.967871485943775
            ]
        ],
        "area": [
            1.097712
        ],
        "distance": 6.135896259903624,
        "points": [
            [
                145.0,
                286.8
            ],
            [
                137.4,
                285.6
            ],
            [
                133.6,
                278.0
            ],
            [
                139.8,
                272.8
            ],
            [
                145.0,
                271.4
            ],
            [
                153.4,
                269.6
            ],
            [
                154.6,
                278.0
            ],
            [
                151.4,
                284.4
            ]
        ],
        "shift": null,
        "channel": 0,
        "closest_Dend": 0
    },
    {
        "type": 0,
        "location": [
            130,
            253
        ],
        "bgloc": [
            139.76575328328926,
            217.1910151312581
        ],
        "mean": [
            [
                67.7175572519084,
                66.92366412213741,
                61.221374045801525,
                65.45038167938931,
                50.045801526717554,
                36.9236641221374,
                38.43511450381679,
                39.916030534351144
            ]
        ],
        "min": [
            [
                12,
                10,
                11,
                12,
                9,
                10,
                10,
                10
            ]
        ],
        "max": [
            [
                213,
                211,
                207,
                160,
                145,
                123,
                111,
                142
            ]
        ],
        "RawIntDen": [
            [
                8871,
                8767,
                8020,
                8574,
                6556,
                4837,
                5035,
                5229
            ]
        ],
        "IntDen": [
            [
                38.642076,
                38.189052000000004,
                34.935120000000005,
                37.348344000000004,
                28.557936,
                21.069972000000003,
                21.932460000000003,
                22.777524000000003
            ]
        ],
        "local_bg": [
            [
                7.818897637795276,
                8.283464566929133,
                8.26771653543307,
                8.299212598425196,
                8.4251968503937,
                8.669291338582678,
                8.716535433070867,
                9.204724409448819
            ]
        ],
        "area": [
            0.570636
        ],
        "distance": 5.858617462053023,
        "points": [
            [
                130.0,
                259.0
            ],
            [
                124.8,
                258.2
            ],
            [
                123.6,
                253.0
            ],
            [
                124.8,
                247.8
            ],
            [
                130.78548927418592,
                247.8735838290277
            ],
            [
                139.4,
                253.0
            ],
            [
                135.4,
                258.4
            ]
        ],
        "shift": null,
        "channel": 0,
        "closest_Dend": 0
    },
    {
        "type": 0,
        "location": [
            189,
            249
        ],
        "bgloc": [
            184,
            222
        ],
        "mean": [
            [
                49.39855072463768,
                49.78260869565217,
                64.3623188405797,
                102.06521739130434,
                81.1159420289855,
                90.92753623188406,
                96.44927536231884,
                89.3623188405797
            ]
        ],
        "min": [
            [
                7,
                8,
                8,
                17,
                10,
                18,
                26,
                19
            ]
        ],
        "max": [
            [
                144,
                136,
                181,
                197,
                220,
                207,
                197,
                177
            ]
        ],
        "RawIntDen": [
            [
                6817,
                6870,
                8882,
                14085,
                11194,
                12548,
                13310,
                12332
            ]
        ],
        "IntDen": [
            [
                29.694852000000004,
                29.925720000000002,
                38.689992000000004,
                61.354260000000004,
                48.761064000000005,
                54.659088000000004,
                57.97836000000001,
                53.71819200000001
            ]
        ],
        "local_bg": [
            [
                8.630434782608695,
                8.369565217391305,
                8.471014492753623,
                8.72463768115942,
                8.608695652173912,
                8.5,
                8.44927536231884,
                8.44927536231884
            ]
        ],
        "area": [
            0.6011280000000001
        ],
        "distance": 9.385400492888174,
        "points": [
            [
                184.66707332880577,
                254.60878183585518
            ],
            [
                183.8,
                249.0
            ],
            [
                184.2,
                244.2
            ],
            [
                189.0,
                241.2
            ],
            [
                195.2,
                242.8
            ],
            [
                197.38911400836878,
                249.37029449721157
            ],
            [
                194.39569267200102,
                253.1120711676713
            ]
        ],
        "shift": null,
        "channel": 0,
        "closest_Dend": 0
    },
    {
        "type": 0,
        "location": [
            252,
            229
        ],
        "bgloc": [
            245,
            197
        ],
        "mean": [
            [
                42.072625698324025,
                43.98882681564246,
                43.62011173184357,
                66.55865921787709,
                76.22905027932961,
                70.45251396648045,
                58.184357541899445,
                51.77653631284916
            ]
        ],
        "min": [
            [
                8,
                7,
                10,
                11,
                13,
                15,
                12,
                12
            ]
        ],
        "max": [
            [
                130,
                131,
                127,
                173,
                183,
                149,
                149,
                134
            ]
        ],
        "RawIntDen": [
            [
                7531,
                7874,
                7808,
                11914,
                13645,
                12611,
                10415,
                9268
            ]
        ],
        "IntDen": [
            [
                32.805036,
                34.299144000000005,
                34.011648,
                51.897384,
                59.43762000000001,
                54.933516000000004,
                45.367740000000005,
                40.371408
            ]
        ],
        "local_bg": [
            [
                7.150837988826815,
                6.972067039106145,
                7.044692737430168,
                6.955307262569832,
                7.111731843575419,
                7.184357541899441,
                7.212290502793296,
                8.396648044692737
            ]
        ],
        "area": [
            0.7797240000000001
        ],
        "distance": 13.80103700054628,
        "points": [
            [
                252.0,
                235.6
            ],
            [
                247.0,
                234.0
            ],
            [
                245.8,
                229.0
            ],
            [
                247.0,
                224.0
            ],
            [
                252.0,
                220.6
            ],
            [
                258.6,
                222.4
            ],
            [
                261.4,
                229.0
            ],
            [
                258.4,
                235.4
            ]
        ],
        "shift": null,
        "channel": 0,
        "closest_Dend": 0
    }
]