[
    {
        "type": 0,
        "location": [
            112,
            210
        ],
        "bgloc": [
            107,
            188
        ],
        "mean": [
            [
            60.329787234042556,
            70.81914893617021,
            61.648936170212764,
            82.12765957446808,
            45.829787234042556,
            48.670212765957444,
            33.138297872340424,
            29.638297872340427
            ]
        ],
        "min": [
            [
                13,
                10,
                13,
                12,
                4,
                5,
                2,
                1
            ]
        ],
        "max": [
            [
                188,
                162,
                152,
                187,
                116,
                111,
                42,
                48
            ]
        ],
        "RawIntDen": [
            [
                9110,
                10274,
                9026,
                11284,
                5423,
                4984,
                1731,
                1437
            ]
        ],
        "IntDen": [
            [
                6071.523480000001,
                6847.292232000001,
                6015.540168,
                7520.424912,
                3614.2559640000004,
                3321.6765120000005,
                1153.6561080000001,
                957.7145160000001
            ]
        ],
        "local_bg": [
            [
                7.209150326797386,
                7.405228758169935,
                6.967320261437909,
                7.045751633986928,
                7.209150326797386,
                6.130718954248366,
                5.405228758169935,
                4.816993464052287
            ]
        ],
        "area": [
            0.6664680000000001
        ],
        "distance": 6.676980552762887,
        "points": [
            [
                112.0,
                216.8
            ],
            [
                106.0,
                216.0
            ],
            [
                106.6,
                210.0
            ],
            [
                107.6,
                205.6
            ],
            [
                112.0,
                204.2
            ],
            [
                118.2,
                203.8
            ],
            [
                120.6,
                210.0
            ],
            [
                118.0,
                216.0
            ]
        ],
        "shift": null,
        "channel": 0,
        "closest_Dend": 0
    },
    {
        "type": 0,
        "location": [
            304,
            180
        ],
        "bgloc": [
            299,
            155
        ],
        "mean": [
            [
            95.14018691588785,
            129.42990654205607,
            128.44859813084113,
            105.38317757009345,
            92.60747663551402,
            88.5233644859813,
            111.2803738317757,
            99.90654205607477
            ]
        ],
        "min": [
            [
                13,
                16,
                19,
                11,
                11,
                8,
                6,
                3
            ]
        ],
        "max": [
            [
                232,
                255,
                255,
                240,
                205,
                193,
                236,
                202
            ]
        ],
        "RawIntDen": [
            [
                17608,
                22630,
                22139,
                17544,
                14931,
                14898,
                11518,
                7910
            ]
        ],
        "IntDen": [
            [
                15109.988256000002,
                19419.52716,
                18998.184348000003,
                15055.067808000002,
                12812.768892000002,
                12784.450536000002,
                9883.964376000002,
                6787.824120000001
            ]
        ],
        "local_bg": [
            [
                5.279187817258883,
                6.116751269035533,
                5.756345177664975,
                6.441624365482234,
                6.324873096446701,
                6.035532994923858,
                5.49238578680203,
                5.101522842639594
            ]
        ],
        "area": [
            0.8581320000000001
        ],
        "distance": 19.520660588990282,
        "points": [
            [
                304.0,
                187.8
            ],
            [
                295.6,
                188.4
            ],
            [
                295.2,
                180.0
            ],
            [
                298.2,
                174.2
            ],
            [
                304.0,
                172.6
            ],
            [
                308.6,
                175.4
            ],
            [
                310.4,
                180.0
            ],
            [
                310.8,
                186.8
            ]
        ],
        "shift": null,
        "channel": 0,
        "closest_Dend": 0
    },
    {
        "type": 0,
        "location": [
            448,
            206
        ],
        "bgloc": [
            445.9011773348478,
            233.83469285021673
        ],
        "mean": [
            [
            105.11320754716981,
            100.68867924528301,
            113.9622641509434,
            85.83018867924528,
            86.0754716981132,
            77.16037735849056,
            75.83018867924528,
            69.76415094339623
            ]
        ],
        "min": [
            [
                4,
                5,
                4,
                8,
                7,
                7,
                14,
                9
            ]
        ],
        "max": [
            [
                239,
                253,
                242,
                255,
                250,
                235,
                247,
                242
            ]
        ],
        "RawIntDen": [
            [
                46534,
                55612,
                45749,
                64864,
                57952,
                59029,
                70394,
                66856
            ]
        ],
        "IntDen": [
            [
                157296.83270400003,
                187982.79667200003,
                154643.33174400002,
                219256.92518400002,
                195892.595712,
                199533.13142400002,
                237949.74086400002,
                225990.39513600004
            ]
        ],
        "local_bg": [
            [
                7.578266494178525,
                7.553686934023286,
                7.6248382923674,
                8.852522639068564,
                8.871927554980594,
                9.163001293661061,
                8.33117723156533,
                8.104786545924968
            ]
        ],
        "area": [
            3.3802560000000006
        ],
        "distance": 28.92394815506622,
        "points": [
            [
                448.0,
                219.8
            ],
            [
                441.0,
                213.0
            ],
            [
                408.2,
                206.0
            ],
            [
                441.2,
                199.2
            ],
            [
                448.0,
                199.8
            ],
            [
                454.0,
                200.0
            ],
            [
                499.8,
                206.0
            ],
            [
                455.8,
                213.8
            ]
        ],
        "shift": null,
        "channel": 0,
        "closest_Dend": 0
    },
    {
        "type": 0,
        "location": [
            640,
            237
        ],
        "bgloc": [
            635,
            263
        ],
        "mean": [
            [
            53.8,
            88.79166666666667,
            85.325,
            104.30833333333334,
            110.45833333333333,
            106.45833333333333,
            94.95833333333333,
            98.80833333333334
            ]
        ],
        "min": [
            [
                5,
                7,
                10,
                10,
                10,
                9,
                9,
                8
            ]
        ],
        "max": [
            [
                232,
                250,
                253,
                255,
                244,
                255,
                246,
                246
            ]
        ],
        "RawIntDen": [
            [
                46697,
                66498,
                76057,
                83068,
                78364,
                76263,
                80971,
                77305
            ]
        ],
        "IntDen": [
            [
                156220.517376,
                222462.94118400002,
                254441.69625600002,
                277896.35174400004,
                262159.552512,
                255130.85030400002,
                270881.031168,
                258616.76544000002
            ]
        ],
        "local_bg": [
            [
                7.268229166666667,
                8.596354166666666,
                8.703125,
                10.045572916666666,
                10.234375,
                10.493489583333334,
                9.989583333333334,
                11.4453125
            ]
        ],
        "area": [
            3.3454080000000004
        ],
        "distance": 41.82512199674634,
        "points": [
            [
                640.0,
                249.0
            ],
            [
                632.0,
                245.0
            ],
            [
                617.8,
                237.0
            ],
            [
                630.2,
                227.2
            ],
            [
                640.0,
                228.8
            ],
            [
                647.2,
                229.8
            ],
            [
                681.0,
                237.0
            ],
            [
                651.4,
                248.4
            ]
        ],
        "shift": null,
        "channel": 0,
        "closest_Dend": 0
    },
    {
        "type": 0,
        "location": [
            750,
            247
        ],
        "bgloc": [
            748,
            271
        ],
        "mean": [
            [
            113.21,
            103.0,
            99.97,
            110.78,
            92.55,
            93.2,
            114.76,
            91.78
            ]
        ],
        "min": [
            [
                6,
                8,
                8,
                7,
                8,
                11,
                13,
                10
            ]
        ],
        "max": [
            [
                236,
                244,
                213,
                244,
                241,
                239,
                255,
                253
            ]
        ],
        "RawIntDen": [
            [
                46165,
                57462,
                62003,
                84035,
                75544,
                79193,
                94868,
                79121
            ]
        ],
        "IntDen": [
            [
                167914.10790000003,
                209004.23412000004,
                225521.03178000002,
                305657.14410000003,
                274773.16944,
                288045.53118000005,
                345059.58168000006,
                287783.64846000005
            ]
        ],
        "local_bg": [
            [
                6.796407185628743,
                9.461077844311378,
                9.479041916167665,
                10.75568862275449,
                10.615568862275449,
                11.338922155688623,
                13.097005988023952,
                14.136526946107784
            ]
        ],
        "area": [
            3.6372600000000004
        ],
        "distance": 49.0479609521396,
        "points": [
            [
                750.0,
                256.6
            ],
            [
                743.8,
                253.2
            ],
            [
                714.8,
                247.0
            ],
            [
                741.8,
                238.8
            ],
            [
                750.0,
                239.2
            ],
            [
                757.2,
                239.8
            ],
            [
                798.6,
                247.0
            ],
            [
                760.8,
                257.8
            ]
        ],
        "shift": null,
        "channel": 0,
        "closest_Dend": 0
    },
    {
        "type": 0,
        "location": [
            842,
            233
        ],
        "bgloc": [
            843.7756892435791,
            211.8661615178328
        ],
        "mean": [
            [
            95.02857142857142,
            58.01428571428571,
            41.357142857142854,
            29.82857142857143,
            46.92857142857143,
            33.77142857142857,
            29.085714285714285,
            31.071428571428573
            ]
        ],
        "min": [
            [
                14,
                7,
                5,
                7,
                7,
                7,
                4,
                5
            ]
        ],
        "max": [
            [
                222,
                151,
                105,
                35,
                103,
                48,
                32,
                30
            ]
        ],
        "RawIntDen": [
            [
                9981,
                5032,
                3609,
                1772,
                2630,
                2103,
                1584,
                1607
            ]
        ],
        "IntDen": [
            [
                5130.313848000001,
                2586.488256,
                1855.0548720000002,
                910.8221760000001,
                1351.8410400000002,
                1080.958824,
                814.1886720000001,
                826.0108560000001
            ]
        ],
        "local_bg": [
            [
                13.352941176470589,
                12.445378151260504,
                13.302521008403362,
                16.26890756302521,
                16.310924369747898,
                17.025210084033613,
                14.865546218487395,
                15.655462184873949
            ]
        ],
        "area": [
            0.514008
        ],
        "distance": 55.029560894354965,
        "points": [
            [
                842.0,
                237.8
            ],
            [
                837.4,
                237.6
            ],
            [
                835.6,
                233.0
            ],
            [
                837.4,
                228.4
            ],
            [
                842.0,
                227.0
            ],
            [
                847.6,
                227.4
            ],
            [
                849.6,
                233.0
            ],
            [
                846.6,
                237.6
            ]
        ],
        "shift": null,
        "channel": 0,
        "closest_Dend": 0
    },
    {
        "type": 0,
        "location": [
            958,
            219
        ],
        "bgloc": [
            954,
            185
        ],
        "mean": [
            [
            55.93617021276596,
            82.84042553191489,
            64.47872340425532,
            64.61702127659575,
            55.09574468085106,
            55.287234042553195,
            51.308510638297875,
            41.829787234042556
            ]
        ],
        "min": [
            [
                10,
                15,
                8,
                10,
                8,
                6,
                8,
                6
            ]
        ],
        "max": [
            [
                129,
                192,
                167,
                156,
                136,
                123,
                126,
                87
            ]
        ],
        "RawIntDen": [
            [
                9990,
                13681,
                10541,
                10013,
                9156,
                9222,
                6548,
                4544
            ]
        ],
        "IntDen": [
            [
                9573.616800000002,
                13110.775920000002,
                10101.65112,
                9595.65816,
                8774.37792,
                8837.627040000001,
                6275.079360000001,
                4354.6060800000005
            ]
        ],
        "local_bg": [
            [
                33.59090909090909,
                16.65,
                19.177272727272726,
                51.445454545454545,
                53.05909090909091,
                53.1,
                12.877272727272727,
                11.581818181818182
            ]
        ],
        "area": [
            0.9583200000000001
        ],
        "distance": 62.849900981434786,
        "points": [
            [
                958.0,
                228.8
            ],
            [
                948.8,
                228.2
            ],
            [
                949.8,
                219.0
            ],
            [
                952.2,
                213.2
            ],
            [
                958.0,
                211.2
            ],
            [
                963.6,
                213.4
            ],
            [
                964.2,
                219.0
            ],
            [
                964.2,
                225.2
            ]
        ],
        "shift": null,
        "channel": 0,
        "closest_Dend": 0
    }
]