[
    {
        "type": 0,
        "location": [
            770,
            207
        ],
        "bgloc": [
            982,
            192
        ],
        "mean": [
            [
            46.29245283018868,
            63.575471698113205,
            47.43396226415094,
            48.56603773584906,
            50.35849056603774,
            62.14150943396226,
            56.0377358490566,
            54.91509433962264
            ]
        ],
        "min": [
            [
                9,
                12,
                5,
                4,
                8,
                9,
                7,
                6
            ]
        ],
        "max": [
            [
                137,
                165,
                123,
                119,
                136,
                148,
                146,
                122
            ]
        ],
        "RawIntDen": [
            [
                10925,
                15004,
                11194,
                11462,
                11885,
                14665,
                13225,
                12960
            ]
        ],
        "IntDen": [
            [
                11195.085934794,
                15374.7063612343,
                11471.1416507326,
                11744.9159144731,
                12178.3918320624,
                15027.9256271628,
                13551.8260551613,
                13280.3332436185
            ]
        ],
        "local_bg": [
            [
                5.529661016949152,
                6.351694915254237,
                6.241525423728813,
                5.7923728813559325,
                6.173728813559322,
                5.966101694915254,
                5.533898305084746,
                6.296610169491525
            ]
        ],
        "area": [
            1.0247200549614108
        ],
        "distance": 50.74859456947201,
        "points": [
            [
                770.0,
                215.4
            ],
            [
                762.4,
                214.6
            ],
            [
                763.8,
                207.0
            ],
            [
                765.0,
                202.0
            ],
            [
                770.0,
                196.2
            ],
            [
                780.8,
                196.2
            ],
            [
                778.0,
                207.0
            ],
            [
                774.6,
                211.6
            ]
        ],
        "shift": null,
        "channel": 0,
        "closest_Dend": 0
    },
    {
        "type": 0,
        "location": [
            861,
            197
        ],
        "bgloc": [
            868.9497760218561,
            140.9302902790505
        ],
        "mean": [
            [
            56.0,
            49.28695652173913,
            58.03478260869565,
            51.28695652173913,
            52.21739130434783,
            45.7304347826087,
            47.97391304347826,
            50.469565217391306
            ]
        ],
        "min": [
            [
                7,
                8,
                7,
                6,
                7,
                5,
                6,
                6
            ]
        ],
        "max": [
            [
                116,
                155,
                132,
                102,
                128,
                102,
                108,
                88
            ]
        ],
        "RawIntDen": [
            [
                15960,
                14047,
                16540,
                14617,
                14882,
                13033,
                13673,
                14384
            ]
        ],
        "IntDen": [
            [
                19750.1764491418,
                17382.608713313,
                20467.807084095,
                18087.9721579252,
                18416.1194995491,
                16128.2885009374,
                16919.5222779371,
                17799.6931849098
            ]
        ],
        "local_bg": [
            [
                6.540350877192982,
                6.936842105263158,
                6.771929824561403,
                7.256140350877193,
                7.371929824561404,
                7.221052631578948,
                6.810526315789474,
                7.6421052631578945
            ]
        ],
        "area": [
            1.2374797273898392
        ],
        "distance": 56.65043160217232,
        "points": [
            [
                861.0,
                203.4
            ],
            [
                855.4,
                202.6
            ],
            [
                850.8,
                197.0
            ],
            [
                855.6,
                191.6
            ],
            [
                861.0,
                190.4
            ],
            [
                867.6,
                190.4
            ],
            [
                883.4,
                197.0
            ],
            [
                867.8,
                203.8
            ]
        ],
        "shift": null,
        "channel": 0,
        "closest_Dend": 0
    },
    {
        "type": 0,
        "location": [
            706,
            163
        ],
        "bgloc": [
            811,
            268
        ],
        "mean": [
            [
            41.23232323232323,
            43.13131313131313,
            50.515151515151516,
            45.01010101010101,
            114.98989898989899,
            43.97979797979798,
            41.80808080808081,
            58.5959595959596
            ]
        ],
        "min": [
            [
                5,
                8,
                9,
                10,
                18,
                8,
                6,
                9
            ]
        ],
        "max": [
            [
                128,
                173,
                144,
                190,
                237,
                148,
                148,
                135
            ]
        ],
        "RawIntDen": [
            [
                17689,
                18503,
                21671,
                19309,
                49331,
                18867,
                17936,
                25138
            ]
        ],
        "IntDen": [
            [
                32949.2567984376,
                34466.7629910163,
                40367.2790908834,
                35968.1255006952,
                91889.8430655097,
                35144.7976728067,
                33409.3517610812,
                46824.7522507928
            ]
        ],
        "local_bg": [
            [
                3.5757575757575757,
                4.333333333333333,
                3.913752913752914,
                3.9813519813519815,
                3.909090909090909,
                3.9953379953379953,
                3.787878787878788,
                4.006993006993007
            ]
        ],
        "area": [
            1.8627326422815476
        ],
        "distance": 46.590191847379025,
        "points": [
            [
                706.0,
                172.4
            ],
            [
                698.8,
                170.2
            ],
            [
                693.4,
                163.0
            ],
            [
                697.6,
                154.6
            ],
            [
                706.0,
                156.8
            ],
            [
                721.8,
                147.2
            ],
            [
                721.8,
                163.0
            ],
            [
                714.0,
                171.0
            ]
        ],
        "shift": null,
        "channel": 0,
        "closest_Dend": 0
    },
    {
        "type": 0,
        "location": [
            632,
            162
        ],
        "bgloc": [
            655,
            252
        ],
        "mean": [
            [
            39.15079365079365,
            32.007936507936506,
            30.166666666666668,
            78.94444444444444,
            35.023809523809526,
            47.55555555555556,
            47.17460317460318,
            44.20634920634921
            ]
        ],
        "min": [
            [
                7,
                8,
                7,
                11,
                9,
                9,
                7,
                6
            ]
        ],
        "max": [
            [
                101,
                85,
                83,
                156,
                96,
                151,
                126,
                111
            ]
        ],
        "RawIntDen": [
            [
                10062,
                8226,
                7753,
                20289,
                9001,
                12222,
                12124,
                11361
            ]
        ],
        "IntDen": [
            [
                11227.9391415036,
                9179.46048199555,
                8651.40820532237,
                22640.2413623629,
                10044.3736937879,
                13638.3156975247,
                13529.063502351,
                12677.8068149553
            ]
        ],
        "local_bg": [
            [
                5.719844357976654,
                6.101167315175097,
                5.879377431906615,
                5.996108949416342,
                6.696498054474708,
                7.42023346303502,
                6.143968871595331,
                6.665369649805448
            ]
        ],
        "area": [
            1.1159027717164516
        ],
        "distance": 41.67875257650278,
        "points": [
            [
                632.0,
                171.6
            ],
            [
                624.2,
                169.8
            ],
            [
                622.8,
                162.0
            ],
            [
                626.0,
                156.0
            ],
            [
                632.0,
                153.8
            ],
            [
                638.2,
                155.8
            ],
            [
                641.8,
                162.0
            ],
            [
                639.6,
                169.6
            ]
        ],
        "shift": null,
        "channel": 0,
        "closest_Dend": 0
    },
    {
        "type": 0,
        "location": [
            562,
            160
        ],
        "bgloc": [
            635.3453632173597,
            117.32566320124425
        ],
        "mean": [
            [
            56.809859154929576,
            50.929577464788736,
            54.36619718309859,
            75.86619718309859,
            54.190140845070424,
            54.04929577464789,
            52.394366197183096,
            42.79577464788732
            ]
        ],
        "min": [
            [
                10,
                7,
                6,
                10,
                6,
                4,
                3,
                5
            ]
        ],
        "max": [
            [
                145,
                149,
                146,
                158,
                161,
                185,
                153,
                166
            ]
        ],
        "RawIntDen": [
            [
                15452,
                13853,
                14788,
                20636,
                14740,
                14701,
                14251,
                11640
            ]
        ],
        "IntDen": [
            [
                18249.6589849224,
                16360.6711018914,
                17464.654439519,
                24371.3370825051,
                17408.0979160751,
                17362.8526973198,
                16831.2213769459,
                13747.7597187769
            ]
        ],
        "local_bg": [
            [
                7.917910447761194,
                9.854477611940299,
                9.507462686567164,
                9.76865671641791,
                14.354477611940299,
                8.630597014925373,
                7.947761194029851,
                9.92910447761194
            ]
        ],
        "area": [
            1.1810332836843378
        ],
        "distance": 37.00798759478754,
        "points": [
            [
                562.0,
                172.2
            ],
            [
                556.0,
                166.0
            ],
            [
                554.6,
                160.0
            ],
            [
                556.8,
                154.8
            ],
            [
                562.0,
                153.4
            ],
            [
                568.0,
                154.0
            ],
            [
                573.4,
                160.0
            ],
            [
                572.0,
                170.0
            ]
        ],
        "shift": null,
        "channel": 0,
        "closest_Dend": 0
    },
    {
        "type": 0,
        "location": [
            518,
            210
        ],
        "bgloc": [
            418.02000356997104,
            253.2557570630941
        ],
        "mean": [
            [
            80.29457364341086,
            59.92248062015504,
            65.37984496124031,
            69.30232558139535,
            49.713178294573645,
            54.92248062015504,
            54.27131782945737,
            72.65116279069767
            ]
        ],
        "min": [
            [
                7,
                6,
                6,
                6,
                7,
                5,
                4,
                5
            ]
        ],
        "max": [
            [
                185,
                194,
                216,
                249,
                230,
                229,
                236,
                214
            ]
        ],
        "RawIntDen": [
            [
                31636,
                23609,
                25760,
                27305,
                19587,
                21639,
                21383,
                28625
            ]
        ],
        "IntDen": [
            [
                54121.755252848,
                40390.149459791,
                44068.6313769571,
                46712.5402549201,
                33508.6712141836,
                37019.9494078421,
                36581.0396336348,
                48969.7905222719
            ]
        ],
        "local_bg": [
            [
                9.732997481108312,
                9.544080604534004,
                9.17632241813602,
                9.632241813602015,
                9.632241813602015,
                9.465994962216625,
                9.005037783375315,
                9.314861460957179
            ]
        ],
        "area": [
            1.710761447689813
        ],
        "distance": 34.048441042519826,
        "points": [
            [
                518.0,
                219.6
            ],
            [
                512.4,
                215.6
            ],
            [
                511.6,
                210.0
            ],
            [
                512.8,
                204.8
            ],
            [
                518.0,
                195.2
            ],
            [
                532.2,
                195.8
            ],
            [
                530.8,
                210.0
            ],
            [
                526.8,
                218.8
            ]
        ],
        "shift": null,
        "channel": 0,
        "closest_Dend": 0
    },
    {
        "type": 0,
        "location": [
            428,
            200
        ],
        "bgloc": [
            435.92696204278957,
            53.83735588852397
        ],
        "mean": [
            [
            76.25833333333334,
            109.10833333333333,
            112.94166666666666,
            106.30833333333334,
            130.54166666666666,
            144.94166666666666,
            12.341666666666667,
            11.658333333333333
            ]
        ],
        "min": [
            [
                1,
                6,
                6,
                5,
                6,
                7,
                5,
                11
            ]
        ],
        "max": [
            [
                236,
                255,
                255,
                255,
                255,
                255,
                255,
                255
            ]
        ],
        "RawIntDen": [
            [
                46670,
                66774,
                69120,
                65061,
                79892,
                88704,
                7553,
                7135
            ]
        ],
        "IntDen": [
            [
                124017.618268972,
                177441.009288127,
                183675.093476054,
                172887.417359553,
                212297.671312801,
                235716.144088321,
                20071.0406137413,
                18959.7473454586
            ]
        ],
        "local_bg": [
            [
                7.3797054009819965,
                7.040916530278232,
                6.837970540098199,
                7.158756137479542,
                7.432078559738134,
                6.219312602291326,
                6.769230769230769,
                6.788870703764321
            ]
        ],
        "area": [
            2.6573248882897604
        ],
        "distance": 28.057347594600984,
        "points": [
            [
                428.0,
                212.0
            ],
            [
                422.4,
                205.6
            ],
            [
                399.0,
                200.0
            ],
            [
                419.8,
                191.8
            ],
            [
                428.0,
                191.2
            ],
            [
                437.2,
                190.8
            ],
            [
                440.0,
                200.0
            ],
            [
                448.4,
                220.4
            ]
        ],
        "shift": null,
        "channel": 0,
        "closest_Dend": 0
    }
]