[
    {
        "type": 0,
        "location": [
            770,
            207
        ],
        "bgloc": [
            982,
            192
        ],
        "mean": [
            [
            46.29245283018868,
            63.575471698113205,
            47.43396226415094,
            48.56603773584906,
            50.35849056603774,
            62.14150943396226,
            56.0377358490566,
            54.91509433962264
            ]
        ],
        "min": [
            [
                9,
                12,
                5,
                4,
                8,
                9,
                7,
                6
            ]
        ],
        "max": [
            [
                137,
                165,
                123,
                119,
                136,
                148,
                146,
                122
            ]
        ],
        "RawIntDen": [
            [
                11027,
                12768,
                10578,
                10616,
                9892,
                11294,
                9869,
                10435
            ]
        ],
        "IntDen": [
            [
                11299.588046059476,
                13083.625661747294,
                10839.488741381803,
                10878.428103470338,
                10136.530783678276,
                11573.188300734173,
                10112.962222414164,
                10692.953773522322
            ]
        ],
        "local_bg": [
            [
                5.529661016949152,
                6.351694915254237,
                6.241525423728813,
                5.7923728813559325,
                6.173728813559322,
                5.966101694915254,
                5.533898305084746,
                6.296610169491525
            ]
        ],
        "area": [
            1.0247200549614108
        ],
        "distance": 50.74859456947201,
        "points": [
            [
                770.0,
                215.4
            ],
            [
                762.4,
                214.6
            ],
            [
                763.8,
                207.0
            ],
            [
                765.0,
                202.0
            ],
            [
                770.0,
                196.2
            ],
            [
                780.8,
                196.2
            ],
            [
                778.0,
                207.0
            ],
            [
                774.6,
                211.6
            ]
        ],
        "shift": null,
        "channel": 0,
        "closest_Dend": 0
    },
    {
        "type": 0,
        "location": [
            861,
            197
        ],
        "bgloc": [
            868.9497760218561,
            140.9302902790505
        ],
        "mean": [
            [
            56.0,
            49.28695652173913,
            58.03478260869565,
            51.28695652173913,
            52.21739130434783,
            45.7304347826087,
            47.97391304347826,
            50.469565217391306
            ]
        ],
        "min": [
            [
                7,
                8,
                7,
                6,
                7,
                5,
                6,
                6
            ]
        ],
        "max": [
            [
                116,
                155,
                132,
                102,
                128,
                102,
                108,
                88
            ]
        ],
        "RawIntDen": [
            [
                13560,
                12212,
                11978,
                9799,
                10656,
                7997,
                10317,
                7912
            ]
        ],
        "IntDen": [
            [
                16780.22510340622,
                15112.102430884717,
                14822.532174675496,
                12126.063848693037,
                13186.583975066127,
                9896.125379936546,
                12767.078347480972,
                9790.939603108409
            ]
        ],
        "local_bg": [
            [
                6.540350877192982,
                6.936842105263158,
                6.771929824561403,
                7.256140350877193,
                7.371929824561404,
                7.221052631578948,
                6.810526315789474,
                7.6421052631578945
            ]
        ],
        "area": [
            1.2374797273898392
        ],
        "distance": 56.65043160217232,
        "points": [
            [
                861.0,
                203.4
            ],
            [
                855.4,
                202.6
            ],
            [
                850.8,
                197.0
            ],
            [
                855.6,
                191.6
            ],
            [
                861.0,
                190.4
            ],
            [
                867.6,
                190.4
            ],
            [
                883.4,
                197.0
            ],
            [
                867.8,
                203.8
            ]
        ],
        "shift": null,
        "channel": 0,
        "closest_Dend": 0
    },
    {
        "type": 0,
        "location": [
            706,
            163
        ],
        "bgloc": [
            811,
            268
        ],
        "mean": [
            [
            41.23232323232323,
            43.13131313131313,
            50.515151515151516,
            45.01010101010101,
            114.98989898989899,
            43.97979797979798,
            41.80808080808081,
            58.5959595959596
            ]
        ],
        "min": [
            [
                5,
                8,
                9,
                10,
                18,
                8,
                6,
                9
            ]
        ],
        "max": [
            [
                128,
                173,
                144,
                190,
                237,
                148,
                148,
                135
            ]
        ],
        "RawIntDen": [
            [
                14150,
                19000,
                18804,
                18415,
                42992,
                15985,
                13169,
                16899
            ]
        ],
        "IntDen": [
            [
                26357.6668882839,
                35391.92020334941,
                35026.82460546222,
                34302.2216076147,
                80082.6017569683,
                29775.78128687054,
                24530.3261662057,
                31478.318921915874
            ]
        ],
        "local_bg": [
            [
                3.5757575757575757,
                4.333333333333333,
                3.913752913752914,
                3.9813519813519815,
                3.909090909090909,
                3.9953379953379953,
                3.787878787878788,
                4.006993006993007
            ]
        ],
        "area": [
            1.8627326422815476
        ],
        "distance": 46.590191847379025,
        "points": [
            [
                706.0,
                172.4
            ],
            [
                698.8,
                170.2
            ],
            [
                693.4,
                163.0
            ],
            [
                697.6,
                154.6
            ],
            [
                706.0,
                156.8
            ],
            [
                721.8,
                147.2
            ],
            [
                721.8,
                163.0
            ],
            [
                714.0,
                171.0
            ]
        ],
        "shift": null,
        "channel": 0,
        "closest_Dend": 0
    },
    {
        "type": 0,
        "location": [
            632,
            162
        ],
        "bgloc": [
            655,
            252
        ],
        "mean": [
            [
            39.15079365079365,
            32.007936507936506,
            30.166666666666668,
            78.94444444444444,
            35.023809523809526,
            47.55555555555556,
            47.17460317460318,
            44.20634920634921
            ]
        ],
        "min": [
            [
                7,
                8,
                7,
                11,
                9,
                9,
                7,
                6
            ]
        ],
        "max": [
            [
                101,
                85,
                83,
                156,
                96,
                151,
                126,
                111
            ]
        ],
        "RawIntDen": [
            [
                8250,
                6399,
                5758,
                15407,
                7576,
                10445,
                9630,
                9596
            ]
        ],
        "IntDen": [
            [
                9206.197866660727,
                7140.661836213574,
                6425.368159543328,
                17192.71400383537,
                8454.079398523838,
                11655.604450578337,
                10746.14369162943,
                10708.20299739107
            ]
        ],
        "local_bg": [
            [
                5.719844357976654,
                6.101167315175097,
                5.879377431906615,
                5.996108949416342,
                6.696498054474708,
                7.42023346303502,
                6.143968871595331,
                6.665369649805448
            ]
        ],
        "area": [
            1.1159027717164516
        ],
        "distance": 41.67875257650278,
        "points": [
            [
                632.0,
                171.6
            ],
            [
                624.2,
                169.8
            ],
            [
                622.8,
                162.0
            ],
            [
                626.0,
                156.0
            ],
            [
                632.0,
                153.8
            ],
            [
                638.2,
                155.8
            ],
            [
                641.8,
                162.0
            ],
            [
                639.6,
                169.6
            ]
        ],
        "shift": null,
        "channel": 0,
        "closest_Dend": 0
    },
    {
        "type": 0,
        "location": [
            562,
            160
        ],
        "bgloc": [
            635.3453632173597,
            117.32566320124425
        ],
        "mean": [
            [
            56.809859154929576,
            50.929577464788736,
            54.36619718309859,
            75.86619718309859,
            54.190140845070424,
            54.04929577464789,
            52.394366197183096,
            42.79577464788732
            ]
        ],
        "min": [
            [
                10,
                7,
                6,
                10,
                6,
                4,
                3,
                5
            ]
        ],
        "max": [
            [
                145,
                149,
                146,
                158,
                161,
                185,
                153,
                166
            ]
        ],
        "RawIntDen": [
            [
                12903,
                10883,
                11257,
                16859,
                11862,
                11617,
                10603,
                9242
            ]
        ],
        "IntDen": [
            [
                15238.872459379012,
                12853.185226336649,
                13294.891674434592,
                19911.040129634253,
                14009.416811063616,
                13720.063656560953,
                12522.495906905035,
                10915.109607810651
            ]
        ],
        "local_bg": [
            [
                7.917910447761194,
                9.854477611940299,
                9.507462686567164,
                9.76865671641791,
                14.354477611940299,
                8.630597014925373,
                7.947761194029851,
                9.92910447761194
            ]
        ],
        "area": [
            1.1810332836843378
        ],
        "distance": 37.00798759478754,
        "points": [
            [
                562.0,
                172.2
            ],
            [
                556.0,
                166.0
            ],
            [
                554.6,
                160.0
            ],
            [
                556.8,
                154.8
            ],
            [
                562.0,
                153.4
            ],
            [
                568.0,
                154.0
            ],
            [
                573.4,
                160.0
            ],
            [
                572.0,
                170.0
            ]
        ],
        "shift": null,
        "channel": 0,
        "closest_Dend": 0
    },
    {
        "type": 0,
        "location": [
            518,
            210
        ],
        "bgloc": [
            418.02000356997104,
            253.2557570630941
        ],
        "mean": [
            [
            80.29457364341086,
            59.92248062015504,
            65.37984496124031,
            69.30232558139535,
            49.713178294573645,
            54.92248062015504,
            54.27131782945737,
            72.65116279069767
            ]
        ],
        "min": [
            [
                7,
                6,
                6,
                6,
                7,
                5,
                4,
                5
            ]
        ],
        "max": [
            [
                185,
                194,
                216,
                249,
                230,
                229,
                236,
                214
            ]
        ],
        "RawIntDen": [
            [
                21266,
                22559,
                25670,
                27119,
                21383,
                22826,
                31528,
                37777
            ]
        ],
        "IntDen": [
            [
                36381.052946571566,
                38593.06749843449,
                43915.2463621975,
                46394.139699900035,
                36581.21203595127,
                39049.84080496767,
                53936.886922764425,
                64627.43520937806
            ]
        ],
        "local_bg": [
            [
                9.732997481108312,
                9.544080604534004,
                9.17632241813602,
                9.632241813602015,
                9.632241813602015,
                9.465994962216625,
                9.005037783375315,
                9.314861460957179
            ]
        ],
        "area": [
            1.710761447689813
        ],
        "distance": 34.048441042519826,
        "points": [
            [
                518.0,
                219.6
            ],
            [
                512.4,
                215.6
            ],
            [
                511.6,
                210.0
            ],
            [
                512.8,
                204.8
            ],
            [
                518.0,
                195.2
            ],
            [
                532.2,
                195.8
            ],
            [
                530.8,
                210.0
            ],
            [
                526.8,
                218.8
            ]
        ],
        "shift": null,
        "channel": 0,
        "closest_Dend": 0
    },
    {
        "type": 0,
        "location": [
            428,
            200
        ],
        "bgloc": [
            435.92696204278957,
            53.83735588852397
        ],
        "mean": [
            [
            76.25833333333334,
            109.10833333333333,
            112.94166666666666,
            106.30833333333334,
            130.54166666666666,
            144.94166666666666,
            12.341666666666667,
            11.658333333333333
            ]
        ],
        "min": [
            [
                1,
                6,
                6,
                5,
                6,
                7,
                5,
                11
            ]
        ],
        "max": [
            [
                236,
                255,
                255,
                255,
                255,
                255,
                255,
                255
            ]
        ],
        "RawIntDen": [
            [
                32098,
                61552,
                65097,
                70007,
                88844,
                84502,
                32541,
                56226
            ]
        ],
        "IntDen": [
            [
                85294.81426432473,
                163563.66152401132,
                172983.87825299852,
                186031.34345450124,
                236087.37237521546,
                224549.2677102613,
                86472.00918983709,
                149410.74916898005
            ]
        ],
        "local_bg": [
            [
                7.3797054009819965,
                7.040916530278232,
                6.837970540098199,
                7.158756137479542,
                7.432078559738134,
                6.219312602291326,
                6.769230769230769,
                6.788870703764321
            ]
        ],
        "area": [
            2.6573248882897604
        ],
        "distance": 28.057347594600984,
        "points": [
            [
                428.0,
                212.0
            ],
            [
                422.4,
                205.6
            ],
            [
                399.0,
                200.0
            ],
            [
                419.8,
                191.8
            ],
            [
                428.0,
                191.2
            ],
            [
                437.2,
                190.8
            ],
            [
                440.0,
                200.0
            ],
            [
                448.4,
                220.4
            ]
        ],
        "shift": null,
        "channel": 0,
        "closest_Dend": 0
    }
]