[
    {
        "type": 0,
        "location": [
            311,
            244
        ],
        "bgloc": [
            314,
            216
        ],
        "mean": [
            [
                46.069651741293534,
                45.98009950248756,
                42.11940298507463,
                43.766169154228855,
                51.22885572139303,
                51.38805970149254,
                59.73134328358209,
                65.51243781094527
            ]
        ],
        "min": [
            [
                5,
                6,
                7,
                8,
                9,
                7,
                6,
                11
            ]
        ],
        "max": [
            [
                141,
                138,
                142,
                126,
                127,
                175,
                141,
                155
            ]
        ],
        "RawIntDen": [
            [
                9260,
                9242,
                8466,
                8797,
                10297,
                10329,
                12006,
                13168
            ]
        ],
        "IntDen": [
            [
                8107.6485600000005,
                8091.888552000001,
                7412.457096000001,
                7702.266132000001,
                9015.600132000001,
                9043.617924,
                10511.925336000002,
                11529.321408000002
            ]
        ],
        "local_bg": [
            [
                4.875621890547263,
                5.338308457711443,
                5.373134328358209,
                5.736318407960199,
                5.676616915422885,
                5.776119402985074,
                5.955223880597015,
                6.149253731343284
            ]
        ],
        "area": [
            0.8755560000000001
        ],
        "distance": 1.7671826126540537,
        "points": [
            [
                312.2123744380045,
                250.44799708222763
            ],
            [
                306.67719256480126,
                249.6572568146272
            ],
            [
                302.0,
                244.0
            ],
            [
                303.4,
                236.4
            ],
            [
                311.0,
                233.6
            ],
            [
                317.2,
                237.8
            ],
            [
                317.2,
                244.0
            ],
            [
                315.3753355084064,
                250.44799708222763
            ]
        ],
        "shift": null,
        "channel": 0,
        "closest_Dend": 0
    },
    {
        "type": 0,
        "location": [
            333,
            248
        ],
        "bgloc": [
            333,
            226
        ],
        "mean": [
            [
                70.21827411167513,
                61.43654822335025,
                46.10659898477157,
                49.243654822335024,
                66.41624365482234,
                66.05076142131979,
                56.807106598984774,
                66.8527918781726
            ]
        ],
        "min": [
            [
                8,
                7,
                8,
                7,
                10,
                10,
                9,
                11
            ]
        ],
        "max": [
            [
                176,
                181,
                138,
                157,
                173,
                168,
                210,
                190
            ]
        ],
        "RawIntDen": [
            [
                13833,
                12103,
                9083,
                9701,
                13084,
                13012,
                11191,
                13170
            ]
        ],
        "IntDen": [
            [
                11870.539956,
                10385.971596000001,
                7794.412956000001,
                8324.738532000001,
                11227.799088000002,
                11166.013584000002,
                9603.355212,
                11301.598440000002
            ]
        ],
        "local_bg": [
            [
                6.431472081218274,
                6.395939086294416,
                6.233502538071066,
                6.274111675126903,
                6.253807106598985,
                6.461928934010152,
                6.147208121827411,
                6.725888324873097
            ]
        ],
        "area": [
            0.8581320000000001
        ],
        "distance": 3.334710887291828,
        "points": [
            [
                333.0,
                254.6
            ],
            [
                325.8,
                255.2
            ],
            [
                323.6,
                248.0
            ],
            [
                327.8,
                242.8
            ],
            [
                333.0,
                241.2
            ],
            [
                339.6,
                241.4
            ],
            [
                341.6,
                248.0
            ],
            [
                339.4,
                254.4
            ]
        ],
        "shift": null,
        "channel": 0,
        "closest_Dend": 0
    },
    {
        "type": 0,
        "location": [
            365,
            249
        ],
        "bgloc": [
            368,
            225
        ],
        "mean": [
            [
                46.18390804597701,
                52.804597701149426,
                50.95402298850575,
                51.14942528735632,
                59.85632183908046,
                55.97701149425287,
                59.95977011494253,
                86.55747126436782
            ]
        ],
        "min": [
            [
                6,
                8,
                6,
                6,
                9,
                8,
                10,
                14
            ]
        ],
        "max": [
            [
                131,
                146,
                138,
                174,
                161,
                159,
                164,
                193
            ]
        ],
        "RawIntDen": [
            [
                8036,
                9188,
                8866,
                8900,
                10415,
                9740,
                10433,
                15061
            ]
        ],
        "IntDen": [
            [
                6090.837984000001,
                6963.989472000001,
                6719.931504000001,
                6745.7016,
                7893.986760000001,
                7382.374560000001,
                7907.629752000001,
                11415.394584000001
            ]
        ],
        "local_bg": [
            [
                5.166666666666667,
                5.005747126436781,
                5.431034482758621,
                5.310344827586207,
                5.9655172413793105,
                5.35632183908046,
                5.82183908045977,
                6.137931034482759
            ]
        ],
        "area": [
            0.7579440000000001
        ],
        "distance": 5.32402970610984,
        "points": [
            [
                366.773452902437,
                255.19243868783047
            ],
            [
                362.8197515644346,
                253.6109581526295
            ],
            [
                359.0,
                249.0
            ],
            [
                359.4,
                243.4
            ],
            [
                365.0,
                239.8
            ],
            [
                373.4,
                240.6
            ],
            [
                373.6,
                249.0
            ],
            [
                369.9364139728388,
                254.40169842023
            ]
        ],
        "shift": null,
        "channel": 0,
        "closest_Dend": 0
    },
    {
        "type": 0,
        "location": [
            382,
            244
        ],
        "bgloc": [
            389,
            206
        ],
        "mean": [
            [
                23.597156398104264,
                21.194312796208532,
                22.327014218009477,
                21.01421800947867,
                21.895734597156398,
                21.27962085308057,
                26.86729857819905,
                35.08530805687204
            ]
        ],
        "min": [
            [
                3,
                1,
                5,
                2,
                5,
                4,
                5,
                5
            ]
        ],
        "max": [
            [
                82,
                80,
                74,
                75,
                80,
                64,
                76,
                148
            ]
        ],
        "RawIntDen": [
            [
                4979,
                4472,
                4711,
                4434,
                4620,
                4490,
                5669,
                7403
            ]
        ],
        "IntDen": [
            [
                4576.278564,
                4110.286752000001,
                4329.955476,
                4075.3603440000006,
                4246.315920000001,
                4126.8308400000005,
                5210.468604000001,
                6804.2157480000005
            ]
        ],
        "local_bg": [
            [
                4.151658767772512,
                4.398104265402844,
                4.545023696682464,
                4.819905213270142,
                4.450236966824645,
                4.478672985781991,
                5.151658767772512,
                5.014218009478673
            ]
        ],
        "area": [
            0.9191160000000002
        ],
        "distance": 6.573797264122011,
        "points": [
            [
                382.0,
                251.6
            ],
            [
                373.6,
                252.4
            ],
            [
                372.4,
                244.0
            ],
            [
                376.0,
                238.0
            ],
            [
                382.0,
                235.2
            ],
            [
                387.6,
                238.4
            ],
            [
                389.0,
                244.0
            ],
            [
                387.2,
                249.2
            ]
        ],
        "shift": null,
        "channel": 0,
        "closest_Dend": 0
    },
    {
        "type": 0,
        "location": [
            381,
            278
        ],
        "bgloc": [
            375,
            306
        ],
        "mean": [
            [
                29.415178571428573,
                25.053571428571427,
                29.308035714285715,
                33.901785714285715,
                26.147321428571427,
                28.580357142857142,
                27.107142857142858,
                28.4375
            ]
        ],
        "min": [
            [
                3,
                4,
                3,
                4,
                4,
                4,
                5,
                5
            ]
        ],
        "max": [
            [
                99,
                68,
                119,
                115,
                84,
                79,
                83,
                88
            ]
        ],
        "RawIntDen": [
            [
                6589,
                5612,
                6565,
                7594,
                5857,
                6402,
                6072,
                6370
            ]
        ],
        "IntDen": [
            [
                6429.177216000001,
                5475.875328000001,
                6405.759360000001,
                7409.799936000001,
                5714.932608000001,
                6246.713088,
                5924.717568000001,
                6215.489280000001
            ]
        ],
        "local_bg": [
            [
                4.995535714285714,
                5.245535714285714,
                5.321428571428571,
                5.205357142857143,
                5.107142857142857,
                5.375,
                5.080357142857143,
                5.357142857142857
            ]
        ],
        "area": [
            0.9757440000000002
        ],
        "distance": 6.716177578232334,
        "points": [
            [
                381.0,
                286.2
            ],
            [
                373.2,
                285.8
            ],
            [
                372.0,
                278.0
            ],
            [
                375.2,
                272.2
            ],
            [
                381.0,
                270.6
            ],
            [
                388.8,
                270.2
            ],
            [
                389.8,
                278.0
            ],
            [
                386.4,
                283.4
            ]
        ],
        "shift": null,
        "channel": 0,
        "closest_Dend": 0
    },
    {
        "type": 0,
        "location": [
            422,
            262
        ],
        "bgloc": [
            427.66045350767314,
            297.1016728706554
        ],
        "mean": [
            [
                91.98870056497175,
                100.30508474576271,
                108.31073446327683,
                90.29378531073446,
                89.59322033898304,
                95.36723163841808,
                75.77401129943503,
                101.79661016949153
            ]
        ],
        "min": [
            [
                16,
                22,
                23,
                13,
                15,
                15,
                14,
                15
            ]
        ],
        "max": [
            [
                233,
                197,
                217,
                203,
                208,
                195,
                163,
                216
            ]
        ],
        "RawIntDen": [
            [
                16282,
                17754,
                19171,
                15982,
                15858,
                16880,
                13412,
                18018
            ]
        ],
        "IntDen": [
            [
                12553.617384000001,
                13688.547048000002,
                14781.071052000001,
                12322.313784000002,
                12226.708296,
                13014.682560000001,
                10340.812944000001,
                13892.094216000001
            ]
        ],
        "local_bg": [
            [
                5.590909090909091,
                5.5625,
                5.573863636363637,
                5.7272727272727275,
                5.363636363636363,
                5.301136363636363,
                5.8125,
                6.051136363636363
            ]
        ],
        "area": [
            0.7710120000000001
        ],
        "distance": 9.249765494601608,
        "points": [
            [
                422.0,
                271.2
            ],
            [
                414.4,
                269.6
            ],
            [
                412.0,
                262.0
            ],
            [
                417.380830028867,
                259.14614002583284
            ],
            [
                423.7067521696708,
                258.35539975823235
            ],
            [
                429.2419340428741,
                260.72762056103375
            ],
            [
                431.4,
                262.0
            ],
            [
                428.4,
                268.4
            ]
        ],
        "shift": null,
        "channel": 0,
        "closest_Dend": 0
    },
    {
        "type": 0,
        "location": [
            431,
            237
        ],
        "bgloc": [
            439,
            192
        ],
        "mean": [
            [
                43.98360655737705,
                54.81967213114754,
                54.81967213114754,
                59.5792349726776,
                67.38251366120218,
                61.89617486338798,
                61.25136612021858,
                59.349726775956285
            ]
        ],
        "min": [
            [
                5,
                7,
                6,
                8,
                6,
                17,
                9,
                8
            ]
        ],
        "max": [
            [
                119,
                180,
                195,
                185,
                212,
                181,
                194,
                189
            ]
        ],
        "RawIntDen": [
            [
                8049,
                10032,
                10032,
                10903,
                12331,
                11327,
                11209,
                10861
            ]
        ],
        "IntDen": [
            [
                6416.244252,
                7996.988736000001,
                7996.988736000001,
                8691.304644000002,
                9829.631988000001,
                9029.295396000001,
                8935.231932,
                8657.824428000002
            ]
        ],
        "local_bg": [
            [
                3.7650273224043715,
                3.4754098360655736,
                4.065573770491803,
                3.918032786885246,
                3.9617486338797816,
                4.0,
                4.360655737704918,
                4.66120218579235
            ]
        ],
        "area": [
            0.7971480000000001
        ],
        "distance": 10.029550269867668,
        "points": [
            [
                431.0,
                247.8
            ],
            [
                424.0,
                244.0
            ],
            [
                423.6,
                237.0
            ],
            [
                425.8,
                231.8
            ],
            [
                431.0,
                231.0
            ],
            [
                436.4,
                231.6
            ],
            [
                438.0,
                237.0
            ],
            [
                436.4,
                242.4
            ]
        ],
        "shift": null,
        "channel": 0,
        "closest_Dend": 0
    }
]