[
    {
        "type": "Stim",
        "location": [
            14,
            95
        ],
        "radloc": [
            0,
            0
        ],
        "mean": [
            88.40458015267176,
            97.93129770992367,
            131.1908396946565,
            103.19083969465649,
            122.40458015267176,
            106.6412213740458,
            82.20610687022901,
            71.27480916030534
        ],
        "min": [
            14.0,
            18.0,
            22.0,
            40.0,
            33.0,
            18.0,
            19.0,
            15.0
        ],
        "max": [
            181.0,
            200.0,
            255.0,
            195.0,
            237.0,
            214.0,
            174.0,
            171.0
        ],
        "RawIntDen": [
            11581.0,
            12829.0,
            17186.0,
            13518.0,
            16035.0,
            13970.0,
            10769.0,
            9337.0
        ],
        "IntDen": [
            6449.933566558389,
            7144.995917915342,
            9571.587796811371,
            7528.728257726993,
            8930.548721160847,
            7780.465583699223,
            5997.697485387039,
            5200.157992483869
        ],
        "FlagUp": 0,
        "Times": [
            -15,
            -10,
            -5,
            2,
            10,
            20,
            30,
            40
        ],
        "width": 0,
        "height": 0,
        "area": 0.556940986664225,
        "distance": 0,
        "xpert": [
            [
                14.0,
                101.2
            ],
            [
                8.0,
                101.0
            ],
            [
                6.6,
                95.0
            ],
            [
                10.2,
                91.2
            ],
            [
                14.0,
                90.2
            ],
            [
                18.2,
                90.8
            ],
            [
                20.2,
                95.0
            ],
            [
                20.0,
                101.0
            ]
        ],
        "stack": 0,
        "shift": [
            [
                0,
                0
            ],
            [
                -1,
                0
            ],
            [
                -2,
                0
            ],
            [
                -1,
                0
            ],
            [
                -2,
                0
            ],
            [
                -3,
                0
            ],
            [
                -3,
                0
            ],
            [
                -3,
                0
            ]
        ]
    },
    {
        "type": "Stim",
        "location": [
            16,
            115
        ],
        "radloc": [
            0,
            0
        ],
        "mean": [
            132.53225806451613,
            105.67204301075269,
            106.70430107526882,
            174.77956989247312,
            105.10215053763442,
            124.36021505376344,
            105.35483870967742,
            100.61827956989248
        ],
        "min": [
            33.0,
            16.0,
            18.0,
            40.0,
            21.0,
            24.0,
            11.0,
            9.0
        ],
        "max": [
            235.0,
            242.0,
            214.0,
            255.0,
            239.0,
            244.0,
            251.0,
            226.0
        ],
        "RawIntDen": [
            24651.0,
            19655.0,
            19847.0,
            32509.0,
            19549.0,
            23131.0,
            19596.0,
            18715.0
        ],
        "IntDen": [
            20102.590711865818,
            16028.413469706004,
            16184.987134736964,
            26510.69414839341,
            15941.971758803493,
            18863.049197037373,
            15980.29968722253,
            15261.854901325252
        ],
        "FlagUp": 0,
        "Times": [
            -15,
            -10,
            -5,
            2,
            10,
            20,
            30,
            40
        ],
        "width": 0,
        "height": 0,
        "area": 0.8154878387029256,
        "distance": 0,
        "xpert": [
            [
                16.0,
                126.2
            ],
            [
                10.0,
                121.0
            ],
            [
                8.4,
                115.0
            ],
            [
                10.8,
                109.8
            ],
            [
                16.0,
                109.8
            ],
            [
                21.2,
                109.8
            ],
            [
                24.0,
                115.0
            ],
            [
                22.2,
                121.2
            ]
        ],
        "stack": 0,
        "shift": [
            [
                0,
                0
            ],
            [
                -1,
                0
            ],
            [
                -2,
                0
            ],
            [
                -1,
                0
            ],
            [
                -2,
                0
            ],
            [
                -3,
                0
            ],
            [
                -3,
                0
            ],
            [
                -3,
                0
            ]
        ]
    },
    {
        "type": "Stim",
        "location": [
            47,
            111
        ],
        "radloc": [
            0,
            0
        ],
        "mean": [
            164.60902255639098,
            151.21052631578948,
            149.09022556390977,
            143.50375939849624,
            132.0,
            165.33082706766916,
            118.51127819548873,
            137.0300751879699
        ],
        "min": [
            40.0,
            26.0,
            29.0,
            43.0,
            21.0,
            19.0,
            27.0,
            25.0
        ],
        "max": [
            255.0,
            242.0,
            255.0,
            241.0,
            249.0,
            255.0,
            225.0,
            241.0
        ],
        "RawIntDen": [
            21893.0,
            20111.0,
            19829.0,
            19086.0,
            17556.0,
            21989.0,
            15762.0,
            18225.0
        ],
        "IntDen": [
            13233.508798604073,
            12156.3557049617,
            11985.897134587318,
            11536.781114061907,
            10611.952700328557,
            13291.537248093224,
            9527.546050500041,
            11016.33845770608
        ],
        "FlagUp": 0,
        "Times": [
            -15,
            -10,
            -5,
            2,
            10,
            20,
            30,
            40
        ],
        "width": 0,
        "height": 0,
        "area": 0.6044630155119934,
        "distance": 0,
        "xpert": [
            [
                47.0,
                121.6
            ],
            [
                41.2,
                116.8
            ],
            [
                41.6,
                111.0
            ],
            [
                43.8,
                107.8
            ],
            [
                47.0,
                106.2
            ],
            [
                50.6,
                107.4
            ],
            [
                52.8,
                111.0
            ],
            [
                53.4,
                117.4
            ]
        ],
        "stack": 0,
        "shift": [
            [
                0,
                0
            ],
            [
                -1,
                0
            ],
            [
                -2,
                0
            ],
            [
                -1,
                0
            ],
            [
                -2,
                0
            ],
            [
                -3,
                0
            ],
            [
                -3,
                0
            ],
            [
                -3,
                0
            ]
        ]
    },
    {
        "type": "Stim",
        "location": [
            51,
            131
        ],
        "radloc": [
            0,
            0
        ],
        "mean": [
            84.47402597402598,
            80.54545454545455,
            125.8961038961039,
            129.64285714285714,
            99.48701298701299,
            89.43506493506493,
            81.21428571428571,
            94.42857142857143
        ],
        "min": [
            9.0,
            12.0,
            38.0,
            37.0,
            16.0,
            10.0,
            11.0,
            10.0
        ],
        "max": [
            181.0,
            191.0,
            232.0,
            253.0,
            212.0,
            220.0,
            199.0,
            213.0
        ],
        "RawIntDen": [
            13009.0,
            12404.0,
            19388.0,
            19965.0,
            15321.0,
            13773.0,
            12507.0,
            14542.0
        ],
        "IntDen": [
            8947.330812518789,
            8531.2238756617,
            13334.679821132622,
            13731.528916283927,
            10537.478313367696,
            9472.794779062286,
            8602.065221936544,
            10001.697645910386
        ],
        "FlagUp": 0,
        "Times": [
            -15,
            -10,
            -5,
            2,
            10,
            20,
            30,
            40
        ],
        "width": 0,
        "height": 0,
        "area": 0.6877800609208078,
        "distance": 0,
        "xpert": [
            [
                51.0,
                139.4
            ],
            [
                45.8,
                136.2
            ],
            [
                43.8,
                131.0
            ],
            [
                45.2,
                125.2
            ],
            [
                51.0,
                123.4
            ],
            [
                55.0,
                127.0
            ],
            [
                58.2,
                131.0
            ],
            [
                56.6,
                136.6
            ]
        ],
        "stack": 0,
        "shift": [
            [
                0,
                0
            ],
            [
                -1,
                0
            ],
            [
                -2,
                0
            ],
            [
                -1,
                0
            ],
            [
                -2,
                0
            ],
            [
                -2,
                0
            ],
            [
                -2,
                0
            ],
            [
                -2,
                0
            ]
        ]
    },
    {
        "type": "Spine",
        "location": [
            71,
            123
        ],
        "radloc": [
            0,
            0
        ],
        "mean": [
            79.02962962962962,
            68.63703703703703,
            80.04444444444445,
            63.992592592592594,
            62.666666666666664,
            68.18518518518519,
            63.51851851851852,
            68.54814814814814
        ],
        "min": [
            9.0,
            8.0,
            10.0,
            9.0,
            8.0,
            13.0,
            13.0,
            14.0
        ],
        "max": [
            176.0,
            184.0,
            176.0,
            170.0,
            145.0,
            152.0,
            142.0,
            144.0
        ],
        "RawIntDen": [
            10669.0,
            9266.0,
            10806.0,
            8639.0,
            8460.0,
            9205.0,
            8575.0,
            9254.0
        ],
        "IntDen": [
            6552.514593469996,
            5690.842649085479,
            6636.655047055654,
            5305.761887054765,
            5195.826549888102,
            5653.378651503544,
            5266.4553977884725,
            5683.47268234805
        ],
        "FlagUp": 0,
        "Times": [
            -15,
            -10,
            -5,
            2,
            10,
            20,
            30,
            40
        ],
        "width": 0,
        "height": 0,
        "area": 0.6141638947858277,
        "distance": -0.9111550632495267,
        "xpert": [
            [
                71.0,
                133.2
            ],
            [
                64.6,
                129.4
            ],
            [
                66.0,
                123.0
            ],
            [
                66.8,
                118.8
            ],
            [
                71.0,
                117.2
            ],
            [
                74.6,
                119.4
            ],
            [
                76.2,
                123.0
            ],
            [
                76.8,
                128.8
            ]
        ],
        "stack": 0,
        "shift": [
            [
                0,
                0
            ],
            [
                -1,
                0
            ],
            [
                -2,
                0
            ],
            [
                -1,
                0
            ],
            [
                -1,
                0
            ],
            [
                -1,
                0
            ],
            [
                -1,
                0
            ],
            [
                -1,
                0
            ]
        ]
    },
    {
        "type": "Stim",
        "location": [
            116,
            131
        ],
        "radloc": [
            0,
            0
        ],
        "mean": [
            76.875,
            81.63235294117646,
            73.16911764705883,
            167.06617647058823,
            165.25735294117646,
            97.2279411764706,
            136.52941176470588,
            131.91176470588235
        ],
        "min": [
            13.0,
            12.0,
            10.0,
            52.0,
            26.0,
            12.0,
            34.0,
            16.0
        ],
        "max": [
            190.0,
            181.0,
            158.0,
            255.0,
            255.0,
            199.0,
            253.0,
            255.0
        ],
        "RawIntDen": [
            10455.0,
            11102.0,
            9951.0,
            22721.0,
            22475.0,
            13223.0,
            18568.0,
            17940.0
        ],
        "IntDen": [
            6417.873941099503,
            6815.0393585927,
            6108.490061012066,
            13947.442737036998,
            13796.433938422892,
            8117.029853960662,
            11398.095010840321,
            11012.592874540896
        ],
        "FlagUp": 0,
        "Times": [
            -15,
            -10,
            -5,
            2,
            10,
            20,
            30,
            40
        ],
        "width": 0,
        "height": 0,
        "area": 0.61385690493539,
        "distance": 0,
        "xpert": [
            [
                116.0,
                135.8
            ],
            [
                111.4,
                135.6
            ],
            [
                107.4,
                131.0
            ],
            [
                109.6,
                124.6
            ],
            [
                116.0,
                124.8
            ],
            [
                120.6,
                126.4
            ],
            [
                123.2,
                131.0
            ],
            [
                120.8,
                135.8
            ]
        ],
        "stack": 0,
        "shift": [
            [
                0,
                0
            ],
            [
                0,
                0
            ],
            [
                -1,
                0
            ],
            [
                0,
                0
            ],
            [
                1,
                0
            ],
            [
                1,
                0
            ],
            [
                1,
                0
            ],
            [
                0,
                -1
            ]
        ]
    },
    {
        "type": "Stim",
        "location": [
            112,
            153
        ],
        "radloc": [
            0,
            0
        ],
        "mean": [
            69.71014492753623,
            73.03623188405797,
            77.1304347826087,
            112.71014492753623,
            100.54347826086956,
            126.73913043478261,
            106.82608695652173,
            106.02173913043478
        ],
        "min": [
            8.0,
            9.0,
            9.0,
            17.0,
            18.0,
            37.0,
            22.0,
            29.0
        ],
        "max": [
            172.0,
            202.0,
            196.0,
            216.0,
            205.0,
            213.0,
            220.0,
            198.0
        ],
        "RawIntDen": [
            9620.0,
            10079.0,
            10644.0,
            15554.0,
            13875.0,
            17490.0,
            14742.0,
            14631.0
        ],
        "IntDen": [
            5923.02287964572,
            6205.62864905917,
            6553.498495940649,
            9576.579820167311,
            8542.82146102748,
            10768.572782224912,
            9076.632358808441,
            9008.289787120222
        ],
        "FlagUp": 0,
        "Times": [
            -15,
            -10,
            -5,
            2,
            10,
            20,
            30,
            40
        ],
        "width": 0,
        "height": 0,
        "area": 0.6156988440380167,
        "distance": 0,
        "xpert": [
            [
                112.0,
                159.0
            ],
            [
                107.6,
                157.4
            ],
            [
                105.2,
                153.0
            ],
            [
                104.8,
                145.8
            ],
            [
                112.0,
                145.2
            ],
            [
                117.0,
                148.0
            ],
            [
                117.8,
                153.0
            ],
            [
                116.0,
                157.0
            ]
        ],
        "stack": 0,
        "shift": [
            [
                0,
                0
            ],
            [
                0,
                0
            ],
            [
                -1,
                0
            ],
            [
                0,
                0
            ],
            [
                1,
                0
            ],
            [
                1,
                0
            ],
            [
                1,
                0
            ],
            [
                0,
                -1
            ]
        ]
    },
    {
        "type": "Spine",
        "location": [
            129,
            133
        ],
        "radloc": [
            0,
            0
        ],
        "mean": [
            125.71428571428571,
            130.38690476190476,
            120.88690476190476,
            131.19642857142858,
            122.29761904761905,
            95.45238095238095,
            86.32142857142857,
            96.2202380952381
        ],
        "min": [
            21.0,
            31.0,
            30.0,
            14.0,
            39.0,
            23.0,
            13.0,
            15.0
        ],
        "max": [
            217.0,
            213.0,
            207.0,
            255.0,
            223.0,
            219.0,
            180.0,
            196.0
        ],
        "RawIntDen": [
            21120.0,
            21905.0,
            20309.0,
            22041.0,
            20546.0,
            16036.0,
            14502.0,
            16165.0
        ],
        "IntDen": [
            19205.795874498803,
            19919.64766244774,
            18468.300587840728,
            20043.321348003225,
            18683.82017222786,
            14582.582511527595,
            13187.616087688524,
            14699.890639738313
        ],
        "FlagUp": 0,
        "Times": [
            -15,
            -10,
            -5,
            2,
            10,
            20,
            30,
            40
        ],
        "width": 0,
        "height": 0,
        "area": 0.9093653349667994,
        "distance": -0.85657,
        "xpert": [
            [
                129.0,
                138.0
            ],
            [
                124.0,
                138.0
            ],
            [
                121.8,
                133.0
            ],
            [
                124.4,
                128.4
            ],
            [
                129.0,
                127.0
            ],
            [
                134.6,
                127.4
            ],
            [
                145.8,
                133.0
            ],
            [
                133.6,
                137.6
            ]
        ],
        "stack": 0,
        "shift": [
            [
                0,
                0
            ],
            [
                0,
                0
            ],
            [
                -1,
                0
            ],
            [
                -1,
                0
            ],
            [
                0,
                0
            ],
            [
                0,
                0
            ],
            [
                0,
                0
            ],
            [
                0,
                -1
            ]
        ]
    },
    {
        "type": "Stim",
        "location": [
            155,
            114
        ],
        "radloc": [
            0,
            0
        ],
        "mean": [
            86.33152173913044,
            71.5163043478261,
            59.14673913043478,
            172.02173913043478,
            122.57065217391305,
            131.5108695652174,
            78.76086956521739,
            112.65760869565217
        ],
        "min": [
            11.0,
            11.0,
            10.0,
            35.0,
            23.0,
            15.0,
            21.0,
            16.0
        ],
        "max": [
            215.0,
            200.0,
            153.0,
            255.0,
            246.0,
            255.0,
            191.0,
            227.0
        ],
        "RawIntDen": [
            15885.0,
            13159.0,
            10883.0,
            31652.0,
            22553.0,
            24198.0,
            14492.0,
            20729.0
        ],
        "IntDen": [
            12843.814654498949,
            10639.707714104607,
            8799.448214347627,
            25592.2204245641,
            18235.2251748766,
            19565.289707873188,
            11717.504688259287,
            16760.43021549315
        ],
        "FlagUp": 0,
        "Times": [
            -15,
            -10,
            -5,
            2,
            10,
            20,
            30,
            40
        ],
        "width": 0,
        "height": 0,
        "area": 0.8085498680830311,
        "distance": 0,
        "xpert": [
            [
                155.0,
                124.6
            ],
            [
                149.0,
                120.0
            ],
            [
                149.0,
                114.0
            ],
            [
                150.0,
                109.0
            ],
            [
                155.0,
                107.2
            ],
            [
                160.6,
                108.4
            ],
            [
                163.4,
                114.0
            ],
            [
                161.2,
                120.2
            ]
        ],
        "stack": 0,
        "shift": [
            [
                0,
                0
            ],
            [
                0,
                0
            ],
            [
                0,
                0
            ],
            [
                0,
                0
            ],
            [
                1,
                0
            ],
            [
                1,
                0
            ],
            [
                0,
                0
            ],
            [
                0,
                0
            ]
        ]
    },
    {
        "type": "Stim",
        "location": [
            157,
            146
        ],
        "radloc": [
            0,
            0
        ],
        "mean": [
            71.47126436781609,
            74.14942528735632,
            137.44827586206895,
            151.4712643678161,
            172.90804597701148,
            103.316091954023,
            96.87931034482759,
            104.67241379310344
        ],
        "min": [
            17.0,
            14.0,
            25.0,
            27.0,
            44.0,
            13.0,
            11.0,
            21.0
        ],
        "max": [
            180.0,
            205.0,
            255.0,
            255.0,
            255.0,
            248.0,
            235.0,
            255.0
        ],
        "RawIntDen": [
            12436.0,
            12902.0,
            23916.0,
            26356.0,
            30086.0,
            17977.0,
            16857.0,
            18213.0
        ],
        "IntDen": [
            9500.028831062122,
            9856.012542486611,
            18269.75631422336,
            20133.705361167038,
            22983.10287965061,
            13732.873777420695,
            12877.290608331794,
            13913.157373764428
        ],
        "FlagUp": 0,
        "Times": [
            -15,
            -10,
            -5,
            2,
            10,
            20,
            30,
            40
        ],
        "width": 0,
        "height": 0,
        "area": 0.7639135438293762,
        "distance": 0,
        "xpert": [
            [
                157.0,
                154.2
            ],
            [
                151.0,
                152.0
            ],
            [
                150.0,
                146.0
            ],
            [
                150.8,
                139.8
            ],
            [
                157.0,
                139.8
            ],
            [
                163.2,
                139.8
            ],
            [
                165.2,
                146.0
            ],
            [
                162.0,
                151.0
            ]
        ],
        "stack": 0,
        "shift": [
            [
                0,
                0
            ],
            [
                0,
                0
            ],
            [
                -1,
                0
            ],
            [
                -1,
                0
            ],
            [
                0,
                0
            ],
            [
                0,
                0
            ],
            [
                0,
                0
            ],
            [
                0,
                0
            ]
        ]
    },
    {
        "type": "Spine",
        "location": [
            186,
            145
        ],
        "radloc": [
            0,
            0
        ],
        "mean": [
            76.3047619047619,
            68.4,
            83.32380952380953,
            74.56190476190476,
            116.80952380952381,
            125.08571428571429,
            97.64761904761905,
            93.93333333333334
        ],
        "min": [
            10.0,
            8.0,
            12.0,
            8.0,
            28.0,
            42.0,
            10.0,
            15.0
        ],
        "max": [
            149.0,
            154.0,
            182.0,
            185.0,
            224.0,
            231.0,
            218.0,
            185.0
        ],
        "RawIntDen": [
            8012.0,
            7182.0,
            8749.0,
            7829.0,
            12265.0,
            13134.0,
            10253.0,
            9863.0
        ],
        "IntDen": [
            3859.116607599092,
            3459.3329350694803,
            4214.105242122373,
            3770.9715328124425,
            5907.646679006847,
            6326.215367474597,
            4938.532523429042,
            4750.682364047659
        ],
        "FlagUp": 0,
        "Times": [
            -15,
            -10,
            -5,
            2,
            10,
            20,
            30,
            40
        ],
        "width": 0,
        "height": 0,
        "area": 0.48166707533688113,
        "distance": -1.38369,
        "xpert": [
            [
                186.0,
                150.8
            ],
            [
                181.6,
                149.4
            ],
            [
                180.4,
                145.0
            ],
            [
                180.2,
                139.2
            ],
            [
                186.0,
                139.2
            ],
            [
                191.2,
                139.8
            ],
            [
                191.4,
                145.0
            ],
            [
                189.6,
                148.6
            ]
        ],
        "stack": 0,
        "shift": [
            [
                0,
                0
            ],
            [
                0,
                0
            ],
            [
                -1,
                0
            ],
            [
                -1,
                0
            ],
            [
                -1,
                0
            ],
            [
                -1,
                0
            ],
            [
                -1,
                0
            ],
            [
                -2,
                -1
            ]
        ]
    },
    {
        "type": "Stim",
        "location": [
            207,
            146
        ],
        "radloc": [
            0,
            0
        ],
        "mean": [
            116.29050279329608,
            125.43575418994413,
            135.5977653631285,
            150.19553072625698,
            171.62569832402235,
            174.3687150837989,
            186.9050279329609,
            158.3463687150838
        ],
        "min": [
            13.0,
            10.0,
            28.0,
            45.0,
            45.0,
            48.0,
            34.0,
            24.0
        ],
        "max": [
            251.0,
            255.0,
            255.0,
            254.0,
            255.0,
            250.0,
            255.0,
            255.0
        ],
        "RawIntDen": [
            20816.0,
            22453.0,
            24272.0,
            26885.0,
            30721.0,
            31212.0,
            33456.0,
            28344.0
        ],
        "IntDen": [
            21519.976727278266,
            23212.338463565477,
            25092.855261553523,
            27794.224361686982,
            31759.954123689262,
            32267.55926267339,
            34587.4491443035,
            29302.56631235469
        ],
        "FlagUp": 0,
        "Times": [
            -15,
            -10,
            -5,
            2,
            10,
            20,
            30,
            40
        ],
        "width": 0,
        "height": 0,
        "area": 1.033819020334275,
        "distance": 0,
        "xpert": [
            [
                207.0,
                152.2
            ],
            [
                199.4,
                153.6
            ],
            [
                198.2,
                146.0
            ],
            [
                201.0,
                140.0
            ],
            [
                207.0,
                139.8
            ],
            [
                212.6,
                140.4
            ],
            [
                216.2,
                146.0
            ],
            [
                216.6,
                155.6
            ]
        ],
        "stack": 0,
        "shift": [
            [
                0,
                0
            ],
            [
                0,
                0
            ],
            [
                -1,
                0
            ],
            [
                -1,
                0
            ],
            [
                -1,
                0
            ],
            [
                -1,
                0
            ],
            [
                -1,
                0
            ],
            [
                -2,
                0
            ]
        ]
    },
    {
        "type": "Spine",
        "location": [
            229,
            140
        ],
        "radloc": [
            0,
            0
        ],
        "mean": [
            77.45205479452055,
            107.23287671232876,
            90.23287671232876,
            68.0,
            107.27397260273973,
            91.62328767123287,
            86.21917808219177,
            70.32876712328768
        ],
        "min": [
            15.0,
            16.0,
            21.0,
            15.0,
            24.0,
            16.0,
            13.0,
            13.0
        ],
        "max": [
            213.0,
            253.0,
            232.0,
            168.0,
            248.0,
            231.0,
            218.0,
            166.0
        ],
        "RawIntDen": [
            11308.0,
            15656.0,
            13174.0,
            9928.0,
            15662.0,
            13377.0,
            12588.0,
            10268.0
        ],
        "IntDen": [
            7270.58650949493,
            10066.174601401895,
            8470.34901627929,
            6383.30234049042,
            10070.032358658436,
            8600.86980345894,
            8093.574724223751,
            6601.908585027763
        ],
        "FlagUp": 0,
        "Times": [
            -15,
            -10,
            -5,
            2,
            10,
            20,
            30,
            40
        ],
        "width": 0,
        "height": 0,
        "area": 0.6429595427568916,
        "distance": -0.7181677213733428,
        "xpert": [
            [
                229.0,
                146.6
            ],
            [
                223.6,
                145.4
            ],
            [
                221.2,
                140.0
            ],
            [
                222.8,
                133.8
            ],
            [
                229.0,
                130.8
            ],
            [
                232.8,
                136.2
            ],
            [
                234.2,
                140.0
            ],
            [
                233.4,
                144.4
            ]
        ],
        "stack": 0,
        "shift": [
            [
                0,
                0
            ],
            [
                0,
                0
            ],
            [
                -1,
                0
            ],
            [
                -1,
                0
            ],
            [
                -1,
                0
            ],
            [
                0,
                0
            ],
            [
                0,
                0
            ],
            [
                -1,
                -1
            ]
        ]
    },
    {
        "type": "Stim",
        "location": [
            229,
            123
        ],
        "radloc": [
            0,
            0
        ],
        "mean": [
            96.45669291338582,
            74.89763779527559,
            93.63779527559055,
            102.77165354330708,
            155.56692913385828,
            135.08661417322836,
            150.06299212598427,
            175.33070866141733
        ],
        "min": [
            15.0,
            13.0,
            18.0,
            16.0,
            40.0,
            29.0,
            32.0,
            39.0
        ],
        "max": [
            216.0,
            148.0,
            212.0,
            224.0,
            255.0,
            255.0,
            255.0,
            255.0
        ],
        "RawIntDen": [
            12250.0,
            9512.0,
            11892.0,
            13052.0,
            19757.0,
            17156.0,
            19058.0,
            22267.0
        ],
        "IntDen": [
            7719.060245855253,
            5993.771514985728,
            7493.474648466176,
            8224.422394196145,
            12449.426389988754,
            10810.465108399405,
            12008.967360449748,
            14031.046081180319
        ],
        "FlagUp": 0,
        "Times": [
            -15,
            -10,
            -5,
            2,
            10,
            20,
            30,
            40
        ],
        "width": 0,
        "height": 0,
        "area": 0.6301273670085921,
        "distance": 0,
        "xpert": [
            [
                229.0,
                129.6
            ],
            [
                220.4,
                131.6
            ],
            [
                223.4,
                123.0
            ],
            [
                224.6,
                118.6
            ],
            [
                229.0,
                117.0
            ],
            [
                233.8,
                118.2
            ],
            [
                235.4,
                123.0
            ],
            [
                232.6,
                126.6
            ]
        ],
        "stack": 0,
        "shift": [
            [
                0,
                0
            ],
            [
                0,
                0
            ],
            [
                -1,
                0
            ],
            [
                -1,
                0
            ],
            [
                -1,
                0
            ],
            [
                0,
                0
            ],
            [
                0,
                0
            ],
            [
                -1,
                -1
            ]
        ]
    },
    {
        "type": "Spine",
        "location": [
            272,
            130
        ],
        "radloc": [
            0,
            0
        ],
        "mean": [
            88.74782608695652,
            131.42608695652174,
            83.16521739130435,
            46.321739130434786,
            92.65217391304348,
            159.9304347826087,
            111.20869565217392,
            112.89565217391305
        ],
        "min": [
            15.0,
            35.0,
            15.0,
            8.0,
            11.0,
            38.0,
            13.0,
            10.0
        ],
        "max": [
            241.0,
            244.0,
            228.0,
            136.0,
            255.0,
            255.0,
            248.0,
            228.0
        ],
        "RawIntDen": [
            10206.0,
            15114.0,
            9564.0,
            5327.0,
            10655.0,
            18392.0,
            12789.0,
            12983.0
        ],
        "IntDen": [
            5266.805673207827,
            7799.578771787487,
            4935.50161263567,
            2748.9980228471577,
            5498.512095632902,
            9491.19047047211,
            6599.76266457524,
            6699.876352660906
        ],
        "FlagUp": 0,
        "Times": [
            -15,
            -10,
            -5,
            2,
            10,
            20,
            30,
            40
        ],
        "width": 0,
        "height": 0,
        "area": 0.5160499385859129,
        "distance": -2.6289777213733427,
        "xpert": [
            [
                272.0,
                138.2
            ],
            [
                267.4,
                134.6
            ],
            [
                264.8,
                130.0
            ],
            [
                267.2,
                125.2
            ],
            [
                272.0,
                125.2
            ],
            [
                276.6,
                125.4
            ],
            [
                277.6,
                130.0
            ],
            [
                276.0,
                134.0
            ]
        ],
        "stack": 0,
        "shift": [
            [
                0,
                0
            ],
            [
                0,
                0
            ],
            [
                0,
                0
            ],
            [
                0,
                0
            ],
            [
                1,
                0
            ],
            [
                1,
                0
            ],
            [
                0,
                0
            ],
            [
                -1,
                0
            ]
        ]
    },
    {
        "type": "Stim",
        "location": [
            325,
            112
        ],
        "radloc": [
            0,
            0
        ],
        "mean": [
            76.67836257309942,
            60.71345029239766,
            83.78362573099415,
            131.3216374269006,
            130.71345029239765,
            182.68421052631578,
            133.35087719298247,
            123.57309941520468
        ],
        "min": [
            11.0,
            9.0,
            12.0,
            17.0,
            25.0,
            29.0,
            12.0,
            16.0
        ],
        "max": [
            224.0,
            185.0,
            252.0,
            255.0,
            255.0,
            255.0,
            255.0,
            253.0
        ],
        "RawIntDen": [
            13112.0,
            10382.0,
            14327.0,
            22456.0,
            22352.0,
            31239.0,
            22803.0,
            21131.0
        ],
        "IntDen": [
            10095.329304702036,
            7993.418917130608,
            11030.794916753055,
            17289.560316228562,
            17209.487539559173,
            24051.860292067333,
            17556.726215308154,
            16269.402344238766
        ],
        "FlagUp": 0,
        "Times": [
            -15,
            -10,
            -5,
            2,
            10,
            20,
            30,
            40
        ],
        "width": 0,
        "height": 0,
        "area": 0.7699305448979588,
        "distance": 0,
        "xpert": [
            [
                325.0,
                118.8
            ],
            [
                318.2,
                118.8
            ],
            [
                316.2,
                112.0
            ],
            [
                320.0,
                107.0
            ],
            [
                325.0,
                105.0
            ],
            [
                329.6,
                107.4
            ],
            [
                333.2,
                112.0
            ],
            [
                331.2,
                118.2
            ]
        ],
        "stack": 0,
        "shift": [
            [
                0,
                0
            ],
            [
                -1,
                -1
            ],
            [
                -1,
                -1
            ],
            [
                -1,
                -1
            ],
            [
                0,
                -1
            ],
            [
                -1,
                -1
            ],
            [
                -1,
                -1
            ],
            [
                -1,
                -2
            ]
        ]
    },
    {
        "type": "Spine",
        "location": [
            368,
            104
        ],
        "radloc": [
            0,
            0
        ],
        "mean": [
            72.51006711409396,
            66.87248322147651,
            68.9261744966443,
            55.711409395973156,
            74.67114093959732,
            100.24832214765101,
            98.9261744966443,
            71.33557046979865
        ],
        "min": [
            13.0,
            9.0,
            14.0,
            10.0,
            12.0,
            17.0,
            17.0,
            19.0
        ],
        "max": [
            178.0,
            168.0,
            152.0,
            149.0,
            183.0,
            222.0,
            222.0,
            156.0
        ],
        "RawIntDen": [
            10804.0,
            9964.0,
            10270.0,
            8301.0,
            11126.0,
            14937.0,
            14740.0,
            10629.0
        ],
        "IntDen": [
            7341.887726565734,
            6771.06343090531,
            6979.006567181607,
            5640.967236044257,
            7560.703706568896,
            10150.479171761604,
            10016.607283374577,
            7222.965998303145
        ],
        "FlagUp": 0,
        "Times": [
            -15,
            -10,
            -5,
            2,
            10,
            20,
            30,
            40
        ],
        "width": 0,
        "height": 0,
        "area": 0.6795527329290757,
        "distance": -2.683562784622869,
        "xpert": [
            [
                368.0,
                111.6
            ],
            [
                360.2,
                111.8
            ],
            [
                360.6,
                104.0
            ],
            [
                363.8,
                99.8
            ],
            [
                368.0,
                98.6
            ],
            [
                373.0,
                99.0
            ],
            [
                373.6,
                104.0
            ],
            [
                373.6,
                109.6
            ]
        ],
        "stack": 0,
        "shift": [
            [
                0,
                0
            ],
            [
                -1,
                0
            ],
            [
                -2,
                1
            ],
            [
                -2,
                1
            ],
            [
                -2,
                1
            ],
            [
                -3,
                1
            ],
            [
                -3,
                1
            ],
            [
                -3,
                1
            ]
        ]
    },
    {
        "type": "Stim",
        "location": [
            407,
            134
        ],
        "radloc": [
            0,
            0
        ],
        "mean": [
            80.39779005524862,
            86.85635359116021,
            77.1988950276243,
            87.78453038674033,
            102.93922651933701,
            97.50276243093923,
            81.48066298342542,
            108.79005524861878
        ],
        "min": [
            12.0,
            9.0,
            15.0,
            21.0,
            10.0,
            19.0,
            16.0,
            23.0
        ],
        "max": [
            166.0,
            181.0,
            155.0,
            183.0,
            220.0,
            235.0,
            162.0,
            216.0
        ],
        "RawIntDen": [
            14552.0,
            15721.0,
            13973.0,
            15889.0,
            18632.0,
            17648.0,
            14748.0,
            19691.0
        ],
        "IntDen": [
            12547.798033469126,
            13555.795277911498,
            12048.541913253443,
            13700.65715735232,
            16065.87224846047,
            15217.39552602138,
            12716.803559483416,
            16979.01945279278
        ],
        "FlagUp": 0,
        "Times": [
            -15,
            -10,
            -5,
            2,
            10,
            20,
            30,
            40
        ],
        "width": 0,
        "height": 0,
        "area": 0.8622730919096431,
        "distance": 0,
        "xpert": [
            [
                407.0,
                143.0
            ],
            [
                401.0,
                140.0
            ],
            [
                399.2,
                134.0
            ],
            [
                399.8,
                126.8
            ],
            [
                407.0,
                127.2
            ],
            [
                414.2,
                126.8
            ],
            [
                413.0,
                134.0
            ],
            [
                412.4,
                139.4
            ]
        ],
        "stack": 0,
        "shift": [
            [
                0,
                0
            ],
            [
                -1,
                -1
            ],
            [
                -2,
                0
            ],
            [
                -2,
                -1
            ],
            [
                -3,
                -1
            ],
            [
                -3,
                -1
            ],
            [
                -2,
                -2
            ],
            [
                -2,
                -2
            ]
        ]
    },
    {
        "type": "Stim",
        "location": [
            432,
            109
        ],
        "radloc": [
            0,
            0
        ],
        "mean": [
            98.28481012658227,
            85.57594936708861,
            104.98101265822785,
            119.80379746835443,
            138.25316455696202,
            156.73417721518987,
            140.86708860759492,
            119.78481012658227
        ],
        "min": [
            12.0,
            16.0,
            16.0,
            19.0,
            41.0,
            41.0,
            24.0,
            22.0
        ],
        "max": [
            204.0,
            189.0,
            236.0,
            255.0,
            250.0,
            255.0,
            255.0,
            255.0
        ],
        "RawIntDen": [
            15529.0,
            13521.0,
            16587.0,
            18929.0,
            21844.0,
            24764.0,
            22257.0,
            18926.0
        ],
        "IntDen": [
            11035.219622865365,
            9608.294450432262,
            11787.055694794759,
            13451.327982562849,
            15522.785590950547,
            17597.79629986721,
            15816.271694643212,
            13449.19612224547
        ],
        "FlagUp": 0,
        "Times": [
            -15,
            -10,
            -5,
            2,
            10,
            20,
            30,
            40
        ],
        "width": 0,
        "height": 0,
        "area": 0.7106201057933779,
        "distance": 0,
        "xpert": [
            [
                432.0,
                115.8
            ],
            [
                425.6,
                115.4
            ],
            [
                426.0,
                109.0
            ],
            [
                428.2,
                105.2
            ],
            [
                432.0,
                103.4
            ],
            [
                438.0,
                103.0
            ],
            [
                441.2,
                109.0
            ],
            [
                438.4,
                115.4
            ]
        ],
        "stack": 0,
        "shift": [
            [
                0,
                0
            ],
            [
                -1,
                -1
            ],
            [
                -2,
                0
            ],
            [
                -3,
                -1
            ],
            [
                -3,
                -1
            ],
            [
                -3,
                -1
            ],
            [
                -3,
                -2
            ],
            [
                -3,
                -2
            ]
        ]
    },
    {
        "type": "Stim",
        "location": [
            439,
            137
        ],
        "radloc": [
            0,
            0
        ],
        "mean": [
            107.06410256410257,
            113.65384615384616,
            96.3076923076923,
            148.98076923076923,
            130.55128205128204,
            103.08974358974359,
            116.56410256410257,
            94.0576923076923
        ],
        "min": [
            12.0,
            20.0,
            7.0,
            31.0,
            34.0,
            22.0,
            34.0,
            23.0
        ],
        "max": [
            223.0,
            225.0,
            220.0,
            255.0,
            249.0,
            215.0,
            255.0,
            185.0
        ],
        "RawIntDen": [
            16702.0,
            17730.0,
            15024.0,
            23241.0,
            20366.0,
            16082.0,
            18184.0,
            14673.0
        ],
        "IntDen": [
            12825.539487304404,
            13614.945222722254,
            11536.995884161259,
            17846.86643662086,
            15639.141252451293,
            12349.43875193566,
            13963.573825718075,
            11267.461435589601
        ],
        "FlagUp": 0,
        "Times": [
            -15,
            -10,
            -5,
            2,
            10,
            20,
            30,
            40
        ],
        "width": 0,
        "height": 0,
        "area": 0.7679044118850679,
        "distance": 0,
        "xpert": [
            [
                439.0,
                144.6
            ],
            [
                434.4,
                141.6
            ],
            [
                432.8,
                137.0
            ],
            [
                435.0,
                133.0
            ],
            [
                439.0,
                128.2
            ],
            [
                447.2,
                128.8
            ],
            [
                445.4,
                137.0
            ],
            [
                445.2,
                143.2
            ]
        ],
        "stack": 0,
        "shift": [
            [
                0,
                0
            ],
            [
                -1,
                -1
            ],
            [
                -2,
                0
            ],
            [
                -3,
                -1
            ],
            [
                -3,
                -1
            ],
            [
                -3,
                -1
            ],
            [
                -3,
                -2
            ],
            [
                -3,
                -2
            ]
        ]
    },
    {
        "type": "Stim",
        "location": [
            462,
            95
        ],
        "radloc": [
            0,
            0
        ],
        "mean": [
            88.65467625899281,
            115.72661870503597,
            114.2589928057554,
            110.18705035971223,
            85.74820143884892,
            131.53237410071944,
            75.05035971223022,
            82.29496402877697
        ],
        "min": [
            17.0,
            26.0,
            23.0,
            15.0,
            11.0,
            18.0,
            10.0,
            8.0
        ],
        "max": [
            178.0,
            245.0,
            240.0,
            221.0,
            210.0,
            254.0,
            175.0,
            187.0
        ],
        "RawIntDen": [
            12323.0,
            16086.0,
            15882.0,
            15316.0,
            11919.0,
            18283.0,
            10432.0,
            11439.0
        ],
        "IntDen": [
            7936.809374730181,
            10360.424864230275,
            10229.035664161709,
            9864.495040442056,
            7676.60723341792,
            11775.43502379225,
            6718.883015271058,
            7367.456174433056
        ],
        "FlagUp": 0,
        "Times": [
            -15,
            -10,
            -5,
            2,
            10,
            20,
            30,
            40
        ],
        "width": 0,
        "height": 0,
        "area": 0.644064706218468,
        "distance": 0,
        "xpert": [
            [
                462.0,
                105.4
            ],
            [
                456.4,
                100.6
            ],
            [
                454.0,
                95.0
            ],
            [
                456.0,
                89.0
            ],
            [
                462.0,
                90.4
            ],
            [
                465.2,
                91.8
            ],
            [
                467.0,
                95.0
            ],
            [
                466.8,
                99.8
            ]
        ],
        "stack": 0,
        "shift": [
            [
                0,
                0
            ],
            [
                -1,
                -1
            ],
            [
                -2,
                0
            ],
            [
                -2,
                -1
            ],
            [
                -3,
                -1
            ],
            [
                -3,
                -1
            ],
            [
                -2,
                -1
            ],
            [
                -3,
                -1
            ]
        ]
    },
    {
        "type": "Stim",
        "location": [
            494,
            144
        ],
        "radloc": [
            0,
            0
        ],
        "mean": [
            59.70348837209303,
            66.49418604651163,
            66.22674418604652,
            156.0639534883721,
            71.18604651162791,
            65.22674418604652,
            75.19767441860465,
            86.44186046511628
        ],
        "min": [
            7.0,
            6.0,
            6.0,
            23.0,
            3.0,
            6.0,
            9.0,
            8.0
        ],
        "max": [
            164.0,
            192.0,
            220.0,
            255.0,
            233.0,
            248.0,
            197.0,
            217.0
        ],
        "RawIntDen": [
            10269.0,
            11437.0,
            11391.0,
            26843.0,
            12244.0,
            11219.0,
            12934.0,
            14868.0
        ],
        "IntDen": [
            7902.003295273338,
            8800.780181910719,
            8765.38314699178,
            20655.708876718494,
            9421.767294510346,
            8633.029016425317,
            9952.722818294415,
            11440.937286408023
        ],
        "FlagUp": 0,
        "Times": [
            -15,
            -10,
            -5,
            2,
            10,
            20,
            30,
            40
        ],
        "width": 0,
        "height": 0,
        "area": 0.7695007591073462,
        "distance": 0,
        "xpert": [
            [
                494.0,
                152.0
            ],
            [
                488.4,
                149.6
            ],
            [
                487.2,
                144.0
            ],
            [
                487.2,
                137.2
            ],
            [
                494.0,
                135.8
            ],
            [
                499.2,
                138.8
            ],
            [
                501.2,
                144.0
            ],
            [
                499.6,
                149.6
            ]
        ],
        "stack": 0,
        "shift": [
            [
                0,
                0
            ],
            [
                -1,
                0
            ],
            [
                -2,
                0
            ],
            [
                -2,
                0
            ],
            [
                -2,
                0
            ],
            [
                -2,
                0
            ],
            [
                -2,
                0
            ],
            [
                -3,
                1
            ]
        ]
    },
    {
        "type": "Spine",
        "location": [
            485,
            112
        ],
        "radloc": [
            0,
            0
        ],
        "mean": [
            76.03260869565217,
            80.25,
            73.67391304347827,
            71.70652173913044,
            74.17391304347827,
            58.23913043478261,
            97.6086956521739,
            55.48913043478261
        ],
        "min": [
            12.0,
            11.0,
            15.0,
            13.0,
            16.0,
            10.0,
            19.0,
            10.0
        ],
        "max": [
            231.0,
            194.0,
            176.0,
            218.0,
            232.0,
            158.0,
            213.0,
            165.0
        ],
        "RawIntDen": [
            6995.0,
            7383.0,
            6778.0,
            6597.0,
            6824.0,
            5358.0,
            8980.0,
            5105.0
        ],
        "IntDen": [
            2832.8421698291654,
            2989.974801979804,
            2744.961290507803,
            2671.6597275715517,
            2763.590416999889,
            2169.888255317322,
            3636.729476063746,
            2067.4280596108492
        ],
        "FlagUp": 0,
        "Times": [
            -15,
            -10,
            -5,
            2,
            10,
            20,
            30,
            40
        ],
        "width": 0,
        "height": 0,
        "area": 0.40498101069752185,
        "distance": -0.59301,
        "xpert": [
            [
                485.0,
                117.8
            ],
            [
                479.8,
                117.2
            ],
            [
                480.0,
                112.0
            ],
            [
                481.6,
                108.6
            ],
            [
                485.0,
                107.2
            ],
            [
                489.0,
                108.0
            ],
            [
                491.4,
                112.0
            ],
            [
                489.0,
                116.0
            ]
        ],
        "stack": 0,
        "shift": [
            [
                0,
                0
            ],
            [
                -1,
                -1
            ],
            [
                -2,
                -1
            ],
            [
                -2,
                -1
            ],
            [
                -3,
                -1
            ],
            [
                -3,
                -1
            ],
            [
                -3,
                -1
            ],
            [
                -4,
                -1
            ]
        ]
    }
]