[
    {
        "type": 0,
        "location": [
            82,
            44
        ],
        "bgloc": [
            84.37091710751162,
            133.98402659049646
        ],
        "mean": [
            [
                72.18367346938776,
                103.15306122448979,
                107.43877551020408,
                103.14285714285714,
                103.55102040816327,
                107.09183673469387,
                109.8061224489796,
                111.22448979591837
            ]
        ],
        "min": [
            [
                19,
                19,
                12,
                20,
                18,
                27,
                19,
                23
            ]
        ],
        "max": [
            [
                228,
                238,
                245,
                230,
                237,
                216,
                233,
                231
            ]
        ],
        "RawIntDen": [
            [
                7074,
                10109,
                10529,
                10108,
                10148,
                10495,
                10761,
                10900
            ]
        ],
        "IntDen": [
            [
                30.814344000000002,
                44.03480400000001,
                45.864324,
                44.03044800000001,
                44.204688000000004,
                45.71622000000001,
                46.874916000000006,
                47.4804
            ]
        ],
        "local_bg": [
            [
                6.255102040816326,
                5.5,
                5.591836734693878,
                6.520408163265306,
                6.23469387755102,
                6.489795918367347,
                6.3061224489795915,
                6.040816326530612
            ]
        ],
        "area": [
            0.42688800000000005
        ],
        "distance": 0.924,
        "points": [
            [
                81.65262954266174,
                51.44935635295556
            ],
            [
                78.10624106442538,
                49.279138230188615
            ],
            [
                77.82630652969884,
                45.77995654610685
            ],
            [
                77.40640472760903,
                41.86087305993528
            ],
            [
                82.58519362005003,
                40.74113492102912
            ],
            [
                86.5042771062216,
                40.181265851576036
            ],
            [
                88.85958801438144,
                45.923926438767246
            ],
            [
                87.45262954266174,
                49.84935635295556
            ]
        ],
        "shift": [
            [
                0,
                0
            ],
            [
                -2.0,
                5.0
            ],
            [
                -3.0,
                6.0
            ],
            [
                -3.0,
                7.0
            ],
            [
                -1.0,
                8.0
            ],
            [
                -3.0,
                8.0
            ],
            [
                -1.0,
                8.0
            ],
            [
                1.0,
                7.0
            ]
        ],
        "channel": 0,
        "closest_Dend": 0
    },
    {
        "type": 0,
        "location": [
            114,
            64
        ],
        "bgloc": [
            112.11704067230278,
            130.02029465266918
        ],
        "mean": [
            [
                71.98843930635839,
                68.28323699421965,
                71.61271676300578,
                78.61271676300578,
                68.44508670520231,
                64.25433526011561,
                92.6242774566474,
                106.69942196531792
            ]
        ],
        "min": [
            [
                14,
                11,
                10,
                9,
                13,
                10,
                12,
                12
            ]
        ],
        "max": [
            [
                188,
                192,
                223,
                231,
                192,
                190,
                221,
                244
            ]
        ],
        "RawIntDen": [
            [
                12454,
                11813,
                12389,
                13600,
                11841,
                11116,
                16024,
                18459
            ]
        ],
        "IntDen": [
            [
                54.249624000000004,
                51.45742800000001,
                53.96648400000001,
                59.241600000000005,
                51.579396,
                48.421296000000005,
                69.800544,
                80.40740400000001
            ]
        ],
        "local_bg": [
            [
                6.345029239766082,
                6.7368421052631575,
                6.87719298245614,
                7.146198830409356,
                7.204678362573099,
                7.292397660818714,
                7.444444444444445,
                7.491228070175438
            ]
        ],
        "area": [
            0.753588
        ],
        "distance": 3.4010812511673847,
        "points": [
            [
                113.5635298696509,
                72.5844137248094
            ],
            [
                108.25007114188094,
                69.84941663707991
            ],
            [
                105.73066032934207,
                64.53066047727563
            ],
            [
                107.96352986965091,
                58.58441372480939
            ],
            [
                113.5635298696509,
                57.78441372480939
            ],
            [
                119.3635298696509,
                58.38441372480939
            ],
            [
                121.26702700666509,
                64.39069320991237
            ],
            [
                119.02755072885276,
                70.54925297389626
            ]
        ],
        "shift": [
            [
                0,
                0
            ],
            [
                2.0,
                1.0
            ],
            [
                1.0,
                1.0
            ],
            [
                -0.0,
                3.0
            ],
            [
                4.0,
                4.0
            ],
            [
                4.0,
                6.0
            ],
            [
                5.0,
                7.0
            ],
            [
                8.0,
                8.0
            ]
        ],
        "channel": 0,
        "closest_Dend": 0
    },
    {
        "type": 0,
        "location": [
            161,
            77
        ],
        "bgloc": [
            201.69738246719993,
            57.880373384212135
        ],
        "mean": [
            [
                98.42528735632185,
                98.6264367816092,
                98.7183908045977,
                147.08045977011494,
                117.33333333333333,
                110.03448275862068,
                83.70689655172414,
                113.46551724137932
            ]
        ],
        "min": [
            [
                17,
                13,
                12,
                31,
                24,
                12,
                11,
                15
            ]
        ],
        "max": [
            [
                238,
                232,
                251,
                255,
                252,
                236,
                253,
                255
            ]
        ],
        "RawIntDen": [
            [
                17126,
                17161,
                17177,
                25592,
                20416,
                19146,
                14565,
                19743
            ]
        ],
        "IntDen": [
            [
                74.60085600000001,
                74.75331600000001,
                74.823012,
                111.47875200000001,
                88.93209600000002,
                83.39997600000001,
                63.44514000000001,
                86.00050800000001
            ]
        ],
        "local_bg": [
            [
                6.044692737430168,
                6.212290502793296,
                6.636871508379889,
                6.4804469273743015,
                6.173184357541899,
                6.145251396648045,
                6.23463687150838,
                6.910614525139665
            ]
        ],
        "area": [
            0.7579440000000001
        ],
        "distance": 5.606756092744498,
        "points": [
            [
                160.44640544552541,
                83.68431034575009
            ],
            [
                156.10742015726402,
                83.26440854366028
            ],
            [
                154.0519097836119,
                77.02258069715253
            ],
            [
                155.2519097836119,
                71.02258069715253
            ],
            [
                161.2519097836119,
                69.82258069715253
            ],
            [
                168.5302076865019,
                71.70382453734827
            ],
            [
                169.9641796262278,
                77.5257505817662
            ],
            [
                167.8303713496856,
                82.3413368569568
            ]
        ],
        "shift": [
            [
                0,
                0
            ],
            [
                2.0,
                0.0
            ],
            [
                1.0,
                2.0
            ],
            [
                3.0,
                3.0
            ],
            [
                9.0,
                6.0
            ],
            [
                8.0,
                4.0
            ],
            [
                9.0,
                3.0
            ],
            [
                10.0,
                3.0
            ]
        ],
        "channel": 0,
        "closest_Dend": 0
    },
    {
        "type": 0,
        "location": [
            231,
            172
        ],
        "bgloc": [
            236.57822352008026,
            252.8959847253157
        ],
        "mean": [
            [
                72.82105263157895,
                110.72631578947369,
                96.27894736842106,
                138.4578947368421,
                98.34736842105264,
                113.05263157894737,
                124.16315789473684,
                138.77894736842106
            ]
        ],
        "min": [
            [
                14,
                16,
                15,
                33,
                18,
                17,
                19,
                23
            ]
        ],
        "max": [
            [
                177,
                230,
                218,
                243,
                195,
                251,
                255,
                255
            ]
        ],
        "RawIntDen": [
            [
                13836,
                21038,
                18293,
                26307,
                18686,
                21480,
                23591,
                26368
            ]
        ],
        "IntDen": [
            [
                60.269616000000006,
                91.64152800000001,
                79.68430800000002,
                114.59329200000002,
                81.39621600000001,
                93.56688000000001,
                102.76239600000001,
                114.85900800000002
            ]
        ],
        "local_bg": [
            [
                6.053191489361702,
                6.308510638297872,
                6.579787234042553,
                6.042553191489362,
                6.622340425531915,
                6.425531914893617,
                6.340425531914893,
                6.73404255319149
            ]
        ],
        "area": [
            0.82764
        ],
        "distance": 12.771155169596138,
        "points": [
            [
                230.81132935014475,
                181.41912284569582
            ],
            [
                224.5148521475211,
                179.5182995392434
            ],
            [
                223.44563903764163,
                173.10302087996646
            ],
            [
                230.09852061022508,
                166.56894076403626
            ],
            [
                233.5437628531701,
                165.14332328419695
            ],
            [
                238.29582111930117,
                167.5193524172625
            ],
            [
                238.88982840256753,
                174.76624127311234
            ],
            [
                236.87020363946183,
                180.9439170190827
            ]
        ],
        "shift": [
            [
                0,
                0
            ],
            [
                0.0,
                1.0
            ],
            [
                -1.0,
                1.0
            ],
            [
                -2.0,
                1.0
            ],
            [
                1.0,
                2.0
            ],
            [
                2.0,
                3.0
            ],
            [
                5.0,
                1.0
            ],
            [
                4.0,
                2.0
            ]
        ],
        "channel": 0,
        "closest_Dend": 0
    },
    {
        "type": 0,
        "location": [
            250,
            185
        ],
        "bgloc": [
            220.72329576877098,
            243.38302807453016
        ],
        "mean": [
            [
                83.55778894472361,
                67.75879396984925,
                74.01507537688443,
                156.03015075376885,
                124.93969849246231,
                122.01507537688443,
                116.95979899497488,
                108.97989949748744
            ]
        ],
        "min": [
            [
                13,
                10,
                16,
                21,
                18,
                24,
                21,
                16
            ]
        ],
        "max": [
            [
                201,
                206,
                183,
                255,
                244,
                255,
                255,
                251
            ]
        ],
        "RawIntDen": [
            [
                16628,
                13484,
                14729,
                31050,
                24863,
                24281,
                23275,
                21687
            ]
        ],
        "IntDen": [
            [
                72.43156800000001,
                58.736304000000004,
                64.159524,
                135.2538,
                108.30322800000002,
                105.76803600000001,
                101.3859,
                94.46857200000001
            ]
        ],
        "local_bg": [
            [
                8.207920792079207,
                9.495049504950495,
                9.009900990099009,
                9.826732673267326,
                9.534653465346535,
                9.564356435643564,
                8.742574257425742,
                10.321782178217822
            ]
        ],
        "area": [
            0.8668440000000001
        ],
        "distance": 14.947729596339254,
        "points": [
            [
                250.07899926465345,
                191.8982615417423
            ],
            [
                242.47570603884378,
                190.71024697520954
            ],
            [
                240.4560812757381,
                185.12657851250557
            ],
            [
                243.10570079673022,
                177.32923209469155
            ],
            [
                250.07899926465345,
                177.52328528669588
            ],
            [
                255.66266772735744,
                179.4241085931483
            ],
            [
                257.7689211898761,
                185.05132677715451
            ],
            [
                255.66266772735744,
                190.59144551855627
            ]
        ],
        "shift": [
            [
                0,
                0
            ],
            [
                -2.0,
                2.0
            ],
            [
                -2.0,
                1.0
            ],
            [
                -5.0,
                0.0
            ],
            [
                0,
                0
            ],
            [
                -0.0,
                2.0
            ],
            [
                1.0,
                2.0
            ],
            [
                3.0,
                2.0
            ]
        ],
        "channel": 0,
        "closest_Dend": 0
    },
    {
        "type": 0,
        "location": [
            292,
            181
        ],
        "bgloc": [
            298.41244175018625,
            237.83380336157194
        ],
        "mean": [
            [
                96.6923076923077,
                83.25961538461539,
                75.14423076923077,
                196.78846153846155,
                102.91826923076923,
                104.38461538461539,
                99.28846153846153,
                108.82692307692308
            ]
        ],
        "min": [
            [
                21,
                17,
                14,
                54,
                24,
                18,
                17,
                14
            ]
        ],
        "max": [
            [
                249,
                253,
                210,
                255,
                250,
                240,
                239,
                255
            ]
        ],
        "RawIntDen": [
            [
                20112,
                17318,
                15630,
                40932,
                21407,
                21712,
                20652,
                22636
            ]
        ],
        "IntDen": [
            [
                87.60787200000001,
                75.43720800000001,
                68.08428,
                178.29979200000002,
                93.24889200000001,
                94.57747200000001,
                89.96011200000001,
                98.602416
            ]
        ],
        "local_bg": [
            [
                6.854368932038835,
                6.87378640776699,
                6.771844660194175,
                6.990291262135922,
                6.864077669902913,
                7.29126213592233,
                7.067961165048544,
                7.504854368932039
            ]
        ],
        "area": [
            0.9060480000000001
        ],
        "distance": 16.546574241568834,
        "points": [
            [
                294.305866562701,
                191.62895661438696
            ],
            [
                285.276955857052,
                190.55974350450748
            ],
            [
                282.54452235402664,
                183.78806047527073
            ],
            [
                285.7615510437425,
                178.95320296162603
            ],
            [
                291.3452195064464,
                178.59679859166621
            ],
            [
                298.10751317560585,
                178.20439201256673
            ],
            [
                302.2655641584705,
                183.07525173535106
            ],
            [
                300.7211452219779,
                189.3717289379747
            ]
        ],
        "shift": [
            [
                0,
                0
            ],
            [
                0.0,
                1.0
            ],
            [
                -0.0,
                -0.0
            ],
            [
                0.0,
                2.0
            ],
            [
                1.0,
                3.0
            ],
            [
                1.0,
                2.0
            ],
            [
                3.0,
                2.0
            ],
            [
                4.0,
                2.0
            ]
        ],
        "channel": 0,
        "closest_Dend": 0
    },
    {
        "type": 0,
        "location": [
            361,
            251
        ],
        "bgloc": [
            324,
            306
        ],
        "mean": [
            [
                33.75174825174825,
                37.49650349650349,
                29.61888111888112,
                84.18181818181819,
                54.48951048951049,
                92.02097902097903,
                89.31118881118881,
                64.87062937062937
            ]
        ],
        "min": [
            [
                1,
                1,
                1,
                6,
                1,
                9,
                12,
                6
            ]
        ],
        "max": [
            [
                186,
                158,
                139,
                255,
                221,
                220,
                194,
                218
            ]
        ],
        "RawIntDen": [
            [
                9653,
                10724,
                8471,
                24076,
                15584,
                26318,
                25543,
                18553
            ]
        ],
        "IntDen": [
            [
                42.04846800000001,
                46.713744000000005,
                36.89967600000001,
                104.87505600000001,
                67.883904,
                114.641208,
                111.26530800000002,
                80.81686800000001
            ]
        ],
        "local_bg": [
            [
                4.583916083916084,
                4.611888111888112,
                4.269230769230769,
                4.118881118881119,
                4.4125874125874125,
                4.356643356643357,
                4.1328671328671325,
                4.6328671328671325
            ]
        ],
        "area": [
            1.245816
        ],
        "distance": 23.5922524300427,
        "points": [
            [
                361.45607701240743,
                258.09833287414085
            ],
            [
                355.39650017395667,
                256.9519520287465
            ],
            [
                344.3680703279762,
                251.2559498006028
            ],
            [
                344.7316449382833,
                243.98445759446187
            ],
            [
                361.81965162271445,
                242.65135069000272
            ],
            [
                368.2428030714722,
                245.80233064599713
            ],
            [
                367.66909166465433,
                252.26883724104508
            ],
            [
                366.45607701240743,
                256.49833287414083
            ]
        ],
        "shift": [
            [
                0,
                0
            ],
            [
                1.0,
                1.0
            ],
            [
                0.0,
                -3.0
            ],
            [
                -4.0,
                -2.0
            ],
            [
                1.0,
                -3.0
            ],
            [
                1.0,
                -5.0
            ],
            [
                1.0,
                -4.0
            ],
            [
                2.0,
                -3.0
            ]
        ],
        "channel": 0,
        "closest_Dend": 0
    }
]