[
    {
        "type": 0,
        "location": [
            80,
            308
        ],
        "bgloc": [
            64,
            384
        ],
        "mean": [
            [
                26.24712643678161,
                22.201149425287355,
                26.333333333333332,
                77.72413793103448,
                50.189655172413794,
                44.14367816091954,
                30.482758620689655,
                35.71264367816092
            ]
        ],
        "min": [
            [
                7,
                6,
                6,
                10,
                7,
                5,
                6,
                6
            ]
        ],
        "max": [
            [
                88,
                71,
                90,
                190,
                151,
                128,
                117,
                145
            ]
        ],
        "RawIntDen": [
            [
                4567,
                3863,
                4582,
                13524,
                8733,
                7681,
                5304,
                6214
            ]
        ],
        "IntDen": [
            [
                19.893852000000003,
                16.827228,
                19.959192,
                58.91054400000001,
                38.04094800000001,
                33.458436000000006,
                23.104224000000002,
                27.068184000000002
            ]
        ],
        "local_bg": [
            [
                5.7011494252873565,
                5.591954022988506,
                5.609195402298851,
                5.568965517241379,
                6.103448275862069,
                6.224137931034483,
                6.235632183908046,
                6.172413793103448
            ]
        ],
        "area": [
            0.7579440000000001
        ],
        "distance": 2.43360628740727,
        "points": [
            [
                80.0,
                314.0
            ],
            [
                75.8,
                312.2
            ],
            [
                74.0,
                308.0
            ],
            [
                75.0,
                303.0
            ],
            [
                80.0,
                299.4
            ],
            [
                88.6,
                299.4
            ],
            [
                89.4,
                308.0
            ],
            [
                84.4,
                312.4
            ]
        ],
        "shift": [
            [
                0,
                0
            ],
            [
                0,
                0
            ],
            [
                0,
                0
            ],
            [
                0,
                0
            ],
            [
                0,
                0
            ],
            [
                0,
                0
            ],
            [
                0,
                0
            ],
            [
                0,
                0
            ]
        ],
        "channel": 0,
        "closest_Dend": 0
    },
    {
        "type": 0,
        "location": [
            101,
            287
        ],
        "bgloc": [
            83.53886667175351,
            333.3357629823275
        ],
        "mean": [
            [
                35.866359447004605,
                37.6036866359447,
                43.29032258064516,
                68.29493087557604,
                64.3410138248848,
                64.11059907834101,
                58.51152073732719,
                57.11059907834101
            ]
        ],
        "min": [
            [
                8,
                11,
                11,
                14,
                10,
                12,
                10,
                10
            ]
        ],
        "max": [
            [
                96,
                112,
                124,
                211,
                185,
                150,
                168,
                149
            ]
        ],
        "RawIntDen": [
            [
                7783,
                8160,
                9394,
                14820,
                13962,
                13912,
                12697,
                12393
            ]
        ],
        "IntDen": [
            [
                33.902748,
                35.54496,
                40.920264,
                64.55592,
                60.81847200000001,
                60.60067200000001,
                55.30813200000001,
                53.98390800000001
            ]
        ],
        "local_bg": [
            [
                6.967741935483871,
                6.764976958525345,
                6.668202764976958,
                7.184331797235023,
                7.023041474654378,
                6.815668202764977,
                7.423963133640553,
                6.806451612903226
            ]
        ],
        "area": [
            0.9452520000000001
        ],
        "distance": 3.5208741406133623,
        "points": [
            [
                101.0,
                301.4
            ],
            [
                93.6,
                294.4
            ],
            [
                95.2,
                287.0
            ],
            [
                96.2,
                282.2
            ],
            [
                101.0,
                279.6
            ],
            [
                107.0,
                281.0
            ],
            [
                109.2,
                287.0
            ],
            [
                106.6,
                292.6
            ]
        ],
        "shift": [
            [
                0,
                0
            ],
            [
                0,
                0
            ],
            [
                0,
                0
            ],
            [
                0,
                1
            ],
            [
                0,
                1
            ],
            [
                0,
                1
            ],
            [
                0,
                1
            ],
            [
                0,
                1
            ]
        ],
        "channel": 0,
        "closest_Dend": 0
    },
    {
        "type": 0,
        "location": [
            131,
            287
        ],
        "bgloc": [
            116.01748817134381,
            336.4788553855136
        ],
        "mean": [
            [
                56.240437158469945,
                63.01092896174863,
                59.387978142076506,
                122.08743169398907,
                88.61748633879782,
                67.08196721311475,
                53.923497267759565,
                66.78142076502732
            ]
        ],
        "min": [
            [
                13,
                12,
                10,
                18,
                9,
                9,
                7,
                9
            ]
        ],
        "max": [
            [
                169,
                190,
                187,
                231,
                218,
                216,
                200,
                198
            ]
        ],
        "RawIntDen": [
            [
                10292,
                11531,
                10868,
                22342,
                16217,
                12276,
                9868,
                12221
            ]
        ],
        "IntDen": [
            [
                44.83195200000001,
                50.22903600000001,
                47.341008,
                97.32175200000002,
                70.64125200000001,
                53.474256000000004,
                42.98500800000001,
                53.23467600000001
            ]
        ],
        "local_bg": [
            [
                6.863387978142076,
                6.770491803278689,
                6.852459016393443,
                7.0710382513661205,
                6.879781420765028,
                6.978142076502732,
                6.885245901639344,
                7.131147540983607
            ]
        ],
        "area": [
            0.7971480000000001
        ],
        "distance": 5.100463362215575,
        "points": [
            [
                131.0,
                293.4
            ],
            [
                126.4,
                291.6
            ],
            [
                124.2,
                287.0
            ],
            [
                124.6,
                280.6
            ],
            [
                131.0,
                279.0
            ],
            [
                137.6,
                280.4
            ],
            [
                140.4,
                287.0
            ],
            [
                137.0,
                293.0
            ]
        ],
        "shift": [
            [
                0,
                0
            ],
            [
                0,
                0
            ],
            [
                0,
                0
            ],
            [
                0,
                1
            ],
            [
                0,
                1
            ],
            [
                0,
                1
            ],
            [
                0,
                1
            ],
            [
                0,
                1
            ]
        ],
        "channel": 0,
        "closest_Dend": 0
    },
    {
        "type": 0,
        "location": [
            145,
            278
        ],
        "bgloc": [
            139.0668324613756,
            331.24036804687006
        ],
        "mean": [
            [
                72.2152466367713,
                80.11659192825113,
                74.88340807174887,
                149.2556053811659,
                128.39013452914799,
                112.57847533632287,
                103.63677130044843,
                92.39910313901345
            ]
        ],
        "min": [
            [
                14,
                13,
                10,
                38,
                36,
                32,
                22,
                13
            ]
        ],
        "max": [
            [
                227,
                200,
                211,
                255,
                232,
                235,
                227,
                218
            ]
        ],
        "RawIntDen": [
            [
                16104,
                17866,
                16699,
                33284,
                28631,
                25105,
                23111,
                20605
            ]
        ],
        "IntDen": [
            [
                70.14902400000001,
                77.824296,
                72.74084400000001,
                144.985104,
                124.71663600000001,
                109.35738,
                100.67151600000001,
                89.75538000000002
            ]
        ],
        "local_bg": [
            [
                8.786363636363637,
                8.24090909090909,
                8.163636363636364,
                8.840909090909092,
                8.395454545454545,
                7.636363636363637,
                7.681818181818182,
                7.7681818181818185
            ]
        ],
        "area": [
            0.9713880000000001
        ],
        "distance": 6.135896259903624,
        "points": [
            [
                145.0,
                287.4
            ],
            [
                137.4,
                285.6
            ],
            [
                136.8,
                278.0
            ],
            [
                140.2,
                273.2
            ],
            [
                145.0,
                272.4
            ],
            [
                153.2,
                269.8
            ],
            [
                154.6,
                278.0
            ],
            [
                151.4,
                284.4
            ]
        ],
        "shift": [
            [
                0,
                0
            ],
            [
                0,
                0
            ],
            [
                0,
                0
            ],
            [
                0,
                0
            ],
            [
                0,
                0
            ],
            [
                0,
                0
            ],
            [
                0,
                0
            ],
            [
                0,
                0
            ]
        ],
        "channel": 0,
        "closest_Dend": 0
    },
    {
        "type": 0,
        "location": [
            130,
            253
        ],
        "bgloc": [
            162.1161767514074,
            192.94430230667916
        ],
        "mean": [
            [
                67.20979020979021,
                66.27272727272727,
                59.44755244755245,
                63.51048951048951,
                48.56643356643357,
                36.93706293706294,
                37.86713286713287,
                40.29370629370629
            ]
        ],
        "min": [
            [
                12,
                10,
                11,
                12,
                9,
                10,
                10,
                10
            ]
        ],
        "max": [
            [
                213,
                211,
                207,
                160,
                145,
                123,
                111,
                142
            ]
        ],
        "RawIntDen": [
            [
                9611,
                9477,
                8501,
                9082,
                6945,
                5282,
                5415,
                5762
            ]
        ],
        "IntDen": [
            [
                41.86551600000001,
                41.281812,
                37.030356000000005,
                39.561192000000005,
                30.252420000000004,
                23.008392000000004,
                23.587740000000004,
                25.099272000000003
            ]
        ],
        "local_bg": [
            [
                8.727272727272727,
                9.636363636363637,
                10.076923076923077,
                10.363636363636363,
                9.965034965034965,
                9.573426573426573,
                9.874125874125873,
                9.608391608391608
            ]
        ],
        "area": [
            0.622908
        ],
        "distance": 5.858617462053023,
        "points": [
            [
                130.0,
                259.0
            ],
            [
                124.8,
                258.2
            ],
            [
                123.6,
                253.0
            ],
            [
                123.6,
                246.6
            ],
            [
                124.39906791317355,
                245.3291756931151
            ],
            [
                131.73295018727458,
                248.47226809630124
            ],
            [
                139.6,
                253.0
            ],
            [
                135.4,
                258.4
            ]
        ],
        "shift": [
            [
                0,
                0
            ],
            [
                0,
                0
            ],
            [
                0,
                0
            ],
            [
                0,
                0
            ],
            [
                0,
                0
            ],
            [
                0,
                0
            ],
            [
                0,
                0
            ],
            [
                0,
                0
            ]
        ],
        "channel": 0,
        "closest_Dend": 0
    },
    {
        "type": 0,
        "location": [
            189,
            249
        ],
        "bgloc": [
            184,
            222
        ],
        "mean": [
            [
                51.317708333333336,
                56.161458333333336,
                65.65104166666667,
                101.46354166666667,
                81.203125,
                90.71354166666667,
                96.90625,
                90.72916666666667
            ]
        ],
        "min": [
            [
                7,
                8,
                8,
                14,
                10,
                12,
                21,
                10
            ]
        ],
        "max": [
            [
                144,
                176,
                181,
                223,
                220,
                207,
                197,
                181
            ]
        ],
        "RawIntDen": [
            [
                9853,
                10783,
                12605,
                19481,
                15591,
                17417,
                18606,
                17420
            ]
        ],
        "IntDen": [
            [
                42.919668,
                46.97074800000001,
                54.90738,
                84.85923600000001,
                67.91439600000001,
                75.868452,
                81.04773600000001,
                75.88152000000001
            ]
        ],
        "local_bg": [
            [
                8.885416666666666,
                8.354166666666666,
                8.515625,
                8.484375,
                8.557291666666666,
                8.411458333333334,
                8.479166666666666,
                8.5
            ]
        ],
        "area": [
            0.8363520000000001
        ],
        "distance": 9.385400492888174,
        "points": [
            [
                189.0,
                257.2
            ],
            [
                182.4,
                255.6
            ],
            [
                183.0,
                249.0
            ],
            [
                184.2,
                244.2
            ],
            [
                189.0,
                241.4
            ],
            [
                195.6,
                242.4
            ],
            [
                198.4,
                249.0
            ],
            [
                195.4,
                255.4
            ]
        ],
        "shift": [
            [
                0,
                0
            ],
            [
                0,
                0
            ],
            [
                0,
                0
            ],
            [
                0,
                0
            ],
            [
                0,
                0
            ],
            [
                0,
                0
            ],
            [
                0,
                0
            ],
            [
                0,
                0
            ]
        ],
        "channel": 0,
        "closest_Dend": 0
    },
    {
        "type": 0,
        "location": [
            252,
            229
        ],
        "bgloc": [
            245,
            197
        ],
        "mean": [
            [
                43.10344827586207,
                44.833333333333336,
                44.68390804597701,
                67.50574712643679,
                77.20114942528735,
                70.89655172413794,
                58.57471264367816,
                52.4367816091954
            ]
        ],
        "min": [
            [
                8,
                8,
                10,
                11,
                16,
                18,
                12,
                12
            ]
        ],
        "max": [
            [
                130,
                131,
                127,
                173,
                183,
                149,
                149,
                134
            ]
        ],
        "RawIntDen": [
            [
                7500,
                7801,
                7775,
                11746,
                13433,
                12336,
                10192,
                9124
            ]
        ],
        "IntDen": [
            [
                32.67,
                33.981156000000006,
                33.867900000000006,
                51.16557600000001,
                58.514148000000006,
                53.73561600000001,
                44.39635200000001,
                39.744144000000006
            ]
        ],
        "local_bg": [
            [
                7.114942528735632,
                6.994252873563219,
                7.0344827586206895,
                6.919540229885057,
                7.074712643678161,
                7.2298850574712645,
                7.224137931034483,
                8.442528735632184
            ]
        ],
        "area": [
            0.7579440000000001
        ],
        "distance": 13.80103700054628,
        "points": [
            [
                252.0,
                236.2
            ],
            [
                247.2,
                233.8
            ],
            [
                245.8,
                229.0
            ],
            [
                247.0,
                224.0
            ],
            [
                252.0,
                220.8
            ],
            [
                258.6,
                222.4
            ],
            [
                260.8,
                229.0
            ],
            [
                258.2,
                235.2
            ]
        ],
        "shift": [
            [
                0,
                0
            ],
            [
                0,
                0
            ],
            [
                0,
                0
            ],
            [
                0,
                0
            ],
            [
                0,
                0
            ],
            [
                0,
                0
            ],
            [
                0,
                0
            ],
            [
                0,
                0
            ]
        ],
        "channel": 0,
        "closest_Dend": 0
    }
]