[
    {
        "type": 0,
        "location": [
            102,
            269
        ],
        "bgloc": [
            117.74209714274764,
            218.96860647491508
        ],
        "mean": [
            [
                45.23125,
                34.95625,
                48.50625,
                51.5,
                42.05625,
                42.36875,
                35.5375,
                39.325
            ]
        ],
        "min": [
            [
                8,
                7,
                10,
                10,
                7,
                7,
                5,
                5
            ]
        ],
        "max": [
            [
                136,
                81,
                132,
                137,
                110,
                100,
                118,
                109
            ]
        ],
        "RawIntDen": [
            [
                7237,
                5593,
                7761,
                8240,
                6729,
                6779,
                5686,
                6292
            ]
        ],
        "IntDen": [
            [
                31.524372000000003,
                24.363108000000004,
                33.806916,
                35.893440000000005,
                29.311524000000002,
                29.529324000000003,
                24.768216000000002,
                27.407952
            ]
        ],
        "local_bg": [
            [
                5.57051282051282,
                5.705128205128205,
                5.685897435897436,
                5.980769230769231,
                5.871794871794871,
                6.762820512820513,
                6.487179487179487,
                6.987179487179487
            ]
        ],
        "area": [
            0.69696
        ],
        "distance": 1.8352244529042268,
        "points": [
            [
                102.0,
                275.4
            ],
            [
                97.6,
                273.4
            ],
            [
                93.8,
                269.0
            ],
            [
                94.8,
                261.8
            ],
            [
                102.0,
                261.0
            ],
            [
                107.2,
                263.8
            ],
            [
                108.4,
                269.0
            ],
            [
                106.8,
                273.8
            ]
        ],
        "shift": null,
        "channel": 0,
        "closest_Dend": 0
    },
    {
        "type": 0,
        "location": [
            109,
            238
        ],
        "bgloc": [
            166.00341178064076,
            221.34211375218848
        ],
        "mean": [
            [
                37.92903225806452,
                40.406451612903226,
                43.43225806451613,
                38.380645161290325,
                41.91612903225806,
                45.05161290322581,
                41.52258064516129,
                39.47096774193548
            ]
        ],
        "min": [
            [
                4,
                8,
                7,
                8,
                8,
                7,
                8,
                8
            ]
        ],
        "max": [
            [
                135,
                110,
                132,
                111,
                143,
                141,
                124,
                106
            ]
        ],
        "RawIntDen": [
            [
                5879,
                6263,
                6732,
                5949,
                6497,
                6983,
                6436,
                6118
            ]
        ],
        "IntDen": [
            [
                25.608924000000002,
                27.281628000000005,
                29.324592000000003,
                25.913844000000005,
                28.300932000000003,
                30.417948000000003,
                28.035216000000002,
                26.650008000000003
            ]
        ],
        "local_bg": [
            [
                5.915032679738562,
                5.973856209150327,
                6.150326797385621,
                6.42483660130719,
                6.503267973856209,
                7.03921568627451,
                7.143790849673203,
                6.856209150326797
            ]
        ],
        "area": [
            0.6751800000000001
        ],
        "distance": 2.874519880807667,
        "points": [
            [
                109.0,
                245.6
            ],
            [
                102.6,
                244.4
            ],
            [
                101.2,
                238.0
            ],
            [
                103.4,
                232.4
            ],
            [
                109.0,
                231.8
            ],
            [
                113.6,
                233.4
            ],
            [
                115.8,
                238.0
            ],
            [
                114.0,
                243.0
            ]
        ],
        "shift": null,
        "channel": 0,
        "closest_Dend": 0
    },
    {
        "type": 0,
        "location": [
            156,
            241
        ],
        "bgloc": [
            212.68238823368495,
            260.10939928098793
        ],
        "mean": [
            [
                48.020833333333336,
                53.395833333333336,
                59.604166666666664,
                68.38194444444444,
                57.625,
                77.04861111111111,
                89.20833333333333,
                82.27777777777777
            ]
        ],
        "min": [
            [
                7,
                6,
                7,
                7,
                7,
                9,
                15,
                9
            ]
        ],
        "max": [
            [
                151,
                185,
                178,
                196,
                190,
                230,
                251,
                232
            ]
        ],
        "RawIntDen": [
            [
                6915,
                7689,
                8583,
                9847,
                8298,
                11095,
                12846,
                11848
            ]
        ],
        "IntDen": [
            [
                30.121740000000003,
                33.493284,
                37.387548,
                42.89353200000001,
                36.146088000000006,
                48.329820000000005,
                55.957176000000004,
                51.609888000000005
            ]
        ],
        "local_bg": [
            [
                8.391608391608392,
                7.594405594405594,
                7.916083916083916,
                8.314685314685315,
                7.699300699300699,
                8.468531468531468,
                8.265734265734265,
                9.062937062937063
            ]
        ],
        "area": [
            0.627264
        ],
        "distance": 5.745181189357969,
        "points": [
            [
                156.0,
                246.8
            ],
            [
                150.6,
                246.4
            ],
            [
                148.6,
                241.0
            ],
            [
                150.4,
                235.4
            ],
            [
                156.0,
                232.6
            ],
            [
                161.0,
                236.0
            ],
            [
                162.0,
                241.0
            ],
            [
                160.6,
                245.6
            ]
        ],
        "shift": null,
        "channel": 0,
        "closest_Dend": 0
    },
    {
        "type": 0,
        "location": [
            223,
            231
        ],
        "bgloc": [
            241.95564465339066,
            230.04497376885774
        ],
        "mean": [
            [
                89.94904458598727,
                79.89171974522293,
                89.89808917197452,
                89.4140127388535,
                85.89808917197452,
                99.59235668789809,
                95.73248407643312,
                103.63694267515923
            ]
        ],
        "min": [
            [
                19,
                12,
                15,
                11,
                16,
                20,
                16,
                26
            ]
        ],
        "max": [
            [
                200,
                191,
                210,
                193,
                216,
                248,
                210,
                246
            ]
        ],
        "RawIntDen": [
            [
                14122,
                12543,
                14114,
                14038,
                13486,
                15636,
                15030,
                16271
            ]
        ],
        "IntDen": [
            [
                61.515432000000004,
                54.637308000000004,
                61.48058400000001,
                61.149528000000004,
                58.74501600000001,
                68.110416,
                65.47068,
                70.87647600000001
            ]
        ],
        "local_bg": [
            [
                10.006369426751592,
                9.64968152866242,
                9.45859872611465,
                10.012738853503185,
                9.777070063694268,
                10.369426751592357,
                10.503184713375797,
                10.286624203821656
            ]
        ],
        "area": [
            0.683892
        ],
        "distance": 10.203940065892738,
        "points": [
            [
                223.0,
                237.8
            ],
            [
                217.4,
                236.6
            ],
            [
                214.2,
                231.0
            ],
            [
                216.8,
                224.8
            ],
            [
                223.0,
                224.8
            ],
            [
                228.0,
                226.0
            ],
            [
                228.4,
                231.0
            ],
            [
                228.8,
                236.8
            ]
        ],
        "shift": null,
        "channel": 0,
        "closest_Dend": 0
    },
    {
        "type": 0,
        "location": [
            237,
            251
        ],
        "bgloc": [
            126.4449571594169,
            270.39459748250613
        ],
        "mean": [
            [
                34.67669172932331,
                36.278195488721806,
                31.097744360902254,
                32.8421052631579,
                39.18045112781955,
                26.458646616541355,
                29.69924812030075,
                23.30827067669173
            ]
        ],
        "min": [
            [
                6,
                6,
                5,
                6,
                7,
                6,
                5,
                6
            ]
        ],
        "max": [
            [
                112,
                118,
                94,
                110,
                116,
                91,
                85,
                74
            ]
        ],
        "RawIntDen": [
            [
                4612,
                4825,
                4136,
                4368,
                5211,
                3519,
                3950,
                3100
            ]
        ],
        "IntDen": [
            [
                20.089872000000003,
                21.0177,
                18.016416000000003,
                19.027008000000002,
                22.699116000000004,
                15.328764000000001,
                17.206200000000003,
                13.503600000000002
            ]
        ],
        "local_bg": [
            [
                6.716535433070866,
                7.307086614173229,
                6.937007874015748,
                6.952755905511811,
                7.244094488188976,
                7.7637795275590555,
                7.535433070866142,
                7.519685039370079
            ]
        ],
        "area": [
            0.5793480000000001
        ],
        "distance": 11.602163885146956,
        "points": [
            [
                237.0,
                257.0
            ],
            [
                232.2,
                255.8
            ],
            [
                229.4,
                251.0
            ],
            [
                231.6,
                245.6
            ],
            [
                237.0,
                246.2
            ],
            [
                241.2,
                246.8
            ],
            [
                246.0,
                251.0
            ],
            [
                241.6,
                255.6
            ]
        ],
        "shift": null,
        "channel": 0,
        "closest_Dend": 0
    },
    {
        "type": 0,
        "location": [
            262,
            241
        ],
        "bgloc": [
            168.37691905791422,
            269.60342839008166
        ],
        "mean": [
            [
                35.81656804733728,
                38.57396449704142,
                39.84615384615385,
                50.0887573964497,
                42.07692307692308,
                51.414201183431956,
                51.562130177514796,
                37.84023668639053
            ]
        ],
        "min": [
            [
                4,
                8,
                7,
                6,
                7,
                8,
                6,
                7
            ]
        ],
        "max": [
            [
                91,
                127,
                161,
                169,
                165,
                174,
                161,
                145
            ]
        ],
        "RawIntDen": [
            [
                6053,
                6519,
                6734,
                8465,
                7111,
                8689,
                8714,
                6395
            ]
        ],
        "IntDen": [
            [
                26.366868000000004,
                28.396764000000005,
                29.333304000000002,
                36.873540000000006,
                30.975516000000002,
                37.849284000000004,
                37.958184,
                27.856620000000003
            ]
        ],
        "local_bg": [
            [
                6.75,
                7.310975609756097,
                7.5182926829268295,
                7.067073170731708,
                7.548780487804878,
                7.560975609756097,
                7.487804878048781,
                7.932926829268292
            ]
        ],
        "area": [
            0.736164
        ],
        "distance": 12.857908096808568,
        "points": [
            [
                262.0,
                246.6
            ],
            [
                257.0,
                246.0
            ],
            [
                256.6,
                241.0
            ],
            [
                257.0,
                236.0
            ],
            [
                262.0,
                232.4
            ],
            [
                270.2,
                232.8
            ],
            [
                268.6,
                241.0
            ],
            [
                268.8,
                247.8
            ]
        ],
        "shift": null,
        "channel": 0,
        "closest_Dend": 0
    },
    {
        "type": 0,
        "location": [
            282,
            262
        ],
        "bgloc": [
            288.6346211064348,
            285.4268102385712
        ],
        "mean": [
            [
                44.0377358490566,
                49.55345911949686,
                48.666666666666664,
                46.276729559748425,
                50.729559748427675,
                54.320754716981135,
                54.16352201257862,
                46.943396226415096
            ]
        ],
        "min": [
            [
                8,
                11,
                9,
                9,
                8,
                6,
                7,
                7
            ]
        ],
        "max": [
            [
                121,
                144,
                110,
                113,
                119,
                168,
                150,
                155
            ]
        ],
        "RawIntDen": [
            [
                7002,
                7879,
                7738,
                7358,
                8066,
                8637,
                8612,
                7464
            ]
        ],
        "IntDen": [
            [
                30.500712000000004,
                34.320924000000005,
                33.706728000000005,
                32.051448,
                35.135496,
                37.622772000000005,
                37.513872000000006,
                32.513184
            ]
        ],
        "local_bg": [
            [
                5.796178343949045,
                5.751592356687898,
                6.057324840764331,
                6.025477707006369,
                6.267515923566879,
                6.45859872611465,
                6.2993630573248405,
                6.840764331210191
            ]
        ],
        "area": [
            0.6926040000000001
        ],
        "distance": 14.368920044754258,
        "points": [
            [
                282.0,
                268.4
            ],
            [
                276.6,
                267.4
            ],
            [
                272.4,
                262.0
            ],
            [
                275.6,
                255.6
            ],
            [
                282.0,
                256.4
            ],
            [
                286.2,
                257.8
            ],
            [
                289.2,
                262.0
            ],
            [
                287.8,
                267.8
            ]
        ],
        "shift": null,
        "channel": 0,
        "closest_Dend": 0
    }
]