[
    {
        "type": 0,
        "location": [
            894,
            198
        ],
        "bgloc": [
            922,
            166
        ],
        "mean": [
            [
            74.28865979381443,
            68.63917525773196,
            63.65979381443299,
            87.94845360824742,
            66.50515463917526,
            74.6082474226804,
            87.0721649484536,
            102.21649484536083
            ]
        ],
        "min": [
            [
                3,
                9,
                4,
                7,
                15,
                11,
                16,
                13
            ]
        ],
        "max": [
            [
                172,
                162,
                128,
                220,
                182,
                250,
                220,
                227
            ]
        ],
        "RawIntDen": [
            [
                25555,
                23612,
                21899,
                30254,
                22878,
                25665,
                29953,
                35162
            ]
        ],
        "IntDen": [
            [
                38170.9212426493,
                35268.1090249179,
                32709.6084753482,
                45189.582170558,
                34171.608789388,
                38335.1314228494,
                44739.3284506544,
                52520.7721511052
            ]
        ],
        "local_bg": [
            [
                3.127906976744186,
                5.1395348837209305,
                4.438953488372093,
                4.252906976744186,
                4.962209302325581,
                5.659883720930233,
                5.950581395348837,
                6.049418604651163
            ]
        ],
        "area": [
            1.493659741130204
        ],
        "distance": 56.243788764923266,
        "points": [
            [
                894.0,
                213.6
            ],
            [
                885.0,
                207.0
            ],
            [
                879.2,
                198.0
            ],
            [
                888.6,
                192.6
            ],
            [
                894.0,
                189.8
            ],
            [
                901.0,
                191.0
            ],
            [
                903.8,
                198.0
            ],
            [
                900.2,
                204.2
            ]
        ],
        "shift": null,
        "channel": 0,
        "closest_Dend": 0
    },
    {
        "type": 0,
        "location": [
            839,
            196
        ],
        "bgloc": [
            829,
            214
        ],
        "mean": [
            [
            51.31578947368421,
            38.95789473684211,
            48.50526315789474,
            66.01052631578948,
            46.915789473684214,
            45.252631578947366,
            50.73684210526316,
            50.95789473684211
            ]
        ],
        "min": [
            [
                10,
                9,
                12,
                13,
                5,
                7,
                7,
                11
            ]
        ],
        "max": [
            [
                110,
                123,
                164,
                152,
                119,
                110,
                105,
                96
            ]
        ],
        "RawIntDen": [
            [
                11751,
                8921,
                11108,
                15116,
                10744,
                10363,
                11619,
                11669
            ]
        ],
        "IntDen": [
            [
                11684.6366619483,
                8870.73646889651,
                11044.6781001554,
                15030.637232221,
                10682.7539697033,
                10304.0518994288,
                11552.809991916,
                11603.1438113829
            ]
        ],
        "local_bg": [
            [
                8.179039301310043,
                8.475982532751091,
                8.991266375545852,
                8.733624454148472,
                7.965065502183406,
                8.030567685589519,
                8.751091703056769,
                9.637554585152838
            ]
        ],
        "area": [
            0.9943258160430718
        ],
        "distance": 53.26291660191096,
        "points": [
            [
                839.0,
                204.0
            ],
            [
                832.8,
                202.2
            ],
            [
                830.2,
                196.0
            ],
            [
                832.0,
                189.0
            ],
            [
                839.0,
                188.8
            ],
            [
                844.2,
                190.8
            ],
            [
                851.2,
                196.0
            ],
            [
                845.6,
                202.6
            ]
        ],
        "shift": null,
        "channel": 0,
        "closest_Dend": 0
    },
    {
        "type": 0,
        "location": [
            761,
            208
        ],
        "bgloc": [
            767,
            253
        ],
        "mean": [
            [
            69.50210970464136,
            65.33333333333333,
            64.50632911392405,
            70.25316455696202,
            71.50632911392405,
            78.39240506329114,
            75.20675105485232,
            72.92827004219409
            ]
        ],
        "min": [
            [
                10,
                10,
                11,
                11,
                5,
                8,
                7,
                20
            ]
        ],
        "max": [
            [
                211,
                213,
                224,
                228,
                166,
                191,
                201,
                181
            ]
        ],
        "RawIntDen": [
            [
                31554,
                29661,
                29286,
                31895,
                32464,
                35590,
                34144,
                33109
            ]
        ],
        "IntDen": [
            [
                62201.7962424247,
                58470.8968563444,
                57730.7589214539,
                62873.9623261517,
                63995.4978703479,
                70158.2790424969,
                67307.2375075873,
                65268.081972685
            ]
        ],
        "local_bg": [
            [
                3.511013215859031,
                4.325991189427313,
                4.41409691629956,
                4.20704845814978,
                4.477973568281938,
                4.746696035242291,
                4.887665198237886,
                5.057268722466961
            ]
        ],
        "area": [
            1.9712834955613738
        ],
        "distance": 47.41725406366843,
        "points": [
            [
                761.0,
                219.4
            ],
            [
                753.8,
                215.2
            ],
            [
                751.4,
                208.0
            ],
            [
                753.2,
                200.2
            ],
            [
                761.0,
                195.8
            ],
            [
                775.0,
                194.0
            ],
            [
                774.6,
                208.0
            ],
            [
                770.4,
                217.4
            ]
        ],
        "shift": null,
        "channel": 0,
        "closest_Dend": 0
    },
    {
        "type": 0,
        "location": [
            659,
            162
        ],
        "bgloc": [
            648,
            106
        ],
        "mean": [
            [
            31.83653846153846,
            33.86538461538461,
            27.903846153846153,
            69.21153846153847,
            49.19230769230769,
            37.71153846153846,
            37.54807692307692,
            30.384615384615383
            ]
        ],
        "min": [
            [
                4,
                3,
                5,
                6,
                7,
                5,
                7,
                2
            ]
        ],
        "max": [
            [
                84,
                90,
                65,
                145,
                124,
                119,
                93,
                73
            ]
        ],
        "RawIntDen": [
            [
                7291,
                7755,
                6390,
                15849,
                11265,
                8636,
                8599,
                6958
            ]
        ],
        "IntDen": [
            [
                7249.1992876381,
                7711.16879826681,
                6353.72284286491,
                15759.5096564237,
                11201.1185610258,
                8586.94038239705,
                8549.7200900715,
                6918.5955146289
            ]
        ],
        "local_bg": [
            [
                7.08296943231441,
                7.4104803493449785,
                8.925764192139738,
                8.270742358078603,
                6.08296943231441,
                7.314410480349345,
                7.362445414847161,
                9.109170305676855
            ]
        ],
        "area": [
            0.9943258160430718
        ],
        "distance": 41.61319658644843,
        "points": [
            [
                659.0,
                169.6
            ],
            [
                653.2,
                167.8
            ],
            [
                652.2,
                162.0
            ],
            [
                653.4,
                156.4
            ],
            [
                659.0,
                153.6
            ],
            [
                667.8,
                153.2
            ],
            [
                670.4,
                162.0
            ],
            [
                665.2,
                168.2
            ]
        ],
        "shift": null,
        "channel": 0,
        "closest_Dend": 0
    },
    {
        "type": 0,
        "location": [
            638,
            230
        ],
        "bgloc": [
            662,
            264
        ],
        "mean": [
            [
            41.73684210526316,
            24.96842105263158,
            40.357894736842105,
            52.31578947368421,
            43.02105263157895,
            34.526315789473685,
            49.8,
            45.31578947368421
            ]
        ],
        "min": [
            [
                2,
                1,
                4,
                5,
                4,
                5,
                6,
                7
            ]
        ],
        "max": [
            [
                121,
                85,
                106,
                141,
                179,
                213,
                162,
                174
            ]
        ],
        "RawIntDen": [
            [
                17571,
                10512,
                16991,
                22025,
                18112,
                14536,
                20966,
                19078
            ]
        ],
        "IntDen": [
            [
                32120.1090451167,
                19215.3590554897,
                31058.8898055428,
                40261.5238220001,
                33108.4200926588,
                26570.9855404748,
                38325.4062780448,
                34874.4185218733
            ]
        ],
        "local_bg": [
            [
                2.980997624703088,
                4.346793349168646,
                4.68646080760095,
                4.608076009501188,
                4.551068883610451,
                5.104513064133017,
                5.475059382422803,
                5.463182897862233
            ]
        ],
        "area": [
            1.827996369232023
        ],
        "distance": 38.25767478698155,
        "points": [
            [
                638.0,
                237.8
            ],
            [
                632.0,
                236.0
            ],
            [
                619.4,
                230.0
            ],
            [
                629.2,
                221.2
            ],
            [
                638.0,
                219.2
            ],
            [
                646.0,
                222.0
            ],
            [
                656.6,
                230.0
            ],
            [
                645.0,
                237.0
            ]
        ],
        "shift": null,
        "channel": 0,
        "closest_Dend": 0
    },
    {
        "type": 0,
        "location": [
            210,
            187
        ],
        "bgloc": [
            198,
            156
        ],
        "mean": [
            [
            85.13679245283019,
            91.85849056603773,
            87.76886792452831,
            132.67924528301887,
            104.03301886792453,
            138.0,
            148.10377358490567,
            191.16509433962264
            ]
        ],
        "min": [
            [
                4,
                5,
                4,
                8,
                12,
                16,
                19,
                15
            ]
        ],
        "max": [
            [
                248,
                255,
                238,
                255,
                248,
                255,
                255,
                255
            ]
        ],
        "RawIntDen": [
            [
                44271,
                47766,
                45640,
                68993,
                54097,
                71760,
                77014,
                99406
            ]
        ],
        "IntDen": [
            [
                99957.9185790781,
                107849.770425451,
                103048.201617868,
                155776.848234932,
                122143.714015267,
                162023.872012273,
                173886.571419241,
                224444.266510847
            ]
        ],
        "local_bg": [
            [
                5.263461538461539,
                5.723076923076923,
                6.1365384615384615,
                6.280769230769231,
                6.986538461538461,
                8.163461538461538,
                8.665384615384616,
                9.898076923076923
            ]
        ],
        "area": [
            2.2578577482200757
        ],
        "distance": 10.00676408046486,
        "points": [
            [
                210.0,
                197.2
            ],
            [
                203.4,
                193.6
            ],
            [
                200.0,
                187.0
            ],
            [
                200.8,
                177.8
            ],
            [
                210.0,
                172.0
            ],
            [
                221.4,
                175.6
            ],
            [
                232.0,
                187.0
            ],
            [
                217.8,
                194.8
            ]
        ],
        "shift": null,
        "channel": 0,
        "closest_Dend": 0
    },
    {
        "type": 0,
        "location": [
            160,
            253
        ],
        "bgloc": [
            181,
            295
        ],
        "mean": [
            [
            74.8125,
            70.41964285714286,
            72.79464285714286,
            78.28571428571429,
            77.42857142857143,
            86.89285714285714,
            76.33928571428571,
            79.4375
            ]
        ],
        "min": [
            [
                16,
                8,
                11,
                9,
                8,
                9,
                8,
                9
            ]
        ],
        "max": [
            [
                196,
                188,
                194,
                182,
                187,
                189,
                182,
                196
            ]
        ],
        "RawIntDen": [
            [
                21022,
                19788,
                20455,
                21998,
                21757,
                24417,
                21451,
                22322
            ]
        ],
        "IntDen": [
            [
                25649.5671480378,
                24143.4701153567,
                24957.7420883103,
                26840.3633791617,
                26546.4907874189,
                29791.3339879107,
                26173.0277020794,
                27235.2546743158
            ]
        ],
        "local_bg": [
            [
                4.1138790035587185,
                4.270462633451957,
                4.494661921708185,
                4.220640569395018,
                4.430604982206406,
                4.629893238434164,
                4.98220640569395,
                5.01423487544484
            ]
        ],
        "area": [
            1.2201115908650795
        ],
        "distance": 5.207649793120811,
        "points": [
            [
                160.0,
                259.6
            ],
            [
                154.4,
                258.6
            ],
            [
                152.8,
                253.0
            ],
            [
                151.2,
                244.2
            ],
            [
                160.0,
                238.8
            ],
            [
                170.6,
                242.4
            ],
            [
                167.0,
                253.0
            ],
            [
                165.0,
                258.0
            ]
        ],
        "shift": null,
        "channel": 0,
        "closest_Dend": 0
    }
]