[
    {
        "type": 0,
        "location": [
            329,
            227
        ],
        "bgloc": [
            315,
            194
        ],
        "mean": [
            [
                60.94764397905759,
                68.71204188481676,
                75.03664921465969,
                87.14659685863874,
                80.31937172774869,
                91.66492146596859,
                76.46073298429319,
                80.90052356020942
            ]
        ],
        "min": [
            [
                18,
                22,
                17,
                23,
                18,
                22,
                8,
                9
            ]
        ],
        "max": [
            [
                141,
                144,
                186,
                202,
                198,
                188,
                221,
                223
            ]
        ],
        "RawIntDen": [
            [
                11641,
                13124,
                14332,
                16645,
                15341,
                17508,
                14604,
                15452
            ]
        ],
        "IntDen": [
            [
                9685.265436000002,
                10919.115504000001,
                11924.166672000001,
                13848.573420000002,
                12763.650636000002,
                14566.585968000001,
                12150.469584000002,
                12856.002192000002
            ]
        ],
        "local_bg": [
            [
                4.2513089005235605,
                4.261780104712042,
                4.2356020942408374,
                4.204188481675392,
                4.109947643979058,
                4.738219895287958,
                4.0732984293193715,
                4.968586387434555
            ]
        ],
        "area": [
            0.8319960000000001
        ],
        "distance": 10.952008840878378,
        "points": [
            [
                329.0,
                236.6
            ],
            [
                323.0,
                233.0
            ],
            [
                321.4,
                227.0
            ],
            [
                323.4,
                221.4
            ],
            [
                329.0,
                220.6
            ],
            [
                334.0,
                222.0
            ],
            [
                336.4,
                227.0
            ],
            [
                336.8,
                234.8
            ]
        ],
        "shift": null,
        "channel": 0,
        "closest_Dend": 0
    },
    {
        "type": 0,
        "location": [
            322,
            261
        ],
        "bgloc": [
            329,
            283
        ],
        "mean": [
            [
                35.137614678899084,
                33.22018348623853,
                35.68348623853211,
                36.3348623853211,
                51.821100917431195,
                68.03669724770643,
                59.75229357798165,
                57.75688073394495
            ]
        ],
        "min": [
            [
                7,
                7,
                6,
                6,
                7,
                9,
                9,
                9
            ]
        ],
        "max": [
            [
                85,
                97,
                92,
                104,
                149,
                166,
                146,
                161
            ]
        ],
        "RawIntDen": [
            [
                7660,
                7242,
                7779,
                7921,
                11297,
                14832,
                13026,
                12591
            ]
        ],
        "IntDen": [
            [
                7273.9972800000005,
                6877.061136000001,
                7387.000632000001,
                7521.844968000001,
                10727.721576000002,
                14084.585856000002,
                12369.593808000001,
                11956.514328000001
            ]
        ],
        "local_bg": [
            [
                4.940366972477064,
                5.2110091743119265,
                4.9495412844036695,
                5.344036697247707,
                5.26605504587156,
                5.678899082568807,
                5.330275229357798,
                6.055045871559633
            ]
        ],
        "area": [
            0.9496080000000001
        ],
        "distance": 9.734314436874339,
        "points": [
            [
                322.0,
                270.4
            ],
            [
                315.8,
                267.2
            ],
            [
                307.6,
                261.0
            ],
            [
                316.2,
                255.2
            ],
            [
                322.0,
                254.0
            ],
            [
                328.2,
                254.8
            ],
            [
                327.8,
                261.0
            ],
            [
                328.0,
                267.0
            ]
        ],
        "shift": null,
        "channel": 0,
        "closest_Dend": 0
    },
    {
        "type": 0,
        "location": [
            210,
            267
        ],
        "bgloc": [
            211,
            289
        ],
        "mean": [
            [
                43.649484536082475,
                44.04123711340206,
                45.7680412371134,
                47.59278350515464,
                42.50515463917526,
                54.608247422680414,
                59.92783505154639,
                60.0
            ]
        ],
        "min": [
            [
                6,
                10,
                11,
                10,
                8,
                12,
                7,
                6
            ]
        ],
        "max": [
            [
                130,
                106,
                111,
                123,
                102,
                130,
                192,
                158
            ]
        ],
        "RawIntDen": [
            [
                8468,
                8544,
                8879,
                9233,
                8246,
                10594,
                11626,
                11640
            ]
        ],
        "IntDen": [
            [
                7156.0019520000005,
                7220.226816000001,
                7503.323256000001,
                7802.475912000001,
                6968.397744000001,
                8952.608016,
                9824.714064000002,
                9836.544960000001
            ]
        ],
        "local_bg": [
            [
                6.860824742268041,
                6.288659793814433,
                6.201030927835052,
                7.221649484536083,
                6.88659793814433,
                7.345360824742268,
                6.664948453608248,
                7.237113402061856
            ]
        ],
        "area": [
            0.8450640000000001
        ],
        "distance": 2.482408731281498,
        "points": [
            [
                210.0,
                276.0
            ],
            [
                203.8,
                273.2
            ],
            [
                203.2,
                267.0
            ],
            [
                205.2,
                262.2
            ],
            [
                210.0,
                260.4
            ],
            [
                217.0,
                260.0
            ],
            [
                218.8,
                267.0
            ],
            [
                216.6,
                273.6
            ]
        ],
        "shift": null,
        "channel": 0,
        "closest_Dend": 0
    },
    {
        "type": 0,
        "location": [
            386,
            223
        ],
        "bgloc": [
            386,
            189
        ],
        "mean": [
            [
                30.108597285067873,
                33.35294117647059,
                36.380090497737555,
                37.32579185520362,
                40.10859728506787,
                48.89592760180995,
                47.01809954751131,
                48.10407239819005
            ]
        ],
        "min": [
            [
                7,
                9,
                9,
                7,
                13,
                12,
                13,
                9
            ]
        ],
        "max": [
            [
                84,
                80,
                90,
                90,
                120,
                113,
                104,
                147
            ]
        ],
        "RawIntDen": [
            [
                6654,
                7371,
                8040,
                8249,
                8864,
                10806,
                10391,
                10631
            ]
        ],
        "IntDen": [
            [
                6405.646104,
                7095.884796000001,
                7739.915040000001,
                7941.114324000001,
                8533.160064000002,
                10402.676856000002,
                10003.166316,
                10234.208556000001
            ]
        ],
        "local_bg": [
            [
                4.257918552036199,
                4.479638009049774,
                4.171945701357466,
                4.298642533936651,
                4.416289592760181,
                4.850678733031674,
                4.380090497737557,
                5.235294117647059
            ]
        ],
        "area": [
            0.9626760000000001
        ],
        "distance": 14.2928248973343,
        "points": [
            [
                386.0,
                232.2
            ],
            [
                379.2,
                229.8
            ],
            [
                379.4,
                223.0
            ],
            [
                380.0,
                217.0
            ],
            [
                386.0,
                213.6
            ],
            [
                392.6,
                216.4
            ],
            [
                394.0,
                223.0
            ],
            [
                393.4,
                230.4
            ]
        ],
        "shift": null,
        "channel": 0,
        "closest_Dend": 0
    },
    {
        "type": 0,
        "location": [
            425,
            231
        ],
        "bgloc": [
            428,
            203
        ],
        "mean": [
            [
                43.24074074074074,
                40.5,
                48.68518518518518,
                57.70987654320987,
                66.58641975308642,
                91.83333333333333,
                94.74074074074075,
                87.66666666666667
            ]
        ],
        "min": [
            [
                11,
                7,
                9,
                11,
                17,
                16,
                14,
                15
            ]
        ],
        "max": [
            [
                126,
                135,
                123,
                151,
                149,
                188,
                218,
                202
            ]
        ],
        "RawIntDen": [
            [
                7005,
                6561,
                7887,
                9349,
                10787,
                14877,
                15348,
                14202
            ]
        ],
        "IntDen": [
            [
                4943.232360000001,
                4629.913992000001,
                5565.635064000001,
                6597.327528000001,
                7612.083864000001,
                10498.282344000001,
                10830.653856,
                10021.953744
            ]
        ],
        "local_bg": [
            [
                5.864197530864198,
                5.938271604938271,
                6.209876543209877,
                6.969135802469136,
                6.845679012345679,
                7.679012345679013,
                6.462962962962963,
                7.2592592592592595
            ]
        ],
        "area": [
            0.7056720000000001
        ],
        "distance": 16.777100890657735,
        "points": [
            [
                425.0,
                239.2
            ],
            [
                418.8,
                237.2
            ],
            [
                419.6,
                231.0
            ],
            [
                420.6,
                226.6
            ],
            [
                425.0,
                224.8
            ],
            [
                430.8,
                225.2
            ],
            [
                432.2,
                231.0
            ],
            [
                432.0,
                238.0
            ]
        ],
        "shift": null,
        "channel": 0,
        "closest_Dend": 0
    },
    {
        "type": 0,
        "location": [
            459,
            266
        ],
        "bgloc": [
            454,
            291
        ],
        "mean": [
            [
                32.38834951456311,
                29.296116504854368,
                32.44660194174757,
                36.78155339805825,
                24.37864077669903,
                21.74271844660194,
                17.980582524271846,
                22.00485436893204
            ]
        ],
        "min": [
            [
                6,
                5,
                5,
                6,
                5,
                4,
                3,
                4
            ]
        ],
        "max": [
            [
                97,
                71,
                81,
                87,
                67,
                118,
                74,
                89
            ]
        ],
        "RawIntDen": [
            [
                6672,
                6035,
                6684,
                7577,
                5022,
                4479,
                3704,
                4533
            ]
        ],
        "IntDen": [
            [
                5987.025792,
                5415.42276,
                5997.793824,
                6799.114872000001,
                4506.421392,
                4019.1679440000003,
                3323.7325440000004,
                4067.6240880000005
            ]
        ],
        "local_bg": [
            [
                6.058252427184466,
                5.868932038834951,
                5.805825242718447,
                5.898058252427185,
                5.495145631067961,
                5.436893203883495,
                5.344660194174757,
                5.902912621359223
            ]
        ],
        "area": [
            0.8973360000000001
        ],
        "distance": 19.38743747349271,
        "points": [
            [
                459.0,
                272.8
            ],
            [
                452.4,
                272.6
            ],
            [
                449.2,
                266.0
            ],
            [
                450.0,
                257.0
            ],
            [
                459.0,
                258.8
            ],
            [
                464.0,
                261.0
            ],
            [
                465.2,
                266.0
            ],
            [
                465.2,
                272.2
            ]
        ],
        "shift": null,
        "channel": 0,
        "closest_Dend": 0
    },
    {
        "type": 0,
        "location": [
            285,
            270
        ],
        "bgloc": [
            285,
            300
        ],
        "mean": [
            [
                46.737451737451735,
                50.46718146718147,
                51.343629343629345,
                63.57915057915058,
                73.58687258687259,
                84.76061776061776,
                88.57915057915058,
                89.64092664092664
            ]
        ],
        "min": [
            [
                6,
                6,
                4,
                6,
                7,
                8,
                9,
                12
            ]
        ],
        "max": [
            [
                226,
                193,
                160,
                184,
                229,
                245,
                252,
                253
            ]
        ],
        "RawIntDen": [
            [
                12105,
                13071,
                13298,
                16467,
                19059,
                21953,
                22942,
                23217
            ]
        ],
        "IntDen": [
            [
                13656.909420000002,
                14746.754484000001,
                15002.856792000002,
                18578.135268,
                21502.440036000004,
                24767.462412000004,
                25883.256168000004,
                26193.512268000002
            ]
        ],
        "local_bg": [
            [
                5.127413127413128,
                5.366795366795367,
                5.1698841698841695,
                5.5096525096525095,
                5.486486486486487,
                6.011583011583012,
                5.5675675675675675,
                5.945945945945946
            ]
        ],
        "area": [
            1.1282040000000002
        ],
        "distance": 7.47789155033301,
        "points": [
            [
                285.0,
                278.4
            ],
            [
                279.6,
                275.4
            ],
            [
                276.2,
                270.0
            ],
            [
                276.2,
                261.2
            ],
            [
                285.0,
                261.0
            ],
            [
                292.6,
                262.4
            ],
            [
                293.8,
                270.0
            ],
            [
                293.2,
                278.2
            ]
        ],
        "shift": null,
        "channel": 0,
        "closest_Dend": 0
    },
    {
        "type": 0,
        "location": [
            236,
            265
        ],
        "bgloc": [
            236,
            285
        ],
        "mean": [
            [
                75.74887892376681,
                74.4932735426009,
                79.24663677130044,
                90.5829596412556,
                101.34529147982063,
                122.74887892376681,
                123.25112107623319,
                115.30941704035874
            ]
        ],
        "min": [
            [
                18,
                21,
                23,
                23,
                21,
                35,
                34,
                25
            ]
        ],
        "max": [
            [
                150,
                159,
                136,
                196,
                192,
                240,
                226,
                224
            ]
        ],
        "RawIntDen": [
            [
                16892,
                16612,
                17672,
                20200,
                22600,
                27373,
                27485,
                25714
            ]
        ],
        "IntDen": [
            [
                16408.686096,
                16136.697456000002,
                17166.368736,
                19622.037600000003,
                21953.368800000004,
                26589.803724,
                26698.599180000005,
                24978.271032000004
            ]
        ],
        "local_bg": [
            [
                7.856502242152466,
                7.7040358744394615,
                8.434977578475337,
                8.125560538116591,
                9.443946188340806,
                9.376681614349776,
                8.748878923766815,
                8.860986547085203
            ]
        ],
        "area": [
            0.9713880000000001
        ],
        "distance": 4.243891550333011,
        "points": [
            [
                236.0,
                275.0
            ],
            [
                229.8,
                271.2
            ],
            [
                228.0,
                265.0
            ],
            [
                229.2,
                258.2
            ],
            [
                236.0,
                258.2
            ],
            [
                242.8,
                258.2
            ],
            [
                245.8,
                265.0
            ],
            [
                242.4,
                271.4
            ]
        ],
        "shift": null,
        "channel": 0,
        "closest_Dend": 0
    },
    {
        "type": 0,
        "location": [
            453,
            240
        ],
        "bgloc": [
            456,
            216
        ],
        "mean": [
            [
                20.94009216589862,
                23.19815668202765,
                27.17511520737327,
                28.695852534562214,
                34.84331797235023,
                63.672811059907836,
                50.45622119815668,
                52.824884792626726
            ]
        ],
        "min": [
            [
                5,
                8,
                6,
                8,
                10,
                13,
                11,
                12
            ]
        ],
        "max": [
            [
                48,
                48,
                83,
                75,
                93,
                205,
                158,
                134
            ]
        ],
        "RawIntDen": [
            [
                4544,
                5034,
                5897,
                6227,
                7561,
                13817,
                10949,
                11463
            ]
        ],
        "IntDen": [
            [
                4295.225088,
                4758.3985680000005,
                5574.151044,
                5886.084204000001,
                7147.050372000001,
                13060.546884000001,
                10349.564148000001,
                10835.423676
            ]
        ],
        "local_bg": [
            [
                6.078341013824885,
                6.317972350230415,
                6.105990783410138,
                7.1336405529953915,
                6.626728110599078,
                7.935483870967742,
                6.764976958525345,
                7.474654377880184
            ]
        ],
        "area": [
            0.9452520000000001
        ],
        "distance": 18.68732854472826,
        "points": [
            [
                453.0,
                247.2
            ],
            [
                447.0,
                246.0
            ],
            [
                442.4,
                240.0
            ],
            [
                446.2,
                233.2
            ],
            [
                453.0,
                231.2
            ],
            [
                458.8,
                234.2
            ],
            [
                459.4,
                240.0
            ],
            [
                460.8,
                247.8
            ]
        ],
        "shift": null,
        "channel": 0,
        "closest_Dend": 0
    },
    {
        "type": 0,
        "location": [
            487,
            244
        ],
        "bgloc": [
            485,
            227
        ],
        "mean": [
            [
                39.623655913978496,
                36.333333333333336,
                41.075268817204304,
                46.69892473118279,
                59.62903225806452,
                80.83870967741936,
                66.26881720430107,
                60.13978494623656
            ]
        ],
        "min": [
            [
                10,
                9,
                9,
                10,
                10,
                13,
                10,
                8
            ]
        ],
        "max": [
            [
                110,
                99,
                118,
                122,
                145,
                165,
                150,
                177
            ]
        ],
        "RawIntDen": [
            [
                7370,
                6758,
                7640,
                8686,
                11091,
                15036,
                12326,
                11186
            ]
        ],
        "IntDen": [
            [
                5971.291920000001,
                5475.439728,
                6190.0502400000005,
                7037.5361760000005,
                8986.105656000002,
                12182.407776000002,
                9986.722416,
                9063.076176
            ]
        ],
        "local_bg": [
            [
                7.397849462365591,
                7.166666666666667,
                6.806451612903226,
                7.344086021505376,
                8.193548387096774,
                8.39247311827957,
                7.639784946236559,
                8.35483870967742
            ]
        ],
        "area": [
            0.810216
        ],
        "distance": 21.141342169000637,
        "points": [
            [
                487.0,
                249.8
            ],
            [
                480.8,
                250.2
            ],
            [
                480.8,
                244.0
            ],
            [
                482.6,
                239.6
            ],
            [
                487.0,
                237.2
            ],
            [
                493.0,
                238.0
            ],
            [
                501.4,
                244.0
            ],
            [
                492.4,
                249.4
            ]
        ],
        "shift": null,
        "channel": 0,
        "closest_Dend": 0
    },
    {
        "type": 0,
        "location": [
            252,
            268
        ],
        "bgloc": [
            252,
            294
        ],
        "mean": [
            [
                38.48290598290598,
                43.32905982905983,
                50.36752136752137,
                54.35042735042735,
                60.2991452991453,
                71.08119658119658,
                65.47863247863248,
                57.65384615384615
            ]
        ],
        "min": [
            [
                8,
                9,
                7,
                9,
                8,
                10,
                9,
                7
            ]
        ],
        "max": [
            [
                128,
                136,
                168,
                174,
                178,
                189,
                200,
                195
            ]
        ],
        "RawIntDen": [
            [
                9005,
                10139,
                11786,
                12718,
                14110,
                16633,
                15322,
                13491
            ]
        ],
        "IntDen": [
            [
                9178.832520000002,
                10334.723256000001,
                12013.516944,
                12963.508272000001,
                14382.379440000002,
                16954.083432000003,
                15617.775888000002,
                13751.430264000002
            ]
        ],
        "local_bg": [
            [
                5.662393162393163,
                5.803418803418803,
                5.867521367521367,
                6.064102564102564,
                6.282051282051282,
                6.5,
                6.294871794871795,
                6.7094017094017095
            ]
        ],
        "area": [
            1.0193040000000002
        ],
        "distance": 5.29989155033301,
        "points": [
            [
                252.0,
                277.4
            ],
            [
                246.2,
                273.8
            ],
            [
                243.2,
                268.0
            ],
            [
                244.8,
                260.8
            ],
            [
                252.0,
                259.8
            ],
            [
                259.4,
                260.6
            ],
            [
                261.2,
                268.0
            ],
            [
                258.2,
                274.2
            ]
        ],
        "shift": null,
        "channel": 0,
        "closest_Dend": 0
    },
    {
        "type": 0,
        "location": [
            264,
            234
        ],
        "bgloc": [
            264,
            192
        ],
        "mean": [
            [
                59.84189723320158,
                63.18577075098814,
                54.87747035573123,
                62.41501976284585,
                60.44664031620553,
                67.05533596837945,
                67.83399209486166,
                61.055335968379445
            ]
        ],
        "min": [
            [
                9,
                10,
                10,
                6,
                9,
                11,
                8,
                7
            ]
        ],
        "max": [
            [
                138,
                160,
                129,
                160,
                173,
                190,
                198,
                191
            ]
        ],
        "RawIntDen": [
            [
                15140,
                15986,
                13884,
                15791,
                15293,
                16965,
                17162,
                15447
            ]
        ],
        "IntDen": [
            [
                16685.309520000003,
                17617.659048,
                15301.112112000003,
                17402.755788000002,
                16853.925924000003,
                18696.58362,
                18913.691016,
                17023.644396000003
            ]
        ],
        "local_bg": [
            [
                3.877470355731225,
                4.051383399209486,
                4.003952569169961,
                3.9565217391304346,
                3.683794466403162,
                3.9288537549407114,
                3.8616600790513833,
                4.442687747035573
            ]
        ],
        "area": [
            1.102068
        ],
        "distance": 6.75189155033301,
        "points": [
            [
                264.0,
                246.2
            ],
            [
                253.2,
                244.8
            ],
            [
                255.2,
                234.0
            ],
            [
                258.2,
                228.2
            ],
            [
                264.0,
                225.0
            ],
            [
                269.0,
                229.0
            ],
            [
                270.2,
                234.0
            ],
            [
                269.4,
                239.4
            ]
        ],
        "shift": null,
        "channel": 0,
        "closest_Dend": 0
    },
    {
        "type": 0,
        "location": [
            417,
            230
        ],
        "bgloc": [
            424,
            205
        ],
        "mean": [
            [
                50.02,
                52.785,
                66.34,
                76.24,
                77.89,
                99.275,
                106.3,
                109.635
            ]
        ],
        "min": [
            [
                8,
                9,
                11,
                14,
                21,
                20,
                22,
                18
            ]
        ],
        "max": [
            [
                183,
                168,
                143,
                197,
                183,
                235,
                236,
                249
            ]
        ],
        "RawIntDen": [
            [
                10004,
                10557,
                13268,
                15248,
                15578,
                19855,
                21260,
                21927
            ]
        ],
        "IntDen": [
            [
                8715.4848,
                9197.2584,
                11559.081600000001,
                13284.057600000002,
                13571.553600000001,
                17297.676000000003,
                18521.712000000003,
                19102.8024
            ]
        ],
        "local_bg": [
            [
                5.84,
                6.49,
                6.5,
                7.215,
                7.23,
                8.125,
                7.665,
                8.145
            ]
        ],
        "area": [
            0.8712000000000001
        ],
        "distance": 16.114477898907026,
        "points": [
            [
                417.0,
                238.2
            ],
            [
                411.0,
                236.0
            ],
            [
                408.2,
                230.0
            ],
            [
                408.4,
                221.4
            ],
            [
                417.0,
                221.2
            ],
            [
                422.4,
                224.6
            ],
            [
                422.4,
                230.0
            ],
            [
                422.4,
                235.4
            ]
        ],
        "shift": null,
        "channel": 0,
        "closest_Dend": 0
    },
    {
        "type": 0,
        "location": [
            468,
            265
        ],
        "bgloc": [
            468,
            287
        ],
        "mean": [
            [
                51.0126582278481,
                45.19620253164557,
                50.43037974683544,
                52.177215189873415,
                42.78481012658228,
                37.62658227848101,
                39.29746835443038,
                42.120253164556964
            ]
        ],
        "min": [
            [
                12,
                13,
                10,
                10,
                10,
                7,
                5,
                5
            ]
        ],
        "max": [
            [
                105,
                100,
                103,
                103,
                91,
                109,
                121,
                100
            ]
        ],
        "RawIntDen": [
            [
                8060,
                7141,
                7968,
                8244,
                6760,
                5945,
                6209,
                6655
            ]
        ],
        "IntDen": [
            [
                5547.278880000001,
                4914.7789680000005,
                5483.960064000001,
                5673.916512000001,
                4652.55648,
                4091.6343600000005,
                4273.331832000001,
                4580.290440000001
            ]
        ],
        "local_bg": [
            [
                7.025316455696203,
                6.784810126582278,
                6.9113924050632916,
                6.715189873417722,
                6.550632911392405,
                6.544303797468355,
                6.3734177215189876,
                5.962025316455696
            ]
        ],
        "area": [
            0.6882480000000001
        ],
        "distance": 19.81682524866122,
        "points": [
            [
                468.0,
                272.0
            ],
            [
                463.2,
                269.8
            ],
            [
                461.8,
                265.0
            ],
            [
                462.4,
                259.4
            ],
            [
                468.0,
                257.8
            ],
            [
                475.2,
                257.8
            ],
            [
                474.8,
                265.0
            ],
            [
                473.2,
                270.2
            ]
        ],
        "shift": null,
        "channel": 0,
        "closest_Dend": 0
    }
]