[
    {
        "type": 0,
        "location": [
            43,
            230
        ],
        "bgloc": [
            35,
            194
        ],
        "mean": [
            [
                86.65463917525773,
                76.97938144329896,
                58.88659793814433,
                75.26288659793815,
                35.72680412371134,
                40.371134020618555,
                32.13917525773196,
                36.73711340206186
            ]
        ],
        "min": [
            [
                15,
                18,
                10,
                15,
                9,
                8,
                8,
                8
            ]
        ],
        "max": [
            [
                217,
                143,
                159,
                182,
                81,
                108,
                82,
                103
            ]
        ],
        "RawIntDen": [
            [
                16811,
                14934,
                11424,
                14601,
                6931,
                7832,
                6235,
                7127
            ]
        ],
        "IntDen": [
            [
                14206.370904000001,
                12620.185776000002,
                9654.011136000001,
                12338.779464000001,
                5857.138584,
                6618.541248,
                5268.974040000001,
                6022.771128
            ]
        ],
        "local_bg": [
            [
                5.237113402061856,
                4.907216494845361,
                4.778350515463917,
                4.634020618556701,
                4.824742268041237,
                4.84020618556701,
                4.597938144329897,
                4.551546391752577
            ]
        ],
        "area": [
            0.8450640000000001
        ],
        "distance": 2.2533746192408484,
        "points": [
            [
                43.0,
                240.8
            ],
            [
                36.6,
                236.4
            ],
            [
                34.8,
                230.0
            ],
            [
                36.6,
                223.6
            ],
            [
                43.0,
                223.0
            ],
            [
                48.0,
                225.0
            ],
            [
                49.4,
                230.0
            ],
            [
                48.8,
                235.8
            ]
        ],
        "shift": null,
        "channel": 0,
        "closest_Dend": 0
    },
    {
        "type": 0,
        "location": [
            188,
            286
        ],
        "bgloc": [
            188,
            310
        ],
        "mean": [
            [
                89.22897196261682,
                82.53271028037383,
                63.154205607476634,
                68.5,
                55.149532710280376,
                46.2803738317757,
                45.046728971962615,
                36.901869158878505
            ]
        ],
        "min": [
            [
                12,
                14,
                11,
                14,
                14,
                11,
                7,
                7
            ]
        ],
        "max": [
            [
                220,
                186,
                163,
                163,
                149,
                107,
                92,
                106
            ]
        ],
        "RawIntDen": [
            [
                19095,
                17662,
                13515,
                14659,
                11802,
                9904,
                9640,
                7897
            ]
        ],
        "IntDen": [
            [
                17800.053480000002,
                16464.233808,
                12598.466760000001,
                13664.885256000001,
                11001.635568000002,
                9232.350336000001,
                8986.253760000001,
                7361.457048000001
            ]
        ],
        "local_bg": [
            [
                7.957943925233645,
                8.336448598130842,
                8.074766355140186,
                8.392523364485982,
                8.401869158878505,
                8.700934579439252,
                7.855140186915888,
                7.0233644859813085
            ]
        ],
        "area": [
            0.9321840000000001
        ],
        "distance": 11.831914948318504,
        "points": [
            [
                188.0,
                294.8
            ],
            [
                182.4,
                291.6
            ],
            [
                180.2,
                286.0
            ],
            [
                180.2,
                278.2
            ],
            [
                188.0,
                278.2
            ],
            [
                194.6,
                279.4
            ],
            [
                197.4,
                286.0
            ],
            [
                194.0,
                292.0
            ]
        ],
        "shift": null,
        "channel": 0,
        "closest_Dend": 0
    },
    {
        "type": 0,
        "location": [
            346,
            273
        ],
        "bgloc": [
            344,
            293
        ],
        "mean": [
            [
                86.98930481283422,
                46.81283422459893,
                45.032085561497325,
                52.45454545454545,
                43.06417112299465,
                40.01604278074866,
                27.486631016042782,
                26.502673796791445
            ]
        ],
        "min": [
            [
                14,
                7,
                16,
                14,
                11,
                10,
                9,
                8
            ]
        ],
        "max": [
            [
                217,
                133,
                108,
                137,
                144,
                122,
                81,
                62
            ]
        ],
        "RawIntDen": [
            [
                16267,
                8754,
                8421,
                9809,
                8053,
                7483,
                5140,
                4956
            ]
        ],
        "IntDen": [
            [
                13250.642724000001,
                7130.763288000001,
                6859.510812,
                7990.136748000001,
                6559.748316000001,
                6095.442276000001,
                4186.90008,
                4037.0188320000007
            ]
        ],
        "local_bg": [
            [
                8.058823529411764,
                7.775401069518717,
                8.064171122994653,
                8.016042780748663,
                7.347593582887701,
                7.374331550802139,
                6.577540106951871,
                6.524064171122995
            ]
        ],
        "area": [
            0.8145720000000001
        ],
        "distance": 22.381987225604473,
        "points": [
            [
                346.0,
                282.0
            ],
            [
                340.2,
                278.8
            ],
            [
                339.4,
                273.0
            ],
            [
                340.2,
                267.2
            ],
            [
                346.0,
                266.4
            ],
            [
                351.8,
                267.2
            ],
            [
                354.8,
                273.0
            ],
            [
                352.4,
                279.4
            ]
        ],
        "shift": null,
        "channel": 0,
        "closest_Dend": 0
    },
    {
        "type": 0,
        "location": [
            484,
            253
        ],
        "bgloc": [
            492,
            232
        ],
        "mean": [
            [
                93.80094786729858,
                95.09478672985782,
                79.10426540284361,
                101.11848341232228,
                62.3696682464455,
                56.22274881516588,
                42.639810426540286,
                45.44075829383886
            ]
        ],
        "min": [
            [
                12,
                9,
                13,
                13,
                15,
                11,
                9,
                6
            ]
        ],
        "max": [
            [
                235,
                212,
                194,
                235,
                207,
                170,
                122,
                156
            ]
        ],
        "RawIntDen": [
            [
                19792,
                20065,
                16691,
                21336,
                13160,
                11863,
                8997,
                9588
            ]
        ],
        "IntDen": [
            [
                18191.143872,
                18442.062540000003,
                15340.965156000002,
                19610.258976,
                12095.566560000001,
                10903.473108000002,
                8269.286652,
                8812.484208000002
            ]
        ],
        "local_bg": [
            [
                6.687203791469194,
                7.14218009478673,
                6.199052132701421,
                6.369668246445498,
                7.478672985781991,
                6.530805687203792,
                7.38388625592417,
                5.791469194312796
            ]
        ],
        "area": [
            0.9191160000000002
        ],
        "distance": 31.90140439918246,
        "points": [
            [
                484.0,
                260.8
            ],
            [
                479.0,
                258.0
            ],
            [
                476.2,
                253.0
            ],
            [
                478.4,
                247.4
            ],
            [
                484.0,
                244.4
            ],
            [
                492.0,
                245.0
            ],
            [
                493.0,
                253.0
            ],
            [
                490.0,
                259.0
            ]
        ],
        "shift": null,
        "channel": 0,
        "closest_Dend": 0
    },
    {
        "type": 0,
        "location": [
            37,
            264
        ],
        "bgloc": [
            42,
            291
        ],
        "mean": [
            [
                39.096638655462186,
                31.478991596638654,
                37.95378151260504,
                33.63025210084034,
                24.07563025210084,
                21.945378151260503,
                32.634453781512605,
                27.72689075630252
            ]
        ],
        "min": [
            [
                5,
                5,
                6,
                5,
                6,
                5,
                7,
                7
            ]
        ],
        "max": [
            [
                124,
                104,
                108,
                106,
                75,
                96,
                85,
                95
            ]
        ],
        "RawIntDen": [
            [
                9305,
                7492,
                9033,
                8004,
                5730,
                5223,
                7767,
                6599
            ]
        ],
        "IntDen": [
            [
                9646.754040000002,
                7767.166176000001,
                9364.764024000002,
                8297.970912,
                5940.451440000001,
                5414.830344000001,
                8052.2663760000005,
                6841.368072000001
            ]
        ],
        "local_bg": [
            [
                5.651260504201681,
                5.592436974789916,
                5.457983193277311,
                5.7521008403361344,
                5.453781512605042,
                5.214285714285714,
                5.19327731092437,
                5.30672268907563
            ]
        ],
        "area": [
            1.036728
        ],
        "distance": 1.52852938377012,
        "points": [
            [
                37.0,
                276.0
            ],
            [
                30.8,
                270.2
            ],
            [
                28.6,
                264.0
            ],
            [
                30.4,
                257.4
            ],
            [
                37.0,
                256.8
            ],
            [
                42.2,
                258.8
            ],
            [
                45.4,
                264.0
            ],
            [
                44.8,
                271.8
            ]
        ],
        "shift": null,
        "channel": 0,
        "closest_Dend": 0
    },
    {
        "type": 0,
        "location": [
            454,
            252
        ],
        "bgloc": [
            449,
            228
        ],
        "mean": [
            [
                143.80729166666666,
                116.95833333333333,
                84.33854166666667,
                87.4375,
                58.109375,
                51.015625,
                48.411458333333336,
                58.614583333333336
            ]
        ],
        "min": [
            [
                15,
                14,
                15,
                9,
                8,
                7,
                8,
                7
            ]
        ],
        "max": [
            [
                255,
                252,
                182,
                244,
                161,
                134,
                148,
                162
            ]
        ],
        "RawIntDen": [
            [
                27611,
                22456,
                16193,
                16788,
                11157,
                9795,
                9295,
                11254
            ]
        ],
        "IntDen": [
            [
                23092.515072000002,
                18781.120512,
                13543.047936,
                14040.677376000001,
                9331.179264,
                8192.067840000002,
                7773.891840000001,
                9412.305408
            ]
        ],
        "local_bg": [
            [
                6.78125,
                6.598958333333333,
                6.578125,
                6.359375,
                6.09375,
                5.916666666666667,
                6.010416666666667,
                6.140625
            ]
        ],
        "area": [
            0.8363520000000001
        ],
        "distance": 30.006775637728836,
        "points": [
            [
                454.0,
                259.6
            ],
            [
                447.0,
                259.0
            ],
            [
                445.2,
                252.0
            ],
            [
                447.8,
                245.8
            ],
            [
                454.0,
                245.2
            ],
            [
                459.6,
                246.4
            ],
            [
                461.2,
                252.0
            ],
            [
                460.0,
                258.0
            ]
        ],
        "shift": null,
        "channel": 0,
        "closest_Dend": 0
    },
    {
        "type": 0,
        "location": [
            21,
            244
        ],
        "bgloc": [
            19.084798631883785,
            214.65807515734946
        ],
        "mean": [
            [
                77.04787234042553,
                82.67553191489361,
                81.27127659574468,
                81.39893617021276,
                72.95744680851064,
                74.50531914893617,
                76.82446808510639,
                79.12765957446808
            ]
        ],
        "min": [
            [
                10,
                9,
                14,
                12,
                13,
                14,
                14,
                21
            ]
        ],
        "max": [
            [
                217,
                231,
                211,
                180,
                166,
                168,
                155,
                175
            ]
        ],
        "RawIntDen": [
            [
                14485,
                15543,
                15279,
                15303,
                13716,
                14007,
                14443,
                14876
            ]
        ],
        "IntDen": [
            [
                11862.172080000002,
                12728.597904000002,
                12512.400912000001,
                12532.055184,
                11232.416448000002,
                11470.724496,
                11827.777104,
                12182.372928
            ]
        ],
        "local_bg": [
            [
                6.096256684491979,
                6.176470588235294,
                6.2032085561497325,
                6.016042780748663,
                5.93048128342246,
                6.224598930481283,
                6.524064171122995,
                5.983957219251337
            ]
        ],
        "area": [
            0.8189280000000001
        ],
        "distance": 0.6474912539452499,
        "points": [
            [
                21.0,
                249.6
            ],
            [
                14.4,
                250.6
            ],
            [
                12.2,
                244.0
            ],
            [
                15.0,
                238.0
            ],
            [
                21.0,
                235.4
            ],
            [
                27.0,
                238.0
            ],
            [
                29.4,
                244.0
            ],
            [
                26.0,
                249.0
            ]
        ],
        "shift": null,
        "channel": 0,
        "closest_Dend": 0
    },
    {
        "type": 0,
        "location": [
            209,
            280
        ],
        "bgloc": [
            211,
            297
        ],
        "mean": [
            [
                96.0223880597015,
                68.43283582089552,
                63.88059701492537,
                63.46268656716418,
                37.492537313432834,
                34.61194029850746,
                34.156716417910445,
                18.365671641791046
            ]
        ],
        "min": [
            [
                11,
                11,
                12,
                11,
                8,
                9,
                8,
                5
            ]
        ],
        "max": [
            [
                236,
                169,
                155,
                135,
                93,
                78,
                93,
                60
            ]
        ],
        "RawIntDen": [
            [
                12867,
                9170,
                8560,
                8504,
                5024,
                4638,
                4577,
                2461
            ]
        ],
        "IntDen": [
            [
                7510.519368000001,
                5352.565680000001,
                4996.506240000001,
                4963.818816000001,
                2932.5288960000003,
                2707.219152,
                2671.613208,
                1436.495544
            ]
        ],
        "local_bg": [
            [
                8.574626865671641,
                8.477611940298507,
                8.64179104477612,
                8.880597014925373,
                7.902985074626866,
                7.776119402985074,
                7.402985074626866,
                7.201492537313433
            ]
        ],
        "area": [
            0.5837040000000001
        ],
        "distance": 13.462226737656238,
        "points": [
            [
                209.0,
                286.0
            ],
            [
                203.8,
                285.2
            ],
            [
                203.2,
                280.0
            ],
            [
                203.8,
                274.8
            ],
            [
                209.0,
                274.2
            ],
            [
                215.8,
                273.2
            ],
            [
                215.4,
                280.0
            ],
            [
                214.0,
                285.0
            ]
        ],
        "shift": null,
        "channel": 0,
        "closest_Dend": 0
    },
    {
        "type": 0,
        "location": [
            330,
            273
        ],
        "bgloc": [
            327,
            295
        ],
        "mean": [
            [
                67.56818181818181,
                66.7215909090909,
                46.21590909090909,
                45.97727272727273,
                34.72727272727273,
                33.21022727272727,
                26.59659090909091,
                27.619318181818183
            ]
        ],
        "min": [
            [
                12,
                11,
                9,
                10,
                10,
                10,
                9,
                7
            ]
        ],
        "max": [
            [
                180,
                203,
                118,
                148,
                117,
                113,
                61,
                83
            ]
        ],
        "RawIntDen": [
            [
                11892,
                11743,
                8134,
                8092,
                6112,
                5845,
                4681,
                4861
            ]
        ],
        "IntDen": [
            [
                9117.073152,
                9002.841408,
                6235.979904000001,
                6203.780352000001,
                4685.801472,
                4481.10432,
                3588.7167360000003,
                3726.7148160000006
            ]
        ],
        "local_bg": [
            [
                7.221590909090909,
                8.039772727272727,
                8.335227272727273,
                8.221590909090908,
                6.971590909090909,
                7.545454545454546,
                6.2102272727272725,
                6.2727272727272725
            ]
        ],
        "area": [
            0.7666560000000001
        ],
        "distance": 21.342081413984825,
        "points": [
            [
                330.0,
                280.4
            ],
            [
                324.8,
                278.2
            ],
            [
                323.4,
                273.0
            ],
            [
                323.0,
                266.0
            ],
            [
                330.0,
                265.8
            ],
            [
                335.8,
                267.2
            ],
            [
                337.8,
                273.0
            ],
            [
                336.0,
                279.0
            ]
        ],
        "shift": null,
        "channel": 0,
        "closest_Dend": 0
    },
    {
        "type": 0,
        "location": [
            395,
            263
        ],
        "bgloc": [
            399.60432458032756,
            234.7410501379618
        ],
        "mean": [
            [
                152.5672268907563,
                122.11764705882354,
                120.18487394957984,
                113.1344537815126,
                105.97899159663865,
                88.71848739495799,
                76.5126050420168,
                74.60504201680672
            ]
        ],
        "min": [
            [
                19,
                23,
                20,
                18,
                18,
                18,
                15,
                15
            ]
        ],
        "max": [
            [
                255,
                254,
                255,
                248,
                239,
                230,
                167,
                172
            ]
        ],
        "RawIntDen": [
            [
                36311,
                29064,
                28604,
                26926,
                25223,
                21115,
                18210,
                17756
            ]
        ],
        "IntDen": [
            [
                37644.630408000005,
                30131.462592000003,
                29654.567712000004,
                27914.938128,
                26149.390344000003,
                21890.511720000002,
                18878.816880000002,
                18408.142368
            ]
        ],
        "local_bg": [
            [
                7.432773109243698,
                6.995798319327731,
                7.298319327731092,
                7.470588235294118,
                7.07563025210084,
                7.168067226890757,
                6.894957983193278,
                6.936974789915967
            ]
        ],
        "area": [
            1.036728
        ],
        "distance": 25.54405720571382,
        "points": [
            [
                395.0,
                272.2
            ],
            [
                388.0,
                270.0
            ],
            [
                385.86334169885595,
                263.28001458409506
            ],
            [
                389.0,
                257.0
            ],
            [
                395.0,
                255.8
            ],
            [
                401.2,
                256.8
            ],
            [
                405.4,
                263.0
            ],
            [
                402.7753206298979,
                269.6220066832358
            ]
        ],
        "shift": null,
        "channel": 0,
        "closest_Dend": 0
    },
    {
        "type": 0,
        "location": [
            424,
            265
        ],
        "bgloc": [
            427.0862903432708,
            242.14004092029262
        ],
        "mean": [
            [
                83.33734939759036,
                76.24096385542168,
                79.21686746987952,
                87.92771084337349,
                57.2289156626506,
                39.963855421686745,
                42.36144578313253,
                48.7710843373494
            ]
        ],
        "min": [
            [
                12,
                12,
                16,
                20,
                11,
                10,
                9,
                9
            ]
        ],
        "max": [
            [
                209,
                236,
                176,
                185,
                134,
                133,
                125,
                159
            ]
        ],
        "RawIntDen": [
            [
                6917,
                6328,
                6575,
                7298,
                4750,
                3317,
                3516,
                4048
            ]
        ],
        "IntDen": [
            [
                2500.8275160000003,
                2287.8757440000004,
                2377.1781,
                2638.5773040000004,
                1717.3530000000003,
                1199.2547160000001,
                1271.202768,
                1463.5463040000002
            ]
        ],
        "local_bg": [
            [
                7.646341463414634,
                7.621951219512195,
                7.817073170731708,
                7.402439024390244,
                7.353658536585366,
                7.280487804878049,
                7.426829268292683,
                7.2560975609756095
            ]
        ],
        "area": [
            0.36154800000000004
        ],
        "distance": 27.49137342616544,
        "points": [
            [
                425.0242208515264,
                266.5637596049004
            ],
            [
                419.91479267751606,
                265.7776937319758
            ],
            [
                418.3426609316667,
                263.22297964497056
            ],
            [
                419.4,
                260.4
            ],
            [
                424.0,
                258.0
            ],
            [
                429.0,
                260.0
            ],
            [
                432.0,
                265.0
            ],
            [
                429.7406160890744,
                266.7602760731316
            ]
        ],
        "shift": null,
        "channel": 0,
        "closest_Dend": 0
    }
]