[
    {
        "type": 0,
        "location": [
            255,
            146
        ],
        "bgloc": [
            245,
            169
        ],
        "mean": [
            [
                26.434343434343436,
                29.075757575757574,
                38.64646464646464,
                30.77777777777778,
                33.898989898989896,
                58.98989898989899,
                48.36363636363637,
                33.32828282828283
            ]
        ],
        "min": [
            [
                5,
                6,
                7,
                7,
                6,
                15,
                7,
                5
            ]
        ],
        "max": [
            [
                105,
                105,
                110,
                85,
                90,
                128,
                133,
                102
            ]
        ],
        "RawIntDen": [
            [
                5234,
                5757,
                7652,
                6094,
                6712,
                11680,
                9576,
                6599
            ]
        ],
        "IntDen": [
            [
                22.799304000000003,
                25.077492000000003,
                33.332112,
                26.545464000000003,
                29.237472000000004,
                50.878080000000004,
                41.713056,
                28.745244000000003
            ]
        ],
        "local_bg": [
            [
                6.075757575757576,
                6.8686868686868685,
                6.262626262626263,
                5.91919191919192,
                5.606060606060606,
                5.818181818181818,
                5.429292929292929,
                7.267676767676767
            ]
        ],
        "area": [
            0.8624880000000001
        ],
        "distance": 2.446773316978784,
        "points": [
            [
                254.75752819094714,
                155.11639455795637
            ],
            [
                248.55752819094715,
                152.51639455795635
            ],
            [
                248.35752819094714,
                146.31639455795636
            ],
            [
                249.55752819094715,
                141.11639455795637
            ],
            [
                254.75752819094714,
                138.11639455795637
            ],
            [
                261.1575281909471,
                139.91639455795638
            ],
            [
                264.35752819094716,
                146.31639455795636
            ],
            [
                260.95752819094713,
                152.51639455795635
            ]
        ],
        "shift": [
            [
                0,
                0
            ],
            [
                -1.0,
                3.0
            ],
            [
                -1.0,
                4.0
            ],
            [
                1,
                0
            ],
            [
                4.0,
                -1.0
            ],
            [
                4.0,
                -3.0
            ],
            [
                5.0,
                -6.0
            ],
            [
                4.0,
                -5.0
            ]
        ],
        "channel": 0,
        "closest_Dend": 0
    },
    {
        "type": 0,
        "location": [
            271,
            152
        ],
        "bgloc": [
            263,
            175
        ],
        "mean": [
            [
                28.05142857142857,
                22.577142857142857,
                17.274285714285714,
                38.331428571428575,
                29.65142857142857,
                34.70285714285714,
                26.65714285714286,
                30.98857142857143
            ]
        ],
        "min": [
            [
                7,
                5,
                5,
                8,
                8,
                7,
                6,
                7
            ]
        ],
        "max": [
            [
                85,
                67,
                62,
                113,
                94,
                117,
                89,
                111
            ]
        ],
        "RawIntDen": [
            [
                4909,
                3951,
                3023,
                6708,
                5189,
                6073,
                4665,
                5423
            ]
        ],
        "IntDen": [
            [
                21.383604000000002,
                17.210556,
                13.168188,
                29.220048000000002,
                22.603284000000002,
                26.453988000000003,
                20.32074,
                23.622588000000004
            ]
        ],
        "local_bg": [
            [
                6.12,
                6.542857142857143,
                5.885714285714286,
                5.948571428571428,
                5.605714285714286,
                5.828571428571428,
                5.56,
                6.9714285714285715
            ]
        ],
        "area": [
            0.7623000000000001
        ],
        "distance": 3.5274479552956843,
        "points": [
            [
                270.8795467843901,
                160.25008273907125
            ],
            [
                265.8795467843901,
                156.85008273907124
            ],
            [
                264.8795467843901,
                151.85008273907124
            ],
            [
                265.8795467843901,
                146.85008273907124
            ],
            [
                270.8795467843901,
                145.25008273907125
            ],
            [
                276.4795467843901,
                146.25008273907125
            ],
            [
                280.12543682484926,
                152.53496348280893
            ],
            [
                278.27954678439005,
                159.25008273907125
            ]
        ],
        "shift": [
            [
                0,
                0
            ],
            [
                0.0,
                3.0
            ],
            [
                -0.0,
                5.0
            ],
            [
                2.0,
                2.0
            ],
            [
                9.0,
                -1.0
            ],
            [
                9.0,
                -3.0
            ],
            [
                6.0,
                -4.0
            ],
            [
                5.0,
                -5.0
            ]
        ],
        "channel": 0,
        "closest_Dend": 0
    },
    {
        "type": 0,
        "location": [
            289,
            137
        ],
        "bgloc": [
            326.72964464532856,
            92.58337082411691
        ],
        "mean": [
            [
                34.42201834862385,
                28.954128440366972,
                29.660550458715598,
                103.11009174311927,
                50.88990825688074,
                52.27981651376147,
                49.26146788990825,
                51.10550458715596
            ]
        ],
        "min": [
            [
                9,
                9,
                8,
                19,
                9,
                11,
                11,
                13
            ]
        ],
        "max": [
            [
                116,
                90,
                101,
                211,
                136,
                128,
                118,
                134
            ]
        ],
        "RawIntDen": [
            [
                7504,
                6312,
                6466,
                22478,
                11094,
                11397,
                10739,
                11141
            ]
        ],
        "IntDen": [
            [
                32.68742400000001,
                27.495072000000004,
                28.165896000000004,
                97.91416800000002,
                48.325464000000004,
                49.645332,
                46.779084000000005,
                48.530196000000004
            ]
        ],
        "local_bg": [
            [
                6.917050691244239,
                7.290322580645161,
                6.7373271889400925,
                6.571428571428571,
                6.709677419354839,
                6.419354838709677,
                6.410138248847926,
                8.105990783410139
            ]
        ],
        "area": [
            0.9496080000000001
        ],
        "distance": 4.362545771962088,
        "points": [
            [
                288.86495979980015,
                141.8041926986121
            ],
            [
                284.46495979980017,
                141.0041926986121
            ],
            [
                279.27662938747216,
                136.26175232674322
            ],
            [
                281.86495979980015,
                129.60419269861208
            ],
            [
                288.86495979980015,
                130.78270637684147
            ],
            [
                297.0835287246528,
                131.4675871205792
            ],
            [
                303.86495979980015,
                136.60419269861208
            ],
            [
                295.66495979980016,
                143.40419269861206
            ]
        ],
        "shift": [
            [
                0,
                0
            ],
            [
                2,
                0
            ],
            [
                -0.0,
                2.0
            ],
            [
                3.0,
                1.0
            ],
            [
                6.0,
                -1.0
            ],
            [
                5.0,
                -3.0
            ],
            [
                8.0,
                -3.0
            ],
            [
                9.0,
                -2.0
            ]
        ],
        "channel": 0,
        "closest_Dend": 0
    },
    {
        "type": 0,
        "location": [
            296,
            162
        ],
        "bgloc": [
            290,
            191
        ],
        "mean": [
            [
                43.48066298342541,
                35.027624309392266,
                20.0,
                42.61878453038674,
                24.591160220994475,
                30.85082872928177,
                16.933701657458563,
                30.259668508287294
            ]
        ],
        "min": [
            [
                8,
                7,
                6,
                6,
                5,
                5,
                3,
                6
            ]
        ],
        "max": [
            [
                115,
                97,
                69,
                122,
                75,
                99,
                60,
                91
            ]
        ],
        "RawIntDen": [
            [
                7870,
                6340,
                3620,
                7714,
                4451,
                5584,
                3065,
                5477
            ]
        ],
        "IntDen": [
            [
                34.28172000000001,
                27.617040000000003,
                15.768720000000002,
                33.602184,
                19.388556,
                24.323904000000002,
                13.351140000000001,
                23.857812000000003
            ]
        ],
        "local_bg": [
            [
                6.0497237569060776,
                6.707182320441989,
                6.138121546961326,
                5.779005524861878,
                5.955801104972376,
                6.116022099447513,
                6.071823204419889,
                7.6740331491712706
            ]
        ],
        "area": [
            0.7884360000000001
        ],
        "distance": 5.181166138655717,
        "points": [
            [
                295.53525355894794,
                168.37501872943218
            ],
            [
                290.13525355894797,
                166.97501872943218
            ],
            [
                289.13525355894797,
                161.57501872943217
            ],
            [
                290.3986479809151,
                155.7535324076616
            ],
            [
                295.53525355894794,
                153.37501872943218
            ],
            [
                303.33525355894795,
                153.77501872943216
            ],
            [
                303.13525355894797,
                161.57501872943217
            ],
            [
                301.33525355894795,
                167.37501872943218
            ]
        ],
        "shift": [
            [
                0,
                0
            ],
            [
                2,
                0
            ],
            [
                -2.0,
                4.0
            ],
            [
                2,
                0
            ],
            [
                5.0,
                0.0
            ],
            [
                2,
                0
            ],
            [
                6.0,
                1.0
            ],
            [
                -1.0,
                -4.0
            ]
        ],
        "channel": 0,
        "closest_Dend": 0
    },
    {
        "type": 0,
        "location": [
            319,
            161
        ],
        "bgloc": [
            319,
            183
        ],
        "mean": [
            [
                45.328947368421055,
                30.00877192982456,
                34.833333333333336,
                51.75438596491228,
                37.04385964912281,
                24.19298245614035,
                29.763157894736842,
                21.29824561403509
            ]
        ],
        "min": [
            [
                8,
                5,
                7,
                11,
                5,
                7,
                6,
                7
            ]
        ],
        "max": [
            [
                127,
                98,
                118,
                132,
                131,
                63,
                82,
                65
            ]
        ],
        "RawIntDen": [
            [
                10335,
                6842,
                7942,
                11800,
                8446,
                5516,
                6786,
                4856
            ]
        ],
        "IntDen": [
            [
                45.01926,
                29.803752000000003,
                34.595352000000005,
                51.400800000000004,
                36.790776,
                24.027696000000002,
                29.559816000000005,
                21.152736
            ]
        ],
        "local_bg": [
            [
                7.004385964912281,
                7.776315789473684,
                7.364035087719298,
                7.337719298245614,
                6.3201754385964914,
                7.026315789473684,
                6.399122807017544,
                7.451754385964913
            ]
        ],
        "area": [
            0.9931680000000002
        ],
        "distance": 6.524925036549528,
        "points": [
            [
                318.76655661481715,
                169.11454170438304
            ],
            [
                313.36655661481717,
                166.71454170438304
            ],
            [
                309.1665566148171,
                161.31454170438303
            ],
            [
                311.56655661481716,
                154.11454170438304
            ],
            [
                318.76655661481715,
                154.11454170438304
            ],
            [
                325.96655661481714,
                154.11454170438304
            ],
            [
                329.76655661481715,
                161.31454170438303
            ],
            [
                325.36655661481717,
                167.91454170438303
            ]
        ],
        "shift": [
            [
                0,
                0
            ],
            [
                -0.0,
                4.0
            ],
            [
                -5.0,
                3.0
            ],
            [
                4.0,
                4.0
            ],
            [
                1,
                0
            ],
            [
                1,
                0
            ],
            [
                2,
                0
            ],
            [
                1,
                0
            ]
        ],
        "channel": 0,
        "closest_Dend": 0
    },
    {
        "type": 0,
        "location": [
            345,
            167
        ],
        "bgloc": [
            339,
            196
        ],
        "mean": [
            [
                45.66216216216216,
                56.83783783783784,
                45.060810810810814,
                40.91216216216216,
                47.37837837837838,
                56.41891891891892,
                67.93243243243244,
                50.141891891891895
            ]
        ],
        "min": [
            [
                7,
                10,
                12,
                8,
                8,
                7,
                11,
                9
            ]
        ],
        "max": [
            [
                144,
                127,
                109,
                124,
                146,
                147,
                145,
                132
            ]
        ],
        "RawIntDen": [
            [
                6758,
                8412,
                6669,
                6055,
                7012,
                8350,
                10054,
                7421
            ]
        ],
        "IntDen": [
            [
                29.437848000000002,
                36.642672000000005,
                29.050164000000002,
                26.375580000000003,
                30.544272000000003,
                36.372600000000006,
                43.795224000000005,
                32.325876
            ]
        ],
        "local_bg": [
            [
                9.27027027027027,
                8.628378378378379,
                8.195945945945946,
                7.621621621621622,
                6.851351351351352,
                6.425675675675675,
                6.527027027027027,
                7.905405405405405
            ]
        ],
        "area": [
            0.644688
        ],
        "distance": 8.44747044003623,
        "points": [
            [
                345.216428595539,
                174.2569820762519
            ],
            [
                339.81642859553904,
                172.0569820762519
            ],
            [
                338.81642859553904,
                166.6569820762519
            ],
            [
                340.1050038037991,
                161.2046796900775
            ],
            [
                345.5840497537008,
                160.86223931820865
            ],
            [
                351.0630957036026,
                162.23200080568407
            ],
            [
                351.0630957036026,
                167.0261660118481
            ],
            [
                352.016428595539,
                173.4569820762519
            ]
        ],
        "shift": [
            [
                0,
                0
            ],
            [
                2,
                0
            ],
            [
                1,
                0
            ],
            [
                3.0,
                6.0
            ],
            [
                8.0,
                1.0
            ],
            [
                9.0,
                3.0
            ],
            [
                9.0,
                -1.0
            ],
            [
                7.0,
                -1.0
            ]
        ],
        "channel": 0,
        "closest_Dend": 0
    },
    {
        "type": 0,
        "location": [
            409,
            169
        ],
        "bgloc": [
            404,
            192
        ],
        "mean": [
            [
                147.37078651685394,
                134.52808988764045,
                90.63483146067416,
                80.4494382022472,
                69.75842696629213,
                87.75842696629213,
                81.10112359550561,
                66.7752808988764
            ]
        ],
        "min": [
            [
                42,
                35,
                10,
                17,
                10,
                21,
                20,
                10
            ]
        ],
        "max": [
            [
                255,
                238,
                249,
                205,
                183,
                192,
                219,
                209
            ]
        ],
        "RawIntDen": [
            [
                26232,
                23946,
                16133,
                14320,
                12417,
                15621,
                14436,
                11886
            ]
        ],
        "IntDen": [
            [
                114.26659200000002,
                104.30877600000001,
                70.27534800000001,
                62.37792000000001,
                54.088452000000004,
                68.04507600000001,
                62.883216000000004,
                51.77541600000001
            ]
        ],
        "local_bg": [
            [
                8.213483146067416,
                8.640449438202246,
                8.129213483146067,
                8.258426966292134,
                7.668539325842697,
                9.07865168539326,
                8.297752808988765,
                9.848314606741573
            ]
        ],
        "area": [
            0.7753680000000001
        ],
        "distance": 12.664242923867048,
        "points": [
            [
                408.77373218511383,
                174.70578951362907
            ],
            [
                404.1737321851138,
                173.10578951362908
            ],
            [
                402.77373218511383,
                168.50578951362908
            ],
            [
                400.57373218511384,
                160.3057895136291
            ],
            [
                408.77373218511383,
                160.70578951362907
            ],
            [
                415.57373218511384,
                161.70578951362907
            ],
            [
                416.77373218511383,
                168.50578951362908
            ],
            [
                414.37373218511385,
                174.10578951362908
            ]
        ],
        "shift": [
            [
                0,
                0
            ],
            [
                2,
                0
            ],
            [
                2.0,
                4.0
            ],
            [
                5.0,
                4.0
            ],
            [
                6.0,
                5.0
            ],
            [
                7.0,
                6.0
            ],
            [
                8.0,
                5.0
            ],
            [
                7.0,
                8.0
            ]
        ],
        "channel": 0,
        "closest_Dend": 0
    }
]