[
    {
        "type": 0,
        "location": [
            425,
            230
        ],
        "bgloc": [
            419,
            207
        ],
        "mean": [
            [
                47.30612244897959,
                42.054421768707485,
                38.12925170068027,
                84.89115646258503,
                75.9795918367347,
                73.87755102040816,
                78.4421768707483,
                58.034013605442176
            ]
        ],
        "min": [
            [
                9,
                6,
                7,
                19,
                11,
                13,
                11,
                10
            ]
        ],
        "max": [
            [
                137,
                123,
                130,
                199,
                199,
                185,
                201,
                141
            ]
        ],
        "RawIntDen": [
            [
                6954,
                6182,
                5605,
                12479,
                11169,
                10860,
                11531,
                8531
            ]
        ],
        "IntDen": [
            [
                30.291624000000002,
                26.928792,
                24.415380000000003,
                54.358524,
                48.652164000000006,
                47.306160000000006,
                50.22903600000001,
                37.161036
            ]
        ],
        "local_bg": [
            [
                8.748299319727892,
                8.687074829931973,
                8.551020408163266,
                9.537414965986395,
                9.591836734693878,
                9.795918367346939,
                10.29251700680272,
                9.598639455782314
            ]
        ],
        "area": [
            0.6403320000000001
        ],
        "distance": 0.9776779449761563,
        "points": [
            [
                424.9043449734157,
                237.1450941051137
            ],
            [
                418.1669227337152,
                235.89358669698933
            ],
            [
                417.0463789758333,
                229.73059602863887
            ],
            [
                420.1278743100085,
                224.40801317869986
            ],
            [
                425.730593099418,
                223.8477412997589
            ],
            [
                429.93263219147514,
                225.80869287605222
            ],
            [
                431.06733564176614,
                231.06563786299563
            ],
            [
                430.30434497341565,
                235.34509410511373
            ]
        ],
        "shift": [
            [
                0,
                0
            ],
            [
                0,
                0
            ],
            [
                0,
                0
            ],
            [
                -2.0,
                -0.0
            ],
            [
                -4.0,
                -3.0
            ],
            [
                -4.0,
                -2.0
            ],
            [
                -3.0,
                -2.0
            ],
            [
                -3.0,
                -1.0
            ]
        ],
        "channel": 0,
        "closest_Dend": 0
    },
    {
        "type": 0,
        "location": [
            409,
            274
        ],
        "bgloc": [
            419,
            327
        ],
        "mean": [
            [
                52.85128205128205,
                36.0974358974359,
                44.30769230769231,
                55.261538461538464,
                62.646153846153844,
                53.3948717948718,
                53.8974358974359,
                40.42564102564103
            ]
        ],
        "min": [
            [
                12,
                5,
                8,
                8,
                11,
                9,
                9,
                7
            ]
        ],
        "max": [
            [
                150,
                102,
                156,
                155,
                161,
                140,
                147,
                114
            ]
        ],
        "RawIntDen": [
            [
                10306,
                7039,
                8640,
                10776,
                12216,
                10412,
                10510,
                7883
            ]
        ],
        "IntDen": [
            [
                44.892936000000006,
                30.661884000000004,
                37.63584,
                46.940256000000005,
                53.21289600000001,
                45.35467200000001,
                45.781560000000006,
                34.338348
            ]
        ],
        "local_bg": [
            [
                7.092307692307692,
                6.907692307692308,
                7.841025641025641,
                7.661538461538462,
                7.435897435897436,
                8.287179487179488,
                8.189743589743589,
                8.415384615384616
            ]
        ],
        "area": [
            0.8494200000000001
        ],
        "distance": 2.6250176438042563,
        "points": [
            [
                408.65646048412816,
                283.60861163350586
            ],
            [
                402.51156157355155,
                279.4980389038346
            ],
            [
                401.67115375514015,
                274.45559199336606
            ],
            [
                402.79169751302203,
                269.133009143427
            ],
            [
                408.65646048412816,
                264.0086116335059
            ],
            [
                414.65646048412816,
                268.40861163350587
            ],
            [
                415.4564604841282,
                274.40861163350587
            ],
            [
                414.65646048412816,
                280.40861163350587
            ]
        ],
        "shift": [
            [
                0,
                0
            ],
            [
                0,
                0
            ],
            [
                -1.0,
                2.0
            ],
            [
                -2.0,
                -1.0
            ],
            [
                -4.0,
                -2.0
            ],
            [
                -3.0,
                3.0
            ],
            [
                -5.0,
                0.0
            ],
            [
                -6.0,
                3.0
            ]
        ],
        "channel": 0,
        "closest_Dend": 0
    },
    {
        "type": 0,
        "location": [
            312,
            247
        ],
        "bgloc": [
            308,
            224
        ],
        "mean": [
            [
                55.48039215686274,
                59.18627450980392,
                42.85294117647059,
                135.65686274509804,
                92.90196078431373,
                68.25490196078431,
                86.84313725490196,
                57.78431372549019
            ]
        ],
        "min": [
            [
                14,
                10,
                10,
                49,
                18,
                17,
                21,
                16
            ]
        ],
        "max": [
            [
                119,
                132,
                120,
                255,
                186,
                178,
                171,
                139
            ]
        ],
        "RawIntDen": [
            [
                5659,
                6037,
                4371,
                13837,
                9476,
                6962,
                8858,
                5894
            ]
        ],
        "IntDen": [
            [
                24.650604,
                26.297172000000003,
                19.040076000000003,
                60.27397200000001,
                41.27745600000001,
                30.326472000000003,
                38.58544800000001,
                25.674264000000004
            ]
        ],
        "local_bg": [
            [
                14.480392156862745,
                11.186274509803921,
                9.607843137254902,
                10.754901960784315,
                12.480392156862745,
                11.656862745098039,
                11.892156862745098,
                10.323529411764707
            ]
        ],
        "area": [
            0.44431200000000004
        ],
        "distance": 8.621682499918528,
        "points": [
            [
                312.2896973062848,
                253.9539301706946
            ],
            [
                307.4588508546877,
                252.91057913079868
            ],
            [
                306.61844303627623,
                248.42840409927106
            ],
            [
                308.0191227336286,
                243.38595718880254
            ],
            [
                312.2896973062848,
                241.5539301706946
            ],
            [
                316.2896973062848,
                243.1539301706946
            ],
            [
                317.68969730628476,
                247.1539301706946
            ],
            [
                316.2896973062848,
                251.1539301706946
            ]
        ],
        "shift": [
            [
                0,
                0
            ],
            [
                1.0,
                2.0
            ],
            [
                0.0,
                2.0
            ],
            [
                -3.0,
                -0.0
            ],
            [
                -3.0,
                -2.0
            ],
            [
                -2.0,
                -2.0
            ],
            [
                -4.0,
                0.0
            ],
            [
                -3.0,
                0.0
            ]
        ],
        "channel": 0,
        "closest_Dend": 0
    },
    {
        "type": 0,
        "location": [
            296,
            245
        ],
        "bgloc": [
            291,
            215
        ],
        "mean": [
            [
                65.83809523809524,
                83.41904761904762,
                57.48571428571429,
                127.3,
                91.75238095238095,
                112.3047619047619,
                90.28095238095239,
                63.87619047619047
            ]
        ],
        "min": [
            [
                9,
                13,
                5,
                17,
                13,
                13,
                17,
                7
            ]
        ],
        "max": [
            [
                195,
                238,
                190,
                250,
                233,
                225,
                209,
                144
            ]
        ],
        "RawIntDen": [
            [
                13826,
                17518,
                12072,
                26733,
                19268,
                23584,
                18959,
                13414
            ]
        ],
        "IntDen": [
            [
                60.22605600000001,
                76.30840800000001,
                52.585632000000004,
                116.44894800000002,
                83.931408,
                102.73190400000001,
                82.58540400000001,
                58.43138400000001
            ]
        ],
        "local_bg": [
            [
                8.980952380952381,
                8.657142857142857,
                8.39047619047619,
                10.361904761904762,
                9.676190476190476,
                9.557142857142857,
                11.290476190476191,
                9.333333333333334
            ]
        ],
        "area": [
            0.9147600000000001
        ],
        "distance": 9.970482209702189,
        "points": [
            [
                295.76104278405546,
                253.305821249332
            ],
            [
                289.5610427840555,
                251.305821249332
            ],
            [
                286.92000087217275,
                246.97961548055613
            ],
            [
                288.3206805695251,
                239.41594511485332
            ],
            [
                296.04117872352595,
                236.98187900468827
            ],
            [
                301.9240334524059,
                239.783238399393
            ],
            [
                303.60484908922876,
                246.7866368861549
            ],
            [
                303.0445772102878,
                251.26881191768248
            ]
        ],
        "shift": [
            [
                0,
                0
            ],
            [
                -2.0,
                1.0
            ],
            [
                -1.0,
                3.0
            ],
            [
                -5.0,
                -1.0
            ],
            [
                -5.0,
                -1.0
            ],
            [
                -3.0,
                -3.0
            ],
            [
                -5.0,
                1.0
            ],
            [
                -4.0,
                1.0
            ]
        ],
        "channel": 0,
        "closest_Dend": 0
    },
    {
        "type": 0,
        "location": [
            256,
            247
        ],
        "bgloc": [
            256,
            219
        ],
        "mean": [
            [
                121.12735849056604,
                120.67924528301887,
                111.74056603773585,
                94.70283018867924,
                105.18867924528301,
                106.58018867924528,
                102.30188679245283,
                95.59433962264151
            ]
        ],
        "min": [
            [
                26,
                13,
                11,
                11,
                11,
                12,
                17,
                13
            ]
        ],
        "max": [
            [
                255,
                255,
                255,
                250,
                253,
                255,
                255,
                245
            ]
        ],
        "RawIntDen": [
            [
                25679,
                25584,
                23689,
                20077,
                22300,
                22595,
                21688,
                20266
            ]
        ],
        "IntDen": [
            [
                111.85772400000002,
                111.44390400000002,
                103.18928400000001,
                87.45541200000001,
                97.13880000000002,
                98.42382,
                94.47292800000001,
                88.27869600000001
            ]
        ],
        "local_bg": [
            [
                8.773584905660377,
                9.169811320754716,
                9.193396226415095,
                10.089622641509434,
                9.68867924528302,
                10.599056603773585,
                9.80188679245283,
                11.584905660377359
            ]
        ],
        "area": [
            0.9234720000000001
        ],
        "distance": 12.453189539269568,
        "points": [
            [
                256.1419656543079,
                255.39365829175364
            ],
            [
                247.3419656543079,
                255.39365829175364
            ],
            [
                247.94196565430792,
                246.59365829175363
            ],
            [
                250.54196565430792,
                240.99365829175363
            ],
            [
                256.1419656543079,
                240.39365829175364
            ],
            [
                260.9419656543079,
                241.79365829175362
            ],
            [
                264.1419656543079,
                246.59365829175363
            ],
            [
                263.3419656543079,
                253.79365829175362
            ]
        ],
        "shift": [
            [
                0,
                0
            ],
            [
                0.0,
                0.0
            ],
            [
                1.0,
                0.0
            ],
            [
                -3.0,
                -1.0
            ],
            [
                -4,
                -1
            ],
            [
                -3.0,
                -1.0
            ],
            [
                -3.0,
                -0.0
            ],
            [
                -4.0,
                -0.0
            ]
        ],
        "channel": 0,
        "closest_Dend": 0
    },
    {
        "type": 0,
        "location": [
            233,
            283
        ],
        "bgloc": [
            233,
            327
        ],
        "mean": [
            [
                29.082417582417584,
                28.74175824175824,
                30.335164835164836,
                58.54945054945055,
                48.582417582417584,
                61.52197802197802,
                51.489010989010985,
                38.62637362637363
            ]
        ],
        "min": [
            [
                6,
                6,
                7,
                12,
                9,
                9,
                8,
                7
            ]
        ],
        "max": [
            [
                88,
                103,
                96,
                171,
                177,
                176,
                156,
                116
            ]
        ],
        "RawIntDen": [
            [
                5293,
                5231,
                5521,
                10656,
                8842,
                11197,
                9371,
                7030
            ]
        ],
        "IntDen": [
            [
                23.056308,
                22.786236000000002,
                24.049476000000002,
                46.417536000000005,
                38.515752000000006,
                48.77413200000001,
                40.82007600000001,
                30.622680000000003
            ]
        ],
        "local_bg": [
            [
                8.071428571428571,
                8.362637362637363,
                8.708791208791208,
                8.164835164835164,
                8.098901098901099,
                9.027472527472527,
                8.12087912087912,
                8.807692307692308
            ]
        ],
        "area": [
            0.792792
        ],
        "distance": 13.97118953926957,
        "points": [
            [
                232.69204207296326,
                291.6120101202677
            ],
            [
                226.69204207296326,
                289.4120101202677
            ],
            [
                225.49204207296327,
                283.4120101202677
            ],
            [
                226.89204207296325,
                277.6120101202677
            ],
            [
                233.34503572221985,
                276.41994205642123
            ],
            [
                238.89204207296325,
                277.21201012026773
            ],
            [
                240.49204207296327,
                283.4120101202677
            ],
            [
                238.69204207296326,
                289.4120101202677
            ]
        ],
        "shift": [
            [
                0,
                0
            ],
            [
                2,
                0
            ],
            [
                2,
                0
            ],
            [
                -1.0,
                1.0
            ],
            [
                2,
                -1
            ],
            [
                1,
                0
            ],
            [
                0,
                0
            ],
            [
                1,
                1
            ]
        ],
        "channel": 0,
        "closest_Dend": 0
    },
    {
        "type": 0,
        "location": [
            210,
            272
        ],
        "bgloc": [
            202,
            296
        ],
        "mean": [
            [
                28.74742268041237,
                33.06185567010309,
                34.49484536082474,
                125.49484536082474,
                140.10824742268042,
                61.649484536082475,
                63.84020618556701,
                48.09278350515464
            ]
        ],
        "min": [
            [
                8,
                6,
                7,
                16,
                46,
                10,
                9,
                10
            ]
        ],
        "max": [
            [
                79,
                123,
                97,
                253,
                249,
                173,
                176,
                135
            ]
        ],
        "RawIntDen": [
            [
                5577,
                6414,
                6692,
                24346,
                27181,
                11960,
                12385,
                9330
            ]
        ],
        "IntDen": [
            [
                24.293412000000004,
                27.939384000000004,
                29.150352,
                106.05117600000001,
                118.40043600000001,
                52.09776000000001,
                53.94906,
                40.64148
            ]
        ],
        "local_bg": [
            [
                9.118556701030927,
                9.175257731958762,
                9.15979381443299,
                9.860824742268042,
                9.814432989690722,
                9.927835051546392,
                9.082474226804123,
                9.427835051546392
            ]
        ],
        "area": [
            0.8450640000000001
        ],
        "distance": 15.235899864840682,
        "points": [
            [
                213.44075909691384,
                281.7311944834449
            ],
            [
                206.9976324890929,
                280.3305147860925
            ],
            [
                203.35586527597673,
                276.1284756940354
            ],
            [
                203.07572933650627,
                267.7243975099211
            ],
            [
                210.63939970220906,
                265.2031740546869
            ],
            [
                216.24211849161858,
                267.44426157045064
            ],
            [
                219.04347788632333,
                271.3661647230373
            ],
            [
                217.64279818897097,
                277.24901945191726
            ]
        ],
        "shift": [
            [
                0,
                0
            ],
            [
                2,
                0
            ],
            [
                -0.0,
                2.0
            ],
            [
                -6.0,
                1.0
            ],
            [
                -7.0,
                2.0
            ],
            [
                0,
                0
            ],
            [
                -1,
                0
            ],
            [
                -5.0,
                1.0
            ]
        ],
        "channel": 0,
        "closest_Dend": 0
    }
]