[
    {
        "type": 0,
        "location": [
            412,
            224
        ],
        "bgloc": [
            375.7989635991466,
            178.1669931922383
        ],
        "mean": [
            [
                61.625,
                61.4625,
                66.9625,
                79.8375,
                90.85,
                115.325,
                88.05,
                87.8125
            ]
        ],
        "min": [
            [
                17,
                19,
                16,
                27,
                22,
                50,
                34,
                28
            ]
        ],
        "max": [
            [
                129,
                102,
                131,
                143,
                152,
                208,
                199,
                185
            ]
        ],
        "RawIntDen": [
            [
                4930,
                4917,
                5357,
                6387,
                7268,
                9226,
                7044,
                7025
            ]
        ],
        "IntDen": [
            [
                1718.0064000000002,
                1713.4761600000002,
                1866.8073600000002,
                2225.7417600000003,
                2532.75264,
                3215.07648,
                2454.6931200000004,
                2448.072
            ]
        ],
        "local_bg": [
            [
                7.5394736842105265,
                7.934210526315789,
                7.526315789473684,
                7.447368421052632,
                7.2894736842105265,
                6.9605263157894735,
                7.118421052631579,
                7.157894736842105
            ]
        ],
        "area": [
            0.34848
        ],
        "distance": 4.717893618395915,
        "points": [
            [
                412.5889340967206,
                230.1057750711663
            ],
            [
                407.7720071516409,
                227.0374774367752
            ],
            [
                411.7803624215847,
                221.0249445318595
            ],
            [
                418.07920641721074,
                220.7386334411492
            ],
            [
                421.2,
                224.0
            ],
            [
                416.3613398729491,
                228.46903289032656
            ]
        ],
        "shift": null,
        "channel": 0,
        "closest_Dend": 0
    }
]