[
    {
        "type": 0,
        "location": [
            190,
            265
        ],
        "bgloc": [
            191,
            299
        ],
        "mean": [
            [
                56.40851063829787,
                48.88510638297873,
                37.47234042553192,
                47.6,
                39.98723404255319,
                43.40851063829787,
                61.12340425531915,
                49.59574468085106
            ]
        ],
        "min": [
            [
                7,
                6,
                5,
                6,
                5,
                5,
                4,
                5
            ]
        ],
        "max": [
            [
                172,
                170,
                121,
                156,
                139,
                171,
                242,
                135
            ]
        ],
        "RawIntDen": [
            [
                13256,
                11488,
                8806,
                11186,
                9397,
                10201,
                14364,
                11655
            ]
        ],
        "IntDen": [
            [
                13569.636960000002,
                11759.806080000002,
                9014.349960000001,
                11450.66076,
                9619.333020000002,
                10442.355660000001,
                14703.852240000002,
                11930.757300000001
            ]
        ],
        "local_bg": [
            [
                5.008474576271187,
                4.661016949152542,
                4.72457627118644,
                4.720338983050848,
                5.076271186440678,
                4.72457627118644,
                3.98728813559322,
                4.1525423728813555
            ]
        ],
        "area": [
            1.02366
        ],
        "distance": 12.084715777160223,
        "points": [
            [
                190.0,
                272.0
            ],
            [
                184.0,
                271.0
            ],
            [
                179.0,
                265.0
            ],
            [
                180.4,
                255.4
            ],
            [
                190.0,
                256.0
            ],
            [
                195.6,
                259.4
            ],
            [
                197.0,
                265.0
            ],
            [
                195.4,
                270.4
            ]
        ],
        "shift": null,
        "channel": 0,
        "closest_Dend": 0
    },
    {
        "type": 0,
        "location": [
            385,
            277
        ],
        "bgloc": [
            385,
            303
        ],
        "mean": [
            [
                61.1546052631579,
                64.51315789473684,
                56.54276315789474,
                100.95065789473684,
                98.79934210526316,
                83.43092105263158,
                88.99013157894737,
                85.77960526315789
            ]
        ],
        "min": [
            [
                5,
                8,
                7,
                13,
                11,
                10,
                9,
                9
            ]
        ],
        "max": [
            [
                201,
                196,
                186,
                244,
                232,
                207,
                213,
                222
            ]
        ],
        "RawIntDen": [
            [
                18591,
                19612,
                17189,
                30689,
                30035,
                25363,
                27053,
                26077
            ]
        ],
        "IntDen": [
            [
                24618.648384000004,
                25970.681088,
                22762.086336000004,
                40639.110336000005,
                39773.06784,
                33586.293312,
                35824.231872000004,
                34531.789248
            ]
        ],
        "local_bg": [
            [
                5.690789473684211,
                5.871710526315789,
                5.605263157894737,
                6.4605263157894735,
                6.865131578947368,
                6.8519736842105265,
                5.559210526315789,
                5.115131578947368
            ]
        ],
        "area": [
            1.324224
        ],
        "distance": 25.16244459369235,
        "points": [
            [
                385.0,
                289.8
            ],
            [
                373.8,
                288.2
            ],
            [
                375.2,
                277.0
            ],
            [
                376.8,
                268.8
            ],
            [
                385.0,
                268.8
            ],
            [
                390.6,
                271.4
            ],
            [
                391.4,
                277.0
            ],
            [
                391.0,
                283.0
            ]
        ],
        "shift": null,
        "channel": 0,
        "closest_Dend": 0
    },
    {
        "type": 0,
        "location": [
            165,
            242
        ],
        "bgloc": [
            162,
            227
        ],
        "mean": [
            [
                82.21800947867298,
                73.72985781990522,
                82.5260663507109,
                118.93364928909952,
                110.55450236966824,
                89.04739336492891,
                85.27014218009478,
                66.17535545023696
            ]
        ],
        "min": [
            [
                12,
                11,
                13,
                16,
                18,
                16,
                15,
                12
            ]
        ],
        "max": [
            [
                252,
                221,
                226,
                255,
                243,
                212,
                216,
                163
            ]
        ],
        "RawIntDen": [
            [
                17348,
                15557,
                17413,
                25095,
                23327,
                18789,
                17992,
                13963
            ]
        ],
        "IntDen": [
            [
                15944.824368000001,
                14298.687612000002,
                16004.566908000003,
                23065.216020000003,
                21440.218932000003,
                17269.270524000003,
                16536.735072000003,
                12833.616708000001
            ]
        ],
        "local_bg": [
            [
                10.137440758293838,
                8.800947867298579,
                10.786729857819905,
                12.734597156398104,
                16.412322274881518,
                16.19905213270142,
                12.412322274881516,
                10.066350710900474
            ]
        ],
        "area": [
            0.9191160000000002
        ],
        "distance": 10.54421589936289,
        "points": [
            [
                165.0,
                247.2
            ],
            [
                159.2,
                247.8
            ],
            [
                147.6,
                242.0
            ],
            [
                158.6,
                235.6
            ],
            [
                165.0,
                236.0
            ],
            [
                169.6,
                237.4
            ],
            [
                173.8,
                242.0
            ],
            [
                169.8,
                246.8
            ]
        ],
        "shift": null,
        "channel": 0,
        "closest_Dend": 0
    },
    {
        "type": 0,
        "location": [
            285,
            226
        ],
        "bgloc": [
            297.8937692432682,
            178.8779120341875
        ],
        "mean": [
            [
                111.9155672823219,
                124.4089709762533,
                85.95778364116094,
                69.21635883905013,
                72.78891820580475,
                67.03166226912928,
                66.12928759894459,
                64.10554089709763
            ]
        ],
        "min": [
            [
                13,
                23,
                9,
                9,
                9,
                8,
                9,
                9
            ]
        ],
        "max": [
            [
                238,
                248,
                214,
                217,
                219,
                196,
                192,
                181
            ]
        ],
        "RawIntDen": [
            [
                42416,
                47151,
                32578,
                26233,
                27587,
                25405,
                25063,
                24296
            ]
        ],
        "IntDen": [
            [
                70025.592384,
                77842.717524,
                53783.802072000006,
                43308.689292,
                45544.04038800001,
                41941.724220000004,
                41377.10821200001,
                40110.849504000005
            ]
        ],
        "local_bg": [
            [
                6.303191489361702,
                6.138297872340425,
                5.9787234042553195,
                5.848404255319149,
                5.6861702127659575,
                5.8962765957446805,
                5.14095744680851,
                5.159574468085107
            ]
        ],
        "area": [
            1.6509240000000003
        ],
        "distance": 18.761932560783695,
        "points": [
            [
                285.0,
                246.6
            ],
            [
                271.4,
                239.6
            ],
            [
                275.4,
                226.0
            ],
            [
                278.2,
                219.2
            ],
            [
                285.0,
                218.2
            ],
            [
                289.4,
                221.6
            ],
            [
                291.4,
                226.0
            ],
            [
                291.0,
                232.0
            ]
        ],
        "shift": null,
        "channel": 0,
        "closest_Dend": 0
    },
    {
        "type": 0,
        "location": [
            315,
            271
        ],
        "bgloc": [
            308,
            303
        ],
        "mean": [
            [
                53.157333333333334,
                53.22933333333334,
                48.29866666666667,
                63.44266666666667,
                102.30133333333333,
                105.024,
                87.648,
                67.86133333333333
            ]
        ],
        "min": [
            [
                6,
                7,
                6,
                9,
                19,
                18,
                13,
                9
            ]
        ],
        "max": [
            [
                200,
                199,
                198,
                212,
                250,
                251,
                251,
                221
            ]
        ],
        "RawIntDen": [
            [
                19934,
                19961,
                18112,
                23791,
                38363,
                39384,
                32868,
                25448
            ]
        ],
        "IntDen": [
            [
                32562.189000000002,
                32606.293500000003,
                29585.952000000005,
                38862.59850000001,
                62665.96050000001,
                64333.76400000001,
                53689.878000000004,
                41569.308000000005
            ]
        ],
        "local_bg": [
            [
                4.816,
                4.986666666666666,
                4.997333333333334,
                5.472,
                8.093333333333334,
                6.370666666666667,
                5.376,
                8.624
            ]
        ],
        "area": [
            1.6335000000000002
        ],
        "distance": 20.706099457112877,
        "points": [
            [
                315.0,
                281.4
            ],
            [
                307.0,
                279.0
            ],
            [
                305.4,
                271.0
            ],
            [
                305.6,
                261.6
            ],
            [
                315.0,
                260.8
            ],
            [
                322.8,
                263.2
            ],
            [
                333.0,
                271.0
            ],
            [
                321.2,
                277.2
            ]
        ],
        "shift": null,
        "channel": 0,
        "closest_Dend": 0
    },
    {
        "type": 0,
        "location": [
            82,
            273
        ],
        "bgloc": [
            89.94714432165671,
            294.86824050805114
        ],
        "mean": [
            [
                122.59469696969697,
                106.62121212121212,
                68.27272727272727,
                132.71969696969697,
                120.55681818181819,
                115.94318181818181,
                101.95454545454545,
                159.50378787878788
            ]
        ],
        "min": [
            [
                8,
                8,
                7,
                17,
                12,
                13,
                9,
                21
            ]
        ],
        "max": [
            [
                255,
                255,
                253,
                255,
                255,
                255,
                250,
                255
            ]
        ],
        "RawIntDen": [
            [
                32365,
                28148,
                18024,
                35038,
                31827,
                30609,
                26916,
                42109
            ]
        ],
        "IntDen": [
            [
                37219.23216000001,
                32369.749632000003,
                20727.311616000003,
                40293.139392000005,
                36600.540768000006,
                35199.86025600001,
                30952.969344000005,
                48424.676256000006
            ]
        ],
        "local_bg": [
            [
                6.528301886792453,
                6.939622641509434,
                6.060377358490566,
                7.286792452830189,
                7.022641509433963,
                6.909433962264151,
                5.513207547169811,
                6.607547169811321
            ]
        ],
        "area": [
            1.1499840000000001
        ],
        "distance": 4.771011647801037,
        "points": [
            [
                82.0,
                281.2
            ],
            [
                72.0,
                283.0
            ],
            [
                65.2,
                273.0
            ],
            [
                77.2,
                268.2
            ],
            [
                82.0,
                267.8
            ],
            [
                88.4,
                266.6
            ],
            [
                89.8,
                273.0
            ],
            [
                87.4,
                278.4
            ]
        ],
        "shift": null,
        "channel": 0,
        "closest_Dend": 0
    },
    {
        "type": 0,
        "location": [
            435,
            232
        ],
        "bgloc": [
            435,
            170
        ],
        "mean": [
            [
                30.83710407239819,
                43.918552036199095,
                36.51131221719457,
                36.841628959276015,
                33.411764705882355,
                43.62443438914027,
                35.69683257918552,
                46.09049773755656
            ]
        ],
        "min": [
            [
                8,
                7,
                7,
                7,
                8,
                9,
                6,
                13
            ]
        ],
        "max": [
            [
                111,
                165,
                131,
                133,
                115,
                122,
                102,
                120
            ]
        ],
        "RawIntDen": [
            [
                6815,
                9706,
                8069,
                8142,
                7384,
                9641,
                7889,
                10186
            ]
        ],
        "IntDen": [
            [
                6560.63694,
                9343.733256000001,
                7767.832644000001,
                7838.107992000001,
                7108.399584000001,
                9281.159316000001,
                7594.550964000001,
                9805.817736
            ]
        ],
        "local_bg": [
            [
                4.425339366515837,
                4.203619909502263,
                4.217194570135747,
                4.271493212669683,
                4.393665158371041,
                4.393665158371041,
                4.027149321266968,
                4.040723981900452
            ]
        ],
        "area": [
            0.9626760000000001
        ],
        "distance": 28.739293096471624,
        "points": [
            [
                435.0,
                239.4
            ],
            [
                427.46855060145833,
                237.39555522820882
            ],
            [
                423.8,
                232.0
            ],
            [
                428.0,
                225.0
            ],
            [
                435.0,
                221.6
            ],
            [
                441.2,
                225.8
            ],
            [
                441.4,
                232.0
            ],
            [
                439.8,
                236.8
            ]
        ],
        "shift": null,
        "channel": 0,
        "closest_Dend": 0
    },
    {
        "type": 0,
        "location": [
            51,
            294
        ],
        "bgloc": [
            51,
            348
        ],
        "mean": [
            [
                32.11484593837535,
                36.0812324929972,
                29.831932773109244,
                22.324929971988794,
                26.15686274509804,
                20.7703081232493,
                25.5406162464986,
                30.403361344537814
            ]
        ],
        "min": [
            [
                6,
                6,
                5,
                5,
                6,
                5,
                4,
                6
            ]
        ],
        "max": [
            [
                104,
                124,
                110,
                76,
                83,
                66,
                85,
                115
            ]
        ],
        "RawIntDen": [
            [
                11465,
                12881,
                10650,
                7970,
                9338,
                7415,
                9118,
                10854
            ]
        ],
        "IntDen": [
            [
                17829.129780000003,
                20031.140052000002,
                16561.7298,
                12394.083240000002,
                14521.449096000002,
                11531.00718,
                14179.328856000002,
                16878.968568
            ]
        ],
        "local_bg": [
            [
                3.5994397759103642,
                3.425770308123249,
                3.557422969187675,
                3.504201680672269,
                3.697478991596639,
                3.5322128851540615,
                3.380952380952381,
                3.34733893557423
            ]
        ],
        "area": [
            1.5550920000000001
        ],
        "distance": 3.367319472421978,
        "points": [
            [
                51.0,
                306.2
            ],
            [
                43.8,
                301.2
            ],
            [
                38.2,
                294.0
            ],
            [
                35.8,
                278.8
            ],
            [
                51.0,
                286.2
            ],
            [
                55.6,
                289.4
            ],
            [
                57.2,
                294.0
            ],
            [
                59.2,
                302.2
            ]
        ],
        "shift": null,
        "channel": 0,
        "closest_Dend": 0
    },
    {
        "type": 0,
        "location": [
            122,
            264
        ],
        "bgloc": [
            121.2958817470253,
            282.3287455379037
        ],
        "mean": [
            [
                113.38383838383838,
                125.57575757575758,
                62.57575757575758,
                89.9040404040404,
                75.17676767676768,
                72.48989898989899,
                63.878787878787875,
                65.55050505050505
            ]
        ],
        "min": [
            [
                14,
                19,
                6,
                9,
                8,
                8,
                6,
                7
            ]
        ],
        "max": [
            [
                247,
                255,
                215,
                215,
                246,
                206,
                205,
                209
            ]
        ],
        "RawIntDen": [
            [
                22450,
                24864,
                12390,
                17801,
                14885,
                14353,
                12648,
                12979
            ]
        ],
        "IntDen": [
            [
                19362.855600000003,
                21444.901632,
                10686.226320000002,
                15353.148888000002,
                12838.133880000001,
                12379.290264000001,
                10908.748224,
                11194.231752000002
            ]
        ],
        "local_bg": [
            [
                7.297435897435897,
                7.764102564102564,
                6.564102564102564,
                7.856410256410256,
                7.615384615384615,
                7.364102564102564,
                5.953846153846154,
                6.076923076923077
            ]
        ],
        "area": [
            0.8624880000000001
        ],
        "distance": 7.500641560931973,
        "points": [
            [
                122.0,
                271.0
            ],
            [
                114.4,
                271.6
            ],
            [
                106.2,
                264.0
            ],
            [
                117.2,
                259.2
            ],
            [
                122.0,
                258.8
            ],
            [
                128.0,
                258.0
            ],
            [
                127.4,
                264.0
            ],
            [
                126.6,
                268.6
            ]
        ],
        "shift": null,
        "channel": 0,
        "closest_Dend": 0
    },
    {
        "type": 0,
        "location": [
            156,
            258
        ],
        "bgloc": [
            159.9593245716465,
            277.10395596700903
        ],
        "mean": [
            [
                98.31102362204724,
                100.07086614173228,
                67.34645669291339,
                98.23622047244095,
                88.94488188976378,
                77.12204724409449,
                66.51181102362204,
                89.95275590551181
            ]
        ],
        "min": [
            [
                8,
                8,
                9,
                9,
                8,
                9,
                7,
                10
            ]
        ],
        "max": [
            [
                245,
                236,
                243,
                241,
                237,
                224,
                250,
                246
            ]
        ],
        "RawIntDen": [
            [
                24971,
                25418,
                17106,
                24952,
                22592,
                19589,
                16894,
                22848
            ]
        ],
        "IntDen": [
            [
                27628.513704000005,
                28123.085232000005,
                18926.488944,
                27607.491648000003,
                24996.331008000005,
                21673.739736000003,
                18691.927056,
                25279.575552000002
            ]
        ],
        "local_bg": [
            [
                7.220883534136546,
                7.27710843373494,
                6.710843373493976,
                6.847389558232932,
                6.931726907630522,
                6.871485943775101,
                5.847389558232932,
                5.763052208835341
            ]
        ],
        "area": [
            1.106424
        ],
        "distance": 9.832214132302521,
        "points": [
            [
                156.0,
                266.0
            ],
            [
                147.6,
                266.4
            ],
            [
                138.0,
                258.0
            ],
            [
                151.4,
                253.4
            ],
            [
                156.0,
                252.8
            ],
            [
                162.0,
                252.0
            ],
            [
                164.4,
                258.0
            ],
            [
                161.6,
                263.6
            ]
        ],
        "shift": null,
        "channel": 0,
        "closest_Dend": 0
    },
    {
        "type": 0,
        "location": [
            216,
            258
        ],
        "bgloc": [
            216,
            280
        ],
        "mean": [
            [
                100.35102040816327,
                114.82857142857142,
                82.88571428571429,
                83.19183673469388,
                77.08979591836734,
                59.38775510204081,
                31.518367346938774,
                43.70204081632653
            ]
        ],
        "min": [
            [
                8,
                8,
                8,
                6,
                7,
                6,
                5,
                4
            ]
        ],
        "max": [
            [
                254,
                233,
                238,
                242,
                248,
                245,
                171,
                198
            ]
        ],
        "RawIntDen": [
            [
                24586,
                28133,
                20307,
                20382,
                18887,
                14550,
                7722,
                10707
            ]
        ],
        "IntDen": [
            [
                26238.670920000004,
                30024.100260000003,
                21672.03654,
                21752.078040000004,
                20156.584140000003,
                15528.051000000001,
                8241.07284,
                11426.724540000001
            ]
        ],
        "local_bg": [
            [
                6.477551020408163,
                6.865306122448979,
                6.122448979591836,
                6.163265306122449,
                6.689795918367347,
                6.391836734693878,
                5.057142857142857,
                5.2
            ]
        ],
        "area": [
            1.06722
        ],
        "distance": 13.847406755853251,
        "points": [
            [
                216.0,
                267.4
            ],
            [
                210.0,
                264.0
            ],
            [
                204.8,
                258.0
            ],
            [
                208.8,
                250.8
            ],
            [
                216.0,
                250.8
            ],
            [
                222.4,
                251.6
            ],
            [
                224.4,
                258.0
            ],
            [
                223.0,
                265.0
            ]
        ],
        "shift": null,
        "channel": 0,
        "closest_Dend": 0
    },
    {
        "type": 0,
        "location": [
            263,
            259
        ],
        "bgloc": [
            277,
            287
        ],
        "mean": [
            [
                101.99612403100775,
                111.99612403100775,
                113.26744186046511,
                128.24418604651163,
                117.01162790697674,
                115.39922480620154,
                104.04651162790698,
                105.0077519379845
            ]
        ],
        "min": [
            [
                14,
                12,
                11,
                22,
                20,
                15,
                21,
                21
            ]
        ],
        "max": [
            [
                232,
                234,
                245,
                255,
                250,
                241,
                227,
                252
            ]
        ],
        "RawIntDen": [
            [
                26315,
                28895,
                29223,
                33087,
                30189,
                29773,
                26844,
                27092
            ]
        ],
        "IntDen": [
            [
                29574.060120000002,
                32473.587960000004,
                32842.210104000005,
                37184.758776,
                33927.847272000006,
                33460.326504000004,
                30168.575712,
                30447.290016000003
            ]
        ],
        "local_bg": [
            [
                5.616279069767442,
                5.910852713178294,
                5.748062015503876,
                6.8604651162790695,
                6.934108527131783,
                6.577519379844961,
                5.577519379844961,
                7.054263565891473
            ]
        ],
        "area": [
            1.1238480000000002
        ],
        "distance": 16.48919306845291,
        "points": [
            [
                260.27528433282595,
                266.6543768252195
            ],
            [
                255.0504947619312,
                263.5195030826826
            ],
            [
                248.0,
                259.0
            ],
            [
                255.4,
                251.4
            ],
            [
                263.0,
                248.6
            ],
            [
                268.63494764625756,
                255.159839769251
            ],
            [
                270.72486347461546,
                260.38462934014575
            ],
            [
                268.63494764625756,
                265.6094189110405
            ]
        ],
        "shift": null,
        "channel": 0,
        "closest_Dend": 0
    },
    {
        "type": 0,
        "location": [
            356,
            252
        ],
        "bgloc": [
            352.2315807805737,
            206.04681780284022
        ],
        "mean": [
            [
                85.14285714285714,
                69.68888888888888,
                54.27936507936508,
                70.58412698412698,
                45.46666666666667,
                47.60952380952381,
                49.93333333333333,
                54.282539682539685
            ]
        ],
        "min": [
            [
                12,
                11,
                9,
                9,
                9,
                10,
                8,
                7
            ]
        ],
        "max": [
            [
                255,
                238,
                227,
                246,
                244,
                208,
                225,
                224
            ]
        ],
        "RawIntDen": [
            [
                26820,
                21952,
                17098,
                22234,
                14322,
                14997,
                15729,
                17099
            ]
        ],
        "IntDen": [
            [
                36800.7948,
                30121.217280000004,
                23460.849720000002,
                30508.160760000002,
                19651.789080000002,
                20577.983580000004,
                21582.39006,
                23462.22186
            ]
        ],
        "local_bg": [
            [
                7.676375404530744,
                7.449838187702265,
                7.44336569579288,
                7.003236245954692,
                7.592233009708738,
                7.459546925566343,
                6.372168284789644,
                6.087378640776699
            ]
        ],
        "area": [
            1.3721400000000001
        ],
        "distance": 24.701434490282644,
        "points": [
            [
                356.0,
                258.8
            ],
            [
                349.2,
                258.8
            ],
            [
                346.2,
                252.0
            ],
            [
                343.6,
                239.6
            ],
            [
                356.0,
                237.4
            ],
            [
                362.0,
                246.0
            ],
            [
                362.4,
                252.0
            ],
            [
                362.8,
                258.8
            ]
        ],
        "shift": null,
        "channel": 0,
        "closest_Dend": 0
    },
    {
        "type": 0,
        "location": [
            365,
            270
        ],
        "bgloc": [
            357.45637035146854,
            295.91319842223015
        ],
        "mean": [
            [
                68.64056939501779,
                91.08185053380782,
                65.20996441281139,
                113.87900355871886,
                110.2135231316726,
                114.99644128113879,
                84.51957295373666,
                97.70818505338079
            ]
        ],
        "min": [
            [
                7,
                9,
                7,
                16,
                14,
                19,
                12,
                15
            ]
        ],
        "max": [
            [
                255,
                246,
                197,
                248,
                253,
                230,
                177,
                208
            ]
        ],
        "RawIntDen": [
            [
                19288,
                25594,
                18324,
                32000,
                30970,
                32314,
                23750,
                27456
            ]
        ],
        "IntDen": [
            [
                23609.206368000003,
                31327.977384000005,
                22429.235664000003,
                39169.152,
                37908.394920000006,
                39553.499304000004,
                29070.855000000003,
                33607.132416
            ]
        ],
        "local_bg": [
            [
                6.086330935251799,
                6.14748201438849,
                5.870503597122302,
                6.737410071942446,
                7.154676258992806,
                6.899280575539568,
                5.5071942446043165,
                5.460431654676259
            ]
        ],
        "area": [
            1.2240360000000001
        ],
        "distance": 24.124464790309762,
        "points": [
            [
                365.0,
                277.6
            ],
            [
                354.0,
                281.0
            ],
            [
                347.4,
                270.0
            ],
            [
                359.8,
                264.8
            ],
            [
                365.0,
                265.2
            ],
            [
                370.8,
                264.2
            ],
            [
                373.4,
                270.0
            ],
            [
                370.6,
                275.6
            ]
        ],
        "shift": null,
        "channel": 0,
        "closest_Dend": 0
    }
]