[
    {
        "type": 0,
        "location": [
            27,
            273
        ],
        "bgloc": [
            99,
            216
        ],
        "mean": [
            [
                39.36479591836735,
                43.64540816326531,
                36.42602040816327,
                88.66071428571429,
                67.15051020408163,
                51.94387755102041,
                55.14540816326531,
                57.4030612244898
            ]
        ],
        "min": [
            [
                3,
                4,
                3,
                9,
                7,
                8,
                7,
                6
            ]
        ],
        "max": [
            [
                177,
                173,
                174,
                199,
                220,
                163,
                195,
                213
            ]
        ],
        "RawIntDen": [
            [
                15431,
                17109,
                14279,
                34755,
                26323,
                20362,
                21617,
                22502
            ]
        ],
        "IntDen": [
            [
                67.217436,
                74.52680400000001,
                62.199324000000004,
                151.39278000000002,
                114.66298800000001,
                88.69687200000001,
                94.16365200000001,
                98.01871200000001
            ]
        ],
        "local_bg": [
            [
                6.8188775510204085,
                6.589285714285714,
                5.9438775510204085,
                8.181122448979592,
                7.711734693877551,
                8.331632653061224,
                7.1811224489795915,
                7.280612244897959
            ]
        ],
        "area": [
            1.7075520000000002
        ],
        "distance": 1.6721270878558574,
        "points": [
            [
                30.506279425264978,
                291.0756842040025
            ],
            [
                19.573668689763707,
                284.6669123935363
            ],
            [
                21.1925805611054,
                274.4218712020044
            ],
            [
                19.573668689763707,
                266.9485432704825
            ],
            [
                27.833921269201184,
                262.97051271493933
            ],
            [
                34.84162506175686,
                266.19457011631
            ],
            [
                36.50858424194287,
                274.2148981792904
            ],
            [
                40.11943714096437,
                280.89704662267377
            ]
        ],
        "shift": [
            [
                0,
                0
            ],
            [
                -1.0,
                2.0
            ],
            [
                -1.0,
                4.0
            ],
            [
                -1.0,
                0.0
            ],
            [
                -1.0,
                -1.0
            ],
            [
                3.0,
                -4.0
            ],
            [
                5.0,
                -1.0
            ],
            [
                4.0,
                -0.0
            ]
        ],
        "channel": 0,
        "closest_Dend": 0
    },
    {
        "type": 0,
        "location": [
            59,
            243
        ],
        "bgloc": [
            64,
            216
        ],
        "mean": [
            [
                61.7304347826087,
                59.926086956521736,
                57.21304347826087,
                126.97391304347826,
                92.74782608695652,
                83.73478260869565,
                83.30434782608695,
                79.4608695652174
            ]
        ],
        "min": [
            [
                5,
                5,
                5,
                23,
                7,
                9,
                13,
                11
            ]
        ],
        "max": [
            [
                190,
                207,
                214,
                246,
                248,
                235,
                190,
                194
            ]
        ],
        "RawIntDen": [
            [
                14198,
                13783,
                13159,
                29204,
                21332,
                19259,
                19160,
                18276
            ]
        ],
        "IntDen": [
            [
                61.84648800000001,
                60.038748000000005,
                57.320604,
                127.21262400000002,
                92.92219200000001,
                83.892204,
                83.46096000000001,
                79.610256
            ]
        ],
        "local_bg": [
            [
                6.456521739130435,
                6.160869565217391,
                5.791304347826087,
                7.278260869565218,
                7.004347826086956,
                7.308695652173913,
                7.165217391304348,
                7.026086956521739
            ]
        ],
        "area": [
            1.00188
        ],
        "distance": 3.2245598211808013,
        "points": [
            [
                59.06794049315563,
                250.0055097202724
            ],
            [
                52.46794049315563,
                249.40550972027242
            ],
            [
                51.727109175845015,
                243.38088521140736
            ],
            [
                58.99891349063084,
                238.9597540907668
            ],
            [
                63.780272706733754,
                233.19235200457302
            ],
            [
                72.63945726826066,
                232.62687213894364
            ],
            [
                73.0164438453469,
                240.35509696921181
            ],
            [
                64.66794049315564,
                248.40550972027242
            ]
        ],
        "shift": [
            [
                0,
                0
            ],
            [
                0.0,
                -1.0
            ],
            [
                -1.0,
                -1.0
            ],
            [
                -3.0,
                -2.0
            ],
            [
                -2.0,
                -2.0
            ],
            [
                1.0,
                -4.0
            ],
            [
                -2.0,
                -4.0
            ],
            [
                -1.0,
                -3.0
            ]
        ],
        "channel": 0,
        "closest_Dend": 0
    },
    {
        "type": 0,
        "location": [
            74,
            272
        ],
        "bgloc": [
            177,
            216
        ],
        "mean": [
            [
                46.694736842105264,
                51.97894736842105,
                44.92631578947368,
                41.8421052631579,
                70.22105263157894,
                66.58947368421053,
                58.305263157894736,
                68.05263157894737
            ]
        ],
        "min": [
            [
                12,
                12,
                12,
                8,
                8,
                14,
                11,
                14
            ]
        ],
        "max": [
            [
                95,
                122,
                98,
                91,
                174,
                164,
                116,
                134
            ]
        ],
        "RawIntDen": [
            [
                4436,
                4938,
                4268,
                3975,
                6671,
                6326,
                5539,
                6465
            ]
        ],
        "IntDen": [
            [
                19.323216000000002,
                21.509928000000002,
                18.591408,
                17.3151,
                29.058876000000005,
                27.556056,
                24.127884,
                28.161540000000002
            ]
        ],
        "local_bg": [
            [
                7.410526315789474,
                7.073684210526316,
                6.568421052631579,
                7.989473684210527,
                7.473684210526316,
                8.08421052631579,
                7.589473684210526,
                7.168421052631579
            ]
        ],
        "area": [
            0.41382
        ],
        "distance": 4.591967926293025,
        "points": [
            [
                74.63015278970322,
                278.61545566401867
            ],
            [
                70.48330044175445,
                276.3535362015012
            ],
            [
                69.3523407104957,
                272.5836704306387
            ],
            [
                69.54083399903882,
                269.5677778139487
            ],
            [
                74.44165950116009,
                268.2483247941468
            ],
            [
                79.7194715803676,
                270.3217509681212
            ],
            [
                81.2274178887126,
                273.71463016189745
            ],
            [
                80.09645815745384,
                278.0499757983893
            ]
        ],
        "shift": [
            [
                0,
                0
            ],
            [
                -2.0,
                -0.0
            ],
            [
                -2.0,
                1.0
            ],
            [
                0,
                0
            ],
            [
                -1.0,
                1.0
            ],
            [
                1.0,
                -1.0
            ],
            [
                0.0,
                0.0
            ],
            [
                2.0,
                1.0
            ]
        ],
        "channel": 0,
        "closest_Dend": 0
    },
    {
        "type": 0,
        "location": [
            106,
            247
        ],
        "bgloc": [
            27,
            311
        ],
        "mean": [
            [
                45.07560137457045,
                34.65979381443299,
                41.54295532646048,
                123.35395189003437,
                67.81099656357388,
                103.39862542955326,
                56.123711340206185,
                66.54639175257732
            ]
        ],
        "min": [
            [
                7,
                6,
                7,
                14,
                8,
                12,
                6,
                8
            ]
        ],
        "max": [
            [
                184,
                137,
                162,
                255,
                239,
                255,
                181,
                197
            ]
        ],
        "RawIntDen": [
            [
                13117,
                10086,
                12089,
                35896,
                19733,
                30089,
                16332,
                19365
            ]
        ],
        "IntDen": [
            [
                57.13765200000001,
                43.934616000000005,
                52.659684000000006,
                156.36297600000003,
                85.95694800000001,
                131.067684,
                71.14219200000001,
                84.35394000000001
            ]
        ],
        "local_bg": [
            [
                5.701030927835052,
                6.051546391752577,
                5.312714776632302,
                6.209621993127148,
                5.986254295532646,
                6.154639175257732,
                6.883161512027492,
                6.680412371134021
            ]
        ],
        "area": [
            1.2675960000000002
        ],
        "distance": 6.775114884083164,
        "points": [
            [
                105.7595118349602,
                254.59130802611614
            ],
            [
                100.10471317866643,
                252.70637514068486
            ],
            [
                98.59676687032143,
                247.42856306147738
            ],
            [
                99.9162198901233,
                241.39677782809736
            ],
            [
                107.88770222582511,
                236.90468421815117
            ],
            [
                118.82031296132637,
                240.48605670047056
            ],
            [
                118.254833095697,
                249.34524126199744
            ],
            [
                117.12387336443824,
                254.2460667641187
            ]
        ],
        "shift": [
            [
                0,
                0
            ],
            [
                -2.0,
                -1.0
            ],
            [
                -2.0,
                -0.0
            ],
            [
                -2.0,
                -3.0
            ],
            [
                -2.0,
                -3.0
            ],
            [
                -1.0,
                -3.0
            ],
            [
                -5.0,
                -3.0
            ],
            [
                -1.0,
                -2.0
            ]
        ],
        "channel": 0,
        "closest_Dend": 0
    },
    {
        "type": 0,
        "location": [
            142,
            237
        ],
        "bgloc": [
            134,
            199
        ],
        "mean": [
            [
                58.80203045685279,
                53.49238578680203,
                44.47715736040609,
                103.25380710659898,
                59.2994923857868,
                58.82233502538071,
                54.776649746192895,
                65.84771573604061
            ]
        ],
        "min": [
            [
                9,
                8,
                9,
                13,
                11,
                10,
                8,
                8
            ]
        ],
        "max": [
            [
                152,
                138,
                131,
                221,
                171,
                170,
                144,
                180
            ]
        ],
        "RawIntDen": [
            [
                11584,
                10538,
                8762,
                20341,
                11682,
                11588,
                10791,
                12972
            ]
        ],
        "IntDen": [
            [
                50.45990400000001,
                45.90352800000001,
                38.167272000000004,
                88.60539600000001,
                50.88679200000001,
                50.47732800000001,
                47.005596000000004,
                56.506032000000005
            ]
        ],
        "local_bg": [
            [
                6.324873096446701,
                5.83756345177665,
                4.98984771573604,
                6.284263959390863,
                6.020304568527918,
                6.157360406091371,
                6.426395939086294,
                6.147208121827411
            ]
        ],
        "area": [
            0.8581320000000001
        ],
        "distance": 9.23605701021254,
        "points": [
            [
                143.72230711783968,
                245.87293890306233
            ],
            [
                136.26690691464827,
                243.03564394940992
            ],
            [
                135.26690691464827,
                237.03564394940992
            ],
            [
                136.26690691464827,
                231.03564394940992
            ],
            [
                142.02586752095155,
                228.15456978000856
            ],
            [
                147.86915946578844,
                229.66251608835358
            ],
            [
                149.7540923512197,
                235.8827946102767
            ],
            [
                149.00011919704718,
                241.72608655511357
            ]
        ],
        "shift": [
            [
                0,
                0
            ],
            [
                0,
                0
            ],
            [
                1,
                1
            ],
            [
                3.0,
                -5.0
            ],
            [
                2.0,
                -5.0
            ],
            [
                4.0,
                -3.0
            ],
            [
                0.0,
                -3.0
            ],
            [
                1.0,
                -1.0
            ]
        ],
        "channel": 0,
        "closest_Dend": 0
    },
    {
        "type": 0,
        "location": [
            175,
            276
        ],
        "bgloc": [
            69,
            293
        ],
        "mean": [
            [
                61.07655502392345,
                46.05263157894737,
                50.72248803827751,
                89.74162679425838,
                125.70813397129187,
                55.08612440191388,
                66.54545454545455,
                80.11483253588517
            ]
        ],
        "min": [
            [
                9,
                7,
                6,
                10,
                14,
                9,
                11,
                10
            ]
        ],
        "max": [
            [
                167,
                166,
                173,
                215,
                252,
                153,
                165,
                164
            ]
        ],
        "RawIntDen": [
            [
                12765,
                9625,
                10601,
                18756,
                26273,
                11513,
                13908,
                16744
            ]
        ],
        "IntDen": [
            [
                55.60434000000001,
                41.926500000000004,
                46.177956,
                81.701136,
                114.44518800000002,
                50.150628000000005,
                60.583248000000005,
                72.93686400000001
            ]
        ],
        "local_bg": [
            [
                7.588516746411483,
                7.650717703349282,
                7.2009569377990434,
                7.889952153110048,
                7.952153110047847,
                7.822966507177034,
                8.047846889952153,
                7.8086124401913874
            ]
        ],
        "area": [
            0.9104040000000001
        ],
        "distance": 11.170817638433185,
        "points": [
            [
                175.8540942837094,
                284.3541528500529
            ],
            [
                170.88861441808,
                279.894968288526
            ],
            [
                169.48861441808,
                275.494968288526
            ],
            [
                169.08861441808003,
                269.29496828852604
            ],
            [
                177.17354730351127,
                264.7508508415679
            ],
            [
                184.33629226815003,
                269.2746897666029
            ],
            [
                183.36767189679213,
                276.6782874709846
            ],
            [
                181.25417904135335,
                281.89996121954476
            ]
        ],
        "shift": [
            [
                0,
                0
            ],
            [
                -1.0,
                3.0
            ],
            [
                2.0,
                6.0
            ],
            [
                4.0,
                6.0
            ],
            [
                2.0,
                6.0
            ],
            [
                5.0,
                7.0
            ],
            [
                4.0,
                9.0
            ],
            [
                -0.0,
                8.0
            ]
        ],
        "channel": 0,
        "closest_Dend": 0
    },
    {
        "type": 0,
        "location": [
            177,
            242
        ],
        "bgloc": [
            175,
            318
        ],
        "mean": [
            [
                87.50214592274678,
                78.54935622317596,
                76.79399141630901,
                157.18884120171674,
                103.12017167381974,
                95.27896995708154,
                91.21030042918454,
                85.36051502145922
            ]
        ],
        "min": [
            [
                8,
                9,
                10,
                44,
                9,
                10,
                9,
                7
            ]
        ],
        "max": [
            [
                255,
                250,
                236,
                255,
                255,
                255,
                254,
                251
            ]
        ],
        "RawIntDen": [
            [
                20388,
                18302,
                17893,
                36625,
                24027,
                22200,
                21252,
                19889
            ]
        ],
        "IntDen": [
            [
                88.810128,
                79.72351200000001,
                77.94190800000001,
                159.53850000000003,
                104.661612,
                96.70320000000001,
                92.57371200000001,
                86.63648400000001
            ]
        ],
        "local_bg": [
            [
                6.407725321888412,
                5.901287553648069,
                5.484978540772532,
                6.28755364806867,
                6.373390557939914,
                6.330472103004292,
                6.8927038626609445,
                6.84549356223176
            ]
        ],
        "area": [
            1.0149480000000002
        ],
        "distance": 11.566817638433186,
        "points": [
            [
                177.3266585836696,
                249.90633522239366
            ],
            [
                167.17829180162963,
                248.03391963532016
            ],
            [
                167.33651429088397,
                239.82140233696242
            ],
            [
                172.61432637009148,
                235.86304327755678
            ],
            [
                179.02309818055772,
                235.10907012338427
            ],
            [
                185.43186999102397,
                236.8055097202724
            ],
            [
                187.1283095879121,
                241.8948285109368
            ],
            [
                185.25058226634857,
                247.61705635002048
            ]
        ],
        "shift": [
            [
                0,
                0
            ],
            [
                0,
                0
            ],
            [
                0.0,
                2.0
            ],
            [
                1.0,
                3.0
            ],
            [
                -0.0,
                2.0
            ],
            [
                1.0,
                2.0
            ],
            [
                1.0,
                3.0
            ],
            [
                0.0,
                2.0
            ]
        ],
        "channel": 0,
        "closest_Dend": 0
    }
]