[
    {
        "type": 0,
        "location": [
            129,
            253
        ],
        "bgloc": [
            125,
            236
        ],
        "mean": [
            [
                54.52238805970149,
                29.119402985074625,
                44.992537313432834,
                42.582089552238806,
                42.44776119402985,
                34.082089552238806,
                42.74626865671642,
                26.67910447761194
            ]
        ],
        "min": [
            [
                15,
                6,
                7,
                7,
                10,
                8,
                9,
                4
            ]
        ],
        "max": [
            [
                111,
                81,
                103,
                125,
                110,
                125,
                109,
                72
            ]
        ],
        "RawIntDen": [
            [
                7306,
                3902,
                6029,
                5706,
                5688,
                4567,
                5728,
                3575
            ]
        ],
        "IntDen": [
            [
                31.824936000000005,
                16.997112,
                26.262324000000003,
                24.855336,
                24.776928,
                19.893852000000003,
                24.951168000000003,
                15.572700000000001
            ]
        ],
        "local_bg": [
            [
                6.723880597014926,
                5.835820895522388,
                6.5,
                6.604477611940299,
                6.082089552238806,
                5.932835820895522,
                4.402985074626866,
                4.701492537313433
            ]
        ],
        "area": [
            0.5837040000000001
        ],
        "distance": 1.0444649213604071,
        "points": [
            [
                129.4163355285135,
                258.9906194425464
            ],
            [
                124.83267105702703,
                258.5480532092904
            ],
            [
                122.24926389492818,
                253.70416478035506
            ],
            [
                124.21633552851351,
                247.99061944254638
            ],
            [
                129.4163355285135,
                244.99061944254638
            ],
            [
                134.21633552851353,
                248.39061944254635
            ],
            [
                135.16629970542246,
                254.02709067561742
            ],
            [
                134.81633552851352,
                258.59061944254637
            ]
        ],
        "shift": [
            [
                0,
                0
            ],
            [
                3.0,
                -1.0
            ],
            [
                3.0,
                -2.0
            ],
            [
                1.0,
                -3.0
            ],
            [
                3.0,
                -1.0
            ],
            [
                3.0,
                -2.0
            ],
            [
                -5.0,
                -0.0
            ],
            [
                -5.0,
                0.0
            ]
        ],
        "channel": 0,
        "closest_Dend": 0
    },
    {
        "type": 0,
        "location": [
            262,
            278
        ],
        "bgloc": [
            256.2620649510752,
            317.28456108314117
        ],
        "mean": [
            [
                29.762237762237763,
                28.06993006993007,
                25.3006993006993,
                27.286713286713287,
                27.202797202797203,
                15.671328671328672,
                26.727272727272727,
                18.46853146853147
            ]
        ],
        "min": [
            [
                7,
                3,
                5,
                3,
                4,
                2,
                5,
                4
            ]
        ],
        "max": [
            [
                99,
                84,
                80,
                87,
                75,
                47,
                91,
                55
            ]
        ],
        "RawIntDen": [
            [
                4256,
                4014,
                3618,
                3902,
                3890,
                2241,
                3822,
                2641
            ]
        ],
        "IntDen": [
            [
                18.539136000000003,
                17.484984,
                15.760008000000003,
                16.997112,
                16.944840000000003,
                9.761796,
                16.648632000000003,
                11.504196000000002
            ]
        ],
        "local_bg": [
            [
                3.8661971830985915,
                2.9295774647887325,
                3.408450704225352,
                2.76056338028169,
                2.6056338028169015,
                3.1549295774647885,
                2.1267605633802815,
                2.9507042253521125
            ]
        ],
        "area": [
            0.622908
        ],
        "distance": 10.297404575790841,
        "points": [
            [
                264.027978448981,
                284.3205661470394
            ],
            [
                256.9236087532091,
                281.73715898494055
            ],
            [
                256.9236087532091,
                276.5703446607428
            ],
            [
                258.8611641247833,
                273.6640116033816
            ],
            [
                264.027978448981,
                270.11182675549566
            ],
            [
                268.8718668779164,
                273.34108570811924
            ],
            [
                271.03058206239166,
                278.4519866545691
            ],
            [
                268.548940982654,
                283.3517884612523
            ]
        ],
        "shift": [
            [
                0,
                0
            ],
            [
                2.0,
                1.0
            ],
            [
                3.0,
                3.0
            ],
            [
                1.0,
                2.0
            ],
            [
                3.0,
                5.0
            ],
            [
                0.0,
                4.0
            ],
            [
                -5.0,
                5.0
            ],
            [
                -4.0,
                8.0
            ]
        ],
        "channel": 0,
        "closest_Dend": 0
    },
    {
        "type": 0,
        "location": [
            305,
            269
        ],
        "bgloc": [
            309.12511933414487,
            302.72806784722343
        ],
        "mean": [
            [
                36.4954128440367,
                35.11926605504587,
                33.51376146788991,
                38.321100917431195,
                51.862385321100916,
                40.58715596330275,
                36.3394495412844,
                31.926605504587155
            ]
        ],
        "min": [
            [
                9,
                10,
                3,
                8,
                13,
                4,
                7,
                6
            ]
        ],
        "max": [
            [
                89,
                129,
                85,
                84,
                119,
                114,
                86,
                82
            ]
        ],
        "RawIntDen": [
            [
                3978,
                3828,
                3653,
                4177,
                5653,
                4424,
                3961,
                3480
            ]
        ],
        "IntDen": [
            [
                17.328168,
                16.674768,
                15.912468000000002,
                18.195012000000002,
                24.624468000000004,
                19.270944000000004,
                17.254116000000003,
                15.158880000000002
            ]
        ],
        "local_bg": [
            [
                3.8518518518518516,
                3.1203703703703702,
                3.564814814814815,
                3.6481481481481484,
                2.611111111111111,
                3.074074074074074,
                3.0833333333333335,
                3.6296296296296298
            ]
        ],
        "area": [
            0.47480400000000006
        ],
        "distance": 12.766700491908608,
        "points": [
            [
                304.67142971333453,
                275.64128390143605
            ],
            [
                301.0511558456197,
                274.29916064077327
            ],
            [
                297.0714297133345,
                269.44128390143607
            ],
            [
                300.0823781598326,
                266.22601325921437
            ],
            [
                305.24919248403035,
                264.93430967816494
            ],
            [
                309.44722912244094,
                266.8718650497391
            ],
            [
                311.3847844940151,
                271.0699016881497
            ],
            [
                310.27142971333456,
                275.0412839014361
            ]
        ],
        "shift": [
            [
                0,
                0
            ],
            [
                0,
                0
            ],
            [
                2.0,
                4.0
            ],
            [
                3.0,
                2.0
            ],
            [
                4.0,
                4.0
            ],
            [
                3.0,
                4.0
            ],
            [
                -4.0,
                7.0
            ],
            [
                -2.0,
                7.0
            ]
        ],
        "channel": 0,
        "closest_Dend": 0
    },
    {
        "type": 0,
        "location": [
            319,
            249
        ],
        "bgloc": [
            323.6816125700626,
            219.98589576937525
        ],
        "mean": [
            [
                41.23529411764706,
                33.31764705882353,
                38.27058823529412,
                35.129411764705885,
                53.705882352941174,
                43.92941176470588,
                24.58823529411765,
                39.71764705882353
            ]
        ],
        "min": [
            [
                10,
                4,
                3,
                6,
                11,
                6,
                4,
                4
            ]
        ],
        "max": [
            [
                83,
                121,
                99,
                98,
                116,
                148,
                127,
                127
            ]
        ],
        "RawIntDen": [
            [
                3505,
                2832,
                3253,
                2986,
                4565,
                3734,
                2090,
                3376
            ]
        ],
        "IntDen": [
            [
                15.267780000000002,
                12.336192000000002,
                14.170068000000002,
                13.007016000000002,
                19.885140000000003,
                16.265304,
                9.104040000000001,
                14.705856000000002
            ]
        ],
        "local_bg": [
            [
                5.0843373493975905,
                3.7951807228915664,
                3.674698795180723,
                4.530120481927711,
                3.6626506024096384,
                3.566265060240964,
                2.4457831325301207,
                3.1686746987951806
            ]
        ],
        "area": [
            0.37026000000000003
        ],
        "distance": 13.858123259615926,
        "points": [
            [
                319.43741231449417,
                253.35001657087975
            ],
            [
                315.23937567608357,
                251.73538709456798
            ],
            [
                313.89676194277945,
                248.83647123307105
            ],
            [
                315.09676194277944,
                244.63647123307106
            ],
            [
                319.2967619427794,
                242.83647123307105
            ],
            [
                324.2813007434296,
                245.92272097984556
            ],
            [
                325.57300432447903,
                248.8290540372068
            ],
            [
                323.6354489529049,
                251.41246119930562
            ]
        ],
        "shift": [
            [
                0,
                0
            ],
            [
                2.0,
                -1.0
            ],
            [
                3,
                1
            ],
            [
                3,
                -2
            ],
            [
                6.0,
                1.0
            ],
            [
                1,
                0
            ],
            [
                -7.0,
                4.0
            ],
            [
                -5.0,
                5.0
            ]
        ],
        "channel": 0,
        "closest_Dend": 0
    },
    {
        "type": 0,
        "location": [
            423,
            218
        ],
        "bgloc": [
            423,
            170
        ],
        "mean": [
            [
                36.21052631578947,
                34.18796992481203,
                36.015037593984964,
                35.65413533834587,
                32.4812030075188,
                35.962406015037594,
                36.27067669172932,
                40.5187969924812
            ]
        ],
        "min": [
            [
                5,
                7,
                7,
                3,
                4,
                6,
                5,
                10
            ]
        ],
        "max": [
            [
                114,
                91,
                93,
                125,
                92,
                117,
                134,
                96
            ]
        ],
        "RawIntDen": [
            [
                4816,
                4547,
                4790,
                4742,
                4320,
                4783,
                4824,
                5389
            ]
        ],
        "IntDen": [
            [
                20.978496000000003,
                19.806732000000004,
                20.865240000000004,
                20.656152000000002,
                18.81792,
                20.834748,
                21.013344000000004,
                23.474484000000004
            ]
        ],
        "local_bg": [
            [
                2.789473684210526,
                2.082706766917293,
                1.887218045112782,
                1.8270676691729324,
                2.18796992481203,
                2.172932330827068,
                1.669172932330827,
                2.082706766917293
            ]
        ],
        "area": [
            0.5793480000000001
        ],
        "distance": 20.70304381652836,
        "points": [
            [
                423.49535580609086,
                224.5775036331308
            ],
            [
                418.3285414818931,
                222.63994826155667
            ],
            [
                416.7725671598971,
                217.80436297367186
            ],
            [
                418.5725671598971,
                213.00436297367185
            ],
            [
                423.37256715989713,
                211.00436297367185
            ],
            [
                428.01631833976387,
                213.2750972989483
            ],
            [
                430.2767996066003,
                217.7960598326213
            ],
            [
                428.9850960255509,
                222.96287415681903
            ]
        ],
        "shift": [
            [
                0,
                0
            ],
            [
                3.0,
                1.0
            ],
            [
                1.0,
                2.0
            ],
            [
                -1.0,
                -1.0
            ],
            [
                3.0,
                2.0
            ],
            [
                -1.0,
                4.0
            ],
            [
                -8.0,
                7.0
            ],
            [
                -8.0,
                6.0
            ]
        ],
        "channel": 0,
        "closest_Dend": 0
    },
    {
        "type": 0,
        "location": [
            447,
            236
        ],
        "bgloc": [
            451.6255268015501,
            303.4941990701665
        ],
        "mean": [
            [
                44.63354037267081,
                44.54037267080745,
                44.36024844720497,
                35.73913043478261,
                36.149068322981364,
                33.67701863354037,
                31.60248447204969,
                33.09316770186335
            ]
        ],
        "min": [
            [
                9,
                7,
                7,
                6,
                6,
                3,
                1,
                4
            ]
        ],
        "max": [
            [
                117,
                162,
                126,
                98,
                99,
                103,
                96,
                94
            ]
        ],
        "RawIntDen": [
            [
                7186,
                7171,
                7142,
                5754,
                5820,
                5422,
                5088,
                5328
            ]
        ],
        "IntDen": [
            [
                31.302216000000005,
                31.236876000000002,
                31.110552000000002,
                25.064424000000002,
                25.351920000000003,
                23.618232000000003,
                22.163328000000003,
                23.208768000000003
            ]
        ],
        "local_bg": [
            [
                3.0869565217391304,
                2.1801242236024843,
                2.515527950310559,
                2.8633540372670807,
                1.8012422360248448,
                3.1055900621118013,
                2.2360248447204967,
                2.8447204968944098
            ]
        ],
        "area": [
            0.701316
        ],
        "distance": 22.287043816528364,
        "points": [
            [
                447.28838830491975,
                241.3812388850927
            ],
            [
                442.42323161878693,
                240.33887756725355
            ],
            [
                439.42323161878693,
                236.13887756725356
            ],
            [
                440.42323161878693,
                229.93887756725357
            ],
            [
                446.6232316187869,
                228.13887756725356
            ],
            [
                452.6232316187869,
                230.13887756725356
            ],
            [
                456.6232316187869,
                236.13887756725356
            ],
            [
                452.4552026291175,
                239.7666094087809
            ]
        ],
        "shift": [
            [
                0,
                0
            ],
            [
                3.0,
                -2.0
            ],
            [
                2.0,
                0.0
            ],
            [
                -2,
                -1
            ],
            [
                1.0,
                -1.0
            ],
            [
                -3.0,
                29.0
            ],
            [
                -8.0,
                29.0
            ],
            [
                -8.0,
                29.0
            ]
        ],
        "channel": 0,
        "closest_Dend": 0
    },
    {
        "type": 0,
        "location": [
            487,
            232
        ],
        "bgloc": [
            487,
            212
        ],
        "mean": [
            [
                32.81203007518797,
                25.210526315789473,
                25.383458646616543,
                37.390977443609025,
                25.30075187969925,
                19.977443609022558,
                19.571428571428573,
                26.81203007518797
            ]
        ],
        "min": [
            [
                6,
                5,
                5,
                3,
                3,
                1,
                2,
                3
            ]
        ],
        "max": [
            [
                91,
                65,
                73,
                102,
                112,
                60,
                52,
                93
            ]
        ],
        "RawIntDen": [
            [
                4364,
                3353,
                3376,
                4973,
                3365,
                2657,
                2603,
                3566
            ]
        ],
        "IntDen": [
            [
                19.009584000000004,
                14.605668000000001,
                14.705856000000002,
                21.662388000000004,
                14.657940000000002,
                11.573892,
                11.338668000000002,
                15.533496000000001
            ]
        ],
        "local_bg": [
            [
                4.827067669172933,
                4.684210526315789,
                4.984962406015038,
                5.909774436090226,
                4.857142857142857,
                4.819548872180451,
                3.827067669172932,
                4.496240601503759
            ]
        ],
        "area": [
            0.5793480000000001
        ],
        "distance": 24.92704381652837,
        "points": [
            [
                487.3118944218438,
                238.58384341259202
            ],
            [
                482.5301219010489,
                236.1823163014958
            ],
            [
                480.91189442184384,
                231.783843412592
            ],
            [
                481.91189442184384,
                226.383843412592
            ],
            [
                487.3118944218438,
                225.183843412592
            ],
            [
                492.21789875891955,
                227.1403912341498
            ],
            [
                493.8325282352314,
                231.98427966308518
            ],
            [
                492.86375054944426,
                237.4740198825452
            ]
        ],
        "shift": [
            [
                0,
                0
            ],
            [
                1.0,
                -1.0
            ],
            [
                1.0,
                -1.0
            ],
            [
                -2.0,
                -4.0
            ],
            [
                0.0,
                -3.0
            ],
            [
                -6.0,
                -2.0
            ],
            [
                -11.0,
                3.0
            ],
            [
                -8.0,
                3.0
            ]
        ],
        "channel": 0,
        "closest_Dend": 0
    }
]