[
    {
        "type": 0,
        "location": [
            69,
            219
        ],
        "bgloc": [
            31,
            191
        ],
        "mean": [
            [
                51.089473684210525,
                61.90526315789474,
                57.642105263157895,
                60.10526315789474,
                50.910526315789475,
                45.31578947368421,
                48.94210526315789,
                52.03157894736842
            ]
        ],
        "min": [
            [
                10,
                9,
                7,
                7,
                6,
                7,
                6,
                7
            ]
        ],
        "max": [
            [
                147,
                162,
                164,
                181,
                150,
                117,
                170,
                149
            ]
        ],
        "RawIntDen": [
            [
                14101,
                17086,
                15909,
                16589,
                14051,
                12507,
                13508,
                14361
            ]
        ],
        "IntDen": [
            [
                16952.6448515369,
                20541.5688414316,
                19126.9564658526,
                19944.2880606316,
                16893.2660604632,
                15036.8056218948,
                16240.0993586526,
                17265.2567221895
            ]
        ],
        "local_bg": [
            [
                6.239130434782608,
                6.4021739130434785,
                6.297101449275362,
                6.463768115942029,
                6.565217391304348,
                6.706521739130435,
                6.807971014492754,
                6.894927536231884
            ]
        ],
        "area": [
            1.2022560000000002
        ],
        "distance": 2.8182176896146887,
        "points": [
            [
                69.0,
                227.2
            ],
            [
                63.6,
                224.4
            ],
            [
                60.8,
                219.0
            ],
            [
                62.8,
                212.8
            ],
            [
                69.0,
                212.0
            ],
            [
                76.0,
                212.0
            ],
            [
                82.4,
                219.0
            ],
            [
                79.0,
                229.0
            ]
        ],
        "shift": [
            [
                0,
                0
            ],
            [
                0,
                0
            ],
            [
                0,
                0
            ],
            [
                0,
                0
            ],
            [
                0,
                0
            ],
            [
                0,
                0
            ],
            [
                0,
                0
            ],
            [
                0,
                0
            ]
        ],
        "channel": 0,
        "closest_Dend": 0
    }
]