[
    {
        "type": "Stim",
        "location": [
            53,
            187
        ],
        "radloc": [
            0,
            0
        ],
        "mean": [
            76.40963855421687,
            72.70481927710843,
            82.5421686746988,
            91.04819277108433,
            103.144578313253,
            99.97590361445783,
            114.59638554216868,
            100.09638554216868
        ],
        "min": [
            20.0,
            12.0,
            12.0,
            27.0,
            32.0,
            27.0,
            20.0,
            25.0
        ],
        "max": [
            145.0,
            176.0,
            190.0,
            185.0,
            196.0,
            227.0,
            254.0,
            203.0
        ],
        "RawIntDen": [
            12684.0,
            12069.0,
            13702.0,
            15114.0,
            17122.0,
            16596.0,
            19023.0,
            16616.0
        ],
        "IntDen": [
            9279.066623616602,
            8829.159183256763,
            10023.791459854516,
            11056.749680648165,
            12525.715762343383,
            12140.91687839334,
            13916.405264984123,
            12155.548014665206
        ],
        "FlagUp": 0,
        "Times": [
            -15,
            -10,
            -5,
            2,
            10,
            20,
            30,
            40
        ],
        "width": 0,
        "height": 0,
        "area": 0.7315568135932358,
        "distance": 0,
        "xpert": [
            [
                53.0,
                195.6
            ],
            [
                46.8,
                193.2
            ],
            [
                45.6,
                187.0
            ],
            [
                48.4,
                182.4
            ],
            [
                53.0,
                178.6
            ],
            [
                57.6,
                182.4
            ],
            [
                59.2,
                187.0
            ],
            [
                59.0,
                193.0
            ]
        ],
        "stack": 0
    },
    {
        "type": "Stim",
        "location": [
            103,
            178
        ],
        "radloc": [
            0,
            0
        ],
        "mean": [
            71.38414634146342,
            76.66463414634147,
            95.23170731707317,
            101.45731707317073,
            107.65243902439025,
            112.48780487804878,
            118.5060975609756,
            114.3048780487805
        ],
        "min": [
            9.0,
            9.0,
            10.0,
            12.0,
            20.0,
            31.0,
            27.0,
            24.0
        ],
        "max": [
            237.0,
            203.0,
            240.0,
            203.0,
            255.0,
            244.0,
            255.0,
            255.0
        ],
        "RawIntDen": [
            11707.0,
            12573.0,
            15618.0,
            16639.0,
            17655.0,
            18448.0,
            19435.0,
            18746.0
        ],
        "IntDen": [
            8855.443961241095,
            9510.506271861646,
            11813.814280914276,
            12586.122155214023,
            13354.647914556379,
            13954.491346798985,
            14701.080839388458,
            14179.905398259636
        ],
        "FlagUp": 0,
        "Times": [
            -15,
            -10,
            -5,
            2,
            10,
            20,
            30,
            40
        ],
        "width": 0,
        "height": 0,
        "area": 0.7564229914786961,
        "distance": 0,
        "xpert": [
            [
                103.0,
                184.8
            ],
            [
                97.6,
                183.4
            ],
            [
                95.6,
                178.0
            ],
            [
                95.4,
                170.4
            ],
            [
                103.0,
                171.8
            ],
            [
                107.4,
                173.6
            ],
            [
                110.6,
                178.0
            ],
            [
                109.0,
                184.0
            ]
        ],
        "stack": 0
    },
    {
        "type": "Stim",
        "location": [
            183,
            166
        ],
        "radloc": [
            0,
            0
        ],
        "mean": [
            73.08333333333333,
            57.088541666666664,
            64.16666666666667,
            61.015625,
            63.572916666666664,
            65.375,
            71.84375,
            97.34895833333333
        ],
        "min": [
            8.0,
            6.0,
            7.0,
            5.0,
            5.0,
            11.0,
            8.0,
            14.0
        ],
        "max": [
            197.0,
            174.0,
            207.0,
            172.0,
            204.0,
            164.0,
            181.0,
            209.0
        ],
        "RawIntDen": [
            14032.0,
            10961.0,
            12320.0,
            11715.0,
            12206.0,
            12552.0,
            13794.0,
            18691.0
        ],
        "IntDen": [
            12466.430496406538,
            9738.066182376859,
            10945.440686696733,
            10407.941367260733,
            10844.159823199701,
            11151.556128199463,
            12254.984483140806,
            16605.619470377325
        ],
        "FlagUp": 0,
        "Times": [
            -15,
            -10,
            -5,
            2,
            10,
            20,
            30,
            40
        ],
        "width": 0,
        "height": 0,
        "area": 0.8884286271669426,
        "distance": 0,
        "xpert": [
            [
                183.0,
                173.8
            ],
            [
                175.8,
                173.2
            ],
            [
                173.6,
                166.0
            ],
            [
                175.0,
                158.0
            ],
            [
                183.0,
                160.0
            ],
            [
                187.8,
                161.2
            ],
            [
                189.0,
                166.0
            ],
            [
                189.0,
                172.0
            ]
        ],
        "stack": 0
    },
    {
        "type": "Spine",
        "location": [
            79,
            175
        ],
        "radloc": [
            0,
            0
        ],
        "mean": [
            104.35714285714286,
            104.24285714285715,
            142.9,
            162.03571428571428,
            121.05714285714286,
            130.86428571428573,
            133.74285714285713,
            150.6642857142857
        ],
        "min": [
            10.0,
            14.0,
            26.0,
            33.0,
            11.0,
            12.0,
            29.0,
            34.0
        ],
        "max": [
            255.0,
            255.0,
            255.0,
            255.0,
            255.0,
            255.0,
            255.0,
            255.0
        ],
        "RawIntDen": [
            14610.0,
            14594.0,
            20006.0,
            22685.0,
            16948.0,
            18321.0,
            18724.0,
            21093.0
        ],
        "IntDen": [
            9512.943157294421,
            9502.525149729965,
            13026.416208407405,
            14770.781349981105,
            11035.27451265064,
            11929.26978677557,
            12191.67335230532,
            13734.189597317674
        ],
        "FlagUp": 0,
        "Times": [
            -15,
            -10,
            -5,
            2,
            10,
            20,
            30,
            40
        ],
        "width": 0,
        "height": 0,
        "area": 0.6511254727785367,
        "distance": -1.6134345001867116,
        "xpert": [
            [
                79.0,
                180.6
            ],
            [
                74.6,
                179.4
            ],
            [
                73.8,
                175.0
            ],
            [
                72.8,
                168.8
            ],
            [
                79.0,
                167.8
            ],
            [
                85.8,
                168.2
            ],
            [
                86.8,
                175.0
            ],
            [
                83.0,
                179.0
            ]
        ],
        "stack": 0
    },
    {
        "type": "Spine",
        "location": [
            154,
            140
        ],
        "radloc": [
            0,
            0
        ],
        "mean": [
            98.89772727272727,
            137.9431818181818,
            114.23863636363636,
            125.78977272727273,
            129.57954545454547,
            120.25568181818181,
            137.58522727272728,
            123.45454545454545
        ],
        "min": [
            10.0,
            14.0,
            19.0,
            24.0,
            19.0,
            21.0,
            17.0,
            10.0
        ],
        "max": [
            228.0,
            255.0,
            255.0,
            246.0,
            255.0,
            254.0,
            255.0,
            255.0
        ],
        "RawIntDen": [
            17406.0,
            24278.0,
            20106.0,
            22139.0,
            22806.0,
            21165.0,
            24215.0,
            21728.0
        ],
        "IntDen": [
            13887.666410135387,
            19370.605831625126,
            16041.906287612439,
            17663.96912869053,
            18196.14616508949,
            16886.847039556214,
            19320.340234483996,
            17336.045947341245
        ],
        "FlagUp": 0,
        "Times": [
            -15,
            -10,
            -5,
            2,
            10,
            20,
            30,
            40
        ],
        "width": 0,
        "height": 0,
        "area": 0.7978666212877966,
        "distance": -0.9804149465025066,
        "xpert": [
            [
                154.0,
                149.2
            ],
            [
                147.4,
                146.6
            ],
            [
                145.4,
                140.0
            ],
            [
                147.6,
                133.6
            ],
            [
                154.0,
                133.2
            ],
            [
                158.0,
                136.0
            ],
            [
                160.0,
                140.0
            ],
            [
                160.0,
                146.0
            ]
        ],
        "stack": 0
    },
    {
        "type": "Spine",
        "location": [
            133,
            174
        ],
        "radloc": [
            0,
            0
        ],
        "mean": [
            80.89915966386555,
            86.63025210084034,
            101.66386554621849,
            91.73109243697479,
            91.39495798319328,
            117.00840336134453,
            95.75630252100841,
            123.98319327731092
        ],
        "min": [
            7.0,
            19.0,
            15.0,
            9.0,
            8.0,
            16.0,
            11.0,
            17.0
        ],
        "max": [
            187.0,
            218.0,
            217.0,
            229.0,
            250.0,
            250.0,
            246.0,
            252.0
        ],
        "RawIntDen": [
            9627.0,
            10309.0,
            12098.0,
            10916.0,
            10876.0,
            13924.0,
            11395.0,
            14754.0
        ],
        "IntDen": [
            5411.321452291257,
            5794.672572106634,
            6800.26663860181,
            6135.866310710643,
            6113.38237406458,
            7826.658346494594,
            6405.11145204725,
            8293.200031900406
        ],
        "FlagUp": 0,
        "Times": [
            -15,
            -10,
            -5,
            2,
            10,
            20,
            30,
            40
        ],
        "width": 0,
        "height": 0,
        "area": 0.5620984161515796,
        "distance": -1.9175859782728653,
        "xpert": [
            [
                133.0,
                179.6
            ],
            [
                127.8,
                179.2
            ],
            [
                127.6,
                174.0
            ],
            [
                127.2,
                168.2
            ],
            [
                133.0,
                168.2
            ],
            [
                138.8,
                168.2
            ],
            [
                139.2,
                174.0
            ],
            [
                137.4,
                178.4
            ]
        ],
        "stack": 0
    },
    {
        "type": "Spine",
        "location": [
            76,
            152
        ],
        "radloc": [
            0,
            0
        ],
        "mean": [
            89.28688524590164,
            95.40983606557377,
            91.78688524590164,
            101.1639344262295,
            109.79508196721312,
            93.93442622950819,
            109.74590163934427,
            79.99180327868852
        ],
        "min": [
            21.0,
            26.0,
            12.0,
            22.0,
            20.0,
            15.0,
            28.0,
            19.0
        ],
        "max": [
            198.0,
            200.0,
            189.0,
            229.0,
            199.0,
            199.0,
            219.0,
            173.0
        ],
        "RawIntDen": [
            10893.0,
            11640.0,
            11198.0,
            12342.0,
            13395.0,
            11460.0,
            13389.0,
            9759.0
        ],
        "IntDen": [
            5875.479054518571,
            6278.396786431301,
            6039.990310520422,
            6657.0423658191685,
            7225.010734900969,
            6181.308176331848,
            7221.774447897654,
            5263.820810892016
        ],
        "FlagUp": 0,
        "Times": [
            -15,
            -10,
            -5,
            2,
            10,
            20,
            30,
            40
        ],
        "width": 0,
        "height": 0,
        "area": 0.5393811672191839,
        "distance": -1.8632136292458443,
        "xpert": [
            [
                76.0,
                157.2
            ],
            [
                70.8,
                157.2
            ],
            [
                67.6,
                152.0
            ],
            [
                70.6,
                146.6
            ],
            [
                76.0,
                146.4
            ],
            [
                79.4,
                148.6
            ],
            [
                81.0,
                152.0
            ],
            [
                81.4,
                157.4
            ]
        ],
        "stack": 0
    },
    {
        "type": "Spine",
        "location": [
            212,
            104
        ],
        "radloc": [
            0,
            0
        ],
        "mean": [
            138.9266409266409,
            150.96138996138995,
            160.8880308880309,
            165.33976833976834,
            167.4208494208494,
            163.25868725868725,
            161.08494208494207,
            161.27413127413126
        ],
        "min": [
            15.0,
            17.0,
            29.0,
            41.0,
            39.0,
            32.0,
            25.0,
            15.0
        ],
        "max": [
            255.0,
            255.0,
            255.0,
            255.0,
            255.0,
            255.0,
            255.0,
            255.0
        ],
        "RawIntDen": [
            35982.0,
            39099.0,
            41670.0,
            42823.0,
            43362.0,
            42284.0,
            41721.0,
            41770.0
        ],
        "IntDen": [
            41632.78406136668,
            45239.29253558379,
            48214.05457832109,
            49548.127170805,
            50171.7742890607,
            48924.48005254929,
            48273.06386038239,
            48329.75905295109
        ],
        "FlagUp": 0,
        "Times": [
            -15,
            -10,
            -5,
            2,
            10,
            20,
            30,
            40
        ],
        "width": 0,
        "height": 0,
        "area": 1.1570447463000022,
        "distance": 3.388455982367615,
        "xpert": [
            [
                212.0,
                112.0
            ],
            [
                205.6,
                110.4
            ],
            [
                202.2,
                104.0
            ],
            [
                205.6,
                97.6
            ],
            [
                212.0,
                92.0
            ],
            [
                219.0,
                97.0
            ],
            [
                220.8,
                104.0
            ],
            [
                219.0,
                111.0
            ]
        ],
        "stack": 0
    },
    {
        "type": "Spine",
        "location": [
            272,
            115
        ],
        "radloc": [
            0,
            0
        ],
        "mean": [
            111.9908256880734,
            117.39908256880734,
            132.08715596330276,
            129.3577981651376,
            134.4862385321101,
            124.6788990825688,
            153.27522935779817,
            159.08715596330276
        ],
        "min": [
            9.0,
            9.0,
            11.0,
            8.0,
            15.0,
            10.0,
            19.0,
            14.0
        ],
        "max": [
            225.0,
            255.0,
            255.0,
            255.0,
            255.0,
            255.0,
            255.0,
            255.0
        ],
        "RawIntDen": [
            24414.0,
            25593.0,
            28795.0,
            28200.0,
            29318.0,
            27180.0,
            33414.0,
            34681.0
        ],
        "IntDen": [
            23968.530967064497,
            25126.01839272883,
            28269.59323325232,
            27685.4498759408,
            28783.050335561435,
            26684.061263406773,
            32804.31284236475,
            34048.19457969869
        ],
        "FlagUp": 0,
        "Times": [
            -15,
            -10,
            -5,
            2,
            10,
            20,
            30,
            40
        ],
        "width": 0,
        "height": 0,
        "area": 0.9817535417000285,
        "distance": 6.785640723543762,
        "xpert": [
            [
                272.0,
                122.6
            ],
            [
                267.0,
                120.0
            ],
            [
                265.0,
                115.0
            ],
            [
                266.0,
                109.0
            ],
            [
                272.0,
                104.4
            ],
            [
                280.6,
                106.4
            ],
            [
                281.2,
                115.0
            ],
            [
                277.4,
                120.4
            ]
        ],
        "stack": 0
    },
    {
        "type": "Spine",
        "location": [
            363,
            42
        ],
        "radloc": [
            0,
            0
        ],
        "mean": [
            68.45962732919254,
            84.22981366459628,
            74.6832298136646,
            80.40372670807453,
            86.85093167701864,
            100.06832298136646,
            91.4968944099379,
            107.45341614906832
        ],
        "min": [
            12.0,
            18.0,
            20.0,
            18.0,
            18.0,
            18.0,
            21.0,
            15.0
        ],
        "max": [
            163.0,
            213.0,
            154.0,
            179.0,
            193.0,
            204.0,
            192.0,
            239.0
        ],
        "RawIntDen": [
            11022.0,
            13561.0,
            12024.0,
            12945.0,
            13983.0,
            16111.0,
            14731.0,
            17300.0
        ],
        "IntDen": [
            8036.150062372442,
            9887.337234243576,
            8766.709158951755,
            9438.2110830531,
            10195.017811844844,
            11746.544515957396,
            10740.385281147564,
            12613.44547986239
        ],
        "FlagUp": 0,
        "Times": [
            -15,
            -10,
            -5,
            2,
            10,
            20,
            30,
            40
        ],
        "width": 0,
        "height": 0,
        "area": 0.7291008947897335,
        "distance": 14.151211937303922,
        "xpert": [
            [
                363.0,
                48.4
            ],
            [
                358.0,
                47.0
            ],
            [
                356.8,
                42.0
            ],
            [
                359.0,
                38.0
            ],
            [
                363.0,
                35.8
            ],
            [
                370.4,
                34.6
            ],
            [
                372.4,
                42.0
            ],
            [
                368.8,
                47.8
            ]
        ],
        "stack": 0
    },
    {
        "type": "Spine",
        "location": [
            449,
            26
        ],
        "radloc": [
            0,
            0
        ],
        "mean": [
            71.46153846153847,
            79.3931623931624,
            71.51282051282051,
            74.74358974358974,
            90.64957264957265,
            72.8119658119658,
            67.67521367521367,
            115.94871794871794
        ],
        "min": [
            18.0,
            16.0,
            9.0,
            27.0,
            20.0,
            15.0,
            15.0,
            23.0
        ],
        "max": [
            145.0,
            161.0,
            164.0,
            171.0,
            195.0,
            153.0,
            170.0,
            225.0
        ],
        "RawIntDen": [
            8361.0,
            9289.0,
            8367.0,
            8745.0,
            10606.0,
            8519.0,
            7918.0,
            13566.0
        ],
        "IntDen": [
            4255.658467308077,
            4728.0004189480605,
            4258.712402340232,
            4451.110309366001,
            5398.339158506096,
            4336.07875648816,
            4030.1762641006285,
            6904.947107702593
        ],
        "FlagUp": 0,
        "Times": [
            -15,
            -10,
            -5,
            2,
            10,
            20,
            30,
            40
        ],
        "width": 0,
        "height": 0,
        "area": 0.5089891720258435,
        "distance": 20.365584327110916,
        "xpert": [
            [
                449.0,
                31.8
            ],
            [
                443.8,
                31.2
            ],
            [
                442.6,
                26.0
            ],
            [
                443.8,
                20.8
            ],
            [
                449.0,
                20.8
            ],
            [
                454.2,
                20.8
            ],
            [
                455.2,
                26.0
            ],
            [
                452.6,
                29.6
            ]
        ],
        "stack": 0
    },
    {
        "type": "Spine",
        "location": [
            472,
            25
        ],
        "radloc": [
            0,
            0
        ],
        "mean": [
            96.24691358024691,
            97.27777777777777,
            88.48765432098766,
            118.1358024691358,
            129.72222222222223,
            106.90123456790124,
            94.1604938271605,
            150.19135802469137
        ],
        "min": [
            22.0,
            24.0,
            8.0,
            15.0,
            18.0,
            15.0,
            18.0,
            48.0
        ],
        "max": [
            185.0,
            182.0,
            173.0,
            210.0,
            244.0,
            190.0,
            192.0,
            255.0
        ],
        "RawIntDen": [
            15592.0,
            15759.0,
            14335.0,
            19138.0,
            21015.0,
            17318.0,
            15254.0,
            24331.0
        ],
        "IntDen": [
            11798.933868883858,
            11925.307775765823,
            10847.724282353136,
            14482.298382676967,
            15902.680557631753,
            13105.049816657944,
            11543.15913519461,
            18411.99717571916
        ],
        "FlagUp": 0,
        "Times": [
            -15,
            -10,
            -5,
            2,
            10,
            20,
            30,
            40
        ],
        "width": 0,
        "height": 0,
        "area": 0.756729981329134,
        "distance": 21.882760775246187,
        "xpert": [
            [
                472.0,
                32.6
            ],
            [
                466.0,
                31.0
            ],
            [
                464.2,
                25.0
            ],
            [
                467.2,
                20.2
            ],
            [
                472.0,
                20.2
            ],
            [
                476.2,
                20.8
            ],
            [
                483.6,
                25.0
            ],
            [
                477.4,
                30.4
            ]
        ],
        "stack": 0
    }
]