[
    {
        "type": 0,
        "location": [
            67,
            230
        ],
        "bgloc": [
            66.26574217739488,
            201.60622162384084
        ],
        "mean": [
            [
                71.59217877094972,
                89.02234636871508,
                84.08938547486034,
                93.13966480446928,
                76.28491620111731,
                72.81564245810056,
                52.45810055865922,
                68.31284916201118
            ]
        ],
        "min": [
            [
                6,
                21,
                11,
                13,
                10,
                9,
                5,
                9
            ]
        ],
        "max": [
            [
                198,
                167,
                208,
                210,
                176,
                214,
                195,
                210
            ]
        ],
        "RawIntDen": [
            [
                12815,
                15935,
                15052,
                16672,
                13655,
                13034,
                9390,
                12228
            ]
        ],
        "IntDen": [
            [
                55.822140000000005,
                69.41286000000001,
                65.566512,
                72.623232,
                59.48118000000001,
                56.776104000000004,
                40.902840000000005,
                53.265168
            ]
        ],
        "local_bg": [
            [
                3.161111111111111,
                4.133333333333334,
                3.8944444444444444,
                4.716666666666667,
                4.5777777777777775,
                4.3277777777777775,
                2.9277777777777776,
                4.7
            ]
        ],
        "area": [
            0.7797240000000001
        ],
        "distance": 1.0431130531400445,
        "points": [
            [
                66.75425439311209,
                238.0564222034635
            ],
            [
                61.50683699789642,
                234.44346089967812
            ],
            [
                59.900344723936826,
                229.30268562300742
            ],
            [
                62.14943390748026,
                224.48320880112863
            ],
            [
                66.75425439311209,
                222.65642220346353
            ],
            [
                73.7506111272858,
                224.64343765554435
            ],
            [
                76.60786437311658,
                229.30268562300742
            ],
            [
                73.1542543931121,
                236.25642220346353
            ]
        ],
        "shift": [
            [
                0,
                0
            ],
            [
                0,
                0
            ],
            [
                -1.0,
                -0.0
            ],
            [
                -4.0,
                -2.0
            ],
            [
                -2.0,
                -2.0
            ],
            [
                -2.0,
                0.0
            ],
            [
                -3.0,
                0.0
            ],
            [
                -6.0,
                2.0
            ]
        ],
        "channel": 0,
        "closest_Dend": 0
    },
    {
        "type": 0,
        "location": [
            95,
            246
        ],
        "bgloc": [
            95.3639188373474,
            196.10116117466066
        ],
        "mean": [
            [
                75.54861111111111,
                73.6875,
                71.18055555555556,
                54.00694444444444,
                56.625,
                78.64583333333333,
                93.50694444444444,
                91.20833333333333
            ]
        ],
        "min": [
            [
                11,
                12,
                10,
                10,
                12,
                18,
                16,
                11
            ]
        ],
        "max": [
            [
                200,
                177,
                196,
                151,
                172,
                212,
                194,
                224
            ]
        ],
        "RawIntDen": [
            [
                10879,
                10611,
                10250,
                7777,
                8154,
                11325,
                13465,
                13134
            ]
        ],
        "IntDen": [
            [
                47.388924,
                46.22151600000001,
                44.64900000000001,
                33.876612,
                35.518824,
                49.331700000000005,
                58.65354000000001,
                57.211704000000005
            ]
        ],
        "local_bg": [
            [
                1.986013986013986,
                2.5944055944055946,
                2.4965034965034967,
                2.7062937062937062,
                2.5104895104895104,
                2.699300699300699,
                1.8531468531468531,
                3.7552447552447554
            ]
        ],
        "area": [
            0.627264
        ],
        "distance": 3.3644524577598034,
        "points": [
            [
                97.80096080357657,
                251.27146150182307
            ],
            [
                89.76849943377863,
                245.48808931556852
            ],
            [
                89.4472009789867,
                243.2390001320251
            ],
            [
                90.88607134980245,
                236.65924796746307
            ],
            [
                95.87317007482508,
                236.17043412660288
            ],
            [
                101.97784071587151,
                238.74082176493823
            ],
            [
                102.1315172675196,
                245.01300779205295
            ],
            [
                100.37134844191192,
                249.66496922786345
            ]
        ],
        "shift": [
            [
                0,
                0
            ],
            [
                -2.0,
                -1.0
            ],
            [
                -2.0,
                -3.0
            ],
            [
                -4.0,
                -2.0
            ],
            [
                -3.0,
                -4.0
            ],
            [
                -4.0,
                -3.0
            ],
            [
                -4.0,
                -3.0
            ],
            [
                -6.0,
                -4.0
            ]
        ],
        "channel": 0,
        "closest_Dend": 0
    },
    {
        "type": 0,
        "location": [
            115,
            252
        ],
        "bgloc": [
            118.17059784109398,
            188.23678910440321
        ],
        "mean": [
            [
                70.56481481481481,
                87.11111111111111,
                92.29629629629629,
                90.78703703703704,
                110.61111111111111,
                96.26851851851852,
                101.6574074074074,
                96.25
            ]
        ],
        "min": [
            [
                14,
                15,
                21,
                15,
                21,
                12,
                18,
                29
            ]
        ],
        "max": [
            [
                187,
                216,
                206,
                181,
                213,
                255,
                232,
                210
            ]
        ],
        "RawIntDen": [
            [
                7621,
                9408,
                9968,
                9805,
                11946,
                10397,
                10979,
                10395
            ]
        ],
        "IntDen": [
            [
                33.197076,
                40.98124800000001,
                43.420608,
                42.71058000000001,
                52.036776,
                45.289332,
                47.824524000000004,
                45.280620000000006
            ]
        ],
        "local_bg": [
            [
                2.0555555555555554,
                2.185185185185185,
                2.3703703703703702,
                2.175925925925926,
                2.675925925925926,
                2.574074074074074,
                1.8888888888888888,
                2.962962962962963
            ]
        ],
        "area": [
            0.47044800000000003
        ],
        "distance": 4.367791099658323,
        "points": [
            [
                114.50119392110375,
                257.72989196745937
            ],
            [
                109.91488945377412,
                256.1862444385216
            ],
            [
                110.64561246360074,
                251.30392287162104
            ],
            [
                112.57340319235226,
                246.48444604974225
            ],
            [
                115.05566473044482,
                244.00936452622668
            ],
            [
                119.85566473044481,
                247.20936452622666
            ],
            [
                121.05566473044482,
                252.00936452622668
            ],
            [
                120.2845661073583,
                256.44469814829176
            ]
        ],
        "shift": [
            [
                0,
                0
            ],
            [
                0.0,
                -1.0
            ],
            [
                -3.0,
                -1.0
            ],
            [
                -4.0,
                -1.0
            ],
            [
                -5.0,
                -2.0
            ],
            [
                -1,
                0
            ],
            [
                -6.0,
                -1.0
            ],
            [
                -8.0,
                -2.0
            ]
        ],
        "channel": 0,
        "closest_Dend": 0
    },
    {
        "type": 0,
        "location": [
            143,
            273
        ],
        "bgloc": [
            141,
            303
        ],
        "mean": [
            [
                54.242105263157896,
                56.95789473684211,
                66.98947368421052,
                97.48421052631579,
                82.93684210526315,
                78.02105263157895,
                88.0421052631579,
                99.21052631578948
            ]
        ],
        "min": [
            [
                9,
                5,
                11,
                17,
                11,
                12,
                22,
                34
            ]
        ],
        "max": [
            [
                130,
                147,
                177,
                183,
                159,
                173,
                182,
                165
            ]
        ],
        "RawIntDen": [
            [
                5153,
                5411,
                6364,
                9261,
                7879,
                7412,
                8364,
                9425
            ]
        ],
        "IntDen": [
            [
                22.446468000000003,
                23.570316000000002,
                27.721584000000004,
                40.34091600000001,
                34.320924000000005,
                32.286672,
                36.433584,
                41.0553
            ]
        ],
        "local_bg": [
            [
                2.9263157894736844,
                3.1052631578947367,
                3.5157894736842104,
                3.1473684210526316,
                3.694736842105263,
                3.431578947368421,
                2.4526315789473685,
                3.873684210526316
            ]
        ],
        "area": [
            0.41382
        ],
        "distance": 6.317989712626435,
        "points": [
            [
                145.22660187677636,
                279.0329740931199
            ],
            [
                140.40712505489756,
                277.1051833643684
            ],
            [
                138.47933432614604,
                273.57090036165727
            ],
            [
                138.80063278093797,
                268.43012508498657
            ],
            [
                143.62010960281674,
                268.10882663019464
            ],
            [
                149.4034817890713,
                269.71531890415423
            ],
            [
                150.04607869865512,
                274.2134972712411
            ],
            [
                148.43958642469553,
                276.78388490957644
            ]
        ],
        "shift": [
            [
                0,
                0
            ],
            [
                3.0,
                1.0
            ],
            [
                2.0,
                1.0
            ],
            [
                -3.0,
                2.0
            ],
            [
                -3.0,
                3.0
            ],
            [
                -3.0,
                3.0
            ],
            [
                -6.0,
                0.0
            ],
            [
                -6.0,
                1.0
            ]
        ],
        "channel": 0,
        "closest_Dend": 0
    },
    {
        "type": 0,
        "location": [
            284,
            268
        ],
        "bgloc": [
            287,
            296
        ],
        "mean": [
            [
                81.6046511627907,
                72.59302325581395,
                70.81976744186046,
                90.50581395348837,
                56.45348837209303,
                42.66279069767442,
                47.06976744186046,
                54.848837209302324
            ]
        ],
        "min": [
            [
                11,
                13,
                10,
                8,
                8,
                6,
                6,
                4
            ]
        ],
        "max": [
            [
                175,
                219,
                171,
                201,
                129,
                128,
                138,
                140
            ]
        ],
        "RawIntDen": [
            [
                14036,
                12486,
                12181,
                15567,
                9710,
                7338,
                8096,
                9434
            ]
        ],
        "IntDen": [
            [
                61.14081600000001,
                54.389016000000005,
                53.060436,
                67.809852,
                42.296760000000006,
                31.964328000000005,
                35.266176,
                41.09450400000001
            ]
        ],
        "local_bg": [
            [
                3.3255813953488373,
                3.5813953488372094,
                3.633720930232558,
                3.2848837209302326,
                3.4244186046511627,
                3.6802325581395348,
                1.9244186046511629,
                4.412790697674419
            ]
        ],
        "area": [
            0.7492320000000001
        ],
        "distance": 15.466061971221212,
        "points": [
            [
                285.7562575457453,
                279.21349727124107
            ],
            [
                279.97288535949076,
                274.07272199457043
            ],
            [
                278.3663930855312,
                269.25324517269166
            ],
            [
                278.0450946307393,
                262.82727607685325
            ],
            [
                284.3799504057858,
                259.68727181374175
            ],
            [
                289.5799504057858,
                263.0872718137418
            ],
            [
                290.5799504057858,
                268.28727181374177
            ],
            [
                290.1799504057858,
                274.0872718137418
            ]
        ],
        "shift": [
            [
                0,
                0
            ],
            [
                0,
                0
            ],
            [
                -1.0,
                0.0
            ],
            [
                -4.0,
                1.0
            ],
            [
                -2.0,
                0.0
            ],
            [
                -7.0,
                1.0
            ],
            [
                -5.0,
                2.0
            ],
            [
                -8.0,
                1.0
            ]
        ],
        "channel": 0,
        "closest_Dend": 0
    },
    {
        "type": 0,
        "location": [
            317,
            246
        ],
        "bgloc": [
            322.64427166778734,
            218.12140297138149
        ],
        "mean": [
            [
                116.33333333333333,
                103.22222222222223,
                96.53846153846153,
                106.2051282051282,
                83.93162393162393,
                99.94871794871794,
                125.11965811965813,
                104.04273504273505
            ]
        ],
        "min": [
            [
                23,
                13,
                17,
                23,
                16,
                18,
                35,
                15
            ]
        ],
        "max": [
            [
                242,
                232,
                207,
                230,
                191,
                202,
                209,
                215
            ]
        ],
        "RawIntDen": [
            [
                13611,
                12077,
                11295,
                12426,
                9820,
                11694,
                14639,
                12173
            ]
        ],
        "IntDen": [
            [
                59.289516000000006,
                52.607412000000004,
                49.20102000000001,
                54.12765600000001,
                42.775920000000006,
                50.93906400000001,
                63.76748400000001,
                53.025588000000006
            ]
        ],
        "local_bg": [
            [
                3.76271186440678,
                4.262711864406779,
                4.093220338983051,
                4.254237288135593,
                4.669491525423729,
                5.084745762711864,
                3.5677966101694913,
                5.516949152542373
            ]
        ],
        "area": [
            0.5096520000000001
        ],
        "distance": 17.640739640697106,
        "points": [
            [
                316.8671989753938,
                251.28157379747515
            ],
            [
                312.66719897539383,
                250.28157379747515
            ],
            [
                310.9473824987068,
                245.9140584114069
            ],
            [
                312.2325763178745,
                240.45198467994427
            ],
            [
                316.8671989753938,
                238.68157379747515
            ],
            [
                322.0671989753938,
                240.88157379747517
            ],
            [
                323.0671989753938,
                246.08157379747516
            ],
            [
                321.2671989753938,
                250.48157379747516
            ]
        ],
        "shift": [
            [
                0,
                0
            ],
            [
                -1.0,
                -0.0
            ],
            [
                -2.0,
                -1.0
            ],
            [
                -5.0,
                -1.0
            ],
            [
                -4.0,
                -2.0
            ],
            [
                -8.0,
                -2.0
            ],
            [
                -8.0,
                2.0
            ],
            [
                -9.0,
                2.0
            ]
        ],
        "channel": 0,
        "closest_Dend": 0
    },
    {
        "type": 0,
        "location": [
            384,
            275
        ],
        "bgloc": [
            377,
            302
        ],
        "mean": [
            [
                76.512,
                74.872,
                62.008,
                73.528,
                70.32,
                64.576,
                63.056,
                58.808
            ]
        ],
        "min": [
            [
                14,
                12,
                11,
                12,
                11,
                6,
                11,
                11
            ]
        ],
        "max": [
            [
                174,
                160,
                140,
                192,
                154,
                168,
                133,
                123
            ]
        ],
        "RawIntDen": [
            [
                9564,
                9359,
                7751,
                9191,
                8790,
                8072,
                7882,
                7351
            ]
        ],
        "IntDen": [
            [
                41.66078400000001,
                40.767804000000005,
                33.763356,
                40.035996000000004,
                38.28924000000001,
                35.161632000000004,
                34.333992,
                32.020956000000005
            ]
        ],
        "local_bg": [
            [
                3.712,
                4.32,
                3.944,
                3.688,
                4.008,
                4.112,
                3.24,
                4.24
            ]
        ],
        "area": [
            0.5445000000000001
        ],
        "distance": 22.485079153936628,
        "points": [
            [
                384.1779273304802,
                280.1376447341664
            ],
            [
                380.00104741818524,
                279.1737493697906
            ],
            [
                377.4306597798499,
                275.63946636707954
            ],
            [
                379.0371520538095,
                270.81998954520077
            ],
            [
                384.49922578527213,
                268.5709003616573
            ],
            [
                390.9251948811105,
                270.4986910904088
            ],
            [
                391.5677917906943,
                275.9607648218714
            ],
            [
                388.99740415235897,
                279.49504782458257
            ]
        ],
        "shift": [
            [
                0,
                0
            ],
            [
                -3.0,
                2.0
            ],
            [
                -6.0,
                1.0
            ],
            [
                -7.0,
                0.0
            ],
            [
                -9.0,
                3.0
            ],
            [
                -12.0,
                3.0
            ],
            [
                -16.0,
                5.0
            ],
            [
                -13.0,
                4.0
            ]
        ],
        "channel": 0,
        "closest_Dend": 0
    }
]