[
    {
        "type": 0,
        "location": [
            166,
            141
        ],
        "bgloc": [
            147.71835210759383,
            157.12179421390215
        ],
        "mean": [
            [
                27.258064516129032,
                28.475806451612904,
                20.81451612903226,
                22.241935483870968,
                22.278225806451612,
                27.798387096774192,
                22.995967741935484,
                25.258064516129032
            ]
        ],
        "min": [
            [
                4,
                5,
                4,
                5,
                4,
                6,
                5,
                4
            ]
        ],
        "max": [
            [
                81,
                86,
                73,
                68,
                73,
                76,
                80,
                90
            ]
        ],
        "RawIntDen": [
            [
                6760,
                7062,
                5162,
                5516,
                5525,
                6894,
                5703,
                6264
            ]
        ],
        "IntDen": [
            [
                7302.746880000001,
                7628.993856000001,
                5576.446656000001,
                5958.868608000001,
                5968.591200000001,
                7447.505472000001,
                6160.882464,
                6766.924032000001
            ]
        ],
        "local_bg": [
            [
                4.979253112033195,
                4.6887966804979255,
                4.5020746887966805,
                4.477178423236515,
                4.551867219917012,
                4.946058091286307,
                4.908713692946058,
                5.095435684647303
            ]
        ],
        "area": [
            1.0802880000000001
        ],
        "distance": 3.5766498257222556,
        "points": [
            [
                166.0,
                150.8
            ],
            [
                160.2,
                146.8
            ],
            [
                159.0,
                141.0
            ],
            [
                158.2,
                133.2
            ],
            [
                166.0,
                133.2
            ],
            [
                172.0,
                135.0
            ],
            [
                175.4,
                141.0
            ],
            [
                175.0,
                150.0
            ]
        ],
        "shift": null,
        "channel": 0,
        "closest_Dend": 0
    }
]