[
    {
        "type": 0,
        "location": [
            136,
            227
        ],
        "bgloc": [
            225.58417656019145,
            218.01943006534128
        ],
        "mean": [
            [
                40.458149779735685,
                40.17180616740088,
                47.04405286343612,
                42.757709251101325,
                43.32599118942731,
                33.87665198237885,
                20.352422907488986,
                10.726872246696034
            ]
        ],
        "min": [
            [
                6,
                6,
                5,
                6,
                6,
                5,
                5,
                4
            ]
        ],
        "max": [
            [
                120,
                135,
                164,
                138,
                164,
                110,
                111,
                25
            ]
        ],
        "RawIntDen": [
            [
                9184,
                9119,
                10679,
                9706,
                9835,
                7690,
                4620,
                2435
            ]
        ],
        "IntDen": [
            [
                9081.249408000001,
                9016.976628,
                10559.523348,
                9597.409272,
                9724.966020000002,
                7603.964280000001,
                4568.31144,
                2407.7572200000004
            ]
        ],
        "local_bg": [
            [
                6.860262008733624,
                6.96943231441048,
                6.868995633187773,
                7.22707423580786,
                6.85589519650655,
                7.165938864628821,
                7.209606986899563,
                7.0524017467248905
            ]
        ],
        "area": [
            0.9888120000000001
        ],
        "distance": 1.848,
        "points": [
            [
                136.0,
                237.2
            ],
            [
                128.8,
                234.2
            ],
            [
                126.4,
                227.0
            ],
            [
                130.6,
                221.6
            ],
            [
                136.0,
                221.4
            ],
            [
                140.6,
                222.4
            ],
            [
                144.2,
                227.0
            ],
            [
                145.0,
                236.0
            ]
        ],
        "shift": null,
        "channel": 0,
        "closest_Dend": 0
    },
    {
        "type": 0,
        "location": [
            183,
            237
        ],
        "bgloc": [
            184.16790355410984,
            211.88368591629217
        ],
        "mean": [
            [
                57.713235294117645,
                33.294117647058826,
                49.76470588235294,
                59.529411764705884,
                25.801470588235293,
                28.25,
                20.352941176470587,
                12.757352941176471
            ]
        ],
        "min": [
            [
                10,
                6,
                5,
                7,
                6,
                6,
                5,
                6
            ]
        ],
        "max": [
            [
                184,
                121,
                168,
                175,
                172,
                136,
                86,
                46
            ]
        ],
        "RawIntDen": [
            [
                7849,
                4528,
                6768,
                8096,
                3509,
                3842,
                2768,
                1735
            ]
        ],
        "IntDen": [
            [
                4649.873184000001,
                2682.4596480000005,
                4009.4714880000006,
                4796.199936000001,
                2078.787744,
                2276.062272,
                1639.8074880000001,
                1027.84176
            ]
        ],
        "local_bg": [
            [
                8.335766423357665,
                7.518248175182482,
                7.642335766423358,
                8.014598540145986,
                7.700729927007299,
                7.182481751824818,
                7.072992700729927,
                7.262773722627737
            ]
        ],
        "area": [
            0.592416
        ],
        "distance": 4.953258972573121,
        "points": [
            [
                183.0,
                242.8
            ],
            [
                177.8,
                242.2
            ],
            [
                174.4,
                237.0
            ],
            [
                178.2,
                232.2
            ],
            [
                183.0,
                231.0
            ],
            [
                188.0,
                232.0
            ],
            [
                189.2,
                237.0
            ],
            [
                188.4,
                242.4
            ]
        ],
        "shift": null,
        "channel": 0,
        "closest_Dend": 0
    },
    {
        "type": 0,
        "location": [
            211,
            239
        ],
        "bgloc": [
            125.8783341381432,
            201.1461336554562
        ],
        "mean": [
            [
                65.3103448275862,
                46.61494252873563,
                61.04022988505747,
                55.695402298850574,
                47.02298850574713,
                43.85057471264368,
                29.10919540229885,
                11.557471264367816
            ]
        ],
        "min": [
            [
                8,
                6,
                6,
                7,
                5,
                5,
                4,
                4
            ]
        ],
        "max": [
            [
                206,
                158,
                194,
                168,
                153,
                145,
                153,
                31
            ]
        ],
        "RawIntDen": [
            [
                11364,
                8111,
                10621,
                9691,
                8182,
                7630,
                5065,
                2011
            ]
        ],
        "IntDen": [
            [
                8613.275616,
                6147.683784000001,
                8050.123224000001,
                7345.235304000001,
                6201.497808000001,
                5783.112720000001,
                3838.9863600000003,
                1524.225384
            ]
        ],
        "local_bg": [
            [
                11.948275862068966,
                14.454022988505747,
                14.39655172413793,
                13.919540229885058,
                13.85632183908046,
                13.03448275862069,
                11.5,
                13.5
            ]
        ],
        "area": [
            0.7579440000000001
        ],
        "distance": 6.541630260162332,
        "points": [
            [
                211.0,
                246.4
            ],
            [
                205.8,
                244.2
            ],
            [
                202.2,
                239.0
            ],
            [
                205.6,
                233.6
            ],
            [
                211.0,
                233.0
            ],
            [
                216.2,
                233.8
            ],
            [
                218.8,
                239.0
            ],
            [
                218.4,
                246.4
            ]
        ],
        "shift": null,
        "channel": 0,
        "closest_Dend": 0
    }
]