[
    {
        "type": 0,
        "location": [
            266,
            240
        ],
        "bgloc": [
            263.9631893123444,
            196.0097508359217
        ],
        "mean": [
            [
                97.36363636363636,
                85.43030303030304,
                80.38787878787879,
                93.86060606060606,
                74.56969696969696,
                74.26060606060607,
                66.27272727272727,
                72.89696969696969
            ]
        ],
        "min": [
            [
                20,
                14,
                21,
                15,
                15,
                14,
                15,
                15
            ]
        ],
        "max": [
            [
                188,
                191,
                176,
                204,
                177,
                165,
                172,
                176
            ]
        ],
        "RawIntDen": [
            [
                16065,
                14096,
                13264,
                15487,
                12304,
                12253,
                10935,
                12028
            ]
        ],
        "IntDen": [
            [
                69.97914,
                61.402176000000004,
                57.777984000000004,
                67.46137200000001,
                53.59622400000001,
                53.37406800000001,
                47.63286000000001,
                52.39396800000001
            ]
        ],
        "local_bg": [
            [
                6.612121212121212,
                7.557575757575758,
                7.866666666666666,
                7.357575757575757,
                7.527272727272727,
                7.315151515151515,
                7.181818181818182,
                7.357575757575757
            ]
        ],
        "area": [
            0.71874
        ],
        "distance": 1.2397474114057985,
        "points": [
            [
                266.3785107501988,
                246.93014748934337
            ],
            [
                260.9785107501988,
                245.53014748934336
            ],
            [
                258.1785107501988,
                240.13014748934336
            ],
            [
                259.77851075019885,
                233.53014748934336
            ],
            [
                266.3785107501988,
                232.13014748934336
            ],
            [
                271.1785107501988,
                235.33014748934335
            ],
            [
                273.1785107501988,
                240.13014748934336
            ],
            [
                271.0949091097957,
                246.15677432768354
            ]
        ],
        "shift": [
            [
                0,
                0
            ],
            [
                0,
                0
            ],
            [
                0,
                0
            ],
            [
                -2.0,
                -0.0
            ],
            [
                2.0,
                2.0
            ],
            [
                2.0,
                2.0
            ],
            [
                0,
                0
            ],
            [
                0,
                0
            ]
        ],
        "channel": 0,
        "closest_Dend": 0
    },
    {
        "type": 0,
        "location": [
            328,
            276
        ],
        "bgloc": [
            276.36952757218114,
            151.8121707852535
        ],
        "mean": [
            [
                91.10526315789474,
                86.64473684210526,
                79.79605263157895,
                77.07236842105263,
                66.59210526315789,
                67.74342105263158,
                71.97368421052632,
                72.73684210526316
            ]
        ],
        "min": [
            [
                17,
                28,
                18,
                23,
                24,
                22,
                21,
                27
            ]
        ],
        "max": [
            [
                228,
                191,
                179,
                196,
                142,
                159,
                157,
                145
            ]
        ],
        "RawIntDen": [
            [
                13848,
                13170,
                12129,
                11715,
                10122,
                10297,
                10940,
                11056
            ]
        ],
        "IntDen": [
            [
                60.32188800000001,
                57.368520000000004,
                52.833924,
                51.03054000000001,
                44.091432000000005,
                44.85373200000001,
                47.65464000000001,
                48.15993600000001
            ]
        ],
        "local_bg": [
            [
                5.854304635761589,
                5.7218543046357615,
                6.317880794701987,
                6.145695364238411,
                6.264900662251655,
                6.470198675496689,
                6.271523178807947,
                6.483443708609271
            ]
        ],
        "area": [
            0.662112
        ],
        "distance": 5.677908869891664,
        "points": [
            [
                329.3525755206366,
                282.44964724855623
            ],
            [
                321.55961682264297,
                280.1117596391581
            ],
            [
                319.481494503178,
                276.2152802901613
            ],
            [
                321.8193821125761,
                270.2406786216995
            ],
            [
                328.8330449407704,
                269.20161746196703
            ],
            [
                332.6487522160205,
                271.59611452964594
            ],
            [
                334.8487522160205,
                275.79611452964593
            ],
            [
                333.8487522160205,
                281.1961145296459
            ]
        ],
        "shift": [
            [
                0,
                0
            ],
            [
                -3.0,
                1.0
            ],
            [
                -4.0,
                2.0
            ],
            [
                -4.0,
                2.0
            ],
            [
                -3.0,
                2.0
            ],
            [
                -4.0,
                6.0
            ],
            [
                -3.0,
                5.0
            ],
            [
                -5.0,
                4.0
            ]
        ],
        "channel": 0,
        "closest_Dend": 0
    },
    {
        "type": 0,
        "location": [
            343,
            246
        ],
        "bgloc": [
            232.94734366275264,
            164.21850904509017
        ],
        "mean": [
            [
                53.0,
                51.1578947368421,
                55.28947368421053,
                84.06140350877193,
                68.44736842105263,
                69.78947368421052,
                59.13157894736842,
                58.20175438596491
            ]
        ],
        "min": [
            [
                14,
                13,
                14,
                37,
                24,
                25,
                18,
                13
            ]
        ],
        "max": [
            [
                114,
                118,
                119,
                144,
                121,
                142,
                115,
                120
            ]
        ],
        "RawIntDen": [
            [
                6042,
                5832,
                6303,
                9583,
                7803,
                7956,
                6741,
                6635
            ]
        ],
        "IntDen": [
            [
                26.318952000000003,
                25.404192000000002,
                27.455868000000002,
                41.743548000000004,
                33.989868,
                34.656336,
                29.363796000000004,
                28.902060000000002
            ]
        ],
        "local_bg": [
            [
                6.535087719298246,
                6.0701754385964914,
                6.201754385964913,
                6.447368421052632,
                6.543859649122807,
                6.692982456140351,
                6.9035087719298245,
                6.447368421052632
            ]
        ],
        "area": [
            0.4965840000000001
        ],
        "distance": 6.935452315611136,
        "points": [
            [
                343.74511444281177,
                251.32668179480774
            ],
            [
                338.87842497307787,
                251.30005495646756
            ],
            [
                336.8003026536129,
                244.5461574182064
            ],
            [
                339.58886980388183,
                240.1567743276835
            ],
            [
                344.52441031261117,
                239.117713167951
            ],
            [
                348.420889661608,
                242.7544272270147
            ],
            [
                349.2001855314073,
                247.17043715587778
            ],
            [
                347.3818285018755,
                250.02785534514211
            ]
        ],
        "shift": [
            [
                0,
                0
            ],
            [
                -3.0,
                -0.0
            ],
            [
                -3.0,
                0.0
            ],
            [
                -4.0,
                1.0
            ],
            [
                -1.0,
                -0.0
            ],
            [
                -2.0,
                4.0
            ],
            [
                -3.0,
                2.0
            ],
            [
                -4.0,
                2.0
            ]
        ],
        "channel": 0,
        "closest_Dend": 0
    },
    {
        "type": 0,
        "location": [
            380,
            265
        ],
        "bgloc": [
            235.27353208647202,
            157.23994377393205
        ],
        "mean": [
            [
                64.84102564102564,
                64.34358974358975,
                60.58461538461538,
                102.29230769230769,
                71.87179487179488,
                83.87692307692308,
                78.64615384615385,
                77.61025641025641
            ]
        ],
        "min": [
            [
                16,
                13,
                15,
                25,
                21,
                28,
                21,
                15
            ]
        ],
        "max": [
            [
                148,
                202,
                175,
                214,
                151,
                207,
                160,
                181
            ]
        ],
        "RawIntDen": [
            [
                12644,
                12547,
                11814,
                19947,
                14015,
                16356,
                15336,
                15134
            ]
        ],
        "IntDen": [
            [
                55.07726400000001,
                54.654732,
                51.46178400000001,
                86.889132,
                61.04934000000001,
                71.24673600000001,
                66.803616,
                65.923704
            ]
        ],
        "local_bg": [
            [
                6.150259067357513,
                5.94300518134715,
                6.393782383419689,
                6.186528497409326,
                6.22279792746114,
                6.6217616580310885,
                6.533678756476684,
                6.725388601036269
            ]
        ],
        "area": [
            0.8494200000000001
        ],
        "distance": 8.812171152933137,
        "points": [
            [
                380.7782220737514,
                271.3305364445084
            ],
            [
                371.34908621471806,
                271.6008087309835
            ],
            [
                368.2319027355206,
                266.1457376423879
            ],
            [
                371.0615754925779,
                256.5066764826555
            ],
            [
                379.4793956240858,
                258.86180252771857
            ],
            [
                383.1161096831495,
                260.93992484718353
            ],
            [
                385.46157549257794,
                265.1066764826555
            ],
            [
                384.8615754925779,
                270.30667648265546
            ]
        ],
        "shift": [
            [
                0,
                0
            ],
            [
                -2.0,
                2.0
            ],
            [
                -1.0,
                1.0
            ],
            [
                -2.0,
                2.0
            ],
            [
                0.0,
                2.0
            ],
            [
                -1.0,
                4.0
            ],
            [
                -3.0,
                5.0
            ],
            [
                -4.0,
                3.0
            ]
        ],
        "channel": 0,
        "closest_Dend": 0
    },
    {
        "type": 0,
        "location": [
            434,
            243
        ],
        "bgloc": [
            221.31640154415572,
            171.9724704574881
        ],
        "mean": [
            [
                53.442622950819676,
                62.33606557377049,
                49.614754098360656,
                89.24590163934427,
                72.05737704918033,
                64.88524590163935,
                65.22131147540983,
                58.98360655737705
            ]
        ],
        "min": [
            [
                15,
                9,
                8,
                22,
                28,
                15,
                19,
                22
            ]
        ],
        "max": [
            [
                112,
                154,
                98,
                177,
                133,
                121,
                123,
                115
            ]
        ],
        "RawIntDen": [
            [
                6520,
                7605,
                6053,
                10888,
                8791,
                7916,
                7957,
                7196
            ]
        ],
        "IntDen": [
            [
                28.401120000000002,
                33.12738,
                26.366868000000004,
                47.42812800000001,
                38.293596,
                34.482096000000006,
                34.660692000000004,
                31.345776000000004
            ]
        ],
        "local_bg": [
            [
                6.365079365079365,
                6.071428571428571,
                6.095238095238095,
                6.5,
                6.746031746031746,
                6.666666666666667,
                6.611111111111111,
                6.825396825396825
            ]
        ],
        "area": [
            0.531432
        ],
        "distance": 12.822880784813751,
        "points": [
            [
                435.06128681613046,
                248.20949831561026
            ],
            [
                430.12574630740113,
                246.1313759961453
            ],
            [
                428.04762398793616,
                241.195835487416
            ],
            [
                428.632990508734,
                236.78521857793888
            ],
            [
                434.432990508734,
                235.3852185779389
            ],
            [
                439.62829630739645,
                236.350851619544
            ],
            [
                439.7370620349266,
                243.7934883867472
            ],
            [
                439.632990508734,
                247.78521857793888
            ]
        ],
        "shift": [
            [
                0,
                0
            ],
            [
                -2.0,
                3.0
            ],
            [
                -1.0,
                2.0
            ],
            [
                -4.0,
                4.0
            ],
            [
                -2.0,
                3.0
            ],
            [
                -3.0,
                3.0
            ],
            [
                -2.0,
                5.0
            ],
            [
                -5.0,
                5.0
            ]
        ],
        "channel": 0,
        "closest_Dend": 0
    },
    {
        "type": 0,
        "location": [
            442,
            209
        ],
        "bgloc": [
            232.94734366275264,
            164.21850904509017
        ],
        "mean": [
            [
                115.43225806451613,
                104.92903225806451,
                116.3225806451613,
                119.75483870967741,
                108.8258064516129,
                126.01935483870967,
                113.65806451612903,
                107.58064516129032
            ]
        ],
        "min": [
            [
                22,
                19,
                21,
                14,
                21,
                26,
                35,
                38
            ]
        ],
        "max": [
            [
                233,
                198,
                228,
                238,
                248,
                241,
                224,
                184
            ]
        ],
        "RawIntDen": [
            [
                17892,
                16264,
                18030,
                18562,
                16868,
                19533,
                17617,
                16675
            ]
        ],
        "IntDen": [
            [
                77.93755200000001,
                70.845984,
                78.53868000000001,
                80.85607200000001,
                73.47700800000001,
                85.08574800000001,
                76.739652,
                72.6363
            ]
        ],
        "local_bg": [
            [
                6.405063291139241,
                6.227848101265823,
                6.2784810126582276,
                6.417721518987341,
                6.512658227848101,
                6.6075949367088604,
                6.829113924050633,
                6.715189873417722
            ]
        ],
        "area": [
            0.6751800000000001
        ],
        "distance": 13.720023884950686,
        "points": [
            [
                440.42650008191714,
                216.3326353236006
            ],
            [
                434.71166370338847,
                213.99474771420253
            ],
            [
                432.8933066738566,
                208.79944191554011
            ],
            [
                437.083367395992,
                203.65948624770317
            ],
            [
                442.083367395992,
                203.05948624770318
            ],
            [
                445.3620405906464,
                205.68225843634264
            ],
            [
                447.883367395992,
                208.65948624770317
            ],
            [
                449.083367395992,
                215.65948624770317
            ]
        ],
        "shift": [
            [
                0,
                0
            ],
            [
                -2.0,
                0.0
            ],
            [
                -2.0,
                0.0
            ],
            [
                0,
                0
            ],
            [
                1.0,
                -0.0
            ],
            [
                -1.0,
                1.0
            ],
            [
                0.0,
                2.0
            ],
            [
                -2.0,
                1.0
            ]
        ],
        "channel": 0,
        "closest_Dend": 0
    },
    {
        "type": 0,
        "location": [
            450,
            242
        ],
        "bgloc": [
            235.27353208647202,
            157.23994377393205
        ],
        "mean": [
            [
                59.23232323232323,
                51.14141414141414,
                67.96969696969697,
                77.33333333333333,
                50.14141414141414,
                75.11111111111111,
                62.84848484848485,
                64.86868686868686
            ]
        ],
        "min": [
            [
                13,
                16,
                11,
                27,
                12,
                27,
                15,
                14
            ]
        ],
        "max": [
            [
                143,
                101,
                128,
                143,
                92,
                155,
                133,
                136
            ]
        ],
        "RawIntDen": [
            [
                5864,
                5063,
                6729,
                7656,
                4964,
                7436,
                6222,
                6422
            ]
        ],
        "IntDen": [
            [
                25.543584000000003,
                22.054428,
                29.311524000000002,
                33.349536,
                21.623184000000002,
                32.39121600000001,
                27.103032000000002,
                27.974232000000004
            ]
        ],
        "local_bg": [
            [
                6.071428571428571,
                5.775510204081633,
                6.377551020408164,
                6.020408163265306,
                6.204081632653061,
                6.612244897959184,
                6.469387755102041,
                6.438775510204081
            ]
        ],
        "area": [
            0.43124400000000007
        ],
        "distance": 14.027425217599298,
        "points": [
            [
                449.97984674498883,
                248.56920864907582
            ],
            [
                446.817111679242,
                245.67630490754973
            ],
            [
                444.4792240698439,
                242.29935613841917
            ],
            [
                445.51828522957635,
                237.62358091962295
            ],
            [
                450.4538257383057,
                236.06498918002424
            ],
            [
                454.86983566716873,
                237.36381562968984
            ],
            [
                455.3798467449888,
                242.1692086490758
            ],
            [
                454.1798467449888,
                246.3692086490758
            ]
        ],
        "shift": [
            [
                0,
                0
            ],
            [
                -2.0,
                0.0
            ],
            [
                -2.0,
                -0.0
            ],
            [
                -2.0,
                1.0
            ],
            [
                -1.0,
                -0.0
            ],
            [
                -4.0,
                1.0
            ],
            [
                -5.0,
                2.0
            ],
            [
                -6.0,
                1.0
            ]
        ],
        "channel": 0,
        "closest_Dend": 0
    }
]