[
    {
        "type": "Stim",
        "location": [
            42,
            228
        ],
        "radloc": [
            0,
            0
        ],
        "mean": [
            51.0,
            154.7983193277311,
            110.92436974789916,
            145.52100840336135,
            110.52100840336135,
            119.32773109243698,
            82.5798319327731,
            60.21848739495798
        ],
        "min": [
            8.0,
            38.0,
            24.0,
            46.0,
            18.0,
            14.0,
            8.0,
            9.0
        ],
        "max": [
            139.0,
            255.0,
            209.0,
            247.0,
            222.0,
            238.0,
            236.0,
            219.0
        ],
        "RawIntDen": [
            6069.0,
            18421.0,
            13200.0,
            17317.0,
            13152.0,
            14200.0,
            9827.0,
            7166.0
        ],
        "IntDen": [
            3577.1930924292515,
            10857.71526703563,
            7780.350769495159,
            10206.995020859671,
            7752.058584878812,
            8369.771282335701,
            5792.235379684009,
            4223.787395015326
        ],
        "FlagUp": 0,
        "Times": [
            -15,
            -10,
            -5,
            2,
            10,
            20,
            30,
            40
        ],
        "width": 0,
        "height": 0,
        "area": 0.5894205128405423,
        "distance": 0,
        "xpert": [
            [
                42.0,
                234.6
            ],
            [
                35.0,
                235.0
            ],
            [
                36.8,
                228.0
            ],
            [
                38.8,
                224.8
            ],
            [
                42.0,
                223.0
            ],
            [
                46.0,
                224.0
            ],
            [
                48.4,
                228.0
            ],
            [
                48.8,
                234.8
            ]
        ],
        "stack": 0
    },
    {
        "type": "Stim",
        "location": [
            51,
            253
        ],
        "radloc": [
            0,
            0
        ],
        "mean": [
            129.05803571428572,
            144.41964285714286,
            131.375,
            141.51785714285714,
            98.22321428571429,
            136.20982142857142,
            141.79464285714286,
            131.82589285714286
        ],
        "min": [
            15.0,
            17.0,
            13.0,
            15.0,
            8.0,
            10.0,
            11.0,
            11.0
        ],
        "max": [
            254.0,
            255.0,
            255.0,
            255.0,
            255.0,
            255.0,
            255.0,
            255.0
        ],
        "RawIntDen": [
            28909.0,
            32350.0,
            29428.0,
            31700.0,
            22002.0,
            30511.0,
            31762.0,
            29529.0
        ],
        "IntDen": [
            28718.75438128574,
            32137.109697139083,
            29234.33892325839,
            31491.387245728252,
            21857.208270678642,
            30310.211869224437,
            31552.979233401285,
            29334.674258016075
        ],
        "FlagUp": 0,
        "Times": [
            -15,
            -10,
            -5,
            2,
            10,
            20,
            30,
            40
        ],
        "width": 0,
        "height": 0,
        "area": 0.9934191560166641,
        "distance": 0,
        "xpert": [
            [
                51.0,
                262.0
            ],
            [
                44.4,
                259.6
            ],
            [
                40.8,
                253.0
            ],
            [
                44.8,
                246.8
            ],
            [
                51.0,
                246.2
            ],
            [
                57.4,
                246.6
            ],
            [
                60.2,
                253.0
            ],
            [
                57.4,
                259.4
            ]
        ],
        "stack": 0
    },
    {
        "type": "Stim",
        "location": [
            93,
            271
        ],
        "radloc": [
            0,
            0
        ],
        "mean": [
            136.23417721518987,
            107.53164556962025,
            95.62025316455696,
            99.84810126582279,
            125.40506329113924,
            141.36075949367088,
            80.67721518987342,
            69.10759493670886
        ],
        "min": [
            17.0,
            21.0,
            15.0,
            9.0,
            21.0,
            34.0,
            8.0,
            6.0
        ],
        "max": [
            255.0,
            251.0,
            253.0,
            255.0,
            255.0,
            255.0,
            198.0,
            189.0
        ],
        "RawIntDen": [
            21525.0,
            16990.0,
            15108.0,
            15776.0,
            19814.0,
            22335.0,
            12747.0,
            10919.0
        ],
        "IntDen": [
            17742.36328485772,
            14004.309045748327,
            12453.037143211637,
            13003.647999159835,
            16332.041167301786,
            18410.020161082335,
            10506.940989179158,
            9000.179545057445
        ],
        "FlagUp": 0,
        "Times": [
            -15,
            -10,
            -5,
            2,
            10,
            20,
            30,
            40
        ],
        "width": 0,
        "height": 0,
        "area": 0.8242677484254459,
        "distance": 0,
        "xpert": [
            [
                93.0,
                277.4
            ],
            [
                87.0,
                277.0
            ],
            [
                86.0,
                271.0
            ],
            [
                84.0,
                262.0
            ],
            [
                93.0,
                265.4
            ],
            [
                98.0,
                266.0
            ],
            [
                101.0,
                271.0
            ],
            [
                98.6,
                276.6
            ]
        ],
        "stack": 0
    },
    {
        "type": "Stim",
        "location": [
            102,
            227
        ],
        "radloc": [
            0,
            0
        ],
        "mean": [
            135.03097345132744,
            149.26548672566372,
            161.50442477876106,
            161.23451327433628,
            156.97345132743362,
            143.33185840707964,
            129.16814159292036,
            111.32743362831859
        ],
        "min": [
            18.0,
            33.0,
            41.0,
            25.0,
            15.0,
            41.0,
            21.0,
            13.0
        ],
        "max": [
            255.0,
            255.0,
            255.0,
            255.0,
            255.0,
            255.0,
            255.0,
            233.0
        ],
        "RawIntDen": [
            30517.0,
            33734.0,
            36500.0,
            36439.0,
            35476.0,
            32393.0,
            29192.0,
            25160.0
        ],
        "IntDen": [
            35150.2715653184,
            38855.695546234914,
            42041.64603775344,
            41971.38465670404,
            40862.176296858655,
            37311.096989067046,
            33624.10222285201,
            28979.940118078808
        ],
        "FlagUp": 0,
        "Times": [
            -15,
            -10,
            -5,
            2,
            10,
            20,
            30,
            40
        ],
        "width": 0,
        "height": 0,
        "area": 1.15182591884256,
        "distance": 0,
        "xpert": [
            [
                102.0,
                236.2
            ],
            [
                96.6,
                232.4
            ],
            [
                93.0,
                227.0
            ],
            [
                90.4,
                215.4
            ],
            [
                102.0,
                220.6
            ],
            [
                106.6,
                222.4
            ],
            [
                108.6,
                227.0
            ],
            [
                109.8,
                234.8
            ]
        ],
        "stack": 0
    },
    {
        "type": "Stim",
        "location": [
            163,
            254
        ],
        "radloc": [
            0,
            0
        ],
        "mean": [
            134.43046357615893,
            125.49668874172185,
            127.13245033112582,
            136.80132450331126,
            121.83443708609272,
            98.6092715231788,
            88.24503311258277,
            91.64238410596026
        ],
        "min": [
            25.0,
            17.0,
            22.0,
            23.0,
            30.0,
            11.0,
            10.0,
            11.0
        ],
        "max": [
            255.0,
            246.0,
            255.0,
            255.0,
            242.0,
            207.0,
            239.0,
            248.0
        ],
        "RawIntDen": [
            20299.0,
            18950.0,
            19197.0,
            20657.0,
            18397.0,
            14890.0,
            13325.0,
            13838.0
        ],
        "IntDen": [
            13996.144343686086,
            13066.009917377769,
            13236.316220786335,
            14242.985058747894,
            12684.716857519727,
            10266.643148799736,
            9187.576894409434,
            9541.289986104146
        ],
        "FlagUp": 0,
        "Times": [
            -15,
            -10,
            -5,
            2,
            10,
            20,
            30,
            40
        ],
        "width": 0,
        "height": 0,
        "area": 0.6894992040832596,
        "distance": 0,
        "xpert": [
            [
                163.0,
                260.8
            ],
            [
                158.0,
                259.0
            ],
            [
                157.0,
                254.0
            ],
            [
                158.0,
                249.0
            ],
            [
                163.0,
                247.2
            ],
            [
                168.6,
                248.4
            ],
            [
                171.0,
                254.0
            ],
            [
                169.6,
                260.6
            ]
        ],
        "stack": 0
    },
    {
        "type": "Stim",
        "location": [
            175,
            221
        ],
        "radloc": [
            0,
            0
        ],
        "mean": [
            106.55440414507773,
            138.98445595854923,
            113.80829015544042,
            153.5699481865285,
            105.5958549222798,
            140.25906735751295,
            123.96891191709845,
            111.93264248704664
        ],
        "min": [
            20.0,
            37.0,
            19.0,
            31.0,
            20.0,
            32.0,
            25.0,
            17.0
        ],
        "max": [
            242.0,
            253.0,
            228.0,
            255.0,
            223.0,
            252.0,
            252.0,
            242.0
        ],
        "RawIntDen": [
            20565.0,
            26824.0,
            21965.0,
            29639.0,
            20380.0,
            27070.0,
            23926.0,
            21603.0
        ],
        "IntDen": [
            18276.84796396243,
            23839.444190874216,
            19521.077827786765,
            26341.234952778144,
            18112.431874814218,
            24058.07315266049,
            21263.888372757847,
            19199.35553442647
        ],
        "FlagUp": 0,
        "Times": [
            -15,
            -10,
            -5,
            2,
            10,
            20,
            30,
            40
        ],
        "width": 0,
        "height": 0,
        "area": 0.8887356170173806,
        "distance": 0,
        "xpert": [
            [
                175.0,
                230.2
            ],
            [
                169.6,
                226.4
            ],
            [
                170.2,
                221.0
            ],
            [
                171.0,
                217.0
            ],
            [
                175.0,
                209.0
            ],
            [
                181.6,
                214.4
            ],
            [
                182.8,
                221.0
            ],
            [
                181.4,
                227.4
            ]
        ],
        "stack": 0
    },
    {
        "type": "Stim",
        "location": [
            220,
            220
        ],
        "radloc": [
            0,
            0
        ],
        "mean": [
            45.75,
            39.88,
            38.83,
            42.09,
            50.41,
            39.66,
            40.57,
            43.92
        ],
        "min": [
            10.0,
            9.0,
            10.0,
            13.0,
            12.0,
            7.0,
            9.0,
            10.0
        ],
        "max": [
            120.0,
            122.0,
            87.0,
            95.0,
            100.0,
            96.0,
            92.0,
            100.0
        ],
        "RawIntDen": [
            4575.0,
            3988.0,
            3883.0,
            4209.0,
            5041.0,
            3966.0,
            4057.0,
            4392.0
        ],
        "IntDen": [
            2134.80741994434,
            1860.898795789733,
            1811.9032156598628,
            1964.0228263487927,
            2352.25447080643,
            1850.6330551910935,
            1893.0958913036475,
            2049.415123146566
        ],
        "FlagUp": 0,
        "Times": [
            -15,
            -10,
            -5,
            2,
            10,
            20,
            30,
            40
        ],
        "width": 0,
        "height": 0,
        "area": 0.4666245726654295,
        "distance": 0,
        "xpert": [
            [
                220.0,
                227.2
            ],
            [
                215.4,
                224.6
            ],
            [
                214.4,
                220.0
            ],
            [
                216.4,
                216.4
            ],
            [
                220.0,
                214.8
            ],
            [
                223.4,
                216.6
            ],
            [
                224.8,
                220.0
            ],
            [
                226.0,
                226.0
            ]
        ],
        "stack": 0
    },
    {
        "type": "Stim",
        "location": [
            222,
            260
        ],
        "radloc": [
            0,
            0
        ],
        "mean": [
            87.96875,
            65.8125,
            72.48958333333333,
            70.5625,
            79.34375,
            40.645833333333336,
            47.510416666666664,
            53.697916666666664
        ],
        "min": [
            18.0,
            12.0,
            12.0,
            12.0,
            12.0,
            9.0,
            9.0,
            10.0
        ],
        "max": [
            214.0,
            192.0,
            200.0,
            191.0,
            210.0,
            131.0,
            134.0,
            158.0
        ],
        "RawIntDen": [
            8445.0,
            6318.0,
            6959.0,
            6774.0,
            7617.0,
            3902.0,
            4561.0,
            5155.0
        ],
        "IntDen": [
            3741.0197610646273,
            2798.7877857201083,
            3082.742038750591,
            3000.789563226973,
            3374.227059802163,
            1728.5327540170722,
            2020.460761422826,
            2283.5946558067676
        ],
        "FlagUp": 0,
        "Times": [
            -15,
            -10,
            -5,
            2,
            10,
            20,
            30,
            40
        ],
        "width": 0,
        "height": 0,
        "area": 0.4429863541817202,
        "distance": 0,
        "xpert": [
            [
                222.0,
                265.0
            ],
            [
                217.6,
                264.4
            ],
            [
                216.0,
                260.0
            ],
            [
                216.8,
                254.8
            ],
            [
                222.0,
                254.6
            ],
            [
                226.4,
                255.6
            ],
            [
                227.4,
                260.0
            ],
            [
                225.8,
                263.8
            ]
        ],
        "stack": 0
    },
    {
        "type": "Stim",
        "location": [
            301,
            258
        ],
        "radloc": [
            0,
            0
        ],
        "mean": [
            118.55357142857143,
            106.48214285714286,
            110.3452380952381,
            103.23809523809524,
            94.73809523809524,
            123.73809523809524,
            199.9345238095238,
            112.125
        ],
        "min": [
            11.0,
            13.0,
            16.0,
            12.0,
            12.0,
            19.0,
            61.0,
            14.0
        ],
        "max": [
            255.0,
            255.0,
            255.0,
            255.0,
            246.0,
            255.0,
            255.0,
            255.0
        ],
        "RawIntDen": [
            19917.0,
            17889.0,
            18538.0,
            17344.0,
            15916.0,
            20788.0,
            33589.0,
            18837.0
        ],
        "IntDen": [
            15059.562404430024,
            13526.159153127915,
            14016.878438184654,
            13114.075932240514,
            12034.342281915362,
            15718.139441848236,
            25397.180378691573,
            14242.957122671503
        ],
        "FlagUp": 0,
        "Times": [
            -15,
            -10,
            -5,
            2,
            10,
            20,
            30,
            40
        ],
        "width": 0,
        "height": 0,
        "area": 0.7561160016282584,
        "distance": 0,
        "xpert": [
            [
                301.0,
                267.6
            ],
            [
                294.4,
                264.6
            ],
            [
                293.4,
                258.0
            ],
            [
                296.4,
                253.4
            ],
            [
                301.0,
                251.8
            ],
            [
                307.2,
                251.8
            ],
            [
                307.4,
                258.0
            ],
            [
                306.0,
                263.0
            ]
        ],
        "stack": 0
    },
    {
        "type": "Stim",
        "location": [
            320,
            214
        ],
        "radloc": [
            0,
            0
        ],
        "mean": [
            103.98630136986301,
            126.79908675799086,
            141.12328767123287,
            123.04109589041096,
            129.47488584474885,
            119.32876712328768,
            136.80365296803652,
            131.97716894977168
        ],
        "min": [
            13.0,
            20.0,
            21.0,
            13.0,
            10.0,
            16.0,
            25.0,
            26.0
        ],
        "max": [
            249.0,
            255.0,
            255.0,
            255.0,
            255.0,
            255.0,
            255.0,
            255.0
        ],
        "RawIntDen": [
            22773.0,
            27769.0,
            30906.0,
            26946.0,
            28355.0,
            26133.0,
            29960.0,
            28903.0
        ],
        "IntDen": [
            22490.30392255112,
            27424.285321447416,
            30522.34369781605,
            26611.501756337,
            28003.01092187841,
            25808.594054715162,
            29588.087011796055,
            28544.208241052784
        ],
        "FlagUp": 0,
        "Times": [
            -15,
            -10,
            -5,
            2,
            10,
            20,
            30,
            40
        ],
        "width": 0,
        "height": 0,
        "area": 0.9875863488583463,
        "distance": 0,
        "xpert": [
            [
                320.0,
                225.6
            ],
            [
                313.0,
                221.0
            ],
            [
                311.8,
                214.0
            ],
            [
                314.4,
                208.4
            ],
            [
                320.0,
                207.2
            ],
            [
                326.4,
                207.6
            ],
            [
                328.0,
                214.0
            ],
            [
                326.4,
                220.4
            ]
        ],
        "stack": 0
    },
    {
        "type": "Stim",
        "location": [
            365,
            244
        ],
        "radloc": [
            0,
            0
        ],
        "mean": [
            174.1125,
            127.2875,
            65.575,
            64.225,
            73.775,
            60.95,
            59.7125,
            66.6
        ],
        "min": [
            56.0,
            23.0,
            10.0,
            10.0,
            10.0,
            9.0,
            15.0,
            11.0
        ],
        "max": [
            255.0,
            255.0,
            244.0,
            228.0,
            213.0,
            218.0,
            161.0,
            155.0
        ],
        "RawIntDen": [
            13929.0,
            10183.0,
            5246.0,
            5138.0,
            5902.0,
            4876.0,
            4777.0,
            5328.0
        ],
        "IntDen": [
            4866.15813123908,
            3557.476362295036,
            1832.7134436413392,
            1794.983163063134,
            2061.8899627089563,
            1703.4522972160064,
            1668.866206685985,
            1861.3605085247914
        ],
        "FlagUp": 0,
        "Times": [
            -15,
            -10,
            -5,
            2,
            10,
            20,
            30,
            40
        ],
        "width": 0,
        "height": 0,
        "area": 0.3493544497981966,
        "distance": 0,
        "xpert": [
            [
                365.0,
                248.2
            ],
            [
                360.8,
                248.2
            ],
            [
                359.8,
                244.0
            ],
            [
                361.6,
                240.6
            ],
            [
                365.0,
                239.0
            ],
            [
                368.6,
                240.4
            ],
            [
                371.0,
                244.0
            ],
            [
                369.2,
                248.2
            ]
        ],
        "stack": 0
    },
    {
        "type": "Stim",
        "location": [
            386,
            243
        ],
        "radloc": [
            0,
            0
        ],
        "mean": [
            94.42857142857143,
            127.83035714285714,
            103.94642857142857,
            107.97321428571429,
            107.26785714285714,
            110.08928571428571,
            110.32142857142857,
            108.5625
        ],
        "min": [
            25.0,
            35.0,
            17.0,
            14.0,
            24.0,
            15.0,
            15.0,
            15.0
        ],
        "max": [
            193.0,
            250.0,
            195.0,
            226.0,
            223.0,
            255.0,
            247.0,
            246.0
        ],
        "RawIntDen": [
            10576.0,
            14317.0,
            11642.0,
            12093.0,
            12014.0,
            12330.0,
            12356.0,
            12159.0
        ],
        "IntDen": [
            5451.250701168149,
            7379.496623357072,
            6000.705433339598,
            6233.16705079675,
            6192.447610044832,
            6355.325373052504,
            6368.726707983515,
            6267.1858240831625
        ],
        "FlagUp": 0,
        "Times": [
            -15,
            -10,
            -5,
            2,
            10,
            20,
            30,
            40
        ],
        "width": 0,
        "height": 0,
        "area": 0.5154359588850368,
        "distance": 0,
        "xpert": [
            [
                386.0,
                248.8
            ],
            [
                382.8,
                246.2
            ],
            [
                381.0,
                243.0
            ],
            [
                382.4,
                239.4
            ],
            [
                386.0,
                236.2
            ],
            [
                391.2,
                237.8
            ],
            [
                393.0,
                243.0
            ],
            [
                392.2,
                249.2
            ]
        ],
        "stack": 0
    },
    {
        "type": "Stim",
        "location": [
            405,
            251
        ],
        "radloc": [
            0,
            0
        ],
        "mean": [
            148.68493150684932,
            96.13013698630137,
            126.27397260273973,
            153.71917808219177,
            152.36301369863014,
            130.96575342465752,
            121.58219178082192,
            110.82191780821918
        ],
        "min": [
            28.0,
            15.0,
            25.0,
            25.0,
            31.0,
            16.0,
            11.0,
            14.0
        ],
        "max": [
            255.0,
            216.0,
            243.0,
            255.0,
            255.0,
            255.0,
            255.0,
            247.0
        ],
        "RawIntDen": [
            21708.0,
            14035.0,
            18436.0,
            22443.0,
            22245.0,
            19121.0,
            17751.0,
            16180.0
        ],
        "IntDen": [
            14781.052923386902,
            9556.480457883506,
            12553.136709764185,
            15281.516987266088,
            15146.69809658843,
            13019.555599229821,
            12086.717820298549,
            11017.018440224805
        ],
        "FlagUp": 0,
        "Times": [
            -15,
            -10,
            -5,
            2,
            10,
            20,
            30,
            40
        ],
        "width": 0,
        "height": 0,
        "area": 0.6809034882710016,
        "distance": 0,
        "xpert": [
            [
                405.0,
                256.2
            ],
            [
                401.4,
                254.6
            ],
            [
                398.4,
                251.0
            ],
            [
                397.4,
                243.4
            ],
            [
                405.0,
                243.2
            ],
            [
                410.0,
                246.0
            ],
            [
                412.2,
                251.0
            ],
            [
                410.6,
                256.6
            ]
        ],
        "stack": 0
    },
    {
        "type": "Stim",
        "location": [
            472,
            216
        ],
        "radloc": [
            0,
            0
        ],
        "mean": [
            52.51176470588236,
            134.22941176470587,
            62.51764705882353,
            80.09411764705882,
            65.32352941176471,
            56.311764705882354,
            56.911764705882355,
            47.05882352941177
        ],
        "min": [
            5.0,
            39.0,
            9.0,
            14.0,
            7.0,
            6.0,
            5.0,
            5.0
        ],
        "max": [
            175.0,
            254.0,
            168.0,
            172.0,
            168.0,
            139.0,
            149.0,
            124.0
        ],
        "RawIntDen": [
            8927.0,
            22819.0,
            10628.0,
            13616.0,
            11105.0,
            9573.0,
            9675.0,
            8000.0
        ],
        "IntDen": [
            7103.371839472155,
            18157.48202138626,
            8456.887634133534,
            10834.492098829716,
            8836.444973377202,
            7617.4054687203925,
            7698.5686733385355,
            6365.741538677858
        ],
        "FlagUp": 0,
        "Times": [
            -15,
            -10,
            -5,
            2,
            10,
            20,
            30,
            40
        ],
        "width": 0,
        "height": 0,
        "area": 0.7957176923347323,
        "distance": 0,
        "xpert": [
            [
                472.0,
                229.4
            ],
            [
                466.6,
                221.4
            ],
            [
                464.4,
                216.0
            ],
            [
                467.8,
                211.8
            ],
            [
                472.0,
                210.6
            ],
            [
                475.8,
                212.2
            ],
            [
                478.0,
                216.0
            ],
            [
                478.6,
                222.6
            ]
        ],
        "stack": 0
    },
    {
        "type": "Spine",
        "location": [
            359,
            264
        ],
        "radloc": [
            0,
            0
        ],
        "mean": [
            34.46666666666667,
            28.68888888888889,
            39.455555555555556,
            49.833333333333336,
            51.077777777777776,
            97.67777777777778,
            69.73333333333333,
            36.55555555555556
        ],
        "min": [
            9.0,
            9.0,
            8.0,
            9.0,
            11.0,
            25.0,
            17.0,
            10.0
        ],
        "max": [
            163.0,
            120.0,
            157.0,
            225.0,
            239.0,
            235.0,
            226.0,
            188.0
        ],
        "RawIntDen": [
            3102.0,
            2582.0,
            3551.0,
            4485.0,
            4597.0,
            8791.0,
            6276.0,
            3290.0
        ],
        "IntDen": [
            1286.5336791943596,
            1070.8671694648087,
            1472.753415480068,
            1860.123646417377,
            1906.5748946668186,
            3646.0082442932353,
            2602.928875120503,
            1364.505417327351
        ],
        "FlagUp": 0,
        "Times": [
            -15,
            -10,
            -5,
            2,
            10,
            20,
            30,
            40
        ],
        "width": 0,
        "height": 0,
        "area": 0.4147432879414441,
        "distance": -0.39534,
        "xpert": [
            [
                359.0,
                269.2
            ],
            [
                355.6,
                267.4
            ],
            [
                354.4,
                264.0
            ],
            [
                355.0,
                260.0
            ],
            [
                359.0,
                257.0
            ],
            [
                365.0,
                258.0
            ],
            [
                363.6,
                264.0
            ],
            [
                362.2,
                267.2
            ]
        ],
        "stack": 0
    },
    {
        "type": "Spine",
        "location": [
            295,
            219
        ],
        "radloc": [
            0,
            0
        ],
        "mean": [
            83.27142857142857,
            68.73571428571428,
            60.66428571428571,
            64.60714285714286,
            63.292857142857144,
            55.792857142857144,
            50.614285714285714,
            62.58571428571429
        ],
        "min": [
            11.0,
            7.0,
            15.0,
            11.0,
            9.0,
            8.0,
            10.0,
            11.0
        ],
        "max": [
            196.0,
            191.0,
            131.0,
            166.0,
            156.0,
            131.0,
            139.0,
            141.0
        ],
        "RawIntDen": [
            11658.0,
            9623.0,
            8493.0,
            9045.0,
            8861.0,
            7811.0,
            7086.0,
            8762.0
        ],
        "IntDen": [
            7952.288416968952,
            6564.1509209549,
            5793.342385084689,
            6169.878944200049,
            6044.366757828263,
            5328.128737771872,
            4833.583438209126,
            5976.83574450866
        ],
        "FlagUp": 0,
        "Times": [
            -15,
            -10,
            -5,
            2,
            10,
            20,
            30,
            40
        ],
        "width": 0,
        "height": 0,
        "area": 0.6821314476727528,
        "distance": -0.39534,
        "xpert": [
            [
                295.0,
                226.8
            ],
            [
                286.2,
                227.8
            ],
            [
                288.8,
                219.0
            ],
            [
                291.4,
                215.4
            ],
            [
                295.0,
                213.6
            ],
            [
                298.4,
                215.6
            ],
            [
                300.8,
                219.0
            ],
            [
                301.0,
                225.0
            ]
        ],
        "stack": 0
    },
    {
        "type": "Spine",
        "location": [
            332,
            203
        ],
        "radloc": [
            0,
            0
        ],
        "mean": [
            60.31460674157304,
            52.157303370786515,
            71.61797752808988,
            34.752808988764045,
            32.561797752808985,
            48.640449438202246,
            27.325842696629213,
            39.04494382022472
        ],
        "min": [
            8.0,
            13.0,
            21.0,
            6.0,
            6.0,
            7.0,
            6.0,
            6.0
        ],
        "max": [
            136.0,
            113.0,
            146.0,
            89.0,
            84.0,
            115.0,
            90.0,
            91.0
        ],
        "RawIntDen": [
            5368.0,
            4642.0,
            6374.0,
            3093.0,
            2898.0,
            4329.0,
            2432.0,
            3475.0
        ],
        "IntDen": [
            2208.214832981022,
            1909.5628268811295,
            2622.0494309651704,
            1272.356273921442,
            1192.1398260020494,
            1780.805143810515,
            1000.4430837946805,
            1429.4982385635342
        ],
        "FlagUp": 0,
        "Times": [
            -15,
            -10,
            -5,
            2,
            10,
            20,
            30,
            40
        ],
        "width": 0,
        "height": 0,
        "area": 0.4113663995866285,
        "distance": -0.79068,
        "xpert": [
            [
                332.0,
                210.0
            ],
            [
                325.6,
                209.4
            ],
            [
                327.2,
                203.0
            ],
            [
                328.8,
                199.8
            ],
            [
                332.0,
                198.2
            ],
            [
                335.0,
                200.0
            ],
            [
                336.2,
                203.0
            ],
            [
                336.0,
                207.0
            ]
        ],
        "stack": 0
    },
    {
        "type": "Spine",
        "location": [
            323,
            239
        ],
        "radloc": [
            0,
            0
        ],
        "mean": [
            102.864,
            111.0,
            133.48,
            166.36,
            145.488,
            131.192,
            102.632,
            102.92
        ],
        "min": [
            24.0,
            22.0,
            23.0,
            51.0,
            38.0,
            14.0,
            13.0,
            11.0
        ],
        "max": [
            219.0,
            249.0,
            255.0,
            255.0,
            255.0,
            255.0,
            243.0,
            232.0
        ],
        "RawIntDen": [
            12858.0,
            13875.0,
            16685.0,
            20795.0,
            18186.0,
            16399.0,
            12829.0,
            12865.0
        ],
        "IntDen": [
            7543.243474631332,
            8139.874258089107,
            9788.382125853459,
            12199.544879060395,
            10668.95518973755,
            9620.598051056091,
            7526.2304041099205,
            7547.3500778606385
        ],
        "FlagUp": 0,
        "Times": [
            -15,
            -10,
            -5,
            2,
            10,
            20,
            30,
            40
        ],
        "width": 0,
        "height": 0,
        "area": 0.5866576041866023,
        "distance": -0.19767,
        "xpert": [
            [
                323.0,
                243.8
            ],
            [
                318.2,
                243.8
            ],
            [
                313.4,
                239.0
            ],
            [
                316.6,
                232.6
            ],
            [
                323.0,
                233.2
            ],
            [
                326.4,
                235.6
            ],
            [
                328.2,
                239.0
            ],
            [
                327.8,
                243.8
            ]
        ],
        "stack": 0
    },
    {
        "type": "Spine",
        "location": [
            189,
            224
        ],
        "radloc": [
            0,
            0
        ],
        "mean": [
            58.58522727272727,
            62.51136363636363,
            95.06818181818181,
            74.97727272727273,
            100.06818181818181,
            81.9090909090909,
            65.8125,
            68.81818181818181
        ],
        "min": [
            6.0,
            8.0,
            12.0,
            9.0,
            18.0,
            11.0,
            7.0,
            7.0
        ],
        "max": [
            169.0,
            170.0,
            241.0,
            189.0,
            249.0,
            215.0,
            159.0,
            164.0
        ],
        "RawIntDen": [
            10311.0,
            11002.0,
            16732.0,
            13196.0,
            17612.0,
            14416.0,
            11583.0,
            12112.0
        ],
        "IntDen": [
            8109.683955227505,
            8653.16098103123,
            13159.85180281899,
            10378.759526057818,
            13851.978840021997,
            11338.299282180167,
            9110.122127184579,
            9526.184857503204
        ],
        "FlagUp": 0,
        "Times": [
            -15,
            -10,
            -5,
            2,
            10,
            20,
            30,
            40
        ],
        "width": 0,
        "height": 0,
        "area": 0.7865079968215988,
        "distance": -0.9224600000000001,
        "xpert": [
            [
                189.0,
                233.0
            ],
            [
                182.0,
                231.0
            ],
            [
                181.2,
                224.0
            ],
            [
                183.0,
                218.0
            ],
            [
                189.0,
                217.2
            ],
            [
                192.6,
                220.4
            ],
            [
                195.4,
                224.0
            ],
            [
                195.4,
                230.4
            ]
        ],
        "stack": 0
    },
    {
        "type": "Spine",
        "location": [
            160,
            217
        ],
        "radloc": [
            0,
            0
        ],
        "mean": [
            117.37719298245614,
            83.13157894736842,
            89.02631578947368,
            117.03508771929825,
            103.79824561403508,
            87.92105263157895,
            75.85087719298245,
            68.0701754385965
        ],
        "min": [
            23.0,
            14.0,
            12.0,
            29.0,
            26.0,
            23.0,
            28.0,
            10.0
        ],
        "max": [
            235.0,
            192.0,
            230.0,
            224.0,
            248.0,
            188.0,
            146.0,
            143.0
        ],
        "RawIntDen": [
            13381.0,
            9477.0,
            10149.0,
            13342.0,
            11833.0,
            10023.0,
            8647.0,
            7760.0
        ],
        "IntDen": [
            7299.61602233406,
            5169.902177988184,
            5536.4922659493595,
            7278.34070472917,
            6455.14956970921,
            5467.756624456639,
            4717.119777678994,
            4233.242682408812
        ],
        "FlagUp": 0,
        "Times": [
            -15,
            -10,
            -5,
            2,
            10,
            20,
            30,
            40
        ],
        "width": 0,
        "height": 0,
        "area": 0.5455209642279396,
        "distance": -0.19767,
        "xpert": [
            [
                160.0,
                222.8
            ],
            [
                152.2,
                224.8
            ],
            [
                153.6,
                217.0
            ],
            [
                155.6,
                212.6
            ],
            [
                160.0,
                211.8
            ],
            [
                164.2,
                212.8
            ],
            [
                165.2,
                217.0
            ],
            [
                163.6,
                220.6
            ]
        ],
        "stack": 0
    },
    {
        "type": "Spine",
        "location": [
            128,
            232
        ],
        "radloc": [
            0,
            0
        ],
        "mean": [
            42.17894736842105,
            44.136842105263156,
            41.62105263157895,
            52.90526315789474,
            52.38947368421053,
            63.22105263157895,
            58.49473684210526,
            90.43157894736842
        ],
        "min": [
            6.0,
            7.0,
            7.0,
            6.0,
            5.0,
            7.0,
            8.0,
            19.0
        ],
        "max": [
            215.0,
            194.0,
            188.0,
            209.0,
            199.0,
            215.0,
            216.0,
            240.0
        ],
        "RawIntDen": [
            4007.0,
            4193.0,
            3954.0,
            5026.0,
            4977.0,
            6006.0,
            5557.0,
            8591.0
        ],
        "IntDen": [
            1782.4269711903778,
            1865.1650337412664,
            1758.8510716463074,
            2235.7070020471274,
            2213.910415676194,
            2671.6387294657875,
            2471.9108257811154,
            3821.519867605824
        ],
        "FlagUp": 0,
        "Times": [
            -15,
            -10,
            -5,
            2,
            10,
            20,
            30,
            40
        ],
        "width": 0,
        "height": 0,
        "area": 0.44482829328434687,
        "distance": -1.9049080680037274,
        "xpert": [
            [
                128.0,
                238.4
            ],
            [
                122.6,
                237.4
            ],
            [
                123.0,
                232.0
            ],
            [
                124.6,
                228.6
            ],
            [
                128.0,
                227.0
            ],
            [
                132.0,
                228.0
            ],
            [
                133.0,
                232.0
            ],
            [
                133.0,
                237.0
            ]
        ],
        "stack": 0
    }
]