[
    {
        "type": 0,
        "location": [
            263,
            328
        ],
        "bgloc": [
            325,
            186
        ],
        "mean": [
            [
            47.94117647058823,
            37.1078431372549,
            38.36274509803921,
            89.31372549019608,
            35.509803921568626,
            36.627450980392155,
            29.058823529411764,
            23.42156862745098
            ]
        ],
        "min": [
            [
                7,
                6,
                7,
                11,
                6,
                6,
                5,
                6
            ]
        ],
        "max": [
            [
                158,
                114,
                138,
                160,
                111,
                96,
                88,
                102
            ]
        ],
        "RawIntDen": [
            [
                13759,
                10650,
                11010,
                25633,
                10191,
                10512,
                8340,
                6722
            ]
        ],
        "IntDen": [
            [
                17201.26363,
                13314.27052
                13764.52854,
                32045.7079,
                12740.89506,
                13141.90612,
                10426.2874,
                8403.643927
            ]
        ],
        "local_bg": [
            [
                5.665505226480836,
                5.7595818815331015,
                5.930313588850174,
                5.529616724738676,
                5.623693379790941,
                5.529616724738676,
                5.700348432055749,
                6.048780487804878
            ]
        ],
        "area": [
            1.250172
        ],
        "distance": 3.7529106114073545,
        "points": [
            [
                263.0,
                337.0
            ],
            [
                257.0,
                334.0
            ],
            [
                253.2,
                328.0
            ],
            [
                254.6,
                319.6
            ],
            [
                263.0,
                320.2
            ],
            [
                269.0,
                322.0
            ],
            [
                273.8,
                328.0
            ],
            [
                272.8,
                337.8
            ]
        ],
        "shift": null,
        "channel": 0,
        "closest_Dend": 0
    }
]