[
    {
        "type": 0,
        "location": [
            178,
            254
        ],
        "bgloc": [
            177,
            233
        ],
        "mean": [
            [
                41.30120481927711,
                39.01204819277108,
                64.86746987951807,
                75.75301204819277,
                75.21686746987952,
                60.04216867469879,
                54.7710843373494,
                94.51807228915662
            ]
        ],
        "min": [
            [
                9,
                9,
                12,
                15,
                12,
                10,
                7,
                9
            ]
        ],
        "max": [
            [
                137,
                121,
                169,
                199,
                210,
                200,
                169,
                254
            ]
        ],
        "RawIntDen": [
            [
                6856,
                6476,
                10768,
                12575,
                12486,
                9967,
                9092,
                15690
            ]
        ],
        "IntDen": [
            [
                4957.546176000001,
                4682.769696,
                7786.2977280000005,
                9092.932200000001,
                9028.576656000001,
                7207.097832,
                6574.388832000001,
                11345.376240000001
            ]
        ],
        "local_bg": [
            [
                8.813253012048193,
                8.36144578313253,
                8.662650602409638,
                9.120481927710843,
                9.012048192771084,
                8.867469879518072,
                8.644578313253012,
                9.367469879518072
            ]
        ],
        "area": [
            0.7230960000000001
        ],
        "distance": 11.058193620194528,
        "points": [
            [
                178.0,
                260.8
            ],
            [
                173.0,
                259.0
            ],
            [
                171.6,
                254.0
            ],
            [
                173.2,
                249.2
            ],
            [
                178.0,
                247.4
            ],
            [
                183.0,
                249.0
            ],
            [
                188.8,
                254.0
            ],
            [
                184.2,
                260.2
            ]
        ],
        "shift": null,
        "channel": 0,
        "closest_Dend": 0
    },
    {
        "type": 0,
        "location": [
            460,
            258
        ],
        "bgloc": [
            467,
            237
        ],
        "mean": [
            [
                33.16568047337278,
                40.29585798816568,
                37.396449704142015,
                88.0414201183432,
                71.6923076923077,
                66.37278106508876,
                67.10059171597634,
                66.02366863905326
            ]
        ],
        "min": [
            [
                7,
                7,
                9,
                18,
                10,
                10,
                12,
                9
            ]
        ],
        "max": [
            [
                98,
                135,
                108,
                206,
                181,
                177,
                167,
                163
            ]
        ],
        "RawIntDen": [
            [
                5605,
                6810,
                6320,
                14879,
                12116,
                11217,
                11340,
                11158
            ]
        ],
        "IntDen": [
            [
                4126.19922,
                5013.27684,
                4652.55648,
                10953.384156000002,
                8919.363024,
                8257.551588,
                8348.099760000001,
                8214.117912000002
            ]
        ],
        "local_bg": [
            [
                9.218934911242604,
                9.502958579881657,
                10.644970414201184,
                11.218934911242604,
                10.846153846153847,
                10.355029585798816,
                11.78698224852071,
                12.514792899408285
            ]
        ],
        "area": [
            0.736164
        ],
        "distance": 29.855603397586847,
        "points": [
            [
                460.0,
                265.4
            ],
            [
                454.0,
                264.0
            ],
            [
                453.4,
                258.0
            ],
            [
                455.6,
                253.6
            ],
            [
                460.0,
                252.0
            ],
            [
                466.0,
                252.0
            ],
            [
                468.2,
                258.0
            ],
            [
                466.6,
                264.6
            ]
        ],
        "shift": null,
        "channel": 0,
        "closest_Dend": 0
    },
    {
        "type": 0,
        "location": [
            417,
            250
        ],
        "bgloc": [
            417,
            228
        ],
        "mean": [
            [
                30.819875776397517,
                41.06832298136646,
                40.96894409937888,
                64.24223602484471,
                49.807453416149066,
                55.36645962732919,
                51.41614906832298,
                50.1055900621118
            ]
        ],
        "min": [
            [
                8,
                9,
                6,
                12,
                9,
                14,
                9,
                10
            ]
        ],
        "max": [
            [
                85,
                135,
                143,
                167,
                117,
                176,
                134,
                123
            ]
        ],
        "RawIntDen": [
            [
                4962,
                6612,
                6596,
                10343,
                8019,
                8914,
                8278,
                8067
            ]
        ],
        "IntDen": [
            [
                3479.9299920000003,
                4637.1013920000005,
                4625.880336,
                7253.711388000001,
                5623.8530040000005,
                6251.530824,
                5805.493848000001,
                5657.516172000001
            ]
        ],
        "local_bg": [
            [
                9.77639751552795,
                10.0,
                9.751552795031056,
                10.111801242236025,
                9.347826086956522,
                10.192546583850932,
                10.161490683229813,
                10.48447204968944
            ]
        ],
        "area": [
            0.701316
        ],
        "distance": 26.9762825437371,
        "points": [
            [
                417.0,
                256.6
            ],
            [
                410.2,
                256.8
            ],
            [
                409.2,
                250.0
            ],
            [
                411.6,
                244.6
            ],
            [
                417.0,
                242.2
            ],
            [
                422.4,
                244.6
            ],
            [
                423.4,
                250.0
            ],
            [
                421.8,
                254.8
            ]
        ],
        "shift": null,
        "channel": 0,
        "closest_Dend": 0
    },
    {
        "type": 0,
        "location": [
            160,
            256
        ],
        "bgloc": [
            159,
            238
        ],
        "mean": [
            [
                65.43062200956938,
                68.63636363636364,
                87.56937799043062,
                134.29186602870814,
                86.68899521531101,
                94.18181818181819,
                73.11483253588517,
                97.69377990430623
            ]
        ],
        "min": [
            [
                11,
                10,
                14,
                33,
                12,
                17,
                11,
                12
            ]
        ],
        "max": [
            [
                172,
                171,
                225,
                248,
                230,
                233,
                177,
                237
            ]
        ],
        "RawIntDen": [
            [
                13675,
                14345,
                18302,
                28067,
                18118,
                19684,
                15281,
                20418
            ]
        ],
        "IntDen": [
            [
                12449.774700000002,
                13059.745380000002,
                16662.214008000003,
                25552.309068000002,
                16494.699672000002,
                17920.392336,
                13911.883524,
                18588.628872
            ]
        ],
        "local_bg": [
            [
                9.344497607655502,
                9.325358851674642,
                9.090909090909092,
                10.751196172248804,
                9.746411483253588,
                10.110047846889952,
                9.799043062200957,
                10.272727272727273
            ]
        ],
        "area": [
            0.9104040000000001
        ],
        "distance": 9.865728297458807,
        "points": [
            [
                160.0,
                261.8
            ],
            [
                153.8,
                262.2
            ],
            [
                151.2,
                256.0
            ],
            [
                154.2,
                250.2
            ],
            [
                160.0,
                247.4
            ],
            [
                167.8,
                248.2
            ],
            [
                169.6,
                256.0
            ],
            [
                165.8,
                261.8
            ]
        ],
        "shift": null,
        "channel": 0,
        "closest_Dend": 0
    },
    {
        "type": 0,
        "location": [
            149,
            285
        ],
        "bgloc": [
            150,
            324
        ],
        "mean": [
            [
                57.11602209944751,
                58.83425414364641,
                63.05524861878453,
                86.75690607734806,
                56.58563535911602,
                83.50828729281768,
                83.14364640883979,
                65.59116022099448
            ]
        ],
        "min": [
            [
                9,
                6,
                7,
                8,
                6,
                14,
                19,
                8
            ]
        ],
        "max": [
            [
                127,
                155,
                154,
                227,
                135,
                194,
                194,
                157
            ]
        ],
        "RawIntDen": [
            [
                10338,
                10649,
                11413,
                15703,
                10242,
                15115,
                15049,
                11872
            ]
        ],
        "IntDen": [
            [
                8150.851368000001,
                8396.054964,
                8998.420068000001,
                12380.810508000002,
                8075.161512000001,
                11917.210140000001,
                11865.173364000002,
                9360.312192000001
            ]
        ],
        "local_bg": [
            [
                5.867403314917127,
                5.906077348066298,
                5.911602209944752,
                6.513812154696133,
                6.116022099447513,
                6.292817679558011,
                6.165745856353591,
                6.104972375690608
            ]
        ],
        "area": [
            0.7884360000000001
        ],
        "distance": 9.062826527698787,
        "points": [
            [
                149.0,
                290.8
            ],
            [
                144.4,
                289.6
            ],
            [
                142.8,
                285.0
            ],
            [
                141.4,
                277.4
            ],
            [
                149.0,
                273.8
            ],
            [
                155.2,
                278.8
            ],
            [
                155.4,
                285.0
            ],
            [
                154.0,
                290.0
            ]
        ],
        "shift": null,
        "channel": 0,
        "closest_Dend": 0
    },
    {
        "type": 0,
        "location": [
            211,
            251
        ],
        "bgloc": [
            209,
            225
        ],
        "mean": [
            [
                49.064777327935225,
                47.21457489878542,
                49.80161943319838,
                61.07692307692308,
                118.23076923076923,
                66.66396761133603,
                57.874493927125506,
                58.74493927125506
            ]
        ],
        "min": [
            [
                9,
                10,
                13,
                13,
                39,
                10,
                10,
                12
            ]
        ],
        "max": [
            [
                117,
                128,
                115,
                143,
                255,
                158,
                141,
                132
            ]
        ],
        "RawIntDen": [
            [
                12119,
                11662,
                12301,
                15086,
                29203,
                16466,
                14295,
                14510
            ]
        ],
        "IntDen": [
            [
                13039.219908000001,
                12547.518984000002,
                13235.039532,
                16231.510152000003,
                31420.442196000004,
                17716.296312000002,
                15380.447940000002,
                15611.773320000002
            ]
        ],
        "local_bg": [
            [
                8.360323886639677,
                7.7368421052631575,
                7.838056680161944,
                7.951417004048583,
                8.712550607287449,
                8.327935222672064,
                8.506072874493928,
                8.044534412955466
            ]
        ],
        "area": [
            1.075932
        ],
        "distance": 13.242618478259578,
        "points": [
            [
                211.0,
                258.6
            ],
            [
                203.8,
                258.2
            ],
            [
                200.4,
                251.0
            ],
            [
                201.0,
                241.0
            ],
            [
                211.0,
                243.0
            ],
            [
                216.0,
                246.0
            ],
            [
                217.8,
                251.0
            ],
            [
                217.6,
                257.6
            ]
        ],
        "shift": null,
        "channel": 0,
        "closest_Dend": 0
    },
    {
        "type": 0,
        "location": [
            257,
            253
        ],
        "bgloc": [
            260,
            231
        ],
        "mean": [
            [
                31.603658536585368,
                35.83536585365854,
                32.896341463414636,
                87.9329268292683,
                63.073170731707314,
                50.24390243902439,
                59.359756097560975,
                31.621951219512194
            ]
        ],
        "min": [
            [
                7,
                7,
                8,
                13,
                13,
                8,
                9,
                7
            ]
        ],
        "max": [
            [
                110,
                107,
                98,
                202,
                193,
                161,
                167,
                84
            ]
        ],
        "RawIntDen": [
            [
                5183,
                5877,
                5395,
                14421,
                10344,
                8240,
                9735,
                5186
            ]
        ],
        "IntDen": [
            [
                3702.6522720000003,
                4198.434768,
                3854.10168,
                10302.131664,
                7389.588096,
                5886.524160000001,
                6954.528240000001,
                3704.7954240000004
            ]
        ],
        "local_bg": [
            [
                7.963414634146342,
                8.158536585365853,
                8.304878048780488,
                8.804878048780488,
                8.49390243902439,
                9.176829268292684,
                8.865853658536585,
                8.804878048780488
            ]
        ],
        "area": [
            0.7143840000000001
        ],
        "distance": 16.498741228470305,
        "points": [
            [
                257.0,
                259.6
            ],
            [
                252.2,
                257.8
            ],
            [
                251.6,
                253.0
            ],
            [
                250.8,
                246.8
            ],
            [
                257.0,
                244.6
            ],
            [
                263.2,
                246.8
            ],
            [
                265.0,
                253.0
            ],
            [
                262.4,
                258.4
            ]
        ],
        "shift": null,
        "channel": 0,
        "closest_Dend": 0
    },
    {
        "type": 0,
        "location": [
            262,
            273
        ],
        "bgloc": [
            259,
            289
        ],
        "mean": [
            [
                107.18987341772151,
                102.8006329113924,
                85.87341772151899,
                115.80696202531645,
                113.9493670886076,
                105.61708860759494,
                100.09810126582279,
                104.5506329113924
            ]
        ],
        "min": [
            [
                18,
                17,
                11,
                13,
                21,
                17,
                18,
                15
            ]
        ],
        "max": [
            [
                197,
                203,
                199,
                203,
                228,
                203,
                204,
                235
            ]
        ],
        "RawIntDen": [
            [
                33872,
                32485,
                27136,
                36595,
                36008,
                33375,
                31631,
                33038
            ]
        ],
        "IntDen": [
            [
                46624.672512000005,
                44715.47256,
                37352.595456,
                50372.87112,
                49564.867968000006,
                45940.554000000004,
                43539.944976000006,
                45476.674848
            ]
        ],
        "local_bg": [
            [
                83.0886075949367,
                81.42088607594937,
                73.50316455696202,
                92.68354430379746,
                84.8006329113924,
                71.69303797468355,
                75.39873417721519,
                83.20886075949367
            ]
        ],
        "area": [
            1.3764960000000002
        ],
        "distance": 16.672346559064767,
        "points": [
            [
                262.0,
                289.6
            ],
            [
                256.4,
                278.6
            ],
            [
                255.4,
                273.0
            ],
            [
                255.4,
                266.4
            ],
            [
                262.0,
                267.2
            ],
            [
                267.0,
                268.0
            ],
            [
                277.2,
                273.0
            ],
            [
                271.8,
                282.8
            ]
        ],
        "shift": null,
        "channel": 0,
        "closest_Dend": 0
    },
    {
        "type": 0,
        "location": [
            292,
            277
        ],
        "bgloc": [
            297,
            299
        ],
        "mean": [
            [
                78.12962962962963,
                68.05925925925926,
                64.26296296296296,
                107.51481481481481,
                122.0037037037037,
                154.8037037037037,
                100.19259259259259,
                123.27777777777777
            ]
        ],
        "min": [
            [
                8,
                8,
                8,
                13,
                16,
                37,
                12,
                32
            ]
        ],
        "max": [
            [
                225,
                213,
                196,
                253,
                247,
                255,
                247,
                255
            ]
        ],
        "RawIntDen": [
            [
                21095,
                18376,
                17351,
                29029,
                32941,
                41797,
                27052,
                33285
            ]
        ],
        "IntDen": [
            [
                24810.2514,
                21612.381120000002,
                20406.85812,
                34141.58748,
                38742.568920000005,
                49158.28764,
                31816.398240000002,
                39147.154200000004
            ]
        ],
        "local_bg": [
            [
                8.703703703703704,
                8.392592592592592,
                8.15925925925926,
                9.437037037037037,
                9.077777777777778,
                9.5,
                9.277777777777779,
                9.037037037037036
            ]
        ],
        "area": [
            1.17612
        ],
        "distance": 18.400980195060384,
        "points": [
            [
                292.0,
                286.6
            ],
            [
                285.8,
                283.2
            ],
            [
                284.8,
                277.0
            ],
            [
                285.8,
                270.8
            ],
            [
                292.0,
                269.6
            ],
            [
                301.4,
                267.6
            ],
            [
                302.8,
                277.0
            ],
            [
                300.4,
                285.4
            ]
        ],
        "shift": null,
        "channel": 0,
        "closest_Dend": 0
    },
    {
        "type": 0,
        "location": [
            348,
            253
        ],
        "bgloc": [
            327.8688667728595,
            229.2117240385145
        ],
        "mean": [
            [
                70.72093023255815,
                71.38372093023256,
                87.70930232558139,
                76.84883720930233,
                70.84883720930233,
                59.7093023255814,
                54.72093023255814,
                55.06976744186046
            ]
        ],
        "min": [
            [
                24,
                24,
                22,
                20,
                18,
                18,
                24,
                21
            ]
        ],
        "max": [
            [
                140,
                127,
                202,
                231,
                210,
                150,
                162,
                114
            ]
        ],
        "RawIntDen": [
            [
                6082,
                6139,
                7543,
                6609,
                6093,
                5135,
                4706,
                4736
            ]
        ],
        "IntDen": [
            [
                2278.4145120000003,
                2299.767624,
                2825.728488,
                2475.837144,
                2282.535288,
                1923.6531600000003,
                1762.9428960000002,
                1774.1813760000002
            ]
        ],
        "local_bg": [
            [
                32.63095238095238,
                23.13095238095238,
                30.488095238095237,
                20.083333333333332,
                24.88095238095238,
                32.01190476190476,
                22.261904761904763,
                24.30952380952381
            ]
        ],
        "area": [
            0.37461600000000006
        ],
        "distance": 22.386024196143588,
        "points": [
            [
                344.4860951606074,
                257.54329457379924
            ],
            [
                339.75242768877297,
                256.5965610794324
            ],
            [
                339.0,
                253.0
            ],
            [
                353.0,
                248.0
            ],
            [
                353.6,
                253.0
            ],
            [
                349.5353404638975,
                256.28098324797674
            ]
        ],
        "shift": null,
        "channel": 0,
        "closest_Dend": 0
    },
    {
        "type": 0,
        "location": [
            387,
            250
        ],
        "bgloc": [
            367.0927120543912,
            205.8894376549011
        ],
        "mean": [
            [
                61.12352941176471,
                61.71176470588235,
                64.29411764705883,
                111.24117647058823,
                80.83529411764705,
                70.2,
                67.88235294117646,
                80.97647058823529
            ]
        ],
        "min": [
            [
                9,
                12,
                15,
                32,
                12,
                14,
                10,
                13
            ]
        ],
        "max": [
            [
                133,
                122,
                129,
                246,
                167,
                151,
                184,
                220
            ]
        ],
        "RawIntDen": [
            [
                10391,
                10491,
                10930,
                18911,
                13742,
                11934,
                11540,
                13766
            ]
        ],
        "IntDen": [
            [
                7694.7433200000005,
                7768.795320000001,
                8093.883600000001,
                14003.973720000002,
                10176.225840000001,
                8837.36568,
                8545.6008,
                10193.99832
            ]
        ],
        "local_bg": [
            [
                8.940119760479043,
                9.89820359281437,
                10.035928143712574,
                11.461077844311378,
                11.47305389221557,
                11.520958083832335,
                12.263473053892216,
                12.497005988023952
            ]
        ],
        "area": [
            0.7405200000000001
        ],
        "distance": 24.898714510034996,
        "points": [
            [
                387.0,
                255.2
            ],
            [
                382.2,
                254.8
            ],
            [
                378.8,
                250.0
            ],
            [
                375.6,
                238.6
            ],
            [
                387.0,
                243.8
            ],
            [
                391.2,
                245.8
            ],
            [
                392.0,
                250.0
            ],
            [
                392.4,
                255.4
            ]
        ],
        "shift": null,
        "channel": 0,
        "closest_Dend": 0
    },
    {
        "type": 0,
        "location": [
            366,
            248
        ],
        "bgloc": [
            344.8305295973057,
            218.61068477323568
        ],
        "mean": [
            [
                37.37179487179487,
                36.57051282051282,
                38.73076923076923,
                37.98717948717949,
                62.17307692307692,
                69.19871794871794,
                50.33974358974359,
                45.205128205128204
            ]
        ],
        "min": [
            [
                11,
                10,
                11,
                11,
                14,
                11,
                14,
                12
            ]
        ],
        "max": [
            [
                85,
                136,
                134,
                140,
                186,
                187,
                119,
                130
            ]
        ],
        "RawIntDen": [
            [
                5830,
                5705,
                6042,
                5926,
                9699,
                10795,
                7853,
                7052
            ]
        ],
        "IntDen": [
            [
                3961.6948800000005,
                3876.7528800000005,
                4105.756512000001,
                4026.9303360000004,
                6590.819664000001,
                7335.591120000001,
                5336.396208000001,
                4792.087872000001
            ]
        ],
        "local_bg": [
            [
                9.205298013245033,
                9.218543046357615,
                9.19205298013245,
                9.052980132450331,
                10.0,
                9.754966887417218,
                9.52317880794702,
                9.298013245033113
            ]
        ],
        "area": [
            0.679536
        ],
        "distance": 23.57402419614359,
        "points": [
            [
                366.0,
                255.0
            ],
            [
                362.0,
                252.0
            ],
            [
                356.8,
                248.0
            ],
            [
                359.6,
                241.6
            ],
            [
                366.0,
                240.0
            ],
            [
                371.6,
                242.4
            ],
            [
                372.4,
                248.0
            ],
            [
                369.8,
                251.8
            ]
        ],
        "shift": null,
        "channel": 0,
        "closest_Dend": 0
    },
    {
        "type": 0,
        "location": [
            480,
            264
        ],
        "bgloc": [
            490,
            241
        ],
        "mean": [
            [
                34.29032258064516,
                38.705069124423964,
                64.3778801843318,
                42.39170506912443,
                51.74654377880184,
                58.82027649769585,
                72.94930875576037,
                62.894009216589865
            ]
        ],
        "min": [
            [
                7,
                11,
                14,
                8,
                11,
                13,
                12,
                10
            ]
        ],
        "max": [
            [
                87,
                94,
                181,
                194,
                133,
                126,
                175,
                162
            ]
        ],
        "RawIntDen": [
            [
                7441,
                8399,
                13970,
                9199,
                11229,
                12764,
                15830,
                13648
            ]
        ],
        "IntDen": [
            [
                7033.620132000001,
                7939.171548000001,
                13205.170440000002,
                8695.373148,
                10614.234708000002,
                12065.196528000002,
                14963.339160000001,
                12900.799296000001
            ]
        ],
        "local_bg": [
            [
                10.47004608294931,
                9.013824884792626,
                9.691244239631336,
                9.47926267281106,
                9.47926267281106,
                9.820276497695852,
                9.76036866359447,
                9.52995391705069
            ]
        ],
        "area": [
            0.9452520000000001
        ],
        "distance": 30.93642217344376,
        "points": [
            [
                480.0,
                271.4
            ],
            [
                474.2,
                269.8
            ],
            [
                471.4,
                264.0
            ],
            [
                474.0,
                258.0
            ],
            [
                480.0,
                257.2
            ],
            [
                485.0,
                259.0
            ],
            [
                491.6,
                264.0
            ],
            [
                488.0,
                272.0
            ]
        ],
        "shift": null,
        "channel": 0,
        "closest_Dend": 0
    },
    {
        "type": 0,
        "location": [
            326,
            271
        ],
        "bgloc": [
            330,
            299
        ],
        "mean": [
            [
                87.51495016611295,
                89.07308970099668,
                82.11627906976744,
                106.44518272425249,
                120.75415282392026,
                123.61461794019934,
                131.85714285714286,
                123.37209302325581
            ]
        ],
        "min": [
            [
                8,
                8,
                9,
                10,
                16,
                30,
                14,
                18
            ]
        ],
        "max": [
            [
                255,
                255,
                253,
                241,
                255,
                250,
                255,
                252
            ]
        ],
        "RawIntDen": [
            [
                26342,
                26811,
                24717,
                32040,
                36347,
                37208,
                39689,
                37135
            ]
        ],
        "IntDen": [
            [
                34538.471352,
                35153.403516000006,
                32407.842852000005,
                42009.43824,
                47656.58713200001,
                48785.492448000005,
                52038.470484000005,
                48689.778060000004
            ]
        ],
        "local_bg": [
            [
                7.827242524916944,
                7.774086378737541,
                7.940199335548173,
                7.770764119601329,
                8.003322259136212,
                8.295681063122924,
                7.833887043189368,
                7.983388704318937
            ]
        ],
        "area": [
            1.3111560000000002
        ],
        "distance": 20.755079698505703,
        "points": [
            [
                326.0,
                280.4
            ],
            [
                319.8,
                277.2
            ],
            [
                309.8,
                271.0
            ],
            [
                318.2,
                263.2
            ],
            [
                326.0,
                262.2
            ],
            [
                336.2,
                260.8
            ],
            [
                331.8,
                271.0
            ],
            [
                332.6,
                277.6
            ]
        ],
        "shift": null,
        "channel": 0,
        "closest_Dend": 0
    }
]