[
    {
        "type": 0,
        "location": [
            259,
            155
        ],
        "bgloc": [
            271.44241069522957,
            180.47637341529003
        ],
        "mean": [
            [
                45.99342105263158,
                41.776315789473685,
                39.75657894736842,
                64.75657894736842,
                47.56578947368421,
                51.92763157894737,
                60.98026315789474,
                49.38157894736842
            ]
        ],
        "min": [
            [
                6,
                6,
                5,
                6,
                7,
                10,
                10,
                8
            ]
        ],
        "max": [
            [
                122,
                127,
                131,
                168,
                132,
                138,
                150,
                110
            ]
        ],
        "RawIntDen": [
            [
                8982,
                8597,
                8711,
                13028,
                9971,
                10961,
                12053,
                9780
            ]
        ],
        "IntDen": [
            [
                10407.407472,
                9961.309512000002,
                10093.400856000002,
                15095.491488000001,
                11553.357816000002,
                12700.466856000001,
                13965.762888000001,
                11332.046880000002
            ]
        ],
        "local_bg": [
            [
                6.708333333333333,
                6.617424242424242,
                6.984848484848484,
                7.053030303030303,
                7.371212121212121,
                7.196969696969697,
                7.458333333333333,
                7.253787878787879
            ]
        ],
        "area": [
            1.1586960000000002
        ],
        "distance": 7.431478780110157,
        "points": [
            [
                257.0,
                161.6
            ],
            [
                249.0,
                162.0
            ],
            [
                246.8,
                154.0
            ],
            [
                248.0,
                145.0
            ],
            [
                257.0,
                141.8
            ],
            [
                263.0,
                148.0
            ],
            [
                263.2,
                154.0
            ],
            [
                261.8,
                158.8
            ]
        ],
        "shift": [
            [
                0,
                0
            ],
            [
                0,
                -1
            ],
            [
                0,
                -1
            ],
            [
                0,
                -1
            ],
            [
                0,
                1
            ],
            [
                0,
                4
            ],
            [
                0,
                5
            ],
            [
                -2,
                5
            ]
        ],
        "channel": 0,
        "closest_Dend": 0
    }
]