[
    {
        "type": 0,
        "location": [
            259,
            155
        ],
        "bgloc": [
            271.44241069522957,
            180.47637341529003
        ],
        "mean": [
            [
                45.99342105263158,
                41.776315789473685,
                39.75657894736842,
                64.75657894736842,
                47.56578947368421,
                51.92763157894737,
                60.98026315789474,
                49.38157894736842
            ]
        ],
        "min": [
            [
                6,
                6,
                5,
                6,
                7,
                10,
                10,
                8
            ]
        ],
        "max": [
            [
                122,
                127,
                131,
                168,
                132,
                138,
                150,
                110
            ]
        ],
        "RawIntDen": [
            [
                12234,
                11113,
                10575,
                17225,
                12653,
                13813,
                16221,
                13136
            ]
        ],
        "IntDen": [
            [
                14175.776538,
                12876.0093,
                12253.499874,
                19958.828274,
                14660.40114,
                16004.778174,
                18794.918142,
                15220.051308
            ]
        ],
        "local_bg": [
            [
                6.708333333333333,
                6.617424242424242,
                6.984848484848484,
                7.053030303030303,
                7.371212121212121,
                7.196969696969697,
                7.458333333333333,
                7.253787878787879
            ]
        ],
        "area": [
            1.1586960000000002
        ],
        "distance": 7.431478780110157,
        "points": [
            [
                257.0,
                161.6
            ],
            [
                249.0,
                162.0
            ],
            [
                246.8,
                154.0
            ],
            [
                248.0,
                145.0
            ],
            [
                257.0,
                141.8
            ],
            [
                263.0,
                148.0
            ],
            [
                263.2,
                154.0
            ],
            [
                261.8,
                158.8
            ]
        ],
        "shift": [
            [
                0,
                0
            ],
            [
                0,
                -1
            ],
            [
                0,
                -1
            ],
            [
                0,
                -1
            ],
            [
                0,
                1
            ],
            [
                0,
                4
            ],
            [
                0,
                5
            ],
            [
                -2,
                5
            ]
        ],
        "channel": 0,
        "closest_Dend": 0
    }
]