[
    {
        "type": 0,
        "location": [
            94,
            218
        ],
        "bgloc": [
            102,
            176
        ],
        "mean": [
            [
                63.66896551724138,
                41.04137931034483,
                38.703448275862065,
                83.28965517241379,
                57.55172413793103,
                68.09655172413792,
                80.32413793103449,
                57.51034482758621
            ]
        ],
        "min": [
            [
                9,
                4,
                5,
                5,
                8,
                10,
                10,
                8
            ]
        ],
        "max": [
            [
                173,
                127,
                126,
                201,
                176,
                197,
                227,
                147
            ]
        ],
        "RawIntDen": [
            [
                9232,
                5951,
                5612,
                12077,
                8345,
                9874,
                11647,
                8339
            ]
        ],
        "IntDen": [
            [
                40.214592,
                25.922556000000004,
                24.445872,
                52.607412000000004,
                36.350820000000006,
                43.011144,
                50.73433200000001,
                36.324684000000005
            ]
        ],
        "local_bg": [
            [
                3.331034482758621,
                3.793103448275862,
                3.793103448275862,
                3.820689655172414,
                2.972413793103448,
                2.4827586206896552,
                3.8137931034482757,
                3.9172413793103447
            ]
        ],
        "area": [
            0.6316200000000001
        ],
        "distance": 1.1328372364462405,
        "points": [
            [
                94.21267454304835,
                224.9443947895707
            ],
            [
                87.52337772808262,
                224.89160580487584
            ],
            [
                85.77267367164902,
                219.28935282428833
            ],
            [
                88.21267454304835,
                211.9443947895707
            ],
            [
                94.21267454304835,
                212.9443947895707
            ],
            [
                98.21267454304835,
                213.9443947895707
            ],
            [
                100.01267454304835,
                217.9443947895707
            ],
            [
                99.21267454304835,
                222.9443947895707
            ]
        ],
        "shift": [
            [
                0,
                0
            ],
            [
                0,
                0
            ],
            [
                -0.0,
                -0.0
            ],
            [
                -1.0,
                1.0
            ],
            [
                0,
                0
            ],
            [
                -0.0,
                2.0
            ],
            [
                0.0,
                1.0
            ],
            [
                -2.0,
                -0.0
            ]
        ],
        "channel": 0,
        "closest_Dend": 0
    },
    {
        "type": 0,
        "location": [
            150,
            245
        ],
        "bgloc": [
            155.45041341361184,
            215.80393010521715
        ],
        "mean": [
            [
                90.9390243902439,
                112.66463414634147,
                110.1829268292683,
                99.17682926829268,
                96.3170731707317,
                93.26219512195122,
                102.42073170731707,
                81.48780487804878
            ]
        ],
        "min": [
            [
                21,
                17,
                11,
                18,
                19,
                13,
                9,
                13
            ]
        ],
        "max": [
            [
                177,
                248,
                230,
                204,
                203,
                209,
                192,
                181
            ]
        ],
        "RawIntDen": [
            [
                14914,
                18477,
                18070,
                16265,
                15796,
                15295,
                16797,
                13364
            ]
        ],
        "IntDen": [
            [
                64.96538400000001,
                80.48581200000001,
                78.71292000000001,
                70.85034,
                68.807376,
                66.62502,
                73.16773200000002,
                58.213584000000004
            ]
        ],
        "local_bg": [
            [
                4.858895705521473,
                4.429447852760736,
                4.110429447852761,
                4.699386503067485,
                3.576687116564417,
                3.104294478527607,
                4.533742331288344,
                4.380368098159509
            ]
        ],
        "area": [
            0.7143840000000001
        ],
        "distance": 5.1601003632510505,
        "points": [
            [
                150.33604921664386,
                251.55791267309584
            ],
            [
                145.43407785862976,
                250.50749023923566
            ],
            [
                141.58252893447585,
                244.55509644736142
            ],
            [
                144.73379623605635,
                238.6027026554872
            ],
            [
                151.386471650504,
                236.8519985990536
            ],
            [
                155.78590840535716,
                239.10523725864815
            ],
            [
                156.98590840535715,
                244.90523725864816
            ],
            [
                154.78590840535716,
                249.70523725864817
            ]
        ],
        "shift": [
            [
                0,
                0
            ],
            [
                1,
                0
            ],
            [
                -0.0,
                -1.0
            ],
            [
                -2.0,
                -1.0
            ],
            [
                -2.0,
                -1.0
            ],
            [
                -1.0,
                -0.0
            ],
            [
                -1.0,
                0.0
            ],
            [
                -0.0,
                -0.0
            ]
        ],
        "channel": 0,
        "closest_Dend": 0
    },
    {
        "type": 0,
        "location": [
            161,
            279
        ],
        "bgloc": [
            151,
            324
        ],
        "mean": [
            [
                75.56451612903226,
                67.90322580645162,
                61.266129032258064,
                73.04032258064517,
                91.83870967741936,
                69.59677419354838,
                68.38709677419355,
                77.81451612903226
            ]
        ],
        "min": [
            [
                14,
                14,
                13,
                11,
                18,
                10,
                11,
                12
            ]
        ],
        "max": [
            [
                178,
                179,
                172,
                195,
                226,
                224,
                193,
                189
            ]
        ],
        "RawIntDen": [
            [
                9370,
                8420,
                7597,
                9057,
                11388,
                8630,
                8480,
                9649
            ]
        ],
        "IntDen": [
            [
                40.815720000000006,
                36.67752,
                33.092532000000006,
                39.45229200000001,
                49.606128000000005,
                37.59228,
                36.938880000000005,
                42.031044
            ]
        ],
        "local_bg": [
            [
                2.693548387096774,
                3.2419354838709675,
                4.25,
                3.2419354838709675,
                3.1048387096774195,
                2.596774193548387,
                3.4274193548387095,
                3.185483870967742
            ]
        ],
        "area": [
            0.5401440000000001
        ],
        "distance": 6.32497336468141,
        "points": [
            [
                160.89069598910564,
                286.8190367647467
            ],
            [
                157.22956143148392,
                284.6901856987942
            ],
            [
                155.82899818633703,
                280.4884959633536
            ],
            [
                155.12871656376356,
                274.53610217147934
            ],
            [
                161.43125116692457,
                273.4856797376192
            ],
            [
                165.49069598910563,
                274.6190367647467
            ],
            [
                167.29069598910564,
                279.2190367647467
            ],
            [
                166.29069598910564,
                284.6190367647467
            ]
        ],
        "shift": [
            [
                0,
                0
            ],
            [
                -1.0,
                1.0
            ],
            [
                -2.0,
                2.0
            ],
            [
                -2.0,
                1.0
            ],
            [
                -1.0,
                3.0
            ],
            [
                -1.0,
                3.0
            ],
            [
                -0.0,
                1.0
            ],
            [
                1.0,
                0.0
            ]
        ],
        "channel": 0,
        "closest_Dend": 0
    },
    {
        "type": 0,
        "location": [
            176,
            248
        ],
        "bgloc": [
            178,
            228
        ],
        "mean": [
            [
                48.2317880794702,
                50.49006622516556,
                54.0,
                141.97350993377484,
                81.3907284768212,
                72.03311258278146,
                74.51655629139073,
                76.98013245033113
            ]
        ],
        "min": [
            [
                6,
                6,
                8,
                40,
                10,
                4,
                6,
                6
            ]
        ],
        "max": [
            [
                135,
                151,
                171,
                255,
                211,
                213,
                231,
                208
            ]
        ],
        "RawIntDen": [
            [
                7283,
                7624,
                8154,
                21438,
                12290,
                10877,
                11252,
                11624
            ]
        ],
        "IntDen": [
            [
                31.724748000000005,
                33.21014400000001,
                35.518824,
                93.38392800000001,
                53.53524000000001,
                47.38021200000001,
                49.013712000000005,
                50.634144000000006
            ]
        ],
        "local_bg": [
            [
                5.23841059602649,
                5.006622516556291,
                4.8344370860927155,
                6.748344370860927,
                5.046357615894039,
                3.880794701986755,
                5.423841059602649,
                5.211920529801325
            ]
        ],
        "area": [
            0.6577560000000001
        ],
        "distance": 6.909567475691023,
        "points": [
            [
                176.24646925186116,
                253.65650456022863
            ],
            [
                172.64138957956837,
                253.36512128975806
            ],
            [
                168.89351221484003,
                248.05650456022863
            ],
            [
                169.59379383741347,
                242.1041107683544
            ],
            [
                176.24646925186116,
                238.6027026554872
            ],
            [
                181.64646925186116,
                242.65650456022863
            ],
            [
                182.44646925186115,
                248.05650456022863
            ],
            [
                180.64646925186116,
                252.45650456022864
            ]
        ],
        "shift": [
            [
                0,
                0
            ],
            [
                1,
                0
            ],
            [
                0.0,
                0.0
            ],
            [
                -2.0,
                -1.0
            ],
            [
                -3.0,
                -0.0
            ],
            [
                -2.0,
                0.0
            ],
            [
                -3.0,
                0.0
            ],
            [
                0.0,
                0.0
            ]
        ],
        "channel": 0,
        "closest_Dend": 0
    },
    {
        "type": 0,
        "location": [
            247,
            278
        ],
        "bgloc": [
            247,
            314
        ],
        "mean": [
            [
                49.0,
                60.349514563106794,
                59.29126213592233,
                130.3009708737864,
                91.22330097087378,
                65.58252427184466,
                66.35922330097087,
                68.7864077669903
            ]
        ],
        "min": [
            [
                10,
                11,
                11,
                24,
                25,
                9,
                9,
                12
            ]
        ],
        "max": [
            [
                118,
                158,
                136,
                230,
                206,
                148,
                172,
                158
            ]
        ],
        "RawIntDen": [
            [
                5047,
                6216,
                6107,
                13421,
                9396,
                6755,
                6835,
                7085
            ]
        ],
        "IntDen": [
            [
                21.984732,
                27.076896,
                26.602092000000003,
                58.461876000000004,
                40.928976000000006,
                29.424780000000002,
                29.773260000000004,
                30.862260000000003
            ]
        ],
        "local_bg": [
            [
                3.3980582524271843,
                3.6019417475728157,
                3.8349514563106797,
                3.3689320388349513,
                3.3009708737864076,
                3.2233009708737863,
                3.4854368932038833,
                3.3689320388349513
            ]
        ],
        "area": [
            0.44866800000000007
        ],
        "distance": 11.700904440961535,
        "points": [
            [
                246.67519475435202,
                283.51762865187953
            ],
            [
                242.79855896197668,
                282.08793271820673
            ],
            [
                240.69771409425638,
                278.58652460533955
            ],
            [
                243.17378664148484,
                274.2162205390123
            ],
            [
                247.350389508704,
                272.2839900021786
            ],
            [
                251.875194754352,
                272.51762865187953
            ],
            [
                252.875194754352,
                277.7176286518795
            ],
            [
                251.67519475435202,
                282.7176286518795
            ]
        ],
        "shift": [
            [
                0,
                0
            ],
            [
                -1.0,
                0.0
            ],
            [
                -3.0,
                -1.0
            ],
            [
                -5.0,
                -1.0
            ],
            [
                -2.0,
                -2.0
            ],
            [
                1.0,
                -1.0
            ],
            [
                1.0,
                -2.0
            ],
            [
                0,
                0
            ]
        ],
        "channel": 0,
        "closest_Dend": 0
    },
    {
        "type": 0,
        "location": [
            378,
            264
        ],
        "bgloc": [
            373,
            303
        ],
        "mean": [
            [
                34.18045112781955,
                30.729323308270676,
                38.92481203007519,
                88.80451127819549,
                87.93984962406014,
                72.17293233082707,
                67.30075187969925,
                62.82706766917293
            ]
        ],
        "min": [
            [
                8,
                6,
                7,
                32,
                26,
                16,
                15,
                14
            ]
        ],
        "max": [
            [
                128,
                100,
                126,
                183,
                187,
                160,
                164,
                169
            ]
        ],
        "RawIntDen": [
            [
                4546,
                4087,
                5177,
                11811,
                11696,
                9599,
                8951,
                8356
            ]
        ],
        "IntDen": [
            [
                19.802376000000002,
                17.802972,
                22.551012000000004,
                51.448716000000005,
                50.947776000000005,
                41.813244000000005,
                38.990556000000005,
                36.39873600000001
            ]
        ],
        "local_bg": [
            [
                2.774436090225564,
                3.6165413533834587,
                3.7218045112781954,
                3.5789473684210527,
                2.406015037593985,
                2.7969924812030076,
                3.736842105263158,
                3.7518796992481205
            ]
        ],
        "area": [
            0.5793480000000001
        ],
        "distance": 20.685931971736515,
        "points": [
            [
                378.2272949304384,
                270.561855389124
            ],
            [
                373.2272949304384,
                269.361855389124
            ],
            [
                371.8272949304384,
                264.361855389124
            ],
            [
                373.6030409367229,
                259.272725099241
            ],
            [
                378.8551531060237,
                256.12145779766047
            ],
            [
                384.1072652753245,
                259.272725099241
            ],
            [
                384.8272949304384,
                264.361855389124
            ],
            [
                382.35656121889093,
                268.7265270039824
            ]
        ],
        "shift": [
            [
                0,
                0
            ],
            [
                0,
                0
            ],
            [
                -1.0,
                -2.0
            ],
            [
                -2.0,
                -3.0
            ],
            [
                -1.0,
                -3.0
            ],
            [
                -1.0,
                -1.0
            ],
            [
                -1.0,
                -3.0
            ],
            [
                -2,
                -2
            ]
        ],
        "channel": 0,
        "closest_Dend": 0
    },
    {
        "type": 0,
        "location": [
            443,
            273
        ],
        "bgloc": [
            431,
            306
        ],
        "mean": [
            [
                29.727272727272727,
                25.644628099173552,
                25.15702479338843,
                50.52066115702479,
                32.96694214876033,
                24.355371900826448,
                32.917355371900825,
                61.35537190082645
            ]
        ],
        "min": [
            [
                5,
                5,
                5,
                8,
                5,
                6,
                8,
                12
            ]
        ],
        "max": [
            [
                74,
                62,
                53,
                140,
                93,
                64,
                69,
                153
            ]
        ],
        "RawIntDen": [
            [
                3597,
                3103,
                3044,
                6113,
                3989,
                2947,
                3983,
                7424
            ]
        ],
        "IntDen": [
            [
                15.668532000000003,
                13.516668000000001,
                13.259664,
                26.628228000000004,
                17.376084000000002,
                12.837132000000002,
                17.349948,
                32.338944000000005
            ]
        ],
        "local_bg": [
            [
                3.4545454545454546,
                3.5454545454545454,
                3.8016528925619837,
                4.024793388429752,
                3.2231404958677685,
                3.6363636363636362,
                4.380165289256198,
                4.305785123966942
            ]
        ],
        "area": [
            0.5270760000000001
        ],
        "distance": 25.306765408438377,
        "points": [
            [
                442.95292258462143,
                278.76523486000525
            ],
            [
                439.50528192409604,
                276.5332859457449
            ],
            [
                437.05429624508895,
                273.03187783287774
            ],
            [
                437.05429624508895,
                267.4296248522902
            ],
            [
                442.95292258462143,
                264.96523486000524
            ],
            [
                447.95292258462143,
                267.76523486000525
            ],
            [
                449.1529225846214,
                272.76523486000525
            ],
            [
                447.55292258462146,
                277.3652348600053
            ]
        ],
        "shift": [
            [
                0,
                0
            ],
            [
                -2.0,
                -4.0
            ],
            [
                -2.0,
                -4.0
            ],
            [
                -5.0,
                -4.0
            ],
            [
                -4.0,
                -5.0
            ],
            [
                -3.0,
                -3.0
            ],
            [
                -3.0,
                -4.0
            ],
            [
                -2.0,
                -3.0
            ]
        ],
        "channel": 0,
        "closest_Dend": 0
    }
]