[
    {
        "type": 0,
        "location": [
            487,
            237
        ],
        "bgloc": [
            174.813357852359,
            214.22018210550084
        ],
        "mean": [
            [
                44.00606060606061,
                47.45757575757576,
                54.512121212121215,
                62.154545454545456,
                85.67575757575757,
                76.65757575757576,
                91.22424242424242,
                100.25151515151515
            ]
        ],
        "min": [
            [
                6,
                7,
                8,
                8,
                10,
                10,
                19,
                17
            ]
        ],
        "max": [
            [
                166,
                172,
                176,
                163,
                189,
                185,
                212,
                201
            ]
        ],
        "RawIntDen": [
            [
                14522,
                15661,
                17989,
                20511,
                28273,
                25297,
                30104,
                33083
            ]
        ],
        "IntDen": [
            [
                20875.084560000003,
                22512.374280000004,
                25858.82772,
                29484.152280000002,
                40641.87204,
                36363.931560000005,
                43273.89792,
                47556.15084
            ]
        ],
        "local_bg": [
            [
                9.22121212121212,
                8.206060606060607,
                8.56969696969697,
                8.842424242424242,
                9.121212121212121,
                8.927272727272728,
                9.257575757575758,
                9.709090909090909
            ]
        ],
        "area": [
            1.43748
        ],
        "distance": 30.67011364530807,
        "points": [
            [
                487.0,
                246.6
            ],
            [
                475.2,
                248.8
            ],
            [
                472.0,
                237.0
            ],
            [
                478.6,
                228.6
            ],
            [
                487.0,
                230.6
            ],
            [
                491.6,
                232.4
            ],
            [
                493.8,
                237.0
            ],
            [
                494.8,
                244.8
            ]
        ],
        "shift": null,
        "channel": 0,
        "closest_Dend": 0
    },
    {
        "type": 0,
        "location": [
            344,
            252
        ],
        "bgloc": [
            485.3712628865979,
            270.50252088193247
        ],
        "mean": [
            [
                25.070247933884296,
                21.65702479338843,
                22.884297520661157,
                31.628099173553718,
                36.3801652892562,
                33.30165289256198,
                38.99586776859504,
                40.731404958677686
            ]
        ],
        "min": [
            [
                5,
                5,
                6,
                7,
                7,
                7,
                8,
                8
            ]
        ],
        "max": [
            [
                115,
                80,
                87,
                107,
                113,
                106,
                119,
                127
            ]
        ],
        "RawIntDen": [
            [
                6067,
                5241,
                5538,
                7654,
                8804,
                8059,
                9437,
                9857
            ]
        ],
        "IntDen": [
            [
                6395.540184,
                5524.810632000001,
                5837.893776000001,
                8068.479408000001,
                9280.754208,
                8495.410968,
                9948.032424,
                10390.776264000002
            ]
        ],
        "local_bg": [
            [
                16.840336134453782,
                16.399159663865547,
                12.172268907563025,
                11.029411764705882,
                9.243697478991596,
                8.899159663865547,
                9.403361344537815,
                8.554621848739496
            ]
        ],
        "area": [
            1.0541520000000002
        ],
        "distance": 19.969185228871815,
        "points": [
            [
                344.0,
                260.4
            ],
            [
                337.2,
                258.8
            ],
            [
                333.4,
                252.0
            ],
            [
                330.4,
                238.4
            ],
            [
                344.0,
                245.6
            ],
            [
                348.2,
                247.8
            ],
            [
                349.6,
                252.0
            ],
            [
                349.0,
                257.0
            ]
        ],
        "shift": null,
        "channel": 0,
        "closest_Dend": 0
    },
    {
        "type": 0,
        "location": [
            398,
            276
        ],
        "bgloc": [
            414,
            249
        ],
        "mean": [
            [
                36.48792270531401,
                37.608695652173914,
                43.792270531400966,
                63.85024154589372,
                70.70048309178743,
                68.42028985507247,
                91.56038647342996,
                92.17391304347827
            ]
        ],
        "min": [
            [
                6,
                7,
                8,
                9,
                10,
                8,
                19,
                16
            ]
        ],
        "max": [
            [
                115,
                163,
                190,
                191,
                187,
                155,
                212,
                231
            ]
        ],
        "RawIntDen": [
            [
                7553,
                7785,
                9065,
                13217,
                14635,
                14163,
                18953,
                19080
            ]
        ],
        "IntDen": [
            [
                6810.479676000001,
                7019.67222,
                8173.837980000001,
                11917.663164000001,
                13196.262420000001,
                12770.663796,
                17089.768476,
                17204.28336
            ]
        ],
        "local_bg": [
            [
                8.63768115942029,
                8.198067632850242,
                8.376811594202898,
                8.710144927536232,
                9.304347826086957,
                9.11111111111111,
                10.004830917874395,
                10.840579710144928
            ]
        ],
        "area": [
            0.901692
        ],
        "distance": 23.99157380144323,
        "points": [
            [
                398.0,
                282.2
            ],
            [
                391.8,
                282.2
            ],
            [
                391.0,
                276.0
            ],
            [
                391.8,
                269.8
            ],
            [
                398.0,
                264.0
            ],
            [
                404.2,
                269.8
            ],
            [
                405.0,
                276.0
            ],
            [
                404.2,
                282.2
            ]
        ],
        "shift": null,
        "channel": 0,
        "closest_Dend": 0
    },
    {
        "type": 0,
        "location": [
            64,
            243
        ],
        "bgloc": [
            146.67218846414318,
            207.1848897584469
        ],
        "mean": [
            [
                33.60526315789474,
                36.02255639097744,
                28.18421052631579,
                42.19924812030075,
                40.1203007518797,
                46.285714285714285,
                42.526315789473685,
                39.97744360902256
            ]
        ],
        "min": [
            [
                10,
                9,
                9,
                9,
                10,
                9,
                9,
                9
            ]
        ],
        "max": [
            [
                123,
                145,
                109,
                153,
                128,
                152,
                151,
                137
            ]
        ],
        "RawIntDen": [
            [
                8939,
                9582,
                7497,
                11225,
                10672,
                12312,
                11312,
                10634
            ]
        ],
        "IntDen": [
            [
                10357.583544000001,
                11102.625072,
                8686.743912000002,
                13006.362600000002,
                12365.603712000002,
                14265.865152000002,
                13107.169152000002,
                12321.573264
            ]
        ],
        "local_bg": [
            [
                10.761194029850746,
                10.291044776119403,
                9.138059701492537,
                9.940298507462687,
                9.604477611940299,
                9.190298507462687,
                9.208955223880597,
                9.791044776119403
            ]
        ],
        "area": [
            1.1586960000000002
        ],
        "distance": 1.518,
        "points": [
            [
                64.0,
                251.2
            ],
            [
                56.4,
                250.6
            ],
            [
                50.2,
                243.0
            ],
            [
                55.2,
                234.2
            ],
            [
                64.0,
                235.4
            ],
            [
                69.6,
                237.4
            ],
            [
                70.2,
                243.0
            ],
            [
                71.0,
                250.0
            ]
        ],
        "shift": null,
        "channel": 0,
        "closest_Dend": 0
    },
    {
        "type": 0,
        "location": [
            287,
            245
        ],
        "bgloc": [
            149.68731375573776,
            299.64873203401316
        ],
        "mean": [
            [
                38.521186440677965,
                34.279661016949156,
                41.978813559322035,
                64.52118644067797,
                59.8771186440678,
                76.05508474576271,
                83.15677966101696,
                89.05932203389831
            ]
        ],
        "min": [
            [
                7,
                7,
                8,
                7,
                8,
                12,
                12,
                12
            ]
        ],
        "max": [
            [
                118,
                122,
                157,
                161,
                145,
                182,
                187,
                190
            ]
        ],
        "RawIntDen": [
            [
                9091,
                8090,
                9907,
                15227,
                14131,
                17949,
                19625,
                21018
            ]
        ],
        "IntDen": [
            [
                9345.693456,
                8316.649440000001,
                10184.554512,
                15653.599632000001,
                14526.894096000002,
                18451.859184,
                20174.814000000002,
                21606.840288000003
            ]
        ],
        "local_bg": [
            [
                7.067510548523207,
                7.0168776371308015,
                7.485232067510548,
                7.561181434599156,
                7.270042194092827,
                7.430379746835443,
                7.70042194092827,
                7.641350210970464
            ]
        ],
        "area": [
            1.028016
        ],
        "distance": 16.6781826138446,
        "points": [
            [
                287.0,
                250.8
            ],
            [
                282.4,
                249.6
            ],
            [
                273.8,
                245.0
            ],
            [
                275.8,
                233.8
            ],
            [
                287.0,
                238.2
            ],
            [
                291.6,
                240.4
            ],
            [
                293.2,
                245.0
            ],
            [
                295.4,
                253.4
            ]
        ],
        "shift": null,
        "channel": 0,
        "closest_Dend": 0
    },
    {
        "type": 0,
        "location": [
            348,
            285
        ],
        "bgloc": [
            204.9646107683045,
            205.1748062307172
        ],
        "mean": [
            [
                26.8,
                23.554166666666667,
                24.345833333333335,
                32.475,
                27.0625,
                35.858333333333334,
                30.983333333333334,
                29.208333333333332
            ]
        ],
        "min": [
            [
                8,
                6,
                5,
                6,
                5,
                6,
                6,
                5
            ]
        ],
        "max": [
            [
                80,
                76,
                73,
                97,
                119,
                126,
                124,
                101
            ]
        ],
        "RawIntDen": [
            [
                6432,
                5653,
                5843,
                7794,
                6495,
                8606,
                7436,
                7010
            ]
        ],
        "IntDen": [
            [
                6724.270080000001,
                5909.87232,
                6108.5059200000005,
                8148.159360000001,
                6790.132800000001,
                8997.05664,
                7773.891840000001,
                7328.5344000000005
            ]
        ],
        "local_bg": [
            [
                7.717842323651452,
                7.908713692946058,
                8.751037344398341,
                8.506224066390041,
                8.572614107883817,
                9.311203319502075,
                9.651452282157676,
                9.821576763485478
            ]
        ],
        "area": [
            1.0454400000000001
        ],
        "distance": 20.924013158906565,
        "points": [
            [
                348.0,
                292.0
            ],
            [
                342.2,
                290.8
            ],
            [
                339.6,
                285.0
            ],
            [
                336.4,
                273.4
            ],
            [
                348.0,
                275.4
            ],
            [
                354.6,
                278.4
            ],
            [
                354.4,
                285.0
            ],
            [
                353.8,
                290.8
            ]
        ],
        "shift": null,
        "channel": 0,
        "closest_Dend": 0
    },
    {
        "type": 0,
        "location": [
            82,
            268
        ],
        "bgloc": [
            254.2116571976822,
            216.23026563323054
        ],
        "mean": [
            [
                113.01234567901234,
                109.08641975308642,
                85.23456790123457,
                58.01234567901235,
                64.83333333333333,
                52.56172839506173,
                41.092592592592595,
                61.51851851851852
            ]
        ],
        "min": [
            [
                11,
                12,
                10,
                8,
                8,
                8,
                7,
                7
            ]
        ],
        "max": [
            [
                255,
                255,
                249,
                186,
                215,
                232,
                198,
                227
            ]
        ],
        "RawIntDen": [
            [
                18308,
                17672,
                13808,
                9398,
                10503,
                8515,
                6657,
                9966
            ]
        ],
        "IntDen": [
            [
                12919.442976000002,
                12470.635584000001,
                9743.918976,
                6631.905456,
                7411.673016000001,
                6008.79708,
                4697.658504000001,
                7032.727152
            ]
        ],
        "local_bg": [
            [
                9.10062893081761,
                9.540880503144654,
                9.19496855345912,
                9.867924528301886,
                9.477987421383649,
                9.433962264150944,
                9.333333333333334,
                9.433962264150944
            ]
        ],
        "area": [
            0.7056720000000001
        ],
        "distance": 2.6801843300987738,
        "points": [
            [
                82.0,
                274.2
            ],
            [
                77.0,
                273.0
            ],
            [
                75.2,
                268.0
            ],
            [
                75.8,
                261.8
            ],
            [
                82.0,
                261.8
            ],
            [
                88.8,
                261.2
            ],
            [
                89.8,
                268.0
            ],
            [
                87.6,
                273.6
            ]
        ],
        "shift": null,
        "channel": 0,
        "closest_Dend": 0
    },
    {
        "type": 0,
        "location": [
            109,
            265
        ],
        "bgloc": [
            256,
            310
        ],
        "mean": [
            [
                77.41911764705883,
                85.61029411764706,
                82.98529411764706,
                38.713235294117645,
                34.52205882352941,
                28.36764705882353,
                26.705882352941178,
                30.735294117647058
            ]
        ],
        "min": [
            [
                13,
                11,
                12,
                7,
                7,
                7,
                6,
                7
            ]
        ],
        "max": [
            [
                243,
                231,
                215,
                205,
                167,
                109,
                128,
                115
            ]
        ],
        "RawIntDen": [
            [
                10529,
                11643,
                11286,
                5265,
                4695,
                3858,
                3632,
                4180
            ]
        ],
        "IntDen": [
            [
                6237.5480640000005,
                6897.499488,
                6686.006976000001,
                3119.0702400000005,
                2781.39312,
                2285.5409280000003,
                2151.6549120000004,
                2476.2988800000003
            ]
        ],
        "local_bg": [
            [
                6.698529411764706,
                6.360294117647059,
                6.352941176470588,
                6.6838235294117645,
                7.080882352941177,
                7.5661764705882355,
                8.227941176470589,
                8.625
            ]
        ],
        "area": [
            0.592416
        ],
        "distance": 4.4705455268832015,
        "points": [
            [
                109.0,
                271.4
            ],
            [
                103.2,
                270.8
            ],
            [
                102.2,
                265.0
            ],
            [
                103.8,
                259.8
            ],
            [
                109.0,
                259.8
            ],
            [
                114.8,
                259.2
            ],
            [
                115.2,
                265.0
            ],
            [
                114.0,
                270.0
            ]
        ],
        "shift": null,
        "channel": 0,
        "closest_Dend": 0
    },
    {
        "type": 0,
        "location": [
            129,
            251
        ],
        "bgloc": [
            294,
            320
        ],
        "mean": [
            [
                78.47598253275109,
                69.00873362445415,
                66.04803493449782,
                137.3013100436681,
                128.89082969432314,
                124.87772925764192,
                122.94323144104804,
                117.75109170305677
            ]
        ],
        "min": [
            [
                9,
                8,
                8,
                24,
                21,
                16,
                15,
                11
            ]
        ],
        "max": [
            [
                203,
                222,
                179,
                248,
                241,
                250,
                236,
                253
            ]
        ],
        "RawIntDen": [
            [
                17971,
                15803,
                15125,
                31442,
                29516,
                28597,
                28154,
                26965
            ]
        ],
        "IntDen": [
            [
                17926.503804000004,
                15763.871772000002,
                15087.550500000001,
                31364.149608000003,
                29442.918384000004,
                28526.193828000003,
                28084.290696000004,
                26898.234660000002
            ]
        ],
        "local_bg": [
            [
                6.08296943231441,
                6.25764192139738,
                6.358078602620087,
                6.572052401746725,
                6.475982532751091,
                6.432314410480349,
                6.681222707423581,
                6.550218340611353
            ]
        ],
        "area": [
            0.9975240000000001
        ],
        "distance": 5.838859207613477,
        "points": [
            [
                129.5864784784407,
                257.4369779516894
            ],
            [
                121.54614436752189,
                255.42689442395977
            ],
            [
                120.8,
                242.8
            ],
            [
                129.0,
                241.8
            ],
            [
                134.4,
                245.6
            ],
            [
                140.64193788095406,
                254.42185266009488
            ],
            [
                135.61672906162983,
                258.4420197155543
            ]
        ],
        "shift": null,
        "channel": 0,
        "closest_Dend": 0
    },
    {
        "type": 0,
        "location": [
            215,
            238
        ],
        "bgloc": [
            312.50407950184353,
            225.27564150801425
        ],
        "mean": [
            [
                41.70695970695971,
                35.38095238095238,
                34.34065934065934,
                57.062271062271066,
                50.553113553113555,
                65.72527472527473,
                74.85347985347985,
                91.37362637362638
            ]
        ],
        "min": [
            [
                7,
                8,
                7,
                12,
                9,
                16,
                17,
                11
            ]
        ],
        "max": [
            [
                102,
                97,
                112,
                156,
                129,
                131,
                176,
                209
            ]
        ],
        "RawIntDen": [
            [
                11386,
                9659,
                9375,
                15578,
                13801,
                17943,
                20435,
                24945
            ]
        ],
        "IntDen": [
            [
                13540.094568000002,
                11486.366892000002,
                11148.6375,
                18525.170664,
                16411.983588000003,
                21337.600284000004,
                24301.056780000003,
                29664.294660000003
            ]
        ],
        "local_bg": [
            [
                8.191176470588236,
                8.036764705882353,
                8.154411764705882,
                8.702205882352942,
                8.819852941176471,
                8.819852941176471,
                9.393382352941176,
                8.878676470588236
            ]
        ],
        "area": [
            1.1891880000000001
        ],
        "distance": 11.532971869498317,
        "points": [
            [
                215.0,
                243.8
            ],
            [
                209.2,
                243.8
            ],
            [
                200.4,
                238.0
            ],
            [
                205.6,
                228.6
            ],
            [
                215.0,
                228.8
            ],
            [
                220.8,
                232.2
            ],
            [
                225.2,
                238.0
            ],
            [
                220.6,
                243.6
            ]
        ],
        "shift": null,
        "channel": 0,
        "closest_Dend": 0
    },
    {
        "type": 0,
        "location": [
            255,
            256
        ],
        "bgloc": [
            364.0927120543912,
            226.8894376549011
        ],
        "mean": [
            [
                96.76551724137931,
                111.24137931034483,
                94.50344827586207,
                99.52413793103449,
                58.310344827586206,
                40.04827586206896,
                26.69655172413793,
                20.52413793103448
            ]
        ],
        "min": [
            [
                13,
                13,
                13,
                17,
                8,
                7,
                6,
                5
            ]
        ],
        "max": [
            [
                231,
                240,
                242,
                222,
                179,
                163,
                141,
                115
            ]
        ],
        "RawIntDen": [
            [
                14031,
                16130,
                13703,
                14431,
                8455,
                5807,
                3871,
                2976
            ]
        ],
        "IntDen": [
            [
                8862.26022,
                10188.030600000002,
                8655.088860000002,
                9114.908220000001,
                5340.347100000001,
                3667.8173400000005,
                2445.00102,
                1879.7011200000002
            ]
        ],
        "local_bg": [
            [
                8.873239436619718,
                8.169014084507042,
                8.605633802816902,
                8.922535211267606,
                8.330985915492958,
                8.788732394366198,
                9.359154929577464,
                9.161971830985916
            ]
        ],
        "area": [
            0.6316200000000001
        ],
        "distance": 14.311238057414565,
        "points": [
            [
                255.0,
                262.2
            ],
            [
                250.2,
                260.8
            ],
            [
                248.8,
                256.0
            ],
            [
                248.0,
                249.0
            ],
            [
                255.0,
                250.2
            ],
            [
                260.0,
                251.0
            ],
            [
                263.0,
                256.0
            ],
            [
                260.2,
                261.2
            ]
        ],
        "shift": null,
        "channel": 0,
        "closest_Dend": 0
    },
    {
        "type": 0,
        "location": [
            287,
            263
        ],
        "bgloc": [
            340.6452488900594,
            223.26555798028454
        ],
        "mean": [
            [
                65.25748502994011,
                61.68862275449102,
                48.40718562874252,
                39.40718562874252,
                23.856287425149702,
                25.634730538922156,
                25.748502994011975,
                27.868263473053894
            ]
        ],
        "min": [
            [
                7,
                7,
                6,
                6,
                7,
                7,
                6,
                7
            ]
        ],
        "max": [
            [
                164,
                191,
                146,
                141,
                97,
                93,
                84,
                91
            ]
        ],
        "RawIntDen": [
            [
                10898,
                10302,
                8084,
                6581,
                3984,
                4281,
                4300,
                4654
            ]
        ],
        "IntDen": [
            [
                7927.771896000001,
                7494.210504000001,
                5880.721968000001,
                4787.361612000001,
                2898.1687680000005,
                3114.222012,
                3128.0436000000004,
                3385.5616080000004
            ]
        ],
        "local_bg": [
            [
                6.8875,
                7.0625,
                7.59375,
                7.74375,
                7.6875,
                7.65625,
                8.0125,
                7.9625
            ]
        ],
        "area": [
            0.7274520000000001
        ],
        "distance": 16.554587162405486,
        "points": [
            [
                287.0,
                269.0
            ],
            [
                282.0,
                268.0
            ],
            [
                279.0,
                263.0
            ],
            [
                278.4,
                254.4
            ],
            [
                287.0,
                256.8
            ],
            [
                292.0,
                258.0
            ],
            [
                294.2,
                263.0
            ],
            [
                292.0,
                268.0
            ]
        ],
        "shift": null,
        "channel": 0,
        "closest_Dend": 0
    }
]