[
    {
        "type": 0,
        "location": [
            105,
            280
        ],
        "bgloc": [
            97,
            250
        ],
        "mean": [
            [
                31.494565217391305,
                32.125,
                29.472826086956523,
                32.15217391304348,
                25.815217391304348,
                21.619565217391305,
                21.842391304347824,
                17.630434782608695
            ]
        ],
        "min": [
            [
                7,
                2,
                7,
                4,
                6,
                6,
                4,
                4
            ]
        ],
        "max": [
            [
                81,
                91,
                89,
                78,
                74,
                82,
                72,
                41
            ]
        ],
        "RawIntDen": [
            [
                5795,
                5911,
                5423,
                5916,
                4750,
                3978,
                4019,
                3244
            ]
        ],
        "IntDen": [
            [
                25.24302,
                25.748316000000003,
                23.622588000000004,
                25.770096000000002,
                20.691000000000003,
                17.328168,
                17.506764,
                14.130864
            ]
        ],
        "local_bg": [
            [
                4.913043478260869,
                4.836956521739131,
                5.092391304347826,
                4.820652173913044,
                5.086956521739131,
                5.065217391304348,
                4.885869565217392,
                4.630434782608695
            ]
        ],
        "area": [
            0.8015040000000001
        ],
        "distance": 0.256732379328307,
        "points": [
            [
                106.21162833541804,
                286.4531837084618
            ],
            [
                100.66639121911487,
                284.8222316154314
            ],
            [
                97.73067745166024,
                279.9293753363404
            ],
            [
                98.05686787026632,
                272.4269957084008
            ],
            [
                105.5592474982059,
                271.77461487118865
            ],
            [
                110.77829419590302,
                274.0579478014311
            ],
            [
                112.40924628893336,
                279.27699449912825
            ],
            [
                112.73543670753944,
                285.80080287124963
            ]
        ],
        "shift": [
            [
                0,
                0
            ],
            [
                3.0,
                -0.0
            ],
            [
                2.0,
                -0.0
            ],
            [
                1.0,
                -1.0
            ],
            [
                4.0,
                -1.0
            ],
            [
                3.0,
                -4.0
            ],
            [
                4.0,
                -2.0
            ],
            [
                3.0,
                -1.0
            ]
        ],
        "channel": 0,
        "closest_Dend": 0
    },
    {
        "type": 0,
        "location": [
            136,
            273
        ],
        "bgloc": [
            129,
            239
        ],
        "mean": [
            [
                45.325581395348834,
                40.2906976744186,
                37.88953488372093,
                44.54651162790697,
                36.406976744186046,
                33.593023255813954,
                27.52906976744186,
                24.88953488372093
            ]
        ],
        "min": [
            [
                7,
                6,
                2,
                6,
                6,
                6,
                6,
                4
            ]
        ],
        "max": [
            [
                125,
                106,
                101,
                105,
                89,
                116,
                72,
                75
            ]
        ],
        "RawIntDen": [
            [
                7796,
                6930,
                6517,
                7662,
                6262,
                5778,
                4735,
                4281
            ]
        ],
        "IntDen": [
            [
                33.959376000000006,
                30.18708,
                28.388052000000002,
                33.375672,
                27.277272000000004,
                25.168968000000003,
                20.625660000000003,
                18.648036
            ]
        ],
        "local_bg": [
            [
                4.8023255813953485,
                4.546511627906977,
                4.8604651162790695,
                4.686046511627907,
                4.656976744186046,
                4.563953488372093,
                4.343023255813954,
                3.8255813953488373
            ]
        ],
        "area": [
            0.7492320000000001
        ],
        "distance": 2.321407232053301,
        "points": [
            [
                134.94733242869228,
                280.71032863864326
            ],
            [
                129.6260470515583,
                278.7777840867458
            ],
            [
                128.42604705155827,
                272.7777840867458
            ],
            [
                131.3592378240255,
                268.31509273161265
            ],
            [
                135.59971326590443,
                266.35795021997626
            ],
            [
                141.82604705155828,
                266.5777840867458
            ],
            [
                144.4260470515583,
                272.7777840867458
            ],
            [
                141.1449503822076,
                278.75318612700687
            ]
        ],
        "shift": [
            [
                0,
                0
            ],
            [
                0,
                0
            ],
            [
                0.0,
                -2.0
            ],
            [
                -1.0,
                -1.0
            ],
            [
                -0.0,
                -2.0
            ],
            [
                2.0,
                -4.0
            ],
            [
                1.0,
                -0.0
            ],
            [
                1.0,
                -0.0
            ]
        ],
        "channel": 0,
        "closest_Dend": 0
    },
    {
        "type": 0,
        "location": [
            153,
            268
        ],
        "bgloc": [
            146,
            237
        ],
        "mean": [
            [
                50.2654028436019,
                51.170616113744074,
                45.682464454976305,
                65.75829383886256,
                47.47867298578199,
                37.497630331753555,
                33.843601895734594,
                31.791469194312796
            ]
        ],
        "min": [
            [
                9,
                8,
                8,
                16,
                7,
                5,
                6,
                5
            ]
        ],
        "max": [
            [
                107,
                133,
                125,
                136,
                111,
                88,
                86,
                93
            ]
        ],
        "RawIntDen": [
            [
                10606,
                10797,
                9639,
                13875,
                10018,
                7912,
                7141,
                6708
            ]
        ],
        "IntDen": [
            [
                46.19973600000001,
                47.031732000000005,
                41.987484,
                60.43950000000001,
                43.638408000000005,
                34.46467200000001,
                31.106196000000004,
                29.220048000000002
            ]
        ],
        "local_bg": [
            [
                4.729857819905213,
                4.450236966824645,
                4.350710900473934,
                4.7725118483412325,
                4.668246445497631,
                4.123222748815166,
                4.37914691943128,
                3.796208530805687
            ]
        ],
        "area": [
            0.9191160000000002
        ],
        "distance": 3.633599497329214,
        "points": [
            [
                153.19747216792243,
                276.66349906347295
            ],
            [
                148.24018387069313,
                274.9246160804612
            ],
            [
                145.63066052184456,
                267.4222364525216
            ],
            [
                145.39747216792242,
                260.06349906347293
            ],
            [
                153.19747216792243,
                257.06349906347293
            ],
            [
                157.047325173057,
                261.55080891761236
            ],
            [
                159.33065810329947,
                269.05318854555196
            ],
            [
                160.19747216792243,
                274.86349906347294
            ]
        ],
        "shift": [
            [
                0,
                0
            ],
            [
                0,
                0
            ],
            [
                0,
                0
            ],
            [
                0,
                0
            ],
            [
                1.0,
                -0.0
            ],
            [
                3.0,
                -0.0
            ],
            [
                4.0,
                1.0
            ],
            [
                3.0,
                1.0
            ]
        ],
        "channel": 0,
        "closest_Dend": 0
    },
    {
        "type": 0,
        "location": [
            199,
            252
        ],
        "bgloc": [
            184,
            215
        ],
        "mean": [
            [
                34.098130841121495,
                29.44859813084112,
                28.406542056074766,
                35.38317757009346,
                30.518691588785046,
                36.93457943925234,
                25.023364485981308,
                21.38317757009346
            ]
        ],
        "min": [
            [
                3,
                4,
                3,
                6,
                6,
                7,
                4,
                4
            ]
        ],
        "max": [
            [
                89,
                95,
                70,
                101,
                91,
                72,
                77,
                54
            ]
        ],
        "RawIntDen": [
            [
                7297,
                6302,
                6079,
                7572,
                6531,
                7904,
                5355,
                4576
            ]
        ],
        "IntDen": [
            [
                31.785732000000003,
                27.451512000000005,
                26.480124000000004,
                32.98363200000001,
                28.449036000000003,
                34.429824,
                23.326380000000004,
                19.933056
            ]
        ],
        "local_bg": [
            [
                5.070093457943925,
                4.462616822429907,
                3.953271028037383,
                4.355140186915888,
                4.514018691588785,
                4.182242990654205,
                4.275700934579439,
                3.9158878504672896
            ]
        ],
        "area": [
            0.9321840000000001
        ],
        "distance": 6.936560772232457,
        "points": [
            [
                200.00429771364955,
                258.8166948646601
            ],
            [
                194.45906059734637,
                256.20717151581164
            ],
            [
                192.09730945251385,
                251.08652752215716
            ],
            [
                195.83540526645317,
                248.15081375470254
            ],
            [
                199.09730945251385,
                244.68652752215715
            ],
            [
                208.89730945251387,
                241.28652752215714
            ],
            [
                211.09730945251385,
                251.08652752215716
            ],
            [
                206.52810608577093,
                257.1857427716298
            ]
        ],
        "shift": [
            [
                0,
                0
            ],
            [
                0,
                0
            ],
            [
                -0.0,
                1.0
            ],
            [
                -0.0,
                1.0
            ],
            [
                1.0,
                1.0
            ],
            [
                2.0,
                -1.0
            ],
            [
                3.0,
                0.0
            ],
            [
                4.0,
                2.0
            ]
        ],
        "channel": 0,
        "closest_Dend": 0
    },
    {
        "type": 0,
        "location": [
            267,
            273
        ],
        "bgloc": [
            272,
            306
        ],
        "mean": [
            [
                26.689393939393938,
                27.856060606060606,
                30.87878787878788,
                57.083333333333336,
                37.54545454545455,
                31.265151515151516,
                24.924242424242426,
                26.257575757575758
            ]
        ],
        "min": [
            [
                7,
                5,
                6,
                11,
                7,
                10,
                6,
                7
            ]
        ],
        "max": [
            [
                77,
                60,
                94,
                131,
                93,
                64,
                81,
                67
            ]
        ],
        "RawIntDen": [
            [
                3523,
                3677,
                4076,
                7535,
                4956,
                4127,
                3290,
                3466
            ]
        ],
        "IntDen": [
            [
                15.346188000000001,
                16.017012,
                17.755056000000003,
                32.82246000000001,
                21.588336,
                17.977212,
                14.331240000000001,
                15.097896000000002
            ]
        ],
        "local_bg": [
            [
                3.772727272727273,
                4.356060606060606,
                4.568181818181818,
                4.742424242424242,
                5.128787878787879,
                4.242424242424242,
                4.575757575757576,
                3.977272727272727
            ]
        ],
        "area": [
            0.5749920000000001
        ],
        "distance": 10.89813435842395,
        "points": [
            [
                267.0164995172588,
                278.88254576117004
            ],
            [
                262.8164995172588,
                277.28254576117
            ],
            [
                260.2164995172588,
                273.08254576117
            ],
            [
                261.89966731354764,
                267.64128315021867
            ],
            [
                267.1187140112448,
                265.3579502199762
            ],
            [
                271.6853798717297,
                268.94604482464297
            ],
            [
                275.2164995172588,
                273.08254576117
            ],
            [
                271.61649951725883,
                277.68254576117005
            ]
        ],
        "shift": [
            [
                0,
                0
            ],
            [
                3.0,
                3.0
            ],
            [
                2.0,
                3.0
            ],
            [
                3.0,
                1.0
            ],
            [
                5.0,
                0.0
            ],
            [
                1.0,
                -1.0
            ],
            [
                4.0,
                0.0
            ],
            [
                4.0,
                1.0
            ]
        ],
        "channel": 0,
        "closest_Dend": 0
    },
    {
        "type": 0,
        "location": [
            304,
            236
        ],
        "bgloc": [
            297,
            202
        ],
        "mean": [
            [
                25.818181818181817,
                29.022727272727273,
                28.64090909090909,
                30.104545454545455,
                26.895454545454545,
                21.722727272727273,
                19.10909090909091,
                17.804545454545455
            ]
        ],
        "min": [
            [
                5,
                6,
                6,
                5,
                2,
                3,
                3,
                1
            ]
        ],
        "max": [
            [
                67,
                82,
                78,
                81,
                86,
                71,
                63,
                66
            ]
        ],
        "RawIntDen": [
            [
                5680,
                6385,
                6301,
                6623,
                5917,
                4779,
                4204,
                3917
            ]
        ],
        "IntDen": [
            [
                24.74208,
                27.813060000000004,
                27.447156000000003,
                28.849788000000004,
                25.774452000000004,
                20.817324000000003,
                18.312624000000003,
                17.062452
            ]
        ],
        "local_bg": [
            [
                3.65,
                3.8181818181818183,
                4.027272727272727,
                4.218181818181818,
                4.109090909090909,
                4.013636363636364,
                3.8454545454545452,
                3.1272727272727274
            ]
        ],
        "area": [
            0.9583200000000001
        ],
        "distance": 13.763766757909586,
        "points": [
            [
                303.9617317964718,
                246.2230284586842
            ],
            [
                299.0306073138525,
                241.68653235924734
            ],
            [
                295.5617317964718,
                236.2230284586842
            ],
            [
                297.7617317964718,
                230.02302845868422
            ],
            [
                303.9617317964718,
                228.2230284586842
            ],
            [
                310.12108154645887,
                230.59605812664097
            ],
            [
                312.40441447670133,
                237.44605691736842
            ],
            [
                311.9617317964718,
                244.2230284586842
            ]
        ],
        "shift": [
            [
                0,
                0
            ],
            [
                3.0,
                1.0
            ],
            [
                2.0,
                2.0
            ],
            [
                2.0,
                1.0
            ],
            [
                2.0,
                1.0
            ],
            [
                2.0,
                1.0
            ],
            [
                2.0,
                2.0
            ],
            [
                -0.0,
                1.0
            ]
        ],
        "channel": 0,
        "closest_Dend": 0
    },
    {
        "type": 0,
        "location": [
            408,
            275
        ],
        "bgloc": [
            398,
            299
        ],
        "mean": [
            [
                43.79381443298969,
                43.118556701030926,
                37.644329896907216,
                50.74226804123711,
                49.675257731958766,
                33.91752577319588,
                28.716494845360824,
                31.34536082474227
            ]
        ],
        "min": [
            [
                9,
                8,
                6,
                9,
                11,
                6,
                5,
                6
            ]
        ],
        "max": [
            [
                112,
                98,
                110,
                108,
                119,
                100,
                78,
                71
            ]
        ],
        "RawIntDen": [
            [
                8496,
                8365,
                7303,
                9844,
                9637,
                6580,
                5571,
                6081
            ]
        ],
        "IntDen": [
            [
                37.008576000000005,
                36.437940000000005,
                31.811868000000004,
                42.880464,
                41.978772000000006,
                28.662480000000002,
                24.267276000000003,
                26.488836000000003
            ]
        ],
        "local_bg": [
            [
                5.43298969072165,
                5.288659793814433,
                4.948453608247423,
                5.025773195876289,
                5.572164948453608,
                5.15979381443299,
                4.783505154639175,
                4.61340206185567
            ]
        ],
        "area": [
            0.8450640000000001
        ],
        "distance": 20.842454712623212,
        "points": [
            [
                408.38056982640353,
                285.09128194094615
            ],
            [
                401.5805698264035,
                281.29128194094613
            ],
            [
                401.22085594887784,
                275.8571606323586
            ],
            [
                403.17799846051423,
                269.33335226023723
            ],
            [
                408.38056982640353,
                266.09128194094615
            ],
            [
                414.98056982640355,
                267.8912819409461
            ],
            [
                414.55675903573706,
                275.77461487118865
            ],
            [
                413.57818777991884,
                281.3198519874918
            ]
        ],
        "shift": [
            [
                0,
                0
            ],
            [
                1,
                0
            ],
            [
                1.0,
                0.0
            ],
            [
                0,
                0
            ],
            [
                0.0,
                1.0
            ],
            [
                -1.0,
                -1.0
            ],
            [
                -1.0,
                -2.0
            ],
            [
                0.0,
                -0.0
            ]
        ],
        "channel": 0,
        "closest_Dend": 0
    }
]