[
    {
        "type": 0,
        "location": [
            60,
            233
        ],
        "bgloc": [
            145.25078185510188,
            272.413654734764
        ],
        "mean": [
            [
                48.27210884353742,
                41.83673469387755,
                43.59863945578231,
                59.59183673469388,
                50.21768707482993,
                51.476190476190474,
                42.4421768707483,
                50.48979591836735
            ]
        ],
        "min": [
            [
                10,
                8,
                8,
                12,
                11,
                14,
                11,
                8
            ]
        ],
        "max": [
            [
                124,
                112,
                98,
                168,
                110,
                131,
                89,
                120
            ]
        ],
        "RawIntDen": [
            [
                7096,
                6150,
                6409,
                8760,
                7382,
                7567,
                6239,
                7422
            ]
        ],
        "IntDen": [
            [
                30.910176000000003,
                26.789400000000004,
                27.917604000000004,
                38.15856,
                32.155992000000005,
                32.961852,
                27.177084000000004,
                32.330232
            ]
        ],
        "local_bg": [
            [
                6.700680272108843,
                6.571428571428571,
                5.714285714285714,
                6.605442176870748,
                6.346938775510204,
                5.836734693877551,
                6.136054421768708,
                6.35374149659864
            ]
        ],
        "area": [
            0.6403320000000001
        ],
        "distance": 0.9710709896492956,
        "points": [
            [
                59.93238140684062,
                239.13642906493382
            ],
            [
                56.61536660374175,
                238.64365274989203
            ],
            [
                53.29835180064287,
                233.6681305452437
            ],
            [
                53.96175476126265,
                225.04389205718664
            ],
            [
                59.93238140684062,
                224.3364290649338
            ],
            [
                64.57620213117904,
                228.6926083405954
            ],
            [
                67.13238140684061,
                233.3364290649338
            ],
            [
                64.33238140684063,
                237.73642906493382
            ]
        ],
        "shift": [
            [
                0,
                0
            ],
            [
                4.0,
                -3.0
            ],
            [
                13.0,
                -7.0
            ],
            [
                5.0,
                -1.0
            ],
            [
                12.0,
                -6.0
            ],
            [
                9.0,
                -5.0
            ],
            [
                16.0,
                -9.0
            ],
            [
                15.0,
                -8.0
            ]
        ],
        "channel": 0,
        "closest_Dend": 0
    },
    {
        "type": 0,
        "location": [
            168,
            255
        ],
        "bgloc": [
            190.9079225635562,
            297.95069953779785
        ],
        "mean": [
            [
                73.30666666666667,
                63.74,
                65.20666666666666,
                69.97333333333333,
                67.52,
                62.96666666666667,
                81.13333333333334,
                76.99333333333334
            ]
        ],
        "min": [
            [
                15,
                11,
                8,
                13,
                11,
                10,
                18,
                18
            ]
        ],
        "max": [
            [
                167,
                141,
                147,
                193,
                154,
                190,
                175,
                151
            ]
        ],
        "RawIntDen": [
            [
                10996,
                9561,
                9781,
                10496,
                10128,
                9445,
                12170,
                11549
            ]
        ],
        "IntDen": [
            [
                47.898576000000006,
                41.647716,
                42.606036,
                45.72057600000001,
                44.117568000000006,
                41.14242,
                53.01252000000001,
                50.307444000000004
            ]
        ],
        "local_bg": [
            [
                5.751677852348993,
                5.885906040268456,
                5.97986577181208,
                6.731543624161074,
                6.228187919463087,
                6.348993288590604,
                6.174496644295302,
                6.25503355704698
            ]
        ],
        "area": [
            0.6534000000000001
        ],
        "distance": 8.123353666607843,
        "points": [
            [
                168.06706398786397,
                260.6970252850765
            ],
            [
                162.46706398786398,
                260.49702528507646
            ],
            [
                161.26706398786396,
                254.8970252850765
            ],
            [
                161.90523323589514,
                250.11106537325185
            ],
            [
                168.06706398786397,
                246.6970252850765
            ],
            [
                173.8464865270511,
                250.11106537325185
            ],
            [
                175.06706398786397,
                254.8970252850765
            ],
            [
                173.06706398786397,
                259.8970252850765
            ]
        ],
        "shift": [
            [
                0,
                0
            ],
            [
                -2.0,
                -0.0
            ],
            [
                7.0,
                -4.0
            ],
            [
                2.0,
                0.0
            ],
            [
                8.0,
                -6.0
            ],
            [
                4.0,
                -4.0
            ],
            [
                15.0,
                -11.0
            ],
            [
                15.0,
                -8.0
            ]
        ],
        "channel": 0,
        "closest_Dend": 0
    },
    {
        "type": 0,
        "location": [
            183,
            236
        ],
        "bgloc": [
            190.9079225635562,
            297.95069953779785
        ],
        "mean": [
            [
                62.92537313432836,
                50.507462686567166,
                60.791044776119406,
                66.01492537313433,
                53.201492537313435,
                44.46268656716418,
                64.68656716417911,
                50.514925373134325
            ]
        ],
        "min": [
            [
                11,
                8,
                11,
                11,
                10,
                15,
                12,
                11
            ]
        ],
        "max": [
            [
                185,
                128,
                151,
                160,
                131,
                118,
                131,
                101
            ]
        ],
        "RawIntDen": [
            [
                8432,
                6768,
                8146,
                8846,
                7129,
                5958,
                8668,
                6769
            ]
        ],
        "IntDen": [
            [
                36.729792,
                29.481408000000002,
                35.483976000000006,
                38.533176000000005,
                31.053924000000002,
                25.953048000000003,
                37.757808000000004,
                29.485764000000003
            ]
        ],
        "local_bg": [
            [
                5.835820895522388,
                5.835820895522388,
                5.985074626865671,
                6.8283582089552235,
                6.335820895522388,
                6.268656716417911,
                6.149253731343284,
                6.149253731343284
            ]
        ],
        "area": [
            0.5837040000000001
        ],
        "distance": 8.817748062085363,
        "points": [
            [
                183.41687386533445,
                241.58963362567184
            ],
            [
                178.44135166068614,
                240.9262306650521
            ],
            [
                175.72067583034308,
                236.99493646648324
            ],
            [
                178.37428767282216,
                232.01941426183492
            ],
            [
                185.67172023963968,
                229.36580241935582
            ],
            [
                190.31554096397812,
                234.34132462400413
            ],
            [
                190.31554096397812,
                240.3119512695821
            ]
        ],
        "shift": [
            [
                0,
                0
            ],
            [
                1.0,
                -3.0
            ],
            [
                7.0,
                -7.0
            ],
            [
                -0.0,
                -3.0
            ],
            [
                5.0,
                -8.0
            ],
            [
                1.0,
                -9.0
            ],
            [
                10.0,
                -10.0
            ],
            [
                10.0,
                -10.0
            ]
        ],
        "channel": 0,
        "closest_Dend": 0
    },
    {
        "type": 0,
        "location": [
            194,
            261
        ],
        "bgloc": [
            190.9079225635562,
            297.95069953779785
        ],
        "mean": [
            [
                63.46496815286624,
                30.50955414012739,
                44.267515923566876,
                39.68789808917197,
                66.96815286624204,
                55.34394904458599,
                39.15923566878981,
                53.59235668789809
            ]
        ],
        "min": [
            [
                12,
                4,
                8,
                5,
                9,
                6,
                6,
                7
            ]
        ],
        "max": [
            [
                146,
                94,
                110,
                107,
                166,
                138,
                108,
                147
            ]
        ],
        "RawIntDen": [
            [
                9964,
                4790,
                6950,
                6231,
                10514,
                8689,
                6148,
                8414
            ]
        ],
        "IntDen": [
            [
                43.403184,
                20.865240000000004,
                30.274200000000004,
                27.142236000000004,
                45.798984000000004,
                37.849284000000004,
                26.780688,
                36.65138400000001
            ]
        ],
        "local_bg": [
            [
                5.8427672955974845,
                5.729559748427673,
                5.761006289308176,
                6.679245283018868,
                6.188679245283019,
                6.270440251572327,
                6.150943396226415,
                6.1069182389937104
            ]
        ],
        "area": [
            0.683892
        ],
        "distance": 9.839026177223188,
        "points": [
            [
                193.9397794520352,
                267.38956229282365
            ],
            [
                185.32875380206838,
                268.9788852783527
            ],
            [
                186.32385824299803,
                262.34485567215495
            ],
            [
                187.98236564454749,
                256.04252754626714
            ],
            [
                193.9397794520352,
                252.98956229282368
            ],
            [
                198.92851449477376,
                256.374229026577
            ],
            [
                199.92361893570342,
                262.0131541918451
            ],
            [
                197.27000709322434,
                265.66187047525386
            ]
        ],
        "shift": [
            [
                0,
                0
            ],
            [
                -0.0,
                1.0
            ],
            [
                11.0,
                -4.0
            ],
            [
                2.0,
                3.0
            ],
            [
                11.0,
                -5.0
            ],
            [
                7.0,
                -2.0
            ],
            [
                14.0,
                -6.0
            ],
            [
                15.0,
                -6.0
            ]
        ],
        "channel": 0,
        "closest_Dend": 0
    },
    {
        "type": 0,
        "location": [
            235,
            266
        ],
        "bgloc": [
            190.9079225635562,
            297.95069953779785
        ],
        "mean": [
            [
                30.43846153846154,
                24.415384615384614,
                30.46153846153846,
                29.223076923076924,
                29.392307692307693,
                26.146153846153847,
                38.146153846153844,
                34.261538461538464
            ]
        ],
        "min": [
            [
                5,
                4,
                7,
                4,
                7,
                6,
                9,
                10
            ]
        ],
        "max": [
            [
                89,
                76,
                78,
                77,
                87,
                60,
                82,
                86
            ]
        ],
        "RawIntDen": [
            [
                3957,
                3174,
                3960,
                3799,
                3821,
                3399,
                4959,
                4454
            ]
        ],
        "IntDen": [
            [
                17.236692,
                13.825944000000002,
                17.249760000000002,
                16.548444000000003,
                16.644276,
                14.806044000000002,
                21.601404000000002,
                19.401624
            ]
        ],
        "local_bg": [
            [
                5.8359375,
                5.828125,
                5.7109375,
                6.46875,
                6.328125,
                6.453125,
                6.0078125,
                6.0625
            ]
        ],
        "area": [
            0.5662800000000001
        ],
        "distance": 12.224752617081135,
        "points": [
            [
                233.888153485738,
                274.92013856950865
            ],
            [
                228.20246449077115,
                273.3601889384016
            ],
            [
                228.9126312810897,
                266.6276015617615
            ],
            [
                230.90284016294902,
                262.9788852783527
            ],
            [
                236.21006384790724,
                258.99846751463406
            ],
            [
                239.19537717069622,
                262.6471837980428
            ],
            [
                239.5270786510061,
                269.2812134042406
            ],
            [
                238.20027272976654,
                272.92992968764935
            ]
        ],
        "shift": [
            [
                0,
                0
            ],
            [
                1.0,
                0.0
            ],
            [
                9.0,
                -5.0
            ],
            [
                1.0,
                2.0
            ],
            [
                10.0,
                -5.0
            ],
            [
                5.0,
                -4.0
            ],
            [
                17.0,
                -7.0
            ],
            [
                15.0,
                -5.0
            ]
        ],
        "channel": 0,
        "closest_Dend": 0
    },
    {
        "type": 0,
        "location": [
            361,
            255
        ],
        "bgloc": [
            190.9079225635562,
            297.95069953779785
        ],
        "mean": [
            [
                57.3125,
                38.29326923076923,
                39.97596153846154,
                38.52403846153846,
                49.75,
                51.04326923076923,
                61.0625,
                54.07692307692308
            ]
        ],
        "min": [
            [
                9,
                4,
                6,
                6,
                9,
                8,
                11,
                9
            ]
        ],
        "max": [
            [
                140,
                141,
                102,
                107,
                123,
                131,
                161,
                144
            ]
        ],
        "RawIntDen": [
            [
                11921,
                7965,
                8315,
                8013,
                10348,
                10617,
                12701,
                11248
            ]
        ],
        "IntDen": [
            [
                51.927876000000005,
                34.69554,
                36.22014,
                34.904628,
                45.075888000000006,
                46.247652,
                55.325556000000006,
                48.99628800000001
            ]
        ],
        "local_bg": [
            [
                5.90952380952381,
                5.914285714285715,
                5.928571428571429,
                6.557142857142857,
                6.252380952380952,
                6.219047619047619,
                6.166666666666667,
                6.4904761904761905
            ]
        ],
        "area": [
            0.9060480000000001
        ],
        "distance": 20.616499918204216,
        "points": [
            [
                361.45881812666903,
                262.409144529105
            ],
            [
                355.3472489150547,
                260.374229026577
            ],
            [
                354.02044299381515,
                255.06700534161877
            ],
            [
                356.25881812666904,
                250.00914452910501
            ],
            [
                361.45881812666903,
                248.409144529105
            ],
            [
                371.2689199699293,
                249.4280801763507
            ],
            [
                371.9323229305491,
                258.0523186644078
            ],
            [
                368.28360664714035,
                262.6961393887462
            ]
        ],
        "shift": [
            [
                0,
                0
            ],
            [
                0,
                0
            ],
            [
                11.0,
                -3.0
            ],
            [
                3.0,
                3.0
            ],
            [
                9.0,
                -6.0
            ],
            [
                7.0,
                -6.0
            ],
            [
                15.0,
                -7.0
            ],
            [
                13.0,
                -4.0
            ]
        ],
        "channel": 0,
        "closest_Dend": 0
    },
    {
        "type": 0,
        "location": [
            394,
            260
        ],
        "bgloc": [
            190.9079225635562,
            297.95069953779785
        ],
        "mean": [
            [
                31.782978723404256,
                33.90638297872341,
                30.548936170212766,
                39.1531914893617,
                41.45106382978724,
                43.68936170212766,
                56.94893617021277,
                51.731914893617024
            ]
        ],
        "min": [
            [
                5,
                6,
                5,
                8,
                10,
                5,
                11,
                7
            ]
        ],
        "max": [
            [
                73,
                82,
                100,
                125,
                100,
                121,
                171,
                132
            ]
        ],
        "RawIntDen": [
            [
                7469,
                7968,
                7179,
                9201,
                9741,
                10267,
                13383,
                12157
            ]
        ],
        "IntDen": [
            [
                32.534964,
                34.708608000000005,
                31.271724000000003,
                40.079556000000004,
                42.431796000000006,
                44.723052,
                58.29634800000001,
                52.955892000000006
            ]
        ],
        "local_bg": [
            [
                5.791489361702127,
                5.85531914893617,
                5.761702127659574,
                6.43404255319149,
                6.008510638297873,
                6.004255319148936,
                6.0638297872340425,
                6.174468085106383
            ]
        ],
        "area": [
            1.02366
        ],
        "distance": 23.209497926846996,
        "points": [
            [
                394.3070557954886,
                267.22383120631605
            ],
            [
                388.10705579548863,
                266.42383120631604
            ],
            [
                384.38521685114443,
                260.38891570378803
            ],
            [
                383.5070557954886,
                249.42383120631604
            ],
            [
                394.3070557954886,
                249.02383120631606
            ],
            [
                397.9849775438498,
                254.41828905821006
            ],
            [
                400.7070557954886,
                260.22383120631605
            ],
            [
                398.90705579548865,
                264.8238312063161
            ]
        ],
        "shift": [
            [
                0,
                0
            ],
            [
                -1.0,
                -5.0
            ],
            [
                7.0,
                -10.0
            ],
            [
                1.0,
                -6.0
            ],
            [
                6.0,
                -10.0
            ],
            [
                5.0,
                -9.0
            ],
            [
                13.0,
                -15.0
            ],
            [
                11.0,
                -12.0
            ]
        ],
        "channel": 0,
        "closest_Dend": 0
    }
]