[
    {
        "type": 0,
        "location": [
            218,
            228
        ],
        "bgloc": [
            336,
            53
        ],
        "mean": [
            [
                49.36904761904762,
                51.04365079365079,
                44.25396825396825,
                40.051587301587304,
                41.214285714285715,
                37.035714285714285,
                50.345238095238095,
                40.79365079365079
            ]
        ],
        "min": [
            [
                5,
                5,
                6,
                5,
                5,
                4,
                5,
                4
            ]
        ],
        "max": [
            [
                159,
                166,
                143,
                140,
                137,
                135,
                138,
                136
            ]
        ],
        "RawIntDen": [
            [
                12441,
                12863,
                11152,
                10093,
                10386,
                9333,
                12687,
                10280
            ]
        ],
        "IntDen": [
            [
                13656.634992000001,
                14119.869456000002,
                12241.684224,
                11079.207216,
                11400.836832,
                10244.946096000001,
                13926.672144000002,
                11284.479360000001
            ]
        ],
        "local_bg": [
            [
                5.561752988047809,
                5.01593625498008,
                5.282868525896414,
                5.278884462151394,
                5.2629482071713145,
                5.179282868525896,
                5.0239043824701195,
                5.175298804780876
            ]
        ],
        "area": [
            1.097712
        ],
        "distance": 4.960708802618261,
        "points": [
            [
                218.0,
                234.4
            ],
            [
                210.8,
                235.2
            ],
            [
                206.0,
                228.0
            ],
            [
                209.6,
                219.6
            ],
            [
                218.0,
                217.6
            ],
            [
                224.4,
                221.6
            ],
            [
                225.2,
                228.0
            ],
            [
                223.4,
                233.4
            ]
        ],
        "shift": null,
        "channel": 0,
        "closest_Dend": 0
    }
]