[
    {
        "type": 0,
        "location": [
            378,
            306
        ],
        "bgloc": [
            375,
            286
        ],
        "mean": [
            [
                28.740331491712706,
                30.138121546961326,
                21.138121546961326,
                22.519337016574585,
                27.22099447513812,
                19.640883977900554,
                27.950276243093924,
                26.883977900552487
            ]
        ],
        "min": [
            [
                6,
                7,
                6,
                5,
                6,
                6,
                6,
                8
            ]
        ],
        "max": [
            [
                117,
                86,
                69,
                55,
                100,
                77,
                78,
                79
            ]
        ],
        "RawIntDen": [
            [
                5202,
                5455,
                3826,
                4076,
                4927,
                3555,
                5059,
                4866
            ]
        ],
        "IntDen": [
            [
                4101.444072,
                4300.91838,
                3016.556136,
                3213.6651360000005,
                3884.6241720000003,
                2802.8899800000004,
                3988.6977240000006,
                3836.5295760000004
            ]
        ],
        "local_bg": [
            [
                6.56353591160221,
                6.4088397790055245,
                6.138121546961326,
                6.320441988950276,
                6.580110497237569,
                6.955801104972376,
                6.983425414364641,
                6.972375690607735
            ]
        ],
        "area": [
            0.7884360000000001
        ],
        "distance": 23.79433412511016,
        "points": [
            [
                378.0,
                312.0
            ],
            [
                371.6,
                312.4
            ],
            [
                368.8,
                306.0
            ],
            [
                372.8,
                300.8
            ],
            [
                378.0,
                299.2
            ],
            [
                384.0,
                300.0
            ],
            [
                387.2,
                306.0
            ],
            [
                383.0,
                311.0
            ]
        ],
        "shift": null,
        "channel": 0,
        "closest_Dend": 0
    },
    {
        "type": 0,
        "location": [
            374,
            332
        ],
        "bgloc": [
            379,
            362
        ],
        "mean": [
            [
                72.32517482517483,
                70.47552447552448,
                70.55244755244755,
                80.4020979020979,
                105.02097902097903,
                108.54195804195804,
                98.32867132867133,
                80.03146853146853
            ]
        ],
        "min": [
            [
                9,
                8,
                10,
                7,
                10,
                8,
                9,
                6
            ]
        ],
        "max": [
            [
                213,
                223,
                220,
                232,
                240,
                246,
                249,
                233
            ]
        ],
        "RawIntDen": [
            [
                20685,
                20156,
                20178,
                22995,
                30036,
                31043,
                28122,
                22889
            ]
        ],
        "IntDen": [
            [
                25769.703960000003,
                25110.667296000003,
                25138.075248000005,
                28647.538920000003,
                37419.329376,
                38673.866088,
                35034.837552000005,
                28515.482424
            ]
        ],
        "local_bg": [
            [
                6.195804195804196,
                6.006993006993007,
                6.038461538461538,
                6.2727272727272725,
                6.283216783216783,
                6.160839160839161,
                6.496503496503497,
                6.062937062937063
            ]
        ],
        "area": [
            1.245816
        ],
        "distance": 23.26847640316428,
        "points": [
            [
                374.0,
                341.0
            ],
            [
                367.6,
                338.4
            ],
            [
                362.8,
                332.0
            ],
            [
                366.8,
                324.8
            ],
            [
                374.0,
                322.8
            ],
            [
                384.8,
                321.2
            ],
            [
                382.6,
                332.0
            ],
            [
                379.8,
                337.8
            ]
        ],
        "shift": null,
        "channel": 0,
        "closest_Dend": 0
    },
    {
        "type": 0,
        "location": [
            206,
            333
        ],
        "bgloc": [
            199,
            372
        ],
        "mean": [
            [
                54.04330708661417,
                52.94094488188976,
                55.93307086614173,
                78.40944881889764,
                58.70472440944882,
                68.33858267716535,
                87.26771653543307,
                76.64173228346456
            ]
        ],
        "min": [
            [
                9,
                8,
                7,
                9,
                10,
                9,
                13,
                10
            ]
        ],
        "max": [
            [
                143,
                133,
                141,
                203,
                160,
                149,
                202,
                175
            ]
        ],
        "RawIntDen": [
            [
                13727,
                13447,
                14207,
                19916,
                14911,
                17358,
                22166,
                19467
            ]
        ],
        "IntDen": [
            [
                15187.882248000002,
                14878.083528000001,
                15718.965768000002,
                22035.540384000004,
                16497.888264,
                19205.307792000003,
                24524.994384,
                21538.756008000004
            ]
        ],
        "local_bg": [
            [
                5.397637795275591,
                5.570866141732283,
                5.645669291338582,
                5.866141732283465,
                5.622047244094488,
                5.503937007874016,
                5.984251968503937,
                5.834645669291339
            ]
        ],
        "area": [
            1.106424
        ],
        "distance": 12.491622584114978,
        "points": [
            [
                206.0,
                343.8
            ],
            [
                199.6,
                339.4
            ],
            [
                198.8,
                333.0
            ],
            [
                198.6,
                325.6
            ],
            [
                206.0,
                321.2
            ],
            [
                211.8,
                327.2
            ],
            [
                214.0,
                333.0
            ],
            [
                213.2,
                340.2
            ]
        ],
        "shift": null,
        "channel": 0,
        "closest_Dend": 0
    },
    {
        "type": 0,
        "location": [
            177,
            316
        ],
        "bgloc": [
            172.65783837967592,
            336.49220405274275
        ],
        "mean": [
            [
                53.336405529953915,
                63.11981566820276,
                65.85253456221199,
                63.79723502304147,
                62.94009216589862,
                83.29953917050692,
                87.42396313364056,
                88.23041474654377
            ]
        ],
        "min": [
            [
                12,
                13,
                15,
                14,
                15,
                18,
                23,
                14
            ]
        ],
        "max": [
            [
                129,
                153,
                150,
                152,
                166,
                201,
                174,
                178
            ]
        ],
        "RawIntDen": [
            [
                11574,
                13697,
                14290,
                13844,
                13658,
                18076,
                18971,
                19146
            ]
        ],
        "IntDen": [
            [
                10940.346648,
                12947.116644000002,
                13507.651080000001,
                13086.068688000001,
                12910.251816000002,
                17086.375152,
                17932.375692,
                18097.794792
            ]
        ],
        "local_bg": [
            [
                7.451612903225806,
                7.368663594470046,
                7.668202764976958,
                7.9631336405529956,
                7.539170506912442,
                7.894009216589862,
                8.050691244239632,
                8.400921658986174
            ]
        ],
        "area": [
            0.9452520000000001
        ],
        "distance": 10.396221288160765,
        "points": [
            [
                177.0,
                325.2
            ],
            [
                170.0,
                323.0
            ],
            [
                167.6,
                316.0
            ],
            [
                171.8,
                310.8
            ],
            [
                177.0,
                311.2
            ],
            [
                181.8,
                311.2
            ],
            [
                189.8,
                316.0
            ],
            [
                183.6,
                322.6
            ]
        ],
        "shift": null,
        "channel": 0,
        "closest_Dend": 0
    },
    {
        "type": 0,
        "location": [
            204,
            297
        ],
        "bgloc": [
            208,
            267
        ],
        "mean": [
            [
                40.45086705202312,
                31.653179190751445,
                28.745664739884393,
                40.410404624277454,
                38.971098265895954,
                48.87861271676301,
                33.884393063583815,
                48.16763005780347
            ]
        ],
        "min": [
            [
                8,
                7,
                5,
                8,
                8,
                8,
                7,
                9
            ]
        ],
        "max": [
            [
                110,
                103,
                104,
                126,
                104,
                140,
                101,
                153
            ]
        ],
        "RawIntDen": [
            [
                6998,
                5476,
                4973,
                6991,
                6742,
                8456,
                5862,
                8333
            ]
        ],
        "IntDen": [
            [
                5273.608824000001,
                4126.647888,
                3747.5931240000004,
                5268.333708000001,
                5080.690296000001,
                6372.340128000001,
                4417.532856000001,
                6279.648804
            ]
        ],
        "local_bg": [
            [
                5.936416184971098,
                6.057803468208093,
                5.658959537572255,
                5.791907514450867,
                5.786127167630058,
                6.329479768786127,
                5.988439306358382,
                6.456647398843931
            ]
        ],
        "area": [
            0.753588
        ],
        "distance": 12.038031855437723,
        "points": [
            [
                204.0,
                305.8
            ],
            [
                197.4,
                303.6
            ],
            [
                194.8,
                297.0
            ],
            [
                198.4,
                291.4
            ],
            [
                204.0,
                291.2
            ],
            [
                208.4,
                292.6
            ],
            [
                210.6,
                297.0
            ],
            [
                209.8,
                302.8
            ]
        ],
        "shift": null,
        "channel": 0,
        "closest_Dend": 0
    },
    {
        "type": 0,
        "location": [
            495,
            283
        ],
        "bgloc": [
            495,
            243
        ],
        "mean": [
            [
                34.70700636942675,
                32.49363057324841,
                32.51592356687898,
                74.07006369426752,
                55.62420382165605,
                60.29299363057325,
                64.18789808917198,
                49.63694267515923
            ]
        ],
        "min": [
            [
                5,
                5,
                5,
                5,
                7,
                8,
                7,
                7
            ]
        ],
        "max": [
            [
                144,
                119,
                120,
                235,
                178,
                151,
                196,
                165
            ]
        ],
        "RawIntDen": [
            [
                10898,
                10203,
                10210,
                23258,
                17466,
                18932,
                20155,
                15586
            ]
        ],
        "IntDen": [
            [
                14906.110032000002,
                13955.500152000002,
                13965.07464,
                31811.920272000003,
                23889.715344000004,
                25894.886688000002,
                27567.686520000003,
                21318.281424
            ]
        ],
        "local_bg": [
            [
                5.445859872611465,
                5.45859872611465,
                5.404458598726115,
                5.515923566878981,
                5.6528662420382165,
                5.837579617834395,
                5.856687898089172,
                5.614649681528663
            ]
        ],
        "area": [
            1.367784
        ],
        "distance": 32.0309299186868,
        "points": [
            [
                495.0,
                294.0
            ],
            [
                487.0,
                291.0
            ],
            [
                483.2,
                283.0
            ],
            [
                489.8,
                277.8
            ],
            [
                495.0,
                276.8
            ],
            [
                500.0,
                278.0
            ],
            [
                506.0,
                283.0
            ],
            [
                506.8,
                294.8
            ]
        ],
        "shift": null,
        "channel": 0,
        "closest_Dend": 0
    },
    {
        "type": 0,
        "location": [
            419,
            327
        ],
        "bgloc": [
            419,
            355
        ],
        "mean": [
            [
                27.43071161048689,
                26.580524344569287,
                27.273408239700373,
                30.232209737827716,
                54.81647940074907,
                47.752808988764045,
                44.63670411985019,
                40.04119850187266
            ]
        ],
        "min": [
            [
                6,
                5,
                7,
                7,
                9,
                7,
                9,
                7
            ]
        ],
        "max": [
            [
                96,
                93,
                90,
                103,
                150,
                136,
                128,
                112
            ]
        ],
        "RawIntDen": [
            [
                7324,
                7097,
                7282,
                8072,
                14636,
                12750,
                11918,
                10691
            ]
        ],
        "IntDen": [
            [
                8518.192848,
                8254.180044,
                8469.344664,
                9388.155744000002,
                17022.429072000003,
                14828.913000000002,
                13861.253736000002,
                12434.188932000001
            ]
        ],
        "local_bg": [
            [
                5.812734082397004,
                6.056179775280899,
                5.898876404494382,
                6.310861423220974,
                6.408239700374532,
                6.535580524344569,
                6.797752808988764,
                6.310861423220974
            ]
        ],
        "area": [
            1.1630520000000002
        ],
        "distance": 26.43130789458129,
        "points": [
            [
                419.0,
                338.0
            ],
            [
                413.0,
                333.0
            ],
            [
                411.0,
                327.0
            ],
            [
                412.4,
                320.4
            ],
            [
                419.0,
                318.2
            ],
            [
                427.0,
                319.0
            ],
            [
                428.2,
                327.0
            ],
            [
                426.8,
                334.8
            ]
        ],
        "shift": null,
        "channel": 0,
        "closest_Dend": 0
    },
    {
        "type": 0,
        "location": [
            240,
            329
        ],
        "bgloc": [
            237,
            351
        ],
        "mean": [
            [
                60.84415584415584,
                59.696969696969695,
                65.77056277056278,
                83.3030303030303,
                70.35497835497836,
                106.57575757575758,
                84.29004329004329,
                69.8961038961039
            ]
        ],
        "min": [
            [
                7,
                8,
                10,
                11,
                10,
                22,
                17,
                10
            ]
        ],
        "max": [
            [
                180,
                200,
                207,
                200,
                197,
                228,
                219,
                192
            ]
        ],
        "RawIntDen": [
            [
                14055,
                13790,
                15193,
                19243,
                16252,
                24619,
                19471,
                16146
            ]
        ],
        "IntDen": [
            [
                14142.646980000001,
                13875.994440000002,
                15287.743548000002,
                19362.999348,
                16353.347472000001,
                24772.524084000004,
                19592.421156000004,
                16246.686456000001
            ]
        ],
        "local_bg": [
            [
                6.683982683982684,
                6.857142857142857,
                6.445887445887446,
                6.852813852813853,
                6.541125541125541,
                7.246753246753247,
                7.29004329004329,
                7.216450216450217
            ]
        ],
        "area": [
            1.0062360000000001
        ],
        "distance": 14.640746178207714,
        "points": [
            [
                240.0,
                338.2
            ],
            [
                232.4,
                336.6
            ],
            [
                230.4,
                329.0
            ],
            [
                234.0,
                323.0
            ],
            [
                240.0,
                321.8
            ],
            [
                246.4,
                322.6
            ],
            [
                249.4,
                329.0
            ],
            [
                246.2,
                335.2
            ]
        ],
        "shift": null,
        "channel": 0,
        "closest_Dend": 0
    },
    {
        "type": 0,
        "location": [
            483,
            325
        ],
        "bgloc": [
            490,
            360
        ],
        "mean": [
            [
                40.024096385542165,
                39.1710843373494,
                39.53734939759036,
                62.81686746987952,
                109.78795180722892,
                59.908433734939756,
                26.106024096385543,
                19.13975903614458
            ]
        ],
        "min": [
            [
                6,
                5,
                6,
                6,
                29,
                6,
                5,
                5
            ]
        ],
        "max": [
            [
                163,
                161,
                154,
                168,
                222,
                218,
                115,
                86
            ]
        ],
        "RawIntDen": [
            [
                16610,
                16256,
                16408,
                26069,
                45562,
                24862,
                10834,
                7943
            ]
        ],
        "IntDen": [
            [
                30026.561400000002,
                29386.621440000003,
                29661.397920000003,
                47125.97406000001,
                82364.24988,
                44944.03188,
                19585.055160000004,
                14358.878820000002
            ]
        ],
        "local_bg": [
            [
                5.8024096385542165,
                5.5204819277108435,
                5.727710843373494,
                6.12289156626506,
                15.383132530120482,
                10.32289156626506,
                5.99277108433735,
                5.893975903614458
            ]
        ],
        "area": [
            1.8077400000000001
        ],
        "distance": 30.42658383481564,
        "points": [
            [
                483.0,
                341.8
            ],
            [
                476.0,
                332.0
            ],
            [
                473.0,
                325.0
            ],
            [
                473.8,
                315.8
            ],
            [
                483.0,
                315.8
            ],
            [
                492.6,
                315.4
            ],
            [
                496.2,
                325.0
            ],
            [
                491.0,
                333.0
            ]
        ],
        "shift": null,
        "channel": 0,
        "closest_Dend": 0
    },
    {
        "type": 0,
        "location": [
            323,
            331
        ],
        "bgloc": [
            323,
            347
        ],
        "mean": [
            [
                51.85549132947977,
                46.78034682080925,
                53.68208092485549,
                35.26011560693642,
                45.08092485549133,
                27.572254335260116,
                46.445086705202314,
                40.58381502890173
            ]
        ],
        "min": [
            [
                11,
                10,
                7,
                6,
                8,
                6,
                8,
                7
            ]
        ],
        "max": [
            [
                146,
                104,
                165,
                91,
                120,
                82,
                142,
                140
            ]
        ],
        "RawIntDen": [
            [
                8971,
                8093,
                9287,
                6100,
                7799,
                4770,
                8035,
                7021
            ]
        ],
        "IntDen": [
            [
                6760.437948000001,
                6098.787684000001,
                6998.571756000001,
                4596.8868,
                5877.232812000001,
                3594.6147600000004,
                6055.0795800000005,
                5290.941348
            ]
        ],
        "local_bg": [
            [
                7.595375722543353,
                7.7514450867052025,
                8.375722543352602,
                7.907514450867052,
                7.699421965317919,
                7.300578034682081,
                7.468208092485549,
                7.502890173410405
            ]
        ],
        "area": [
            0.753588
        ],
        "distance": 20.566985371690418,
        "points": [
            [
                323.0,
                339.2
            ],
            [
                317.0,
                337.0
            ],
            [
                315.6,
                331.0
            ],
            [
                317.2,
                325.2
            ],
            [
                323.0,
                325.2
            ],
            [
                328.4,
                325.6
            ],
            [
                331.0,
                331.0
            ],
            [
                329.0,
                337.0
            ]
        ],
        "shift": null,
        "channel": 0,
        "closest_Dend": 0
    },
    {
        "type": 0,
        "location": [
            287,
            331
        ],
        "bgloc": [
            286,
            350
        ],
        "mean": [
            [
                58.794117647058826,
                54.2,
                67.53529411764706,
                77.08235294117647,
                51.4,
                52.476470588235294,
                65.7235294117647,
                57.970588235294116
            ]
        ],
        "min": [
            [
                8,
                10,
                12,
                9,
                6,
                8,
                11,
                8
            ]
        ],
        "max": [
            [
                188,
                155,
                186,
                221,
                182,
                173,
                159,
                155
            ]
        ],
        "RawIntDen": [
            [
                9995,
                9214,
                11481,
                13104,
                8738,
                8921,
                11173,
                9855
            ]
        ],
        "IntDen": [
            [
                7401.497400000001,
                6823.151280000001,
                8501.91012,
                9703.774080000001,
                6470.66376,
                6606.178920000001,
                8273.829960000001,
                7297.824600000001
            ]
        ],
        "local_bg": [
            [
                6.517647058823529,
                6.711764705882353,
                6.605882352941176,
                6.923529411764706,
                6.323529411764706,
                6.6,
                7.041176470588235,
                6.688235294117647
            ]
        ],
        "area": [
            0.7405200000000001
        ],
        "distance": 17.686197964913095,
        "points": [
            [
                287.0,
                338.2
            ],
            [
                281.6,
                336.4
            ],
            [
                279.4,
                331.0
            ],
            [
                280.4,
                324.4
            ],
            [
                287.0,
                324.8
            ],
            [
                293.2,
                324.8
            ],
            [
                293.6,
                331.0
            ],
            [
                293.0,
                337.0
            ]
        ],
        "shift": null,
        "channel": 0,
        "closest_Dend": 0
    },
    {
        "type": 0,
        "location": [
            342,
            337
        ],
        "bgloc": [
            342,
            365
        ],
        "mean": [
            [
                50.783251231527096,
                65.42364532019704,
                66.34975369458128,
                77.47290640394088,
                96.91133004926108,
                96.05911330049261,
                70.50738916256158,
                54.02463054187192
            ]
        ],
        "min": [
            [
                9,
                11,
                14,
                8,
                11,
                11,
                10,
                7
            ]
        ],
        "max": [
            [
                128,
                194,
                153,
                226,
                223,
                217,
                207,
                145
            ]
        ],
        "RawIntDen": [
            [
                10309,
                13281,
                13469,
                15727,
                19673,
                19500,
                14313,
                10967
            ]
        ],
        "IntDen": [
            [
                9115.918812000002,
                11743.963308000002,
                11910.205692000001,
                13906.882836,
                17396.204364,
                17243.226000000002,
                12656.527884000001,
                9697.767156000002
            ]
        ],
        "local_bg": [
            [
                6.236453201970443,
                6.285714285714286,
                6.108374384236453,
                6.645320197044335,
                6.152709359605911,
                6.458128078817734,
                6.571428571428571,
                6.399014778325123
            ]
        ],
        "area": [
            0.884268
        ],
        "distance": 21.292985371690417,
        "points": [
            [
                342.0,
                344.4
            ],
            [
                336.0,
                343.0
            ],
            [
                333.8,
                337.0
            ],
            [
                333.8,
                328.8
            ],
            [
                342.0,
                328.2
            ],
            [
                348.0,
                331.0
            ],
            [
                348.8,
                337.0
            ],
            [
                347.0,
                342.0
            ]
        ],
        "shift": null,
        "channel": 0,
        "closest_Dend": 0
    },
    {
        "type": 0,
        "location": [
            416,
            301
        ],
        "bgloc": [
            416,
            277
        ],
        "mean": [
            [
                50.0210970464135,
                47.949367088607595,
                47.79324894514768,
                96.36708860759494,
                85.39240506329114,
                65.9873417721519,
                91.05907172995781,
                70.34177215189874
            ]
        ],
        "min": [
            [
                7,
                6,
                6,
                16,
                11,
                8,
                9,
                9
            ]
        ],
        "max": [
            [
                125,
                159,
                165,
                198,
                182,
                167,
                191,
                181
            ]
        ],
        "RawIntDen": [
            [
                11855,
                11364,
                11327,
                22839,
                20238,
                15639,
                21581,
                16671
            ]
        ],
        "IntDen": [
            [
                12238.77006,
                11731.875408000002,
                11693.677644000001,
                23578.344108,
                20893.144536000003,
                16145.265708000003,
                22279.620132000004,
                17210.673612000002
            ]
        ],
        "local_bg": [
            [
                5.877637130801688,
                6.1645569620253164,
                6.0042194092827,
                7.029535864978903,
                6.544303797468355,
                6.649789029535865,
                7.160337552742616,
                6.616033755274262
            ]
        ],
        "area": [
            1.032372
        ],
        "distance": 26.23330789458129,
        "points": [
            [
                416.0,
                308.8
            ],
            [
                408.2,
                308.8
            ],
            [
                403.2,
                301.0
            ],
            [
                409.6,
                294.6
            ],
            [
                416.0,
                291.6
            ],
            [
                420.4,
                296.6
            ],
            [
                422.8,
                301.0
            ],
            [
                423.8,
                308.8
            ]
        ],
        "shift": null,
        "channel": 0,
        "closest_Dend": 0
    },
    {
        "type": 0,
        "location": [
            251,
            303
        ],
        "bgloc": [
            254,
            271
        ],
        "mean": [
            [
                19.625954198473284,
                18.47328244274809,
                19.27480916030534,
                36.81297709923664,
                20.81679389312977,
                39.42748091603053,
                27.450381679389313,
                33.774809160305345
            ]
        ],
        "min": [
            [
                5,
                4,
                6,
                6,
                5,
                5,
                6,
                6
            ]
        ],
        "max": [
            [
                72,
                69,
                65,
                129,
                91,
                103,
                99,
                112
            ]
        ],
        "RawIntDen": [
            [
                5142,
                4840,
                5050,
                9645,
                5454,
                10330,
                7192,
                8849
            ]
        ],
        "IntDen": [
            [
                5868.420624,
                5523.756480000001,
                5763.423600000001,
                11007.568440000001,
                6224.497488000001,
                11789.33976,
                8208.028224000002,
                10099.115928000001
            ]
        ],
        "local_bg": [
            [
                5.7251908396946565,
                6.015267175572519,
                5.675572519083969,
                5.561068702290076,
                6.083969465648855,
                6.015267175572519,
                5.919847328244275,
                5.931297709923665
            ]
        ],
        "area": [
            1.141272
        ],
        "distance": 15.148296312146755,
        "points": [
            [
                251.0,
                312.4
            ],
            [
                243.2,
                310.8
            ],
            [
                242.4,
                303.0
            ],
            [
                245.0,
                297.0
            ],
            [
                251.0,
                295.0
            ],
            [
                257.4,
                296.6
            ],
            [
                261.6,
                303.0
            ],
            [
                259.2,
                311.2
            ]
        ],
        "shift": null,
        "channel": 0,
        "closest_Dend": 0
    },
    {
        "type": 0,
        "location": [
            449,
            320
        ],
        "bgloc": [
            461.81144274490885,
            342.8941288726372
        ],
        "mean": [
            [
                34.458333333333336,
                30.48263888888889,
                44.704861111111114,
                59.704861111111114,
                143.85069444444446,
                92.11458333333333,
                62.96527777777778,
                48.104166666666664
            ]
        ],
        "min": [
            [
                5,
                4,
                5,
                9,
                21,
                13,
                10,
                7
            ]
        ],
        "max": [
            [
                152,
                120,
                172,
                237,
                255,
                222,
                191,
                166
            ]
        ],
        "RawIntDen": [
            [
                9924,
                8779,
                12875,
                17195,
                41429,
                26529,
                18134,
                13854
            ]
        ],
        "IntDen": [
            [
                12449.935872000002,
                11013.501312000002,
                16152.048000000003,
                21571.60896,
                51973.840512,
                33281.373312,
                22749.610752000004,
                17380.230912000003
            ]
        ],
        "local_bg": [
            [
                6.087108013937282,
                6.024390243902439,
                6.094076655052265,
                7.191637630662021,
                14.40766550522648,
                16.23693379790941,
                8.885017421602788,
                6.867595818815331
            ]
        ],
        "area": [
            1.254528
        ],
        "distance": 28.89706020266033,
        "points": [
            [
                449.0,
                335.8
            ],
            [
                442.0,
                327.0
            ],
            [
                433.8,
                320.0
            ],
            [
                443.8,
                314.8
            ],
            [
                449.0,
                314.2
            ],
            [
                455.0,
                314.0
            ],
            [
                457.6,
                320.0
            ],
            [
                455.6,
                326.6
            ]
        ],
        "shift": null,
        "channel": 0,
        "closest_Dend": 0
    }
]