[
    {
        "type": 0,
        "location": [
            186,
            277
        ],
        "bgloc": [
            205,
            315
        ],
        "mean": [
            [
                49.755775577557756,
                40.838283828382835,
                50.663366336633665,
                72.99009900990099,
                93.91419141914191,
                84.66996699669967,
                125.07260726072607,
                126.52145214521452
            ]
        ],
        "min": [
            [
                6,
                5,
                5,
                9,
                15,
                7,
                13,
                12
            ]
        ],
        "max": [
            [
                196,
                155,
                220,
                247,
                245,
                224,
                255,
                255
            ]
        ],
        "RawIntDen": [
            [
                15076,
                12374,
                15351,
                22116,
                28456,
                25655,
                37897,
                38336
            ]
        ],
        "IntDen": [
            [
                19834.53348824276,
                16279.68409283072,
                20196.33348222437,
                29096.61333417199,
                37437.7477408753,
                33752.650347629875,
                49858.67044334942,
                50436.23479737825
            ]
        ],
        "local_bg": [
            [
                5.135313531353136,
                5.052805280528053,
                5.247524752475248,
                5.376237623762377,
                5.9372937293729375,
                5.782178217821782,
                5.778877887788779,
                5.996699669966997
            ]
        ],
        "area": [
            1.3156363417513108
        ],
        "distance": 12.25762049109685,
        "points": [
            [
                186.0,
                283.6
            ],
            [
                181.8,
                281.2
            ],
            [
                181.0,
                277.0
            ],
            [
                176.8,
                267.8
            ],
            [
                186.0,
                264.6
            ],
            [
                193.0,
                270.0
            ],
            [
                200.6,
                277.0
            ],
            [
                195.6,
                286.6
            ]
        ],
        "shift": null,
        "channel": 0,
        "closest_Dend": 0
    },
    {
        "type": 0,
        "location": [
            254,
            268
        ],
        "bgloc": [
            261,
            310
        ],
        "mean": [
            [
                56.28484848484848,
                43.7030303030303,
                47.54545454545455,
                65.11515151515151,
                71.12727272727273,
                38.36363636363637,
                43.73939393939394,
                54.41818181818182
            ]
        ],
        "min": [
            [
                6,
                8,
                7,
                8,
                11,
                7,
                9,
                8
            ]
        ],
        "max": [
            [
                184,
                151,
                146,
                187,
                219,
                124,
                127,
                151
            ]
        ],
        "RawIntDen": [
            [
                9287,
                7211,
                7845,
                10744,
                11736,
                6330,
                7217,
                8979
            ]
        ],
        "IntDen": [
            [
                6653.537711103399,
                5166.217339804739,
                5620.43753026878,
                7697.384426412718,
                8408.088573006298,
                4535.037548323949,
                5170.5159535946195,
                6432.875536556198
            ]
        ],
        "local_bg": [
            [
                4.4787878787878785,
                4.866666666666666,
                4.672727272727273,
                5.042424242424242,
                5.0,
                5.527272727272727,
                5.4787878787878785,
                5.666666666666667
            ]
        ],
        "area": [
            0.7164356316467534
        ],
        "distance": 16.419203276203827,
        "points": [
            [
                254.0,
                277.8
            ],
            [
                248.0,
                274.0
            ],
            [
                248.2,
                268.0
            ],
            [
                249.8,
                263.8
            ],
            [
                254.0,
                262.2
            ],
            [
                258.0,
                264.0
            ],
            [
                261.2,
                268.0
            ],
            [
                262.0,
                276.0
            ]
        ],
        "shift": null,
        "channel": 0,
        "closest_Dend": 0
    },
    {
        "type": 0,
        "location": [
            315,
            233
        ],
        "bgloc": [
            324,
            210
        ],
        "mean": [
            [
                91.72832369942196,
                84.53757225433526,
                76.49132947976878,
                87.60115606936417,
                122.81502890173411,
                121.79768786127168,
                115.78612716763006,
                108.22543352601156
            ]
        ],
        "min": [
            [
                14,
                6,
                8,
                7,
                10,
                12,
                12,
                10
            ]
        ],
        "max": [
            [
                237,
                254,
                249,
                255,
                255,
                255,
                255,
                255
            ]
        ],
        "RawIntDen": [
            [
                15869,
                14625,
                13233,
                15155,
                21247,
                21071,
                20031,
                18723
            ]
        ],
        "IntDen": [
            [
                11920.346955625473,
                10985.889106183284,
                9940.257814846045,
                11384.010215672319,
                15960.149459082137,
                15827.943203855588,
                15046.724422971443,
                14064.191571628693
            ]
        ],
        "local_bg": [
            [
                5.988439306358382,
                5.456647398843931,
                5.872832369942197,
                5.982658959537572,
                7.086705202312139,
                7.046242774566474,
                6.803468208092486,
                7.416184971098266
            ]
        ],
        "area": [
            0.7511719046962929
        ],
        "distance": 20.514676726659108,
        "points": [
            [
                315.0,
                241.2
            ],
            [
                308.6,
                239.4
            ],
            [
                308.4,
                233.0
            ],
            [
                310.0,
                228.0
            ],
            [
                315.0,
                227.2
            ],
            [
                319.8,
                228.2
            ],
            [
                321.4,
                233.0
            ],
            [
                323.8,
                241.8
            ]
        ],
        "shift": null,
        "channel": 0,
        "closest_Dend": 0
    },
    {
        "type": 0,
        "location": [
            420,
            270
        ],
        "bgloc": [
            418,
            297
        ],
        "mean": [
            [
                115.85514018691589,
                123.97196261682242,
                96.88785046728972,
                132.42990654205607,
                76.98130841121495,
                68.95327102803738,
                112.95794392523365,
                106.68691588785046
            ]
        ],
        "min": [
            [
                17,
                21,
                21,
                15,
                14,
                9,
                14,
                12
            ]
        ],
        "max": [
            [
                255,
                254,
                241,
                255,
                206,
                212,
                254,
                254
            ]
        ],
        "RawIntDen": [
            [
                24793,
                26530,
                20734,
                28340,
                16474,
                14756,
                24173,
                22831
            ]
        ],
        "IntDen": [
            [
                23037.539173936017,
                24651.55141711461,
                19265.93543469485,
                26333.394917490692,
                15307.563439334568,
                13711.205906933403,
                22461.4380854094,
                21214.457987340505
            ]
        ],
        "local_bg": [
            [
                6.093457943925234,
                6.4953271028037385,
                6.303738317757009,
                7.102803738317757,
                7.897196261682243,
                7.570093457943925,
                7.299065420560748,
                6.644859813084112
            ]
        ],
        "area": [
            0.9291953040751831
        ],
        "distance": 27.86029561597548,
        "points": [
            [
                420.0,
                276.4
            ],
            [
                415.0,
                275.0
            ],
            [
                412.6,
                270.0
            ],
            [
                413.6,
                263.6
            ],
            [
                420.0,
                261.8
            ],
            [
                427.8,
                262.2
            ],
            [
                431.0,
                270.0
            ],
            [
                426.0,
                276.0
            ]
        ],
        "shift": null,
        "channel": 0,
        "closest_Dend": 0
    },
    {
        "type": 0,
        "location": [
            111,
            255
        ],
        "bgloc": [
            93.20647319893754,
            223.4652500192558
        ],
        "mean": [
            [
                78.26540284360189,
                73.52132701421802,
                77.24170616113744,
                96.23696682464455,
                98.17061611374407,
                134.2037914691943,
                85.17061611374407,
                95.57345971563981
            ]
        ],
        "min": [
            [
                11,
                12,
                11,
                16,
                10,
                14,
                11,
                10
            ]
        ],
        "max": [
            [
                226,
                228,
                241,
                255,
                255,
                255,
                255,
                255
            ]
        ],
        "RawIntDen": [
            [
                16514,
                15513,
                16298,
                20306,
                20714,
                28317,
                17971,
                20166
            ]
        ],
        "IntDen": [
            [
                15129.618196570038,
                14212.53282568675,
                14931.725649006812,
                18603.73180934669,
                18977.528843632783,
                25943.163284018032,
                16464.47672342014,
                18475.468121111262
            ]
        ],
        "local_bg": [
            [
                4.609523809523809,
                4.719047619047619,
                4.980952380952381,
                4.933333333333334,
                5.804761904761905,
                6.609523809523809,
                5.780952380952381,
                5.757142857142857
            ]
        ],
        "area": [
            0.9161692016816059
        ],
        "distance": 7.1955218643917735,
        "points": [
            [
                111.0,
                262.8
            ],
            [
                105.6,
                260.4
            ],
            [
                104.8,
                255.0
            ],
            [
                106.4,
                250.4
            ],
            [
                111.0,
                249.6
            ],
            [
                118.2,
                247.8
            ],
            [
                125.2,
                255.0
            ],
            [
                117.8,
                261.8
            ]
        ],
        "shift": null,
        "channel": 0,
        "closest_Dend": 0
    },
    {
        "type": 0,
        "location": [
            75,
            265
        ],
        "bgloc": [
            73,
            249
        ],
        "mean": [
            [
                53.46739130434783,
                51.35507246376812,
                53.78260869565217,
                72.31884057971014,
                81.7427536231884,
                173.018115942029,
                125.65217391304348,
                93.90942028985508
            ]
        ],
        "min": [
            [
                7,
                10,
                9,
                8,
                10,
                23,
                10,
                10
            ]
        ],
        "max": [
            [
                229,
                193,
                204,
                230,
                250,
                255,
                255,
                255
            ]
        ],
        "RawIntDen": [
            [
                14757,
                14174,
                14844,
                19960,
                22561,
                47753,
                34680,
                25919
            ]
        ],
        "IntDen": [
            [
                17684.809758025905,
                16986.141730043993,
                17789.0706815841,
                23920.09234737393,
                27037.13444133784,
                57227.26301924586,
                41560.5612528521,
                31061.366410400045
            ]
        ],
        "local_bg": [
            [
                10.431159420289855,
                10.452898550724637,
                10.322463768115941,
                11.576086956521738,
                11.934782608695652,
                36.68115942028985,
                14.873188405797102,
                14.91304347826087
            ]
        ],
        "area": [
            1.1984014202091147
        ],
        "distance": 5.3959184068669455,
        "points": [
            [
                75.0,
                270.2
            ],
            [
                69.8,
                270.2
            ],
            [
                68.8,
                265.0
            ],
            [
                69.8,
                259.8
            ],
            [
                75.0,
                257.2
            ],
            [
                87.2,
                252.8
            ],
            [
                92.4,
                265.0
            ],
            [
                79.8,
                269.8
            ]
        ],
        "shift": null,
        "channel": 0,
        "closest_Dend": 0
    },
    {
        "type": 0,
        "location": [
            113,
            287
        ],
        "bgloc": [
            120,
            325
        ],
        "mean": [
            [
                50.55672268907563,
                58.088235294117645,
                65.08193277310924,
                66.22899159663865,
                97.79411764705883,
                130.02941176470588,
                110.32142857142857,
                110.49159663865547
            ]
        ],
        "min": [
            [
                5,
                7,
                8,
                7,
                11,
                24,
                20,
                14
            ]
        ],
        "max": [
            [
                232,
                255,
                255,
                255,
                255,
                255,
                255,
                255
            ]
        ],
        "RawIntDen": [
            [
                24065,
                27650,
                30979,
                31525,
                46550,
                61894,
                52513,
                52594
            ]
        ],
        "IntDen": [
            [
                49737.74045076159,
                57147.24801427624,
                64027.65266670031,
                65156.129969260706,
                96209.92387213596,
                127923.02960562798,
                108534.30144570301,
                108701.71291366527
            ]
        ],
        "local_bg": [
            [
                4.632352941176471,
                4.623949579831932,
                4.7521008403361344,
                5.111344537815126,
                5.773109243697479,
                6.07563025210084,
                5.823529411764706,
                5.928571428571429
            ]
        ],
        "area": [
            2.0668082464476036
        ],
        "distance": 6.936680830070018,
        "points": [
            [
                113.0,
                295.6
            ],
            [
                102.4,
                297.6
            ],
            [
                101.6,
                287.0
            ],
            [
                107.0,
                281.0
            ],
            [
                113.0,
                279.8
            ],
            [
                126.2,
                273.8
            ],
            [
                131.0,
                287.0
            ],
            [
                124.2,
                298.2
            ]
        ],
        "shift": null,
        "channel": 0,
        "closest_Dend": 0
    },
    {
        "type": 0,
        "location": [
            92,
            290
        ],
        "bgloc": [
            96,
            328
        ],
        "mean": [
            [
                32.774193548387096,
                32.045698924731184,
                27.688172043010752,
                25.629032258064516,
                31.330645161290324,
                95.1989247311828,
                62.93279569892473,
                36.5994623655914
            ]
        ],
        "min": [
            [
                6,
                6,
                6,
                7,
                6,
                10,
                7,
                6
            ]
        ],
        "max": [
            [
                100,
                104,
                98,
                117,
                117,
                220,
                235,
                175
            ]
        ],
        "RawIntDen": [
            [
                12192,
                11921,
                10300,
                9534,
                11655,
                35414,
                23411,
                13615
            ]
        ],
        "IntDen": [
            [
                19692.965807429362,
                19255.23666259559,
                16636.93797707697,
                15399.666667325422,
                18825.583701245836,
                57201.992380602314,
                37814.306308868836,
                21991.44762698087
            ]
        ],
        "local_bg": [
            [
                4.690860215053763,
                4.744623655913978,
                4.989247311827957,
                5.126344086021505,
                5.728494623655914,
                6.556451612903226,
                6.559139784946237,
                6.134408602150538
            ]
        ],
        "area": [
            1.6152366968035894
        ],
        "distance": 5.6329400126439735,
        "points": [
            [
                92.0,
                299.0
            ],
            [
                85.8,
                296.2
            ],
            [
                83.6,
                290.0
            ],
            [
                85.0,
                283.0
            ],
            [
                92.0,
                280.4
            ],
            [
                102.6,
                279.4
            ],
            [
                104.2,
                290.0
            ],
            [
                105.0,
                303.0
            ]
        ],
        "shift": null,
        "channel": 0,
        "closest_Dend": 0
    },
    {
        "type": 0,
        "location": [
            156,
            257
        ],
        "bgloc": [
            144.78868768783713,
            232.93953431313525
        ],
        "mean": [
            [
                64.76388888888889,
                57.875,
                46.53703703703704,
                82.26388888888889,
                131.4398148148148,
                160.0787037037037,
                163.19444444444446,
                140.22222222222223
            ]
        ],
        "min": [
            [
                9,
                7,
                8,
                9,
                13,
                22,
                21,
                12
            ]
        ],
        "max": [
            [
                225,
                220,
                232,
                247,
                255,
                255,
                255,
                255
            ]
        ],
        "RawIntDen": [
            [
                13989,
                12501,
                10052,
                17769,
                28391,
                34577,
                35250,
                30288
            ]
        ],
        "IntDen": [
            [
                13119.99453963024,
                11724.430033591938,
                9427.563450737234,
                16665.178567066247,
                26627.333260035895,
                32429.05505731609,
                33060.24787489927,
                28406.490429360263
            ]
        ],
        "local_bg": [
            [
                7.084507042253521,
                6.577464788732394,
                6.455399061032864,
                6.779342723004695,
                7.568075117370892,
                7.92018779342723,
                8.267605633802816,
                7.915492957746479
            ]
        ],
        "area": [
            0.937879372337568
        ],
        "distance": 10.124470441579172,
        "points": [
            [
                156.0,
                261.8
            ],
            [
                150.8,
                262.2
            ],
            [
                148.2,
                257.0
            ],
            [
                150.0,
                251.0
            ],
            [
                156.0,
                248.4
            ],
            [
                164.0,
                249.0
            ],
            [
                170.6,
                257.0
            ],
            [
                160.0,
                261.0
            ]
        ],
        "shift": null,
        "channel": 0,
        "closest_Dend": 0
    },
    {
        "type": 0,
        "location": [
            357,
            235
        ],
        "bgloc": [
            357,
            205
        ],
        "mean": [
            [
                56.308510638297875,
                49.452127659574465,
                60.62234042553192,
                105.49468085106383,
                96.1436170212766,
                71.58510638297872,
                61.898936170212764,
                54.6063829787234
            ]
        ],
        "min": [
            [
                10,
                8,
                9,
                7,
                6,
                4,
                5,
                6
            ]
        ],
        "max": [
            [
                148,
                162,
                181,
                255,
                255,
                255,
                255,
                255
            ]
        ],
        "RawIntDen": [
            [
                10586,
                9297,
                11397,
                19833,
                18075,
                13458,
                11637,
                10266
            ]
        ],
        "IntDen": [
            [
                8641.377382807006,
                7589.163567726878,
                9303.398642721655,
                16189.725829700674,
                14754.666181205046,
                10985.797923466529,
                9499.311222721059,
                8380.160609474467
            ]
        ],
        "local_bg": [
            [
                4.845744680851064,
                4.611702127659575,
                4.723404255319149,
                5.207446808510638,
                5.781914893617022,
                5.446808510638298,
                5.547872340425532,
                5.526595744680851
            ]
        ],
        "area": [
            0.8163024166641796
        ],
        "distance": 23.627165673833616,
        "points": [
            [
                357.0,
                244.2
            ],
            [
                349.8,
                242.2
            ],
            [
                351.0,
                235.0
            ],
            [
                351.0,
                229.0
            ],
            [
                357.0,
                226.6
            ],
            [
                361.6,
                230.4
            ],
            [
                362.4,
                235.0
            ],
            [
                364.6,
                242.6
            ]
        ],
        "shift": null,
        "channel": 0,
        "closest_Dend": 0
    },
    {
        "type": 0,
        "location": [
            451,
            270
        ],
        "bgloc": [
            450,
            294
        ],
        "mean": [
            [
                58.82394366197183,
                60.51056338028169,
                69.34154929577464,
                134.23239436619718,
                86.69366197183099,
                76.54225352112677,
                115.63380281690141,
                184.74295774647888
            ]
        ],
        "min": [
            [
                6,
                6,
                7,
                12,
                9,
                7,
                9,
                26
            ]
        ],
        "max": [
            [
                237,
                228,
                245,
                255,
                254,
                224,
                255,
                255
            ]
        ],
        "RawIntDen": [
            [
                16706,
                17185,
                19693,
                38122,
                24621,
                21738,
                32840,
                52467
            ]
        ],
        "IntDen": [
            [
                20600.79830357908,
                21191.471258649974,
                24284.18059334268,
                47009.67514240642,
                30361.083145721328,
                26805.947176056627,
                40496.241846614204,
                64699.03535220181
            ]
        ],
        "local_bg": [
            [
                6.390845070422535,
                6.348591549295775,
                6.792253521126761,
                7.633802816901408,
                7.820422535211268,
                7.443661971830986,
                7.612676056338028,
                8.01056338028169
            ]
        ],
        "area": [
            1.2331376932586544
        ],
        "distance": 29.88011588561191,
        "points": [
            [
                451.0,
                280.2
            ],
            [
                445.2,
                275.8
            ],
            [
                444.8,
                270.0
            ],
            [
                446.2,
                265.2
            ],
            [
                451.0,
                262.2
            ],
            [
                458.2,
                262.8
            ],
            [
                464.8,
                270.0
            ],
            [
                461.0,
                280.0
            ]
        ],
        "shift": null,
        "channel": 0,
        "closest_Dend": 0
    },
    {
        "type": 0,
        "location": [
            177,
            239
        ],
        "bgloc": [
            162,
            209
        ],
        "mean": [
            [
                125.98591549295774,
                78.8075117370892,
                85.91079812206573,
                97.6150234741784,
                75.07981220657277,
                55.97652582159625,
                98.34741784037558,
                90.75117370892019
            ]
        ],
        "min": [
            [
                11,
                10,
                10,
                11,
                9,
                8,
                10,
                10
            ]
        ],
        "max": [
            [
                255,
                232,
                237,
                255,
                233,
                210,
                255,
                255
            ]
        ],
        "RawIntDen": [
            [
                26835,
                16786,
                18299,
                20792,
                15992,
                11923,
                20948,
                19330
            ]
        ],
        "IntDen": [
            [
                24818.43749894699,
                15524.58698927983,
                16923.889986705086,
                19229.549188675457,
                14790.253492944299,
                11027.025537542202,
                19373.826298786717,
                17877.413708017342
            ]
        ],
        "local_bg": [
            [
                4.652582159624413,
                4.291079812206573,
                4.389671361502347,
                5.004694835680751,
                5.347417840375587,
                5.338028169014085,
                5.384976525821596,
                5.788732394366197
            ]
        ],
        "area": [
            0.9248532699439908
        ],
        "distance": 12.021870545435641,
        "points": [
            [
                177.0,
                246.4
            ],
            [
                171.0,
                245.0
            ],
            [
                169.2,
                239.0
            ],
            [
                172.4,
                234.4
            ],
            [
                177.0,
                232.8
            ],
            [
                182.6,
                233.4
            ],
            [
                190.0,
                239.0
            ],
            [
                184.8,
                246.8
            ]
        ],
        "shift": null,
        "channel": 0,
        "closest_Dend": 0
    },
    {
        "type": 0,
        "location": [
            18,
            307
        ],
        "bgloc": [
            25,
            328
        ],
        "mean": [
            [
                191.73202614379085,
                128.44444444444446,
                101.33333333333333,
                75.16993464052288,
                101.67320261437908,
                62.14705882352941,
                81.24183006535948,
                77.49673202614379
            ]
        ],
        "min": [
            [
                37,
                12,
                8,
                6,
                7,
                6,
                7,
                7
            ]
        ],
        "max": [
            [
                255,
                255,
                255,
                255,
                255,
                255,
                255,
                255
            ]
        ],
        "RawIntDen": [
            [
                58670,
                39304,
                31008,
                23002,
                31112,
                19017,
                24860,
                23714
            ]
        ],
        "IntDen": [
            [
                77952.62559798059,
                52221.74870467068,
                41199.16506804469,
                30561.893540220717,
                41337.345962235755,
                25267.173700303338,
                33030.54836144192,
                31507.901200451877
            ]
        ],
        "local_bg": [
            [
                8.640522875816993,
                7.160130718954249,
                7.0130718954248366,
                6.271241830065359,
                7.5,
                6.7026143790849675,
                7.277777777777778,
                6.9869281045751634
            ]
        ],
        "area": [
            1.328662444144888
        ],
        "distance": 0.3125632223276277,
        "points": [
            [
                18.0,
                315.4
            ],
            [
                11.6,
                313.4
            ],
            [
                7.8,
                307.0
            ],
            [
                12.2,
                301.2
            ],
            [
                18.0,
                299.6
            ],
            [
                29.8,
                295.2
            ],
            [
                31.0,
                307.0
            ],
            [
                24.6,
                313.6
            ]
        ],
        "shift": null,
        "channel": 0,
        "closest_Dend": 0
    },
    {
        "type": 0,
        "location": [
            500,
            250
        ],
        "bgloc": [
            498,
            230
        ],
        "mean": [
            [
                47.80263157894737,
                64.54605263157895,
                53.901315789473685,
                41.42763157894737,
                36.6578947368421,
                39.31578947368421,
                42.203947368421055,
                37.453947368421055
            ]
        ],
        "min": [
            [
                7,
                10,
                7,
                6,
                6,
                7,
                7,
                7
            ]
        ],
        "max": [
            [
                147,
                153,
                136,
                123,
                113,
                104,
                154,
                156
            ]
        ],
        "RawIntDen": [
            [
                7266,
                9811,
                8193,
                6297,
                5572,
                5976,
                6415,
                5693
            ]
        ],
        "IntDen": [
            [
                4795.4814395811345,
                6475.15392289162,
                5407.291416802675,
                4155.951916466061,
                3677.459755208654,
                3944.0953871369197,
                4233.830640643129,
                3757.3184469495454
            ]
        ],
        "local_bg": [
            [
                6.39873417721519,
                6.8618421052631575,
                6.546052631578948,
                6.434210526315789,
                6.75,
                7.217105263157895,
                6.940789473684211,
                6.907894736842105
            ]
        ],
        "area": [
            0.6599891879412516
        ],
        "distance": 33.0837267961768,
        "points": [
            [
                500.0,
                256.2
            ],
            [
                494.4,
                255.6
            ],
            [
                492.8,
                250.0
            ],
            [
                494.8,
                244.8
            ],
            [
                500.0,
                243.8
            ],
            [
                505.6,
                244.4
            ],
            [
                508.0,
                250.0
            ],
            [
                506.0,
                256.0
            ]
        ],
        "shift": null,
        "channel": 0,
        "closest_Dend": 0
    },
    {
        "type": 0,
        "location": [
            119,
            239
        ],
        "bgloc": [
            110,
            186
        ],
        "mean": [
            [
                34.20220588235294,
                47.48529411764706,
                47.00735294117647,
                59.4889705882353,
                42.79779411764706,
                53.79779411764706,
                69.29411764705883,
                62.43014705882353
            ]
        ],
        "min": [
            [
                5,
                6,
                6,
                7,
                6,
                6,
                6,
                6
            ]
        ],
        "max": [
            [
                129,
                144,
                176,
                229,
                201,
                194,
                237,
                212
            ]
        ],
        "RawIntDen": [
            [
                9303,
                12916,
                12786,
                16181,
                11641,
                14633,
                18848,
                16981
            ]
        ],
        "IntDen": [
            [
                10987.152638115462,
                15254.225892067,
                15100.691565188035,
                19110.299563296387,
                13748.40845536946,
                17282.06004015302,
                22260.115330882534,
                20055.126190243864
            ]
        ],
        "local_bg": [
            [
                3.7058823529411766,
                3.6544117647058822,
                3.8088235294117645,
                3.9338235294117645,
                4.275735294117647,
                4.4963235294117645,
                4.305147058823529,
                4.375
            ]
        ],
        "area": [
            1.181033283684345
        ],
        "distance": 7.888829093223541,
        "points": [
            [
                119.0,
                250.4
            ],
            [
                113.2,
                244.8
            ],
            [
                111.6,
                239.0
            ],
            [
                114.6,
                234.6
            ],
            [
                119.0,
                233.0
            ],
            [
                125.0,
                233.0
            ],
            [
                130.6,
                239.0
            ],
            [
                130.4,
                250.4
            ]
        ],
        "shift": null,
        "channel": 0,
        "closest_Dend": 0
    }
]