[
    {
        "type": 0,
        "location": [
            491,
            311
        ],
        "bgloc": [
            495,
            296
        ],
        "mean": [
            [
                59.6360153256705,
                70.05747126436782,
                62.99616858237548,
                75.1455938697318,
                65.69731800766283,
                87.72413793103448,
                88.52107279693486,
                82.01915708812261
            ]
        ],
        "min": [
            [
                8,
                14,
                16,
                14,
                17,
                18,
                27,
                26
            ]
        ],
        "max": [
            [
                184,
                181,
                176,
                175,
                196,
                221,
                166,
                168
            ]
        ],
        "RawIntDen": [
            [
                15565,
                18285,
                16442,
                19613,
                17147,
                22896,
                23104,
                21407
            ]
        ],
        "IntDen": [
            [
                6.226,
                7.314,
                6.5768,
                7.8452,
                6.8588000000000005,
                9.1584,
                9.2416,
                8.562800000000001
            ]
        ],
        "local_bg": [
            [
                16.06896551724138,
                16.754310344827587,
                17.612068965517242,
                24.189655172413794,
                18.935344827586206,
                23.336206896551722,
                22.11637931034483,
                23.926724137931036
            ]
        ],
        "area": [
            0.1044
        ],
        "distance": 0.29939024612285836,
        "points": [
            [
                491.0,
                318.0
            ],
            [
                486.6,
                315.4
            ],
            [
                483.8,
                311.0
            ],
            [
                484.6,
                304.6
            ],
            [
                491.0,
                301.8
            ],
            [
                496.6,
                305.4
            ],
            [
                502.2,
                311.0
            ],
            [
                504.0,
                324.0
            ]
        ],
        "shift": null,
        "channel": 0,
        "closest_Dend": 0,
        "distance_to_Dend": [
            0.4244997055358225,
            0.21213203435596428,
            0.08768124086713254
        ]
    },
    {
        "type": 0,
        "location": [
            477,
            303
        ],
        "bgloc": [
            487,
            290
        ],
        "mean": [
            [
                49.0,
                87.92391304347827,
                75.78804347826087,
                90.28804347826087,
                135.56521739130434,
                126.88586956521739,
                142.65217391304347,
                162.8586956521739
            ]
        ],
        "min": [
            [
                10,
                13,
                13,
                13,
                18,
                15,
                30,
                47
            ]
        ],
        "max": [
            [
                184,
                227,
                248,
                255,
                255,
                255,
                255,
                255
            ]
        ],
        "RawIntDen": [
            [
                9016,
                16178,
                13945,
                16613,
                24944,
                23347,
                26248,
                29966
            ]
        ],
        "IntDen": [
            [
                3.6064000000000003,
                6.4712000000000005,
                5.578,
                6.6452,
                9.9776,
                9.3388,
                10.4992,
                11.9864
            ]
        ],
        "local_bg": [
            [
                11.755434782608695,
                12.777173913043478,
                14.809782608695652,
                19.494565217391305,
                14.565217391304348,
                15.701086956521738,
                15.63586956521739,
                17.777173913043477
            ]
        ],
        "area": [
            0.0736
        ],
        "distance": 0.5944721590385676,
        "points": [
            [
                477.0,
                308.6
            ],
            [
                473.6,
                306.4
            ],
            [
                470.0,
                303.0
            ],
            [
                469.6,
                295.6
            ],
            [
                477.0,
                292.4
            ],
            [
                482.6,
                297.4
            ],
            [
                485.8,
                303.0
            ],
            [
                483.0,
                309.0
            ]
        ],
        "shift": null,
        "channel": 0,
        "closest_Dend": 0,
        "distance_to_Dend": [
            0.35369492159342003,
            0.16242071236414976,
            0.06768074265867122
        ]
    },
    {
        "type": 0,
        "location": [
            460,
            318
        ],
        "bgloc": [
            442,
            340
        ],
        "mean": [
            [
                42.26993865030675,
                36.22699386503067,
                29.822085889570552,
                39.16564417177914,
                36.47239263803681,
                38.895705521472394,
                27.374233128834355,
                26.539877300613497
            ]
        ],
        "min": [
            [
                6,
                8,
                7,
                8,
                8,
                6,
                8,
                8
            ]
        ],
        "max": [
            [
                182,
                112,
                108,
                186,
                146,
                196,
                128,
                128
            ]
        ],
        "RawIntDen": [
            [
                6890,
                5905,
                4861,
                6384,
                5945,
                6340,
                4462,
                4326
            ]
        ],
        "IntDen": [
            [
                2.7560000000000002,
                2.362,
                1.9444000000000001,
                2.5536000000000003,
                2.378,
                2.536,
                1.7848000000000002,
                1.7304000000000002
            ]
        ],
        "local_bg": [
            [
                35.04907975460123,
                70.71779141104294,
                102.07361963190183,
                92.63803680981596,
                98.91411042944786,
                119.74233128834356,
                118.37423312883436,
                103.14723926380368
            ]
        ],
        "area": [
            0.06520000000000001
        ],
        "distance": 0.6725590399828708,
        "points": [
            [
                460.0,
                323.2
            ],
            [
                454.8,
                323.2
            ],
            [
                452.8,
                318.0
            ],
            [
                451.8,
                309.8
            ],
            [
                460.0,
                309.0
            ],
            [
                465.6,
                312.4
            ],
            [
                465.4,
                318.0
            ],
            [
                464.2,
                322.2
            ]
        ],
        "shift": null,
        "channel": 0,
        "closest_Dend": 0,
        "distance_to_Dend": [
            0.43072123291962855,
            0.2842362466372634,
            0.12801371877701972
        ]
    },
    {
        "type": 0,
        "location": [
            455,
            288
        ],
        "bgloc": [
            463,
            277
        ],
        "mean": [
            [
                72.7258064516129,
                76.43010752688173,
                81.81182795698925,
                85.93010752688173,
                88.74731182795699,
                89.89247311827957,
                99.70967741935483,
                110.66129032258064
            ]
        ],
        "min": [
            [
                13,
                20,
                18,
                15,
                13,
                21,
                19,
                36
            ]
        ],
        "max": [
            [
                175,
                184,
                212,
                160,
                167,
                160,
                205,
                235
            ]
        ],
        "RawIntDen": [
            [
                13527,
                14216,
                15217,
                15983,
                16507,
                16720,
                18546,
                20583
            ]
        ],
        "IntDen": [
            [
                5.4108,
                5.6864,
                6.0868,
                6.3932,
                6.6028,
                6.688000000000001,
                7.4184,
                8.2332
            ]
        ],
        "local_bg": [
            [
                75.88709677419355,
                76.41935483870968,
                72.08602150537635,
                89.72043010752688,
                113.00537634408602,
                101.94086021505376,
                112.73655913978494,
                116.0752688172043
            ]
        ],
        "area": [
            0.07440000000000001
        ],
        "distance": 1.2131144720495541,
        "points": [
            [
                455.0,
                292.6
            ],
            [
                452.0,
                291.0
            ],
            [
                448.8,
                288.0
            ],
            [
                445.2,
                278.2
            ],
            [
                455.0,
                276.0
            ],
            [
                459.2,
                283.8
            ],
            [
                464.2,
                288.0
            ],
            [
                459.6,
                292.6
            ]
        ],
        "shift": null,
        "channel": 0,
        "closest_Dend": 0,
        "distance_to_Dend": [
            0.3577708763999666,
            0.1374329104619737,
            0.05391954259051876
        ]
    },
    {
        "type": 0,
        "location": [
            394,
            242
        ],
        "bgloc": [
            412,
            190
        ],
        "mean": [
            [
                43.714285714285715,
                49.83549783549783,
                59.94805194805195,
                48.705627705627705,
                57.04329004329004,
                49.39393939393939,
                64.32467532467533,
                82.58008658008659
            ]
        ],
        "min": [
            [
                8,
                12,
                12,
                9,
                10,
                7,
                14,
                19
            ]
        ],
        "max": [
            [
                160,
                145,
                195,
                178,
                214,
                175,
                209,
                220
            ]
        ],
        "RawIntDen": [
            [
                10098,
                11512,
                13848,
                11251,
                13177,
                11410,
                14859,
                19076
            ]
        ],
        "IntDen": [
            [
                4.0392,
                4.6048,
                5.5392,
                4.5004,
                5.2708,
                4.564,
                5.9436,
                7.630400000000001
            ]
        ],
        "local_bg": [
            [
                7.0,
                7.45021645021645,
                7.112554112554113,
                7.251082251082251,
                8.095238095238095,
                8.341991341991342,
                8.268398268398268,
                8.095238095238095
            ]
        ],
        "area": [
            0.09240000000000001
        ],
        "distance": 2.566725035152034,
        "points": [
            [
                394.0,
                252.2
            ],
            [
                386.8,
                249.2
            ],
            [
                384.4,
                242.0
            ],
            [
                386.8,
                234.8
            ],
            [
                394.0,
                233.2
            ],
            [
                400.0,
                236.0
            ],
            [
                400.2,
                242.0
            ],
            [
                399.8,
                247.8
            ]
        ],
        "shift": null,
        "channel": 0,
        "closest_Dend": 0,
        "distance_to_Dend": [
            0.7097749155677667,
            0.5413873915158232,
            0.35555997005806517
        ]
    },
    {
        "type": 0,
        "location": [
            382,
            268
        ],
        "bgloc": [
            381,
            270
        ],
        "mean": [
            [
                63.51260504201681,
                86.61344537815125,
                104.57142857142857,
                106.5546218487395,
                95.70588235294117,
                94.92436974789916,
                114.46218487394958,
                136.49579831932772
            ]
        ],
        "min": [
            [
                25,
                19,
                28,
                22,
                26,
                22,
                32,
                42
            ]
        ],
        "max": [
            [
                179,
                211,
                220,
                228,
                210,
                194,
                247,
                251
            ]
        ],
        "RawIntDen": [
            [
                7558,
                10307,
                12444,
                12680,
                11389,
                11296,
                13621,
                16243
            ]
        ],
        "IntDen": [
            [
                3.0232,
                4.1228,
                4.9776,
                5.072,
                4.5556,
                4.518400000000001,
                5.4484,
                6.4972
            ]
        ],
        "local_bg": [
            [
                91.52941176470588,
                125.43697478991596,
                145.7983193277311,
                143.8235294117647,
                136.76470588235293,
                133.1764705882353,
                153.12605042016807,
                168.80672268907563
            ]
        ],
        "area": [
            0.0476
        ],
        "distance": 2.619976253989656,
        "points": [
            [
                378.82148892796926,
                271.6770679123638
            ],
            [
                371.0,
                268.0
            ],
            [
                377.6,
                263.6
            ],
            [
                382.0,
                262.0
            ],
            [
                386.2,
                263.8
            ],
            [
                387.6,
                268.0
            ],
            [
                385.89942379120095,
                274.8228167404667
            ]
        ],
        "shift": null,
        "channel": 0,
        "closest_Dend": 0,
        "distance_to_Dend": [
            0.3430311939168217,
            0.028844410203712294,
            0.09329523031752457
        ]
    },
    {
        "type": 0,
        "location": [
            363,
            255
        ],
        "bgloc": [
            366,
            252
        ],
        "mean": [
            [
                114.9349593495935,
                132.8008130081301,
                133.60569105691056,
                121.78048780487805,
                124.73577235772358,
                109.29268292682927,
                132.78861788617886,
                119.97967479674797
            ]
        ],
        "min": [
            [
                22,
                33,
                19,
                19,
                26,
                19,
                33,
                34
            ]
        ],
        "max": [
            [
                215,
                249,
                230,
                243,
                223,
                189,
                247,
                219
            ]
        ],
        "RawIntDen": [
            [
                28274,
                32669,
                32867,
                29958,
                30685,
                26886,
                32666,
                29515
            ]
        ],
        "IntDen": [
            [
                11.309600000000001,
                13.0676,
                13.1468,
                11.9832,
                12.274000000000001,
                10.7544,
                13.0664,
                11.806000000000001
            ]
        ],
        "local_bg": [
            [
                92.3089430894309,
                108.45121951219512,
                103.6869918699187,
                100.79674796747967,
                106.65447154471545,
                98.84146341463415,
                116.58943089430895,
                105.22357723577235
            ]
        ],
        "area": [
            0.0984
        ],
        "distance": 3.0930220517615683,
        "points": [
            [
                363.0,
                264.6
            ],
            [
                356.80124713124843,
                262.2398214280548
            ],
            [
                349.72331226801674,
                257.52119818590035
            ],
            [
                356.80124713124843,
                248.08395170159145
            ],
            [
                363.09274478745436,
                250.44326332266866
            ],
            [
                370.17067965068605,
                250.44326332266866
            ],
            [
                372.4,
                255.0
            ],
            [
                370.4,
                262.4
            ]
        ],
        "shift": null,
        "channel": 0,
        "closest_Dend": 0,
        "distance_to_Dend": [
            0.31144823004794875,
            0.04242640687119285,
            0.15297058540778355
        ]
    },
    {
        "type": 0,
        "location": [
            338,
            241
        ],
        "bgloc": [
            307,
            247
        ],
        "mean": [
            [
                56.88306451612903,
                65.56451612903226,
                84.51612903225806,
                76.81048387096774,
                81.31048387096774,
                98.875,
                79.91935483870968,
                76.1491935483871
            ]
        ],
        "min": [
            [
                11,
                18,
                20,
                19,
                19,
                20,
                22,
                29
            ]
        ],
        "max": [
            [
                155,
                187,
                211,
                174,
                164,
                187,
                161,
                163
            ]
        ],
        "RawIntDen": [
            [
                14107,
                16260,
                20960,
                19049,
                20165,
                24521,
                19820,
                18885
            ]
        ],
        "IntDen": [
            [
                5.6428,
                6.5040000000000004,
                8.384,
                7.6196,
                8.066,
                9.8084,
                7.928,
                7.554
            ]
        ],
        "local_bg": [
            [
                120.78225806451613,
                125.21370967741936,
                132.1451612903226,
                120.96370967741936,
                116.63709677419355,
                114.25806451612904,
                109.45161290322581,
                100.61290322580645
            ]
        ],
        "area": [
            0.09920000000000001
        ],
        "distance": 3.5075257593147344,
        "points": [
            [
                338.0,
                251.2
            ],
            [
                330.6,
                248.4
            ],
            [
                328.4,
                241.0
            ],
            [
                331.6,
                234.6
            ],
            [
                338.0,
                231.8
            ],
            [
                345.2,
                233.8
            ],
            [
                346.4,
                241.0
            ],
            [
                343.0,
                246.0
            ]
        ],
        "shift": null,
        "channel": 0,
        "closest_Dend": 0,
        "distance_to_Dend": [
            0.5034673620160343,
            0.3137858162210939,
            0.15264639883378522
        ]
    },
    {
        "type": 0,
        "location": [
            363,
            222
        ],
        "bgloc": [
            390,
            208
        ],
        "mean": [
            [
                87.25301204819277,
                112.87951807228916,
                90.84939759036145,
                79.62048192771084,
                97.06024096385542,
                102.63253012048193,
                134.69277108433735,
                141.5421686746988
            ]
        ],
        "min": [
            [
                13,
                22,
                14,
                10,
                15,
                15,
                23,
                21
            ]
        ],
        "max": [
            [
                238,
                238,
                211,
                202,
                233,
                251,
                255,
                255
            ]
        ],
        "RawIntDen": [
            [
                14484,
                18738,
                15081,
                13217,
                16112,
                17037,
                22359,
                23496
            ]
        ],
        "IntDen": [
            [
                5.7936000000000005,
                7.4952000000000005,
                6.0324,
                5.2868,
                6.444800000000001,
                6.8148,
                8.9436,
                9.3984
            ]
        ],
        "local_bg": [
            [
                7.475903614457831,
                8.0,
                8.234939759036145,
                7.975903614457831,
                8.228915662650602,
                7.843373493975903,
                8.22289156626506,
                8.632530120481928
            ]
        ],
        "area": [
            0.0664
        ],
        "distance": 3.707745880722356,
        "points": [
            [
                363.0,
                235.4
            ],
            [
                357.0,
                228.0
            ],
            [
                354.2,
                222.0
            ],
            [
                358.2,
                217.2
            ],
            [
                363.0,
                216.8
            ],
            [
                366.6,
                218.4
            ],
            [
                369.0,
                222.0
            ],
            [
                367.6,
                226.6
            ]
        ],
        "shift": null,
        "channel": 0,
        "closest_Dend": 0,
        "distance_to_Dend": [
            0.41492167935647856,
            0.30410524493997193,
            0.15283978539634288
        ]
    },
    {
        "type": 0,
        "location": [
            330,
            223
        ],
        "bgloc": [
            308,
            237
        ],
        "mean": [
            [
                52.01851851851852,
                38.30555555555556,
                32.175925925925924,
                38.48148148148148,
                32.48148148148148,
                56.666666666666664,
                33.7037037037037,
                21.12962962962963
            ]
        ],
        "min": [
            [
                11,
                8,
                10,
                8,
                9,
                15,
                7,
                8
            ]
        ],
        "max": [
            [
                172,
                143,
                113,
                126,
                142,
                137,
                137,
                86
            ]
        ],
        "RawIntDen": [
            [
                5618,
                4137,
                3475,
                4156,
                3508,
                6120,
                3640,
                2282
            ]
        ],
        "IntDen": [
            [
                2.2472000000000003,
                1.6548,
                1.3900000000000001,
                1.6624,
                1.4032,
                2.448,
                1.456,
                0.9128000000000001
            ]
        ],
        "local_bg": [
            [
                25.73148148148148,
                32.81481481481482,
                53.03703703703704,
                45.175925925925924,
                32.75925925925926,
                33.870370370370374,
                39.49074074074074,
                43.0462962962963
            ]
        ],
        "area": [
            0.0432
        ],
        "distance": 4.027403495639372,
        "points": [
            [
                330.0,
                228.0
            ],
            [
                326.0,
                227.0
            ],
            [
                323.4,
                223.0
            ],
            [
                324.2,
                217.2
            ],
            [
                330.0,
                217.0
            ],
            [
                335.0,
                218.0
            ],
            [
                335.4,
                223.0
            ],
            [
                333.6,
                226.6
            ]
        ],
        "shift": null,
        "channel": 0,
        "closest_Dend": 0,
        "distance_to_Dend": [
            0.37465433780001844,
            0.2590877727497756,
            0.12202719302741628
        ]
    },
    {
        "type": 0,
        "location": [
            317,
            206
        ],
        "bgloc": [
            296,
            222
        ],
        "mean": [
            [
                39.326797385620914,
                44.89542483660131,
                50.1764705882353,
                34.40522875816993,
                32.68627450980392,
                57.76470588235294,
                36.79738562091503,
                26.41176470588235
            ]
        ],
        "min": [
            [
                7,
                7,
                9,
                9,
                8,
                9,
                6,
                6
            ]
        ],
        "max": [
            [
                174,
                202,
                186,
                146,
                97,
                161,
                122,
                113
            ]
        ],
        "RawIntDen": [
            [
                6017,
                6869,
                7677,
                5264,
                5001,
                8838,
                5630,
                4041
            ]
        ],
        "IntDen": [
            [
                2.4068,
                2.7476000000000003,
                3.0708,
                2.1056,
                2.0004,
                3.5352,
                2.2520000000000002,
                1.6164
            ]
        ],
        "local_bg": [
            [
                17.568627450980394,
                29.836601307189543,
                33.79738562091503,
                28.77777777777778,
                31.751633986928105,
                24.372549019607842,
                33.03921568627451,
                41.09803921568628
            ]
        ],
        "area": [
            0.061200000000000004
        ],
        "distance": 4.471018539446256,
        "points": [
            [
                317.0,
                211.0
            ],
            [
                313.0,
                210.0
            ],
            [
                310.2,
                206.0
            ],
            [
                310.8,
                199.8
            ],
            [
                317.0,
                196.2
            ],
            [
                322.4,
                200.6
            ],
            [
                326.0,
                206.0
            ],
            [
                320.6,
                209.6
            ]
        ],
        "shift": null,
        "channel": 0,
        "closest_Dend": 0,
        "distance_to_Dend": [
            0.3843250656639002,
            0.26861887044840244,
            0.11802934732204692
        ]
    },
    {
        "type": 0,
        "location": [
            263,
            179
        ],
        "bgloc": [
            253,
            206
        ],
        "mean": [
            [
                39.34146341463415,
                34.30487804878049,
                27.170731707317074,
                29.902439024390244,
                35.03658536585366,
                28.091463414634145,
                32.34756097560975,
                29.182926829268293
            ]
        ],
        "min": [
            [
                9,
                6,
                6,
                6,
                7,
                6,
                5,
                6
            ]
        ],
        "max": [
            [
                101,
                94,
                71,
                98,
                113,
                88,
                104,
                88
            ]
        ],
        "RawIntDen": [
            [
                6452,
                5626,
                4456,
                4904,
                5746,
                4607,
                5305,
                4786
            ]
        ],
        "IntDen": [
            [
                2.5808,
                2.2504,
                1.7824,
                1.9616,
                2.2984,
                1.8428,
                2.122,
                1.9144
            ]
        ],
        "local_bg": [
            [
                16.585365853658537,
                18.0,
                21.841463414634145,
                23.432926829268293,
                24.24390243902439,
                26.585365853658537,
                27.20731707317073,
                25.0
            ]
        ],
        "area": [
            0.0656
        ],
        "distance": 5.851039503296723,
        "points": [
            [
                263.0,
                184.8
            ],
            [
                257.4,
                184.6
            ],
            [
                256.0,
                179.0
            ],
            [
                255.0,
                171.0
            ],
            [
                263.0,
                170.8
            ],
            [
                269.2,
                172.8
            ],
            [
                268.8,
                179.0
            ],
            [
                266.8,
                182.8
            ]
        ],
        "shift": null,
        "channel": 0,
        "closest_Dend": 0,
        "distance_to_Dend": [
            0.4421945273293187,
            0.29399110399937123,
            0.14964984772152914
        ]
    },
    {
        "type": 0,
        "location": [
            216,
            170
        ],
        "bgloc": [
            204,
            208
        ],
        "mean": [
            [
                48.039106145251395,
                59.87150837988827,
                68.83240223463687,
                75.00558659217877,
                54.70949720670391,
                54.502793296089386,
                36.201117318435756,
                38.67039106145251
            ]
        ],
        "min": [
            [
                8,
                11,
                6,
                10,
                13,
                6,
                6,
                7
            ]
        ],
        "max": [
            [
                102,
                135,
                161,
                201,
                112,
                179,
                103,
                104
            ]
        ],
        "RawIntDen": [
            [
                8599,
                10717,
                12321,
                13426,
                9793,
                9756,
                6480,
                6922
            ]
        ],
        "IntDen": [
            [
                3.4396,
                4.2868,
                4.9284,
                5.3704,
                3.9172000000000002,
                3.9024,
                2.592,
                2.7688
            ]
        ],
        "local_bg": [
            [
                5.860335195530726,
                6.173184357541899,
                6.5139664804469275,
                6.150837988826815,
                6.284916201117318,
                6.5195530726256985,
                6.687150837988827,
                6.4860335195530725
            ]
        ],
        "area": [
            0.0716
        ],
        "distance": 6.822703771633439,
        "points": [
            [
                216.0,
                176.4
            ],
            [
                211.6,
                174.4
            ],
            [
                210.2,
                170.0
            ],
            [
                209.8,
                163.8
            ],
            [
                216.0,
                159.2
            ],
            [
                222.2,
                163.8
            ],
            [
                223.2,
                170.0
            ],
            [
                222.2,
                176.2
            ]
        ],
        "shift": null,
        "channel": 0,
        "closest_Dend": 0,
        "distance_to_Dend": [
            0.5253461033470098,
            0.4010928467301722,
            0.2023022211426392
        ]
    },
    {
        "type": 0,
        "location": [
            190,
            150
        ],
        "bgloc": [
            184,
            166
        ],
        "mean": [
            [
                72.04069767441861,
                64.3546511627907,
                55.633720930232556,
                52.593023255813954,
                56.49418604651163,
                59.30813953488372,
                61.75581395348837,
                45.79651162790697
            ]
        ],
        "min": [
            [
                24,
                12,
                10,
                9,
                8,
                10,
                8,
                8
            ]
        ],
        "max": [
            [
                145,
                147,
                164,
                126,
                138,
                160,
                146,
                117
            ]
        ],
        "RawIntDen": [
            [
                12391,
                11069,
                9569,
                9046,
                9717,
                10201,
                10622,
                7877
            ]
        ],
        "IntDen": [
            [
                4.9564,
                4.4276,
                3.8276000000000003,
                3.6184000000000003,
                3.8868,
                4.0804,
                4.2488,
                3.1508000000000003
            ]
        ],
        "local_bg": [
            [
                7.691860465116279,
                7.773255813953488,
                7.366279069767442,
                7.773255813953488,
                7.517441860465116,
                7.494186046511628,
                7.656976744186046,
                7.744186046511628
            ]
        ],
        "area": [
            0.0688
        ],
        "distance": 7.425468371727876,
        "points": [
            [
                190.0,
                154.8
            ],
            [
                184.4,
                155.6
            ],
            [
                179.2,
                150.0
            ],
            [
                182.6,
                142.6
            ],
            [
                190.0,
                145.0
            ],
            [
                193.8,
                146.2
            ],
            [
                201.8,
                150.0
            ],
            [
                194.6,
                154.6
            ]
        ],
        "shift": null,
        "channel": 0,
        "closest_Dend": 0,
        "distance_to_Dend": [
            0.3203622949099968,
            0.17076299364909234,
            0.08221921916437763
        ]
    },
    {
        "type": 0,
        "location": [
            156,
            155
        ],
        "bgloc": [
            130,
            207
        ],
        "mean": [
            [
                36.75590551181102,
                32.01574803149607,
                25.748031496062993,
                25.614173228346456,
                58.56692913385827,
                42.574803149606296,
                39.71653543307087,
                30.905511811023622
            ]
        ],
        "min": [
            [
                7,
                7,
                6,
                5,
                10,
                6,
                5,
                5
            ]
        ],
        "max": [
            [
                121,
                89,
                73,
                79,
                159,
                135,
                168,
                111
            ]
        ],
        "RawIntDen": [
            [
                4668,
                4066,
                3270,
                3253,
                7438,
                5407,
                5044,
                3925
            ]
        ],
        "IntDen": [
            [
                1.8672000000000002,
                1.6264,
                1.308,
                1.3012000000000001,
                2.9752,
                2.1628000000000003,
                2.0176000000000003,
                1.57
            ]
        ],
        "local_bg": [
            [
                5.141732283464567,
                5.377952755905512,
                5.669291338582677,
                5.409448818897638,
                5.291338582677166,
                5.68503937007874,
                5.661417322834645,
                5.755905511811024
            ]
        ],
        "area": [
            0.050800000000000005
        ],
        "distance": 7.966677793252639,
        "points": [
            [
                156.0,
                160.2
            ],
            [
                152.8,
                158.2
            ],
            [
                151.8,
                155.0
            ],
            [
                149.8,
                148.8
            ],
            [
                156.0,
                146.0
            ],
            [
                163.0,
                148.0
            ],
            [
                161.6,
                155.0
            ],
            [
                159.6,
                158.6
            ]
        ],
        "shift": null,
        "channel": 0,
        "closest_Dend": 0,
        "distance_to_Dend": [
            0.6759999999999998,
            0.5813776741499453,
            0.3984971769034255
        ]
    }
]