[
    {
        "type": 0,
        "location": [
            49,
            339
        ],
        "bgloc": [
            100.73056024275328,
            212.8226663538034
        ],
        "mean": [
            [
                95.57826086956521,
                96.0,
                106.22173913043478,
                107.36521739130434,
                81.44782608695652,
                112.87391304347825,
                122.31739130434782,
                86.92173913043479
            ]
        ],
        "min": [
            [
                13,
                11,
                23,
                18,
                8,
                18,
                36,
                15
            ]
        ],
        "max": [
            [
                221,
                228,
                240,
                233,
                235,
                251,
                234,
                228
            ]
        ],
        "RawIntDen": [
            [
                21983,
                22080,
                24431,
                24694,
                18733,
                25961,
                28133,
                19992
            ]
        ],
        "IntDen": [
            [
                22024.328040000004,
                22121.510400000003,
                24476.930280000004,
                24740.424720000003,
                18768.218040000003,
                26009.80668,
                28185.890040000002,
                20029.584960000004
            ]
        ],
        "local_bg": [
            [
                5.864628820960698,
                6.244541484716157,
                5.991266375545852,
                6.200873362445415,
                6.37117903930131,
                6.458515283842795,
                6.449781659388647,
                6.427947598253275
            ]
        ],
        "area": [
            1.00188
        ],
        "distance": 2.231708364672368,
        "points": [
            [
                49.0,
                346.0
            ],
            [
                42.8,
                345.2
            ],
            [
                34.8,
                339.0
            ],
            [
                44.0,
                334.0
            ],
            [
                49.0,
                332.4
            ],
            [
                59.0,
                329.0
            ],
            [
                56.6,
                339.0
            ],
            [
                54.6,
                344.6
            ]
        ],
        "shift": null,
        "channel": 0,
        "closest_Dend": 0
    }
]