[
    {
        "type": 0,
        "location": [
            255,
            145
        ],
        "bgloc": [
            247.84563247293534,
            176.88610357972846
        ],
        "mean": [
            [
                34.70247933884298,
                42.611570247933884,
                50.413223140495866,
                32.611570247933884,
                41.35537190082645,
                70.88429752066116,
                65.0,
                44.074380165289256
            ]
        ],
        "min": [
            [
                6,
                10,
                9,
                7,
                12,
                31,
                20,
                14
            ]
        ],
        "max": [
            [
                105,
                105,
                110,
                82,
                90,
                128,
                133,
                102
            ]
        ],
        "RawIntDen": [
            [
                4199,
                5156,
                6100,
                3946,
                5004,
                8577,
                7865,
                5333
            ]
        ],
        "IntDen": [
            [
                18.290844000000003,
                22.459536000000003,
                26.571600000000004,
                17.188776,
                21.797424000000003,
                37.361412,
                34.25994000000001,
                23.230548000000002
            ]
        ],
        "local_bg": [
            [
                6.141666666666667,
                6.425,
                5.958333333333333,
                5.633333333333334,
                5.608333333333333,
                5.458333333333333,
                5.2,
                6.825
            ]
        ],
        "area": [
            0.5270760000000001
        ],
        "distance": 1.854976810950913,
        "points": [
            [
                255.79016836310004,
                151.55930610035196
            ],
            [
                249.02504581385844,
                147.80090468410663
            ],
            [
                249.7767260971075,
                145.04474364552672
            ],
            [
                251.02952656918927,
                140.0335417571996
            ],
            [
                255.53960826868368,
                138.53018119070148
            ],
            [
                260.80137025142716,
                140.53466194603232
            ],
            [
                262.30473081792525,
                145.54586383435944
            ],
            [
                259.3275362541183,
                150.11189106770766
            ]
        ],
        "shift": [
            [
                0,
                0
            ],
            [
                1.0,
                2.0
            ],
            [
                -1.0,
                5.0
            ],
            [
                -0.0,
                3.0
            ],
            [
                4.0,
                0.0
            ],
            [
                4.0,
                -1.0
            ],
            [
                6.0,
                -6.0
            ],
            [
                4.0,
                -5.0
            ]
        ],
        "channel": 0,
        "closest_Dend": 0
    },
    {
        "type": 0,
        "location": [
            271,
            153
        ],
        "bgloc": [
            265,
            178
        ],
        "mean": [
            [
                36.114583333333336,
                31.59375,
                25.989583333333332,
                52.114583333333336,
                41.072916666666664,
                62.135416666666664,
                46.208333333333336,
                43.09375
            ]
        ],
        "min": [
            [
                9,
                10,
                9,
                9,
                13,
                17,
                13,
                13
            ]
        ],
        "max": [
            [
                85,
                67,
                66,
                113,
                94,
                117,
                89,
                111
            ]
        ],
        "RawIntDen": [
            [
                3467,
                3033,
                2495,
                5003,
                3943,
                5965,
                4436,
                4137
            ]
        ],
        "IntDen": [
            [
                15.102252000000002,
                13.211748000000002,
                10.86822,
                21.793068,
                17.175708,
                25.98354,
                19.323216000000002,
                18.020772
            ]
        ],
        "local_bg": [
            [
                6.125,
                6.78125,
                5.708333333333333,
                5.71875,
                5.458333333333333,
                5.677083333333333,
                5.552083333333333,
                7.135416666666667
            ]
        ],
        "area": [
            0.41817600000000005
        ],
        "distance": 3.500609389066528,
        "points": [
            [
                270.6475480561627,
                158.14773711035443
            ],
            [
                266.38802645108467,
                156.39381644943992
            ],
            [
                266.38802645108467,
                152.63541503319462
            ],
            [
                266.63858654550097,
                148.12533333370018
            ],
            [
                270.3969879617464,
                147.12309295603478
            ],
            [
                277.162110510988,
                147.6242131448675
            ],
            [
                276.15987013332256,
                153.88821550527638
            ],
            [
                274.405949472408,
                157.6466169215217
            ]
        ],
        "shift": [
            [
                0,
                0
            ],
            [
                1.0,
                1.0
            ],
            [
                0.0,
                2.0
            ],
            [
                2.0,
                2.0
            ],
            [
                9.0,
                -2.0
            ],
            [
                11.0,
                -6.0
            ],
            [
                10.0,
                -7.0
            ],
            [
                8.0,
                -5.0
            ]
        ],
        "channel": 0,
        "closest_Dend": 0
    },
    {
        "type": 0,
        "location": [
            290,
            138
        ],
        "bgloc": [
            273.83370504548157,
            218.92563274120033
        ],
        "mean": [
            [
                50.71764705882353,
                41.11764705882353,
                44.90588235294118,
                131.01176470588234,
                73.47058823529412,
                78.36470588235294,
                62.71764705882353,
                75.37647058823529
            ]
        ],
        "min": [
            [
                14,
                13,
                12,
                40,
                21,
                36,
                27,
                27
            ]
        ],
        "max": [
            [
                116,
                90,
                101,
                211,
                136,
                128,
                100,
                134
            ]
        ],
        "RawIntDen": [
            [
                4311,
                3495,
                3817,
                11136,
                6245,
                6661,
                5331,
                6407
            ]
        ],
        "IntDen": [
            [
                18.778716000000003,
                15.224220000000003,
                16.626852000000003,
                48.508416000000004,
                27.20322,
                29.015316000000002,
                23.221836000000003,
                27.908892
            ]
        ],
        "local_bg": [
            [
                5.927710843373494,
                5.9397590361445785,
                5.349397590361446,
                5.0602409638554215,
                5.0120481927710845,
                5.289156626506024,
                4.72289156626506,
                7.096385542168675
            ]
        ],
        "area": [
            0.37026000000000003
        ],
        "distance": 4.076072569962448,
        "points": [
            [
                290.47988193536696,
                142.0850065357226
            ],
            [
                286.97204061353796,
                140.83220606364085
            ],
            [
                284.2158795749581,
                136.82324455297913
            ],
            [
                286.97204061353796,
                133.31540323115019
            ],
            [
                291.7326824074487,
                131.56148257023568
            ],
            [
                294.98996363486134,
                135.31988398648102
            ],
            [
                295.2405237292777,
                138.82772530831
            ],
            [
                294.739403540445,
                142.0850065357226
            ]
        ],
        "shift": [
            [
                0,
                0
            ],
            [
                -0.0,
                0.0
            ],
            [
                -2.0,
                1.0
            ],
            [
                0.0,
                -1.0
            ],
            [
                7.0,
                -3.0
            ],
            [
                5.0,
                -2.0
            ],
            [
                7.0,
                -3.0
            ],
            [
                6.0,
                -2.0
            ]
        ],
        "channel": 0,
        "closest_Dend": 0
    },
    {
        "type": 0,
        "location": [
            297,
            164
        ],
        "bgloc": [
            293,
            200
        ],
        "mean": [
            [
                47.11363636363637,
                35.378787878787875,
                24.484848484848484,
                37.583333333333336,
                24.28787878787879,
                30.151515151515152,
                17.318181818181817,
                28.333333333333332
            ]
        ],
        "min": [
            [
                10,
                8,
                7,
                6,
                6,
                7,
                5,
                6
            ]
        ],
        "max": [
            [
                115,
                84,
                69,
                98,
                75,
                92,
                64,
                91
            ]
        ],
        "RawIntDen": [
            [
                6219,
                4670,
                3232,
                4961,
                3206,
                3980,
                2286,
                3740
            ]
        ],
        "IntDen": [
            [
                27.089964000000002,
                20.342520000000004,
                14.078592000000002,
                21.610116,
                13.965336000000002,
                17.33688,
                9.957816000000001,
                16.29144
            ]
        ],
        "local_bg": [
            [
                5.901515151515151,
                6.659090909090909,
                5.924242424242424,
                5.856060606060606,
                5.681818181818182,
                5.757575757575758,
                5.363636363636363,
                7.5
            ]
        ],
        "area": [
            0.5749920000000001
        ],
        "distance": 4.74925481000912,
        "points": [
            [
                296.7461246734412,
                167.94646532457733
            ],
            [
                292.7371631627796,
                167.695905230161
            ],
            [
                290.02250224230426,
                163.58843101000247
            ],
            [
                291.7349227851142,
                157.6735014535068
            ],
            [
                296.6225022423043,
                153.58843101000247
            ],
            [
                302.2584467506011,
                157.92406154792315
            ],
            [
                302.6225022423043,
                163.58843101000247
            ],
            [
                301.02250224230426,
                167.98843101000247
            ]
        ],
        "shift": [
            [
                0,
                0
            ],
            [
                1.0,
                0.0
            ],
            [
                -2.0,
                2.0
            ],
            [
                3.0,
                0.0
            ],
            [
                6.0,
                0.0
            ],
            [
                4.0,
                -1.0
            ],
            [
                3,
                0
            ],
            [
                -0.0,
                -4.0
            ]
        ],
        "channel": 0,
        "closest_Dend": 0
    },
    {
        "type": 0,
        "location": [
            320,
            161
        ],
        "bgloc": [
            317,
            190
        ],
        "mean": [
            [
                49.23571428571429,
                38.35,
                43.56428571428572,
                62.02142857142857,
                34.43571428571428,
                22.90714285714286,
                29.978571428571428,
                17.864285714285714
            ]
        ],
        "min": [
            [
                8,
                8,
                9,
                23,
                8,
                6,
                6,
                5
            ]
        ],
        "max": [
            [
                127,
                98,
                118,
                132,
                123,
                62,
                71,
                55
            ]
        ],
        "RawIntDen": [
            [
                6893,
                5369,
                6099,
                8683,
                4821,
                3207,
                4197,
                2501
            ]
        ],
        "IntDen": [
            [
                30.025908000000005,
                23.387364,
                26.567244000000002,
                37.823148,
                21.000276000000003,
                13.969692000000002,
                18.282132,
                10.894356000000002
            ]
        ],
        "local_bg": [
            [
                6.25,
                7.078571428571428,
                6.25,
                6.421428571428572,
                6.021428571428571,
                6.314285714285714,
                5.828571428571428,
                7.55
            ]
        ],
        "area": [
            0.60984
        ],
        "distance": 6.2449327100738365,
        "points": [
            [
                319.68075206160523,
                168.61083478665665
            ],
            [
                314.92011026769444,
                165.85467374807675
            ],
            [
                314.0930210074707,
                161.18582353066657
            ],
            [
                315.3458214795525,
                157.42742211442123
            ],
            [
                320.60758346229596,
                155.9240615479231
            ],
            [
                327.1975548940959,
                158.58843101000244
            ],
            [
                328.19979527176133,
                162.8479526150805
            ],
            [
                326.44587461084683,
                168.3602746922403
            ]
        ],
        "shift": [
            [
                0,
                0
            ],
            [
                0.0,
                1.0
            ],
            [
                -5.0,
                1.0
            ],
            [
                2.0,
                2.0
            ],
            [
                3.0,
                -0.0
            ],
            [
                3.0,
                0.0
            ],
            [
                2,
                0
            ],
            [
                3.0,
                1.0
            ]
        ],
        "channel": 0,
        "closest_Dend": 0
    },
    {
        "type": 0,
        "location": [
            346,
            166
        ],
        "bgloc": [
            341,
            195
        ],
        "mean": [
            [
                49.17142857142857,
                62.19047619047619,
                45.10476190476191,
                63.523809523809526,
                48.44761904761905,
                60.56190476190476,
                62.695238095238096,
                50.05714285714286
            ]
        ],
        "min": [
            [
                8,
                13,
                12,
                13,
                10,
                9,
                14,
                9
            ]
        ],
        "max": [
            [
                114,
                122,
                109,
                138,
                146,
                147,
                145,
                132
            ]
        ],
        "RawIntDen": [
            [
                5163,
                6530,
                4736,
                6670,
                5087,
                6359,
                6583,
                5256
            ]
        ],
        "IntDen": [
            [
                22.490028000000002,
                28.44468,
                20.630016,
                29.054520000000004,
                22.158972000000002,
                27.699804000000004,
                28.675548000000003,
                22.895136000000004
            ]
        ],
        "local_bg": [
            [
                9.942857142857143,
                9.2,
                8.942857142857143,
                8.019047619047619,
                7.314285714285714,
                6.533333333333333,
                6.838095238095238,
                8.161904761904761
            ]
        ],
        "area": [
            0.45738000000000006
        ],
        "distance": 8.038688679454493,
        "points": [
            [
                346.23416480039225,
                172.72054938448065
            ],
            [
                341.4735230064815,
                171.2171888179825
            ],
            [
                339.651323958066,
                165.85243337041135
            ],
            [
                341.97464319531423,
                162.94870570224276
            ],
            [
                346.23416480039225,
                161.69590523016097
            ],
            [
                351.4959267831357,
                163.9509460799082
            ],
            [
                352.49816716080113,
                168.46102777940257
            ],
            [
                350.7442464998867,
                172.21942919564793
            ]
        ],
        "shift": [
            [
                0,
                0
            ],
            [
                2,
                0
            ],
            [
                1.0,
                1.0
            ],
            [
                4.0,
                3.0
            ],
            [
                5.0,
                1.0
            ],
            [
                10.0,
                3.0
            ],
            [
                7.0,
                1.0
            ],
            [
                8.0,
                -0.0
            ]
        ],
        "channel": 0,
        "closest_Dend": 0
    },
    {
        "type": 0,
        "location": [
            412,
            169
        ],
        "bgloc": [
            399.1879374542342,
            197.52369062263284
        ],
        "mean": [
            [
                149.01459854014598,
                132.4963503649635,
                98.1094890510949,
                73.22627737226277,
                85.97810218978103,
                91.46715328467154,
                96.08759124087591,
                93.56934306569343
            ]
        ],
        "min": [
            [
                40,
                24,
                12,
                17,
                25,
                21,
                18,
                26
            ]
        ],
        "max": [
            [
                255,
                238,
                249,
                187,
                183,
                192,
                219,
                209
            ]
        ],
        "RawIntDen": [
            [
                20415,
                18152,
                13441,
                10032,
                11779,
                12531,
                13164,
                12819
            ]
        ],
        "IntDen": [
            [
                88.92774000000001,
                79.07011200000001,
                58.54899600000001,
                43.699392,
                51.309324000000004,
                54.58503600000001,
                57.34238400000001,
                55.839564
            ]
        ],
        "local_bg": [
            [
                6.963768115942029,
                7.471014492753623,
                6.956521739130435,
                6.760869565217392,
                6.521739130434782,
                7.543478260869565,
                7.144927536231884,
                8.521739130434783
            ]
        ],
        "area": [
            0.5967720000000001
        ],
        "distance": 12.436656627498024,
        "points": [
            [
                411.6430278454039,
                175.2681160140693
            ],
            [
                406.04302784540386,
                174.4681160140693
            ],
            [
                403.2430278454039,
                168.8681160140693
            ],
            [
                405.2591711588227,
                163.7160686291498
            ],
            [
                412.52541389689696,
                162.96438834590072
            ],
            [
                417.7871758796405,
                164.2171888179825
            ],
            [
                417.4430278454039,
                168.8681160140693
            ],
            [
                415.6430278454039,
                172.8681160140693
            ]
        ],
        "shift": [
            [
                0,
                0
            ],
            [
                0.0,
                -0.0
            ],
            [
                -1.0,
                2.0
            ],
            [
                4.0,
                4.0
            ],
            [
                5.0,
                2.0
            ],
            [
                6.0,
                5.0
            ],
            [
                6.0,
                2.0
            ],
            [
                6.0,
                4.0
            ]
        ],
        "channel": 0,
        "closest_Dend": 0
    }
]