[
    {
        "type": 0,
        "location": [
            202,
            246
        ],
        "bgloc": [
            310,
            52
        ],
        "mean": [
            [
                36.933673469387756,
                30.26530612244898,
                31.433673469387756,
                37.16836734693877,
                27.841836734693878,
                23.566326530612244,
                20.918367346938776,
                20.887755102040817
            ]
        ],
        "min": [
            [
                5,
                2,
                5,
                5,
                4,
                4,
                4,
                4
            ]
        ],
        "max": [
            [
                159,
                128,
                107,
                134,
                112,
                80,
                91,
                82
            ]
        ],
        "RawIntDen": [
            [
                7239,
                5932,
                6161,
                7285,
                5457,
                4619,
                4100,
                4094
            ]
        ],
        "IntDen": [
            [
                6180.484464000001,
                5064.5992320000005,
                5260.113936000001,
                6219.75816,
                4659.0556320000005,
                3943.5913440000004,
                3500.4816000000005,
                3495.3589440000005
            ]
        ],
        "local_bg": [
            [
                6.8520408163265305,
                6.770408163265306,
                7.153061224489796,
                9.091836734693878,
                8.785714285714286,
                15.510204081632653,
                9.668367346938776,
                6.270408163265306
            ]
        ],
        "area": [
            0.8537760000000001
        ],
        "distance": 4.027715412576888,
        "points": [
            [
                202.0,
                255.0
            ],
            [
                196.0,
                252.0
            ],
            [
                194.8,
                246.0
            ],
            [
                195.6,
                239.6
            ],
            [
                202.0,
                238.6
            ],
            [
                207.4,
                240.6
            ],
            [
                208.8,
                246.0
            ],
            [
                209.6,
                253.6
            ]
        ],
        "shift": null,
        "channel": 0,
        "closest_Dend": 0
    }
]