[
    {
        "type": 0,
        "location": [
            229,
            292
        ],
        "bgloc": [
            263.6476615576604,
            373.0663537625305
        ],
        "mean": [
            [
                53.409909909909906,
                45.527027027027025,
                51.531531531531535,
                63.12162162162162,
                49.171171171171174,
                43.4054054054054,
                46.64414414414414,
                41.468468468468465
            ]
        ],
        "min": [
            [
                9,
                8,
                6,
                9,
                7,
                6,
                5,
                5
            ]
        ],
        "max": [
            [
                132,
                123,
                152,
                152,
                172,
                110,
                122,
                119
            ]
        ],
        "RawIntDen": [
            [
                11857,
                10107,
                11440,
                14013,
                10916,
                9636,
                10355,
                9206
            ]
        ],
        "IntDen": [
            [
                51.649092,
                44.026092000000006,
                49.832640000000005,
                61.040628000000005,
                47.550096,
                41.974416000000005,
                45.10638000000001,
                40.101336
            ]
        ],
        "local_bg": [
            [
                3.9357798165137616,
                3.518348623853211,
                3.761467889908257,
                3.9862385321100917,
                4.967889908256881,
                5.169724770642202,
                4.229357798165138,
                4.637614678899083
            ]
        ],
        "area": [
            0.9670320000000001
        ],
        "distance": 1.8403099475736044,
        "points": [
            [
                229.0,
                301.8
            ],
            [
                221.8,
                299.2
            ],
            [
                223.0,
                292.0
            ],
            [
                223.0,
                286.0
            ],
            [
                229.0,
                283.2
            ],
            [
                235.6,
                285.4
            ],
            [
                236.8,
                292.0
            ],
            [
                236.0,
                299.0
            ]
        ],
        "shift": null,
        "channel": 0,
        "closest_Dend": 0
    },
    {
        "type": 0,
        "location": [
            240,
            325
        ],
        "bgloc": [
            225.89419494039464,
            347.8973760176867
        ],
        "mean": [
            [
                40.549019607843135,
                40.130718954248366,
                33.01960784313726,
                48.44444444444444,
                27.50326797385621,
                25.745098039215687,
                43.254901960784316,
                33.529411764705884
            ]
        ],
        "min": [
            [
                6,
                6,
                5,
                5,
                4,
                4,
                4,
                4
            ]
        ],
        "max": [
            [
                88,
                86,
                96,
                131,
                85,
                94,
                141,
                105
            ]
        ],
        "RawIntDen": [
            [
                6204,
                6140,
                5052,
                7412,
                4208,
                3939,
                6618,
                5130
            ]
        ],
        "IntDen": [
            [
                27.024624000000003,
                26.745840000000005,
                22.006512,
                32.286672,
                18.330048,
                17.158284000000002,
                28.828008000000004,
                22.346280000000004
            ]
        ],
        "local_bg": [
            [
                5.572368421052632,
                5.480263157894737,
                5.394736842105263,
                5.092105263157895,
                5.5855263157894735,
                5.4868421052631575,
                5.809210526315789,
                5.6644736842105265
            ]
        ],
        "area": [
            0.6664680000000001
        ],
        "distance": 3.1927417429317155,
        "points": [
            [
                240.0,
                331.2
            ],
            [
                234.6,
                330.4
            ],
            [
                233.0,
                325.0
            ],
            [
                234.0,
                319.0
            ],
            [
                240.0,
                317.2
            ],
            [
                245.8,
                319.2
            ],
            [
                247.2,
                325.0
            ],
            [
                244.2,
                329.2
            ]
        ],
        "shift": null,
        "channel": 0,
        "closest_Dend": 0
    },
    {
        "type": 0,
        "location": [
            259,
            335
        ],
        "bgloc": [
            247.1305199126066,
            273.1769733376817
        ],
        "mean": [
            [
                37.83510638297872,
                34.159574468085104,
                21.04787234042553,
                29.18617021276596,
                24.72872340425532,
                17.80851063829787,
                27.77127659574468,
                19.420212765957448
            ]
        ],
        "min": [
            [
                4,
                6,
                4,
                4,
                1,
                2,
                4,
                0
            ]
        ],
        "max": [
            [
                117,
                94,
                67,
                105,
                102,
                74,
                86,
                80
            ]
        ],
        "RawIntDen": [
            [
                7113,
                6422,
                3957,
                5487,
                4649,
                3348,
                5221,
                3651
            ]
        ],
        "IntDen": [
            [
                30.984228000000005,
                27.974232000000004,
                17.236692,
                23.901372000000002,
                20.251044000000004,
                14.583888000000002,
                22.742676000000003,
                15.903756000000001
            ]
        ],
        "local_bg": [
            [
                5.931578947368421,
                5.578947368421052,
                5.610526315789474,
                5.810526315789474,
                6.068421052631579,
                5.936842105263158,
                6.105263157894737,
                5.647368421052631
            ]
        ],
        "area": [
            0.8189280000000001
        ],
        "distance": 4.417558607180648,
        "points": [
            [
                259.0,
                343.4
            ],
            [
                253.4,
                340.6
            ],
            [
                252.6,
                335.0
            ],
            [
                252.8,
                328.8
            ],
            [
                259.0,
                326.0
            ],
            [
                266.6,
                327.4
            ],
            [
                266.2,
                335.0
            ],
            [
                263.6,
                339.6
            ]
        ],
        "shift": null,
        "channel": 0,
        "closest_Dend": 0
    }
]