[
    {
        "type": 0,
        "location": [
            392,
            298
        ],
        "bgloc": [
            377,
            333
        ],
        "mean": [
            [
                100.86363636363636,
                98.9066985645933,
                104.79425837320574,
                126.35406698564593,
                115.48086124401914,
                113.38755980861244,
                107.71052631578948,
                112.07416267942584
            ]
        ],
        "min": [
            [
                7,
                8,
                6,
                12,
                8,
                11,
                9,
                8
            ]
        ],
        "max": [
            [
                255,
                255,
                255,
                255,
                255,
                255,
                255,
                255
            ]
        ],
        "RawIntDen": [
            [
                42161,
                41343,
                43804,
                52816,
                48271,
                47396,
                45023,
                46847
            ]
        ],
        "IntDen": [
            [
                76520.96142017542,
                75036.31574190156,
                79502.95756859097,
                95859.46961333898,
                87610.42975055827,
                86022.33076707464,
                81715.40632386702,
                85025.91209058033
            ]
        ],
        "local_bg": [
            [
                4.22488038277512,
                3.9665071770334928,
                3.973684210526316,
                5.497607655502392,
                4.990430622009569,
                4.478468899521531,
                4.626794258373206,
                4.803827751196172
            ]
        ],
        "area": [
            1.8149702668384387
        ],
        "distance": 26.717719304400998,
        "points": [
            [
                392.0,
                314.4
            ],
            [
                383.2,
                306.8
            ],
            [
                380.6,
                298.0
            ],
            [
                385.8,
                291.8
            ],
            [
                392.0,
                289.2
            ],
            [
                398.2,
                291.8
            ],
            [
                401.6,
                298.0
            ],
            [
                405.6,
                311.6
            ]
        ],
        "shift": null,
        "channel": 0,
        "closest_Dend": 0
    },
    {
        "type": 0,
        "location": [
            131,
            288
        ],
        "bgloc": [
            107.88676401305608,
            308.4746608354213
        ],
        "mean": [
            [
                50.23831775700935,
                52.24766355140187,
                46.73364485981308,
                66.09345794392523,
                64.41588785046729,
                89.78971962616822,
                79.26635514018692,
                63.149532710280376
            ]
        ],
        "min": [
            [
                7,
                9,
                6,
                8,
                14,
                25,
                18,
                8
            ]
        ],
        "max": [
            [
                164,
                173,
                147,
                215,
                224,
                217,
                213,
                176
            ]
        ],
        "RawIntDen": [
            [
                10751,
                11181,
                10001,
                14144,
                13785,
                19215,
                16963,
                13514
            ]
        ],
        "IntDen": [
            [
                9989.778714112277,
                10389.332694864604,
                9292.88223605589,
                13142.538380839367,
                12808.957266676378,
                17854.487767804614,
                15761.939943027304,
                12557.145339272003
            ]
        ],
        "local_bg": [
            [
                5.585253456221198,
                5.451612903225806,
                5.493087557603687,
                6.331797235023042,
                6.516129032258065,
                6.741935483870968,
                6.405529953917051,
                6.11520737327189
            ]
        ],
        "area": [
            0.9291953040751815
        ],
        "distance": 8.996487523786026,
        "points": [
            [
                131.0,
                298.2
            ],
            [
                122.6,
                296.4
            ],
            [
                124.2,
                288.0
            ],
            [
                125.0,
                282.0
            ],
            [
                131.0,
                282.2
            ],
            [
                136.2,
                282.8
            ],
            [
                142.8,
                288.0
            ],
            [
                136.6,
                293.6
            ]
        ],
        "shift": null,
        "channel": 0,
        "closest_Dend": 0
    },
    {
        "type": 0,
        "location": [
            52,
            212
        ],
        "bgloc": [
            52,
            162
        ],
        "mean": [
            [
                101.0374149659864,
                106.09183673469387,
                104.8639455782313,
                114.85714285714286,
                115.89115646258503,
                115.43877551020408,
                117.43197278911565,
                122.28231292517007
            ]
        ],
        "min": [
            [
                9,
                8,
                14,
                13,
                15,
                21,
                19,
                15
            ]
        ],
        "max": [
            [
                255,
                255,
                251,
                255,
                255,
                255,
                254,
                253
            ]
        ],
        "RawIntDen": [
            [
                29705,
                31191,
                30830,
                33768,
                34072,
                33939,
                34525,
                35951
            ]
        ],
        "IntDen": [
            [
                37920.15641691897,
                39817.12165629085,
                39356.28420581087,
                43106.811711379225,
                43494.88535388868,
                43325.103135290796,
                44073.166143549155,
                45893.53790084679
            ]
        ],
        "local_bg": [
            [
                4.0646258503401365,
                4.295918367346939,
                4.326530612244898,
                4.938775510204081,
                4.782312925170068,
                4.717687074829932,
                4.7482993197278915,
                5.510204081632653
            ]
        ],
        "area": [
            1.2765580345705765
        ],
        "distance": 2.8149998428364142,
        "points": [
            [
                52.0,
                221.6
            ],
            [
                46.0,
                218.0
            ],
            [
                43.2,
                212.0
            ],
            [
                44.0,
                204.0
            ],
            [
                52.0,
                200.2
            ],
            [
                61.6,
                202.4
            ],
            [
                60.6,
                212.0
            ],
            [
                58.4,
                218.4
            ]
        ],
        "shift": null,
        "channel": 0,
        "closest_Dend": 0
    },
    {
        "type": 0,
        "location": [
            129,
            259
        ],
        "bgloc": [
            143,
            231
        ],
        "mean": [
            [
                50.68446601941748,
                45.1747572815534,
                48.737864077669904,
                70.50970873786407,
                71.95145631067962,
                67.48058252427184,
                54.46116504854369,
                60.68446601941748
            ]
        ],
        "min": [
            [
                6,
                5,
                6,
                7,
                9,
                9,
                7,
                6
            ]
        ],
        "max": [
            [
                157,
                134,
                125,
                177,
                170,
                167,
                142,
                193
            ]
        ],
        "RawIntDen": [
            [
                10441,
                9306,
                10040,
                14525,
                14822,
                13901,
                11219,
                12501
            ]
        ],
        "IntDen": [
            [
                9339.046742938728,
                8323.835742724625,
                8980.368671497446,
                12992.017425647451,
                13257.671757862066,
                12433.87499028745,
                10034.935869076679,
                11181.632346851551
            ]
        ],
        "local_bg": [
            [
                4.276699029126213,
                4.058252427184466,
                4.199029126213592,
                5.135922330097087,
                4.684466019417476,
                4.650485436893204,
                4.796116504854369,
                4.674757281553398
            ]
        ],
        "area": [
            0.8944590310256421
        ],
        "distance": 8.052444936909069,
        "points": [
            [
                129.0,
                269.2
            ],
            [
                121.8,
                266.2
            ],
            [
                123.4,
                259.0
            ],
            [
                125.0,
                255.0
            ],
            [
                129.0,
                252.8
            ],
            [
                135.4,
                252.6
            ],
            [
                136.6,
                259.0
            ],
            [
                137.8,
                267.8
            ]
        ],
        "shift": null,
        "channel": 0,
        "closest_Dend": 0
    },
    {
        "type": 0,
        "location": [
            369,
            228
        ],
        "bgloc": [
            351,
            140
        ],
        "mean": [
            [
                106.74545454545455,
                95.46666666666667,
                101.96363636363637,
                105.66060606060606,
                98.08181818181818,
                101.49090909090908,
                105.14242424242424,
                106.0
            ]
        ],
        "min": [
            [
                13,
                7,
                9,
                7,
                8,
                8,
                6,
                7
            ]
        ],
        "max": [
            [
                243,
                230,
                249,
                255,
                255,
                255,
                255,
                255
            ]
        ],
        "RawIntDen": [
            [
                35226,
                31504,
                33648,
                34868,
                32367,
                33492,
                34697,
                34980
            ]
        ],
        "IntDen": [
            [
                50474.32312077698,
                45141.17627879856,
                48213.25226729983,
                49961.3552085179,
                46377.74417902085,
                47989.72435022604,
                49716.33422249471,
                50121.836790006775
            ]
        ],
        "local_bg": [
            [
                4.012121212121212,
                3.963636363636364,
                3.815151515151515,
                4.484848484848484,
                4.284848484848485,
                3.896969696969697,
                4.13939393939394,
                4.3
            ]
        ],
        "area": [
            1.4328712632935041
        ],
        "distance": 25.241844303579967,
        "points": [
            [
                369.0,
                239.0
            ],
            [
                361.2,
                235.8
            ],
            [
                359.0,
                228.0
            ],
            [
                363.2,
                222.2
            ],
            [
                369.0,
                222.0
            ],
            [
                374.6,
                222.4
            ],
            [
                380.8,
                228.0
            ],
            [
                382.4,
                241.4
            ]
        ],
        "shift": null,
        "channel": 0,
        "closest_Dend": 0
    },
    {
        "type": 0,
        "location": [
            232,
            290
        ],
        "bgloc": [
            232,
            310
        ],
        "mean": [
            [
                52.06,
                36.553333333333335,
                45.626666666666665,
                75.95333333333333,
                58.56666666666667,
                45.52,
                42.21333333333333,
                51.013333333333335
            ]
        ],
        "min": [
            [
                14,
                8,
                9,
                18,
                10,
                6,
                8,
                12
            ]
        ],
        "max": [
            [
                116,
                81,
                97,
                176,
                142,
                141,
                107,
                118
            ]
        ],
        "RawIntDen": [
            [
                7809,
                5483,
                6844,
                11393,
                8785,
                6828,
                6332,
                7652
            ]
        ],
        "IntDen": [
            [
                5086.041679572261,
                3571.1059711992198,
                4457.532239082156,
                7420.319228501315,
                5721.715476378834,
                4447.111357167294,
                4124.064017806577,
                4983.786775782679
            ]
        ],
        "local_bg": [
            [
                7.513333333333334,
                6.726666666666667,
                6.8933333333333335,
                7.553333333333334,
                6.7,
                6.58,
                6.446666666666666,
                7.193333333333333
            ]
        ],
        "area": [
            0.6513051196788655
        ],
        "distance": 15.590610143367204,
        "points": [
            [
                232.0,
                297.0
            ],
            [
                227.0,
                295.0
            ],
            [
                224.8,
                290.0
            ],
            [
                226.0,
                284.0
            ],
            [
                232.0,
                283.2
            ],
            [
                238.8,
                283.2
            ],
            [
                238.2,
                290.0
            ],
            [
                236.4,
                294.4
            ]
        ],
        "shift": null,
        "channel": 0,
        "closest_Dend": 0
    },
    {
        "type": 0,
        "location": [
            254,
            246
        ],
        "bgloc": [
            256,
            176
        ],
        "mean": [
            [
                30.027272727272727,
                27.886363636363637,
                33.1,
                49.30909090909091,
                69.37272727272727,
                50.595454545454544,
                44.35,
                46.04090909090909
            ]
        ],
        "min": [
            [
                4,
                3,
                4,
                7,
                9,
                6,
                5,
                6
            ]
        ],
        "max": [
            [
                123,
                112,
                124,
                173,
                201,
                183,
                131,
                161
            ]
        ],
        "RawIntDen": [
            [
                6606,
                6135,
                7282,
                10848,
                15262,
                11131,
                9757,
                10129
            ]
        ],
        "IntDen": [
            [
                6310.3650435445925,
                5860.4434668704325,
                6956.112359535532,
                10362.524976138622,
                14578.987480256974,
                10632.860021146664,
                9320.349943969813,
                9675.702017266603
            ]
        ],
        "local_bg": [
            [
                3.290909090909091,
                3.1636363636363636,
                3.45,
                3.6,
                3.772727272727273,
                3.727272727272727,
                4.213636363636364,
                3.809090909090909
            ]
        ],
        "area": [
            0.9552475088623361
        ],
        "distance": 16.949577896497928,
        "points": [
            [
                254.0,
                254.0
            ],
            [
                249.0,
                251.0
            ],
            [
                248.0,
                246.0
            ],
            [
                249.6,
                241.6
            ],
            [
                254.0,
                235.8
            ],
            [
                263.8,
                236.2
            ],
            [
                263.4,
                246.0
            ],
            [
                260.2,
                252.2
            ]
        ],
        "shift": null,
        "channel": 0,
        "closest_Dend": 0
    },
    {
        "type": 0,
        "location": [
            420,
            299
        ],
        "bgloc": [
            436,
            339
        ],
        "mean": [
            [
                69.23724489795919,
                63.41326530612245,
                65.30867346938776,
                79.61224489795919,
                68.37244897959184,
                66.34948979591837,
                63.142857142857146,
                50.295918367346935
            ]
        ],
        "min": [
            [
                5,
                6,
                7,
                8,
                6,
                6,
                8,
                6
            ]
        ],
        "max": [
            [
                231,
                226,
                236,
                242,
                209,
                210,
                233,
                223
            ]
        ],
        "RawIntDen": [
            [
                27141,
                24858,
                25601,
                31208,
                26802,
                26009,
                24752,
                19716
            ]
        ],
        "IntDen": [
            [
                46196.08215504002,
                42310.23949780719,
                43574.88299072177,
                53118.4308571714,
                45619.07792341412,
                44269.330561528164,
                42129.81929558788,
                33558.157612791314
            ]
        ],
        "local_bg": [
            [
                3.9260204081632653,
                3.9719387755102042,
                3.813775510204082,
                4.658163265306122,
                4.158163265306122,
                3.836734693877551,
                4.502551020408164,
                4.533163265306122
            ]
        ],
        "area": [
            1.7020773794274353
        ],
        "distance": 27.556871327769628,
        "points": [
            [
                420.0,
                311.8
            ],
            [
                415.0,
                304.0
            ],
            [
                413.8,
                299.0
            ],
            [
                414.8,
                293.8
            ],
            [
                420.0,
                290.0
            ],
            [
                428.6,
                290.4
            ],
            [
                437.4,
                299.0
            ],
            [
                432.8,
                311.8
            ]
        ],
        "shift": null,
        "channel": 0,
        "closest_Dend": 0
    },
    {
        "type": 0,
        "location": [
            257,
            307
        ],
        "bgloc": [
            257,
            359
        ],
        "mean": [
            [
                32.234657039711195,
                26.548736462093864,
                31.223826714801444,
                40.32129963898917,
                25.826714801444044,
                28.44043321299639,
                33.288808664259925,
                36.545126353790614
            ]
        ],
        "min": [
            [
                5,
                6,
                4,
                7,
                5,
                5,
                5,
                5
            ]
        ],
        "max": [
            [
                100,
                104,
                112,
                149,
                109,
                106,
                125,
                138
            ]
        ],
        "RawIntDen": [
            [
                8929,
                7354,
                8649,
                11169,
                7154,
                7878,
                9221,
                10123
            ]
        ],
        "IntDen": [
            [
                10739.296303804584,
                8844.975363218604,
                10402.528136589299,
                13433.441641526866,
                8604.426672350543,
                9475.212933292923,
                11090.497392471952,
                12175.371988286908
            ]
        ],
        "local_bg": [
            [
                3.5487364620938626,
                3.5848375451263537,
                3.4151624548736463,
                3.9061371841155235,
                4.0,
                3.404332129963899,
                4.086642599277979,
                4.0830324909747295
            ]
        ],
        "area": [
            1.202743454340305
        ],
        "distance": 17.23928032449091,
        "points": [
            [
                257.0,
                318.2
            ],
            [
                251.2,
                312.8
            ],
            [
                250.2,
                307.0
            ],
            [
                244.8,
                294.8
            ],
            [
                257.0,
                300.0
            ],
            [
                262.4,
                301.6
            ],
            [
                265.0,
                307.0
            ],
            [
                267.0,
                317.0
            ]
        ],
        "shift": null,
        "channel": 0,
        "closest_Dend": 0
    },
    {
        "type": 0,
        "location": [
            46,
            295
        ],
        "bgloc": [
            67,
            404
        ],
        "mean": [
            [
                22.228855721393035,
                22.786069651741293,
                37.865671641791046,
                47.004975124378106,
                47.57213930348259,
                51.17910447761194,
                56.6865671641791,
                47.3134328358209
            ]
        ],
        "min": [
            [
                4,
                3,
                6,
                7,
                7,
                5,
                8,
                5
            ]
        ],
        "max": [
            [
                80,
                91,
                116,
                161,
                163,
                168,
                175,
                158
            ]
        ],
        "RawIntDen": [
            [
                4468,
                4580,
                7611,
                9448,
                9562,
                10287,
                11394,
                9510
            ]
        ],
        "IntDen": [
            [
                3899.4419081317296,
                3997.1897804931336,
                6642.491576273633,
                8245.731232772736,
                8345.224602854878,
                8977.967526622897,
                9944.100515052132,
                8299.841662115656
            ]
        ],
        "local_bg": [
            [
                4.064676616915423,
                4.348258706467662,
                4.253731343283582,
                4.681592039800995,
                4.54726368159204,
                4.422885572139304,
                4.253731343283582,
                4.407960199004975
            ]
        ],
        "area": [
            0.8727488603696798
        ],
        "distance": 1.6597233767320831,
        "points": [
            [
                46.0,
                305.0
            ],
            [
                37.4,
                303.6
            ],
            [
                36.8,
                295.0
            ],
            [
                38.6,
                287.6
            ],
            [
                46.0,
                289.6
            ],
            [
                50.0,
                291.0
            ],
            [
                51.4,
                295.0
            ],
            [
                51.2,
                300.2
            ]
        ],
        "shift": null,
        "channel": 0,
        "closest_Dend": 0
    },
    {
        "type": 0,
        "location": [
            140,
            298
        ],
        "bgloc": [
            129,
            325
        ],
        "mean": [
            [
                25.95306859205776,
                24.772563176895307,
                33.16606498194946,
                40.6173285198556,
                36.47292418772563,
                52.53429602888087,
                53.26714801444043,
                56.75451263537906
            ]
        ],
        "min": [
            [
                6,
                5,
                7,
                6,
                7,
                8,
                10,
                8
            ]
        ],
        "max": [
            [
                97,
                98,
                116,
                167,
                95,
                153,
                176,
                150
            ]
        ],
        "RawIntDen": [
            [
                7189,
                6862,
                9187,
                11251,
                10103,
                14552,
                14755,
                15721
            ]
        ],
        "IntDen": [
            [
                8646.522693252453,
                8253.225583683174,
                11049.604115024382,
                13532.066604782773,
                12151.317119200101,
                17502.32274756012,
                17746.479668791202,
                18908.329845683937
            ]
        ],
        "local_bg": [
            [
                4.425992779783393,
                4.375451263537906,
                4.281588447653429,
                5.194945848375451,
                5.126353790613718,
                5.249097472924188,
                5.368231046931408,
                5.270758122743683
            ]
        ],
        "area": [
            1.202743454340305
        ],
        "distance": 9.796744733443488,
        "points": [
            [
                140.0,
                309.2
            ],
            [
                134.0,
                304.0
            ],
            [
                130.8,
                298.0
            ],
            [
                134.6,
                292.6
            ],
            [
                140.0,
                289.6
            ],
            [
                147.0,
                291.0
            ],
            [
                150.6,
                298.0
            ],
            [
                149.0,
                307.0
            ]
        ],
        "shift": null,
        "channel": 0,
        "closest_Dend": 0
    },
    {
        "type": 0,
        "location": [
            198,
            340
        ],
        "bgloc": [
            215,
            446
        ],
        "mean": [
            [
                108.80913978494624,
                113.64516129032258,
                120.84946236559139,
                128.88978494623655,
                136.8763440860215,
                135.29032258064515,
                129.33064516129033,
                128.2258064516129
            ]
        ],
        "min": [
            [
                7,
                10,
                11,
                17,
                13,
                15,
                13,
                11
            ]
        ],
        "max": [
            [
                255,
                255,
                255,
                255,
                255,
                255,
                255,
                255
            ]
        ],
        "RawIntDen": [
            [
                40477,
                42276,
                44956,
                47947,
                50918,
                50328,
                48111,
                47700
            ]
        ],
        "IntDen": [
            [
                65379.935776518774,
                68285.74659406842,
                72614.58094150203,
                77445.75390164157,
                82244.62212784502,
                81291.6324767309,
                77710.65271991736,
                77046.79043753108
            ]
        ],
        "local_bg": [
            [
                3.7795698924731185,
                3.7688172043010755,
                3.782258064516129,
                4.405913978494624,
                3.978494623655914,
                4.040322580645161,
                4.201612903225806,
                4.456989247311828
            ]
        ],
        "area": [
            1.6152366968035865
        ],
        "distance": 12.70896311322459,
        "points": [
            [
                198.0,
                352.6
            ],
            [
                189.8,
                348.2
            ],
            [
                190.4,
                340.0
            ],
            [
                192.4,
                334.4
            ],
            [
                198.0,
                329.2
            ],
            [
                207.0,
                331.0
            ],
            [
                209.2,
                340.0
            ],
            [
                209.6,
                351.6
            ]
        ],
        "shift": null,
        "channel": 0,
        "closest_Dend": 0
    },
    {
        "type": 0,
        "location": [
            297,
            308
        ],
        "bgloc": [
            300,
            362
        ],
        "mean": [
            [
                16.585365853658537,
                19.941463414634146,
                24.26829268292683,
                24.504878048780487,
                32.27804878048781,
                29.834146341463416,
                28.978048780487804,
                29.041463414634148
            ]
        ],
        "min": [
            [
                2,
                2,
                4,
                4,
                5,
                2,
                4,
                3
            ]
        ],
        "max": [
            [
                58,
                93,
                107,
                96,
                122,
                120,
                97,
                107
            ]
        ],
        "RawIntDen": [
            [
                6800,
                8176,
                9950,
                10047,
                13234,
                12232,
                11881,
                11907
            ]
        ],
        "IntDen": [
            [
                12105.591157764515,
                14555.19313321804,
                17713.328238199545,
                17886.01093559707,
                23559.61667380229,
                21775.822212025814,
                21150.96008020591,
                21197.246164044423
            ]
        ],
        "local_bg": [
            [
                3.529268292682927,
                3.292682926829268,
                3.446341463414634,
                3.892682926829268,
                3.7439024390243905,
                3.4121951219512194,
                3.7195121951219514,
                3.8097560975609754
            ]
        ],
        "area": [
            1.7802339937888991
        ],
        "distance": 19.769774125010027,
        "points": [
            [
                297.0,
                316.4
            ],
            [
                291.4,
                313.6
            ],
            [
                289.4,
                308.0
            ],
            [
                291.4,
                302.4
            ],
            [
                297.0,
                295.0
            ],
            [
                308.6,
                296.4
            ],
            [
                310.4,
                308.0
            ],
            [
                311.2,
                322.2
            ]
        ],
        "shift": null,
        "channel": 0,
        "closest_Dend": 0
    }
]