[
    {
        "type": 0,
        "location": [
            444,
            340
        ],
        "bgloc": [
            458,
            306
        ],
        "mean": [
            [
                23.79187817258883,
                25.421319796954315,
                23.17258883248731,
                31.771573604060915,
                37.6497461928934,
                31.79187817258883,
                23.106598984771573,
                19.95431472081218
            ]
        ],
        "min": [
            [
                6,
                7,
                5,
                7,
                7,
                7,
                7,
                6
            ]
        ],
        "max": [
            [
                68,
                69,
                69,
                104,
                126,
                126,
                74,
                87
            ]
        ],
        "RawIntDen": [
            [
                4687,
                5008,
                4565,
                6259,
                7417,
                6263,
                4552,
                3931
            ]
        ],
        "IntDen": [
            [
                4022.0646840000004,
                4297.525056,
                3917.3725800000007,
                5371.048188000001,
                6364.765044000001,
                5374.480716000001,
                3906.2168640000004,
                3373.3168920000003
            ]
        ],
        "local_bg": [
            [
                17.908629441624367,
                13.543147208121827,
                11.82233502538071,
                13.99492385786802,
                10.355329949238579,
                9.82233502538071,
                9.314720812182742,
                8.812182741116752
            ]
        ],
        "area": [
            0.8581320000000001
        ],
        "distance": 4.389469269135943,
        "points": [
            [
                444.0,
                350.2
            ],
            [
                437.0,
                347.0
            ],
            [
                436.0,
                340.0
            ],
            [
                438.0,
                334.0
            ],
            [
                444.0,
                333.8
            ],
            [
                448.2,
                335.8
            ],
            [
                451.6,
                340.0
            ],
            [
                450.4,
                346.4
            ]
        ],
        "shift": null,
        "channel": 0,
        "closest_Dend": 0
    }
]