[
    {
        "type": 0,
        "location": [
            312,
            113
        ],
        "bgloc": [
            316,
            75
        ],
        "mean": [
            [
            49.888888888888886,
            58.65079365079365,
            53.357142857142854,
            95.89682539682539,
            73.7936507936508,
            68.65079365079364,
            61.53174603174603,
            65.57142857142857
            ]
        ],
        "min": [
            [
                6,
                5,
                6,
                9,
                6,
                6,
                5,
                5
            ]
        ],
        "max": [
            [
                127,
                133,
                110,
                167,
                184,
                159,
                139,
                135
            ]
        ],
        "RawIntDen": [
            [
                9112,
                10964,
                10007,
                18346,
                13889,
                12732,
                10389,
                6602
            ]
        ],
        "IntDen": [
            [
                12185.404704,
                14662.069488000001,
                13382.281044000001,
                24533.959032000002,
                18573.648588000004,
                17026.401744000003,
                13893.126588000001,
                8828.801784000001
            ]
        ],
        "local_bg": [
            [
                6.755700325732899,
                6.6547231270358305,
                6.671009771986971,
                6.495114006514658,
                6.680781758957655,
                7.306188925081433,
                6.8762214983713354,
                7.052117263843648
            ]
        ],
        "area": [
            1.3372920000000001
        ],
        "distance": 2.9592213096638353,
        "points": [
            [
                316.0,
                121.0
            ],
            [
                301.8465077476299,
                121.62568641602121
            ],
            [
                301.0749272977968,
                114.68146236752375
            ],
            [
                306.0191513462942,
                106.19407741936016
            ],
            [
                316.0,
                104.8
            ],
            [
                322.2,
                106.8
            ],
            [
                324.2,
                113.0
            ],
            [
                321.4,
                118.4
            ]
        ],
        "shift": [
            [
                0,
                0
            ],
            [
                0,
                0
            ],
            [
                0,
                0
            ],
            [
                0,
                0
            ],
            [
                0,
                0
            ],
            [
                0,
                -1
            ],
            [
                0,
                0
            ],
            [
                2,
                0
            ]
        ],
        "channel": 0,
        "closest_Dend": 0
    }
]