[
    {
        "type": 0,
        "location": [
            162,
            356
        ],
        "bgloc": [
            166,
            379
        ],
        "mean": [
            [
            59.987096774193546,
            53.438709677419354,
            51.6258064516129,
            63.83870967741935,
            62.92903225806452,
            74.60645161290323,
            87.89677419354838,
            81.81935483870967
            ]
        ],
        "min": [
            [
                15,
                11,
                11,
                12,
                7,
                10,
                10,
                11
            ]
        ],
        "max": [
            [
                145,
                123,
                112,
                153,
                183,
                224,
                200,
                230
            ]
        ],
        "RawIntDen": [
            [
                10618,
                9459,
                9138,
                11299,
                11138,
                13205,
                15558,
                14482
            ]
        ],
        "IntDen": [
            [
                8186.386548,
                7292.733897,
                7045.328582,
                8712.012787,
                8587.869906,
                10181.4771,
                11995.19578,
                11165.81568
            ]
        ],
        "local_bg": [
            [
                9.32768361581921,
                10.740112994350282,
                11.005649717514125,
                9.971751412429379,
                8.655367231638419,
                9.887005649717514,
                9.141242937853107,
                9.700564971751412
            ]
        ],
        "area": [
            0.7710120000000001
        ],
        "distance": 6.9429871973918145,
        "points": [
            [
                162.0,
                362.4
            ],
            [
                156.6,
                361.4
            ],
            [
                152.4,
                356.0
            ],
            [
                155.2,
                349.2
            ],
            [
                162.0,
                348.4
            ],
            [
                167.8,
                350.2
            ],
            [
                168.2,
                356.0
            ],
            [
                167.6,
                361.6
            ]
        ],
        "shift": null,
        "channel": 0,
        "closest_Dend": 0
    }
]