[
    {
        "type": 0,
        "location": [
            426,
            198
        ],
        "bgloc": [
            335,
            54
        ],
        "mean": [
            [
                55.56934306569343,
                63.86131386861314,
                56.79197080291971,
                57.06204379562044,
                59.872262773722625,
                52.27372262773723,
                46.81386861313869,
                31.54014598540146
            ]
        ],
        "min": [
            [
                6,
                8,
                9,
                8,
                7,
                6,
                5,
                3
            ]
        ],
        "max": [
            [
                168,
                197,
                194,
                201,
                215,
                172,
                172,
                147
            ]
        ],
        "RawIntDen": [
            [
                15226,
                17498,
                15561,
                15635,
                16405,
                14323,
                12827,
                8642
            ]
        ],
        "IntDen": [
            [
                18172.900944,
                20884.632912,
                18572.738184,
                18661.06044,
                19580.089320000003,
                17095.130712000002,
                15309.588888000002,
                10314.607248000002
            ]
        ],
        "local_bg": [
            [
                2.5255474452554743,
                2.7372262773722627,
                2.521897810218978,
                2.427007299270073,
                2.897810218978102,
                3.208029197080292,
                3.2554744525547443,
                3.386861313868613
            ]
        ],
        "area": [
            1.1935440000000002
        ],
        "distance": 3.9586407705211815,
        "points": [
            [
                426.0,
                206.2
            ],
            [
                417.4,
                206.6
            ],
            [
                412.6,
                198.0
            ],
            [
                419.0,
                191.0
            ],
            [
                426.0,
                188.2
            ],
            [
                431.0,
                193.0
            ],
            [
                432.8,
                198.0
            ],
            [
                433.8,
                205.8
            ]
        ],
        "shift": null,
        "channel": 0,
        "closest_Dend": 0
    }
]