[
    {
        "type": "Stim",
        "location": [
            940,
            231
        ],
        "radloc": [
            0,
            0
        ],
        "mean": [
            63.02298850574713,
            63.04597701149425,
            69.5,
            84.04022988505747,
            109.75862068965517,
            132.04022988505747,
            130.07471264367817,
            126.28735632183908
        ],
        "min": [
            7,
            6,
            11,
            11,
            9,
            38,
            26,
            33
        ],
        "max": [
            163,
            165,
            174,
            234,
            255,
            255,
            242,
            255
        ],
        "RawIntDen": [
            10966,
            10970,
            12093,
            14623,
            19098,
            22975,
            22633,
            21974
        ],
        "IntDen": [
            19766.226255612033,
            19773.436259717673,
            21797.644912376098,
            26357.972509193394,
            34424.16460237813,
            41412.46108176969,
            40796.005730737474,
            39608.15755433328
        ],
        "FlagUp": 0,
        "Times": [
            -15,
            -10,
            -5,
            2,
            10,
            20,
            30,
            40
        ],
        "width": 0,
        "height": 0,
        "area": 1.8025010264099974,
        "distance": 0,
        "xpert": [
            [
                940.0,
                238.6
            ],
            [
                933.6,
                237.4
            ],
            [
                929.8,
                231.0
            ],
            [
                934.4,
                225.4
            ],
            [
                940.0,
                223.8
            ],
            [
                948.0,
                223.0
            ],
            [
                949.8,
                231.0
            ],
            [
                946.0,
                237.0
            ],
            [
                940.0,
                238.6
            ],
            [
                940.0,
                238.6
            ],
            [
                940.0,
                238.6
            ],
            [
                940.0,
                238.6
            ],
            [
                940.0,
                238.6
            ],
            [
                940.0,
                238.6
            ],
            [
                940.0,
                238.6
            ],
            [
                940.0,
                238.6
            ],
            [
                940.0,
                238.6
            ]
        ],
        "stack": 0,
        "shift": [
            [
                0,
                0
            ],
            [
                1,
                0
            ],
            [
                1,
                0
            ],
            [
                1,
                0
            ],
            [
                0,
                -2
            ],
            [
                0,
                -3
            ],
            [
                0,
                -3
            ],
            [
                0,
                -3
            ]
        ],
        "channel": 0
    },
    {
        "type": "Stim",
        "location": [
            823,
            261
        ],
        "radloc": [
            0,
            0
        ],
        "mean": [
            43.369369369369366,
            76.990990990991,
            53.909909909909906,
            110.43243243243244,
            109.84684684684684,
            118.30630630630631,
            108.09009009009009,
            94.43243243243244
        ],
        "min": [
            8,
            16,
            9,
            21,
            32,
            35,
            24,
            25
        ],
        "max": [
            152,
            197,
            170,
            212,
            201,
            209,
            207,
            180
        ],
        "RawIntDen": [
            4814,
            8546,
            5984,
            12258,
            12193,
            13132,
            11998,
            10482
        ],
        "IntDen": [
            8232.3518130662,
            14614.391066569118,
            10233.151900579172,
            20962.22860917438,
            20851.073048756993,
            22456.843375402023,
            20517.60636750483,
            17925.11668146238
        ],
        "FlagUp": 0,
        "Times": [
            -15,
            -10,
            -5,
            2,
            10,
            20,
            30,
            40
        ],
        "width": 0,
        "height": 0,
        "area": 1.7100855448828831,
        "distance": 0,
        "xpert": [
            [
                823.0,
                269.8
            ],
            [
                815.6,
                268.4
            ],
            [
                814.4,
                261.0
            ],
            [
                818.8,
                256.8
            ],
            [
                823.0,
                256.8
            ],
            [
                827.2,
                256.8
            ],
            [
                828.4,
                261.0
            ],
            [
                827.4,
                265.4
            ],
            [
                823.0,
                269.8
            ],
            [
                823.0,
                269.8
            ],
            [
                823.0,
                269.8
            ],
            [
                823.0,
                269.8
            ],
            [
                823.0,
                269.8
            ],
            [
                823.0,
                269.8
            ],
            [
                823.0,
                269.8
            ],
            [
                823.0,
                269.8
            ],
            [
                823.0,
                269.8
            ]
        ],
        "stack": 0,
        "shift": [
            [
                0,
                0
            ],
            [
                0,
                -1
            ],
            [
                0,
                -1
            ],
            [
                0,
                -1
            ],
            [
                -1,
                -1
            ],
            [
                -2,
                -1
            ],
            [
                -2,
                -1
            ],
            [
                -1,
                -1
            ]
        ],
        "channel": 0
    },
    {
        "type": "Stim",
        "location": [
            502,
            257
        ],
        "radloc": [
            0,
            0
        ],
        "mean": [
            83.49618320610686,
            84.77862595419847,
            79.93129770992367,
            116.00763358778626,
            157.70992366412213,
            152.15267175572518,
            141.55725190839695,
            108.08396946564885
        ],
        "min": [
            13,
            18,
            9,
            8,
            17,
            27,
            26,
            14
        ],
        "max": [
            196,
            242,
            230,
            239,
            255,
            255,
            255,
            248
        ],
        "RawIntDen": [
            10938,
            11106,
            10471,
            15197,
            20660,
            19932,
            18544,
            14159
        ],
        "IntDen": [
            18539.0169439986,
            18823.763227285464,
            17747.49007319522,
            25757.674208991284,
            35017.01317087319,
            33783.112609963435,
            31430.565936140974,
            23998.348958683135
        ],
        "FlagUp": 0,
        "Times": [
            -15,
            -10,
            -5,
            2,
            10,
            20,
            30,
            40
        ],
        "width": 0,
        "height": 0,
        "area": 1.694918352898025,
        "distance": 0,
        "xpert": [
            [
                502.0,
                265.4
            ],
            [
                495.0,
                264.0
            ],
            [
                492.6,
                257.0
            ],
            [
                495.4,
                250.4
            ],
            [
                502.0,
                251.0
            ],
            [
                506.0,
                253.0
            ],
            [
                507.0,
                257.0
            ],
            [
                506.0,
                261.0
            ],
            [
                502.0,
                265.4
            ],
            [
                502.0,
                265.4
            ],
            [
                502.0,
                265.4
            ],
            [
                502.0,
                265.4
            ],
            [
                502.0,
                265.4
            ],
            [
                502.0,
                265.4
            ],
            [
                502.0,
                265.4
            ],
            [
                502.0,
                265.4
            ],
            [
                502.0,
                265.4
            ]
        ],
        "stack": 0,
        "shift": [
            [
                0,
                0
            ],
            [
                2,
                0
            ],
            [
                1,
                0
            ],
            [
                1,
                0
            ],
            [
                0,
                0
            ],
            [
                -1,
                0
            ],
            [
                -1,
                0
            ],
            [
                -1,
                0
            ]
        ],
        "channel": 0
    },
    {
        "type": "Stim",
        "location": [
            387,
            240
        ],
        "radloc": [
            0,
            0
        ],
        "mean": [
            70.6413043478261,
            68.04347826086956,
            49.56521739130435,
            125.83695652173913,
            83.6413043478261,
            83.31521739130434,
            75.94565217391305,
            40.20652173913044
        ],
        "min": [
            6,
            12,
            7,
            30,
            14,
            15,
            10,
            5
        ],
        "max": [
            188,
            167,
            167,
            224,
            181,
            170,
            215,
            107
        ],
        "RawIntDen": [
            6499,
            6260,
            4560,
            11577,
            7695,
            7665,
            6987,
            3699
        ],
        "IntDen": [
            5187.578856855316,
            4996.806223098059,
            3639.8460666656783,
            9240.898665304509,
            6142.240237498332,
            6118.293881796584,
            5577.106242937082,
            2952.585658025514
        ],
        "FlagUp": 0,
        "Times": [
            -15,
            -10,
            -5,
            2,
            10,
            20,
            30,
            40
        ],
        "width": 0,
        "height": 0,
        "area": 0.7982118567249294,
        "distance": 0,
        "xpert": [
            [
                387.0,
                244.8
            ],
            [
                381.8,
                245.2
            ],
            [
                376.8,
                240.0
            ],
            [
                382.8,
                235.8
            ],
            [
                387.0,
                235.8
            ],
            [
                390.8,
                236.2
            ],
            [
                392.4,
                240.0
            ],
            [
                390.2,
                243.2
            ],
            [
                387.0,
                244.8
            ],
            [
                387.0,
                244.8
            ],
            [
                387.0,
                244.8
            ],
            [
                387.0,
                244.8
            ],
            [
                387.0,
                244.8
            ],
            [
                387.0,
                244.8
            ],
            [
                387.0,
                244.8
            ],
            [
                387.0,
                244.8
            ],
            [
                387.0,
                244.8
            ]
        ],
        "stack": 0,
        "shift": [
            [
                0,
                0
            ],
            [
                2,
                -1
            ],
            [
                1,
                -1
            ],
            [
                2,
                -1
            ],
            [
                1,
                -1
            ],
            [
                0,
                -1
            ],
            [
                0,
                0
            ],
            [
                1,
                1
            ]
        ],
        "channel": 0
    },
    {
        "type": "Stim",
        "location": [
            286,
            233
        ],
        "radloc": [
            0,
            0
        ],
        "mean": [
            59.0,
            45.875,
            54.1625,
            41.6625,
            64.5625,
            71.8125,
            78.8,
            84.2625
        ],
        "min": [
            14,
            13,
            13,
            12,
            16,
            19,
            22,
            20
        ],
        "max": [
            171,
            106,
            125,
            91,
            105,
            132,
            164,
            187
        ],
        "RawIntDen": [
            4720,
            3670,
            4333,
            3333,
            5165,
            5745,
            6304,
            6741
        ],
        "IntDen": [
            4841.976825468753,
            3764.842150311509,
            4444.975759482226,
            3419.1332117134225,
            5298.47675922587,
            5893.465436931777,
            6466.911421134538,
            6915.204614509505
        ],
        "FlagUp": 0,
        "Times": [
            -15,
            -10,
            -5,
            2,
            10,
            20,
            30,
            40
        ],
        "width": 0,
        "height": 0,
        "area": 1.0258425477688036,
        "distance": 0,
        "xpert": [
            [
                286.0,
                239.0
            ],
            [
                282.0,
                237.0
            ],
            [
                281.4,
                233.0
            ],
            [
                282.6,
                229.6
            ],
            [
                286.0,
                221.6
            ],
            [
                290.8,
                228.2
            ],
            [
                291.2,
                233.0
            ],
            [
                289.8,
                236.8
            ],
            [
                286.0,
                239.0
            ],
            [
                286.0,
                239.0
            ],
            [
                286.0,
                239.0
            ],
            [
                286.0,
                239.0
            ],
            [
                286.0,
                239.0
            ],
            [
                286.0,
                239.0
            ],
            [
                286.0,
                239.0
            ],
            [
                286.0,
                239.0
            ],
            [
                286.0,
                239.0
            ]
        ],
        "stack": 0,
        "shift": [
            [
                0,
                0
            ],
            [
                2,
                0
            ],
            [
                2,
                -1
            ],
            [
                2,
                -1
            ],
            [
                2,
                -1
            ],
            [
                1,
                -2
            ],
            [
                0,
                -2
            ],
            [
                0,
                -2
            ]
        ],
        "channel": 0
    },
    {
        "type": "Stim",
        "location": [
            114,
            183
        ],
        "radloc": [
            0,
            0
        ],
        "mean": [
            112.13084112149532,
            89.67289719626169,
            97.25233644859813,
            138.79439252336448,
            136.98130841121494,
            106.73831775700934,
            128.4392523364486,
            133.13084112149534
        ],
        "min": [
            18,
            19,
            15,
            20,
            29,
            20,
            17,
            18
        ],
        "max": [
            224,
            214,
            221,
            234,
            255,
            255,
            255,
            255
        ],
        "RawIntDen": [
            11998,
            9595,
            10406,
            14851,
            14657,
            11421,
            13743,
            14245
        ],
        "IntDen": [
            12736.844370764575,
            10185.866122477588,
            11046.8080115166,
            15765.53390150231,
            15559.587259734653,
            12124.312348599951,
            14589.302566045804,
            15122.216041135303
        ],
        "FlagUp": 0,
        "Times": [
            -15,
            -10,
            -5,
            2,
            10,
            20,
            30,
            40
        ],
        "width": 0,
        "height": 0,
        "area": 1.061580627668326,
        "distance": 0,
        "xpert": [
            [
                114.0,
                188.6
            ],
            [
                110.0,
                187.0
            ],
            [
                108.0,
                183.0
            ],
            [
                107.2,
                176.2
            ],
            [
                114.0,
                174.4
            ],
            [
                118.6,
                178.4
            ],
            [
                120.2,
                183.0
            ],
            [
                119.6,
                188.6
            ],
            [
                114.0,
                188.6
            ],
            [
                114.0,
                188.6
            ],
            [
                114.0,
                188.6
            ],
            [
                114.0,
                188.6
            ],
            [
                114.0,
                188.6
            ],
            [
                114.0,
                188.6
            ],
            [
                114.0,
                188.6
            ],
            [
                114.0,
                188.6
            ],
            [
                114.0,
                188.6
            ]
        ],
        "stack": 0,
        "shift": [
            [
                0,
                0
            ],
            [
                1,
                0
            ],
            [
                1,
                0
            ],
            [
                1,
                0
            ],
            [
                1,
                0
            ],
            [
                1,
                0
            ],
            [
                1,
                0
            ],
            [
                1,
                0
            ]
        ],
        "channel": 0
    },
    {
        "type": "Spine",
        "location": [
            18,
            142
        ],
        "radloc": [
            0,
            0
        ],
        "mean": [
            111.81212121212121,
            101.07272727272728,
            147.97575757575757,
            148.15151515151516,
            162.76969696969698,
            163.42424242424244,
            156.56969696969696,
            168.0121212121212
        ],
        "min": [
            28,
            26,
            15,
            23,
            39,
            40,
            35,
            30
        ],
        "max": [
            251,
            246,
            255,
            255,
            255,
            255,
            255,
            255
        ],
        "RawIntDen": [
            18449,
            16677,
            24416,
            24445,
            26857,
            26965,
            25834,
            27722
        ],
        "IntDen": [
            26356.28035409413,
            23824.797412609238,
            34880.749153101104,
            34922.17861433308,
            38367.96690714434,
            38522.25593518067,
            36906.506947133596,
            39603.7077335464
        ],
        "FlagUp": 0,
        "Times": [
            -15,
            -10,
            -5,
            2,
            10,
            20,
            30,
            40
        ],
        "width": 0,
        "height": 0,
        "area": 1.4286021114474567,
        "distance": 8.326876460404511,
        "xpert": [
            [
                18.0,
                147.4
            ],
            [
                12.0,
                148.0
            ],
            [
                8.0,
                142.0
            ],
            [
                7.4,
                131.4
            ],
            [
                18.0,
                133.6
            ],
            [
                25.0,
                135.0
            ],
            [
                24.2,
                142.0
            ],
            [
                22.2,
                146.2
            ],
            [
                18.0,
                147.4
            ],
            [
                18.0,
                147.4
            ],
            [
                18.0,
                147.4
            ],
            [
                18.0,
                147.4
            ],
            [
                18.0,
                147.4
            ],
            [
                18.0,
                147.4
            ],
            [
                18.0,
                147.4
            ],
            [
                18.0,
                147.4
            ],
            [
                18.0,
                147.4
            ]
        ],
        "stack": 0,
        "shift": [
            [
                0,
                0
            ],
            [
                0,
                0
            ],
            [
                -2,
                -1
            ],
            [
                -2,
                -1
            ],
            [
                -2,
                -1
            ],
            [
                -3,
                -1
            ],
            [
                -4,
                -1
            ],
            [
                -3,
                -1
            ]
        ],
        "channel": 0
    },
    {
        "type": "Spine",
        "location": [
            29,
            118
        ],
        "radloc": [
            0,
            0
        ],
        "mean": [
            160.6969696969697,
            131.97979797979798,
            206.37373737373738,
            203.64646464646464,
            198.7171717171717,
            201.84848484848484,
            211.63636363636363,
            215.92929292929293
        ],
        "min": [
            66,
            43,
            67,
            68,
            58,
            64,
            65,
            91
        ],
        "max": [
            251,
            235,
            255,
            255,
            255,
            255,
            255,
            255
        ],
        "RawIntDen": [
            15909,
            13066,
            20431,
            20161,
            19673,
            19983,
            20952,
            21377
        ],
        "IntDen": [
            29675.084671703014,
            24372.03195175508,
            38109.97893818369,
            37606.34748043274,
            36696.08025309029,
            37274.32377865619,
            39081.80112147347,
            39874.55434200737
        ],
        "FlagUp": 0,
        "Times": [
            -15,
            -10,
            -5,
            2,
            10,
            20,
            30,
            40
        ],
        "width": 0,
        "height": 0,
        "area": 1.8653016953738772,
        "distance": 7.574746981847787,
        "xpert": [
            [
                28.626881720430106,
                127.576946236559
            ],
            [
                22.897849462365592,
                124.63501075268803
            ],
            [
                22.74301075268817,
                117.82210752688158
            ],
            [
                25.839784946236556,
                113.48662365591383
            ],
            [
                30.33010752688172,
                113.33178494623643
            ],
            [
                34.35591397849462,
                115.34468817204286
            ],
            [
                35.13010752688172,
                118.75113978494609
            ],
            [
                32.96236559139785,
                123.70597849462351
            ],
            [
                28.626881720430106,
                127.576946236559
            ],
            [
                28.626881720430106,
                127.576946236559
            ],
            [
                28.626881720430106,
                127.576946236559
            ],
            [
                28.626881720430106,
                127.576946236559
            ],
            [
                28.626881720430106,
                127.576946236559
            ],
            [
                28.626881720430106,
                127.576946236559
            ],
            [
                28.626881720430106,
                127.576946236559
            ],
            [
                28.626881720430106,
                127.576946236559
            ],
            [
                28.626881720430106,
                127.576946236559
            ]
        ],
        "stack": 0,
        "shift": [
            [
                0,
                0
            ],
            [
                0,
                0
            ],
            [
                0,
                0
            ],
            [
                0,
                0
            ],
            [
                0,
                1
            ],
            [
                0,
                1
            ],
            [
                0,
                1
            ],
            [
                0,
                1
            ]
        ],
        "channel": 0
    },
    {
        "type": "Spine",
        "location": [
            64,
            131
        ],
        "radloc": [
            0,
            0
        ],
        "mean": [
            134.7448275862069,
            126.33103448275862,
            210.8,
            217.11724137931034,
            199.77241379310345,
            231.98620689655172,
            230.97241379310344,
            238.6689655172414
        ],
        "min": [
            33,
            56,
            113,
            124,
            59,
            149,
            128,
            139
        ],
        "max": [
            240,
            248,
            255,
            255,
            255,
            255,
            255,
            255
        ],
        "RawIntDen": [
            19538,
            18318,
            30566,
            31482,
            28967,
            33638,
            33491,
            34607
        ],
        "IntDen": [
            52789.64513214155,
            49493.331944445126,
            82586.15483207282,
            85061.09161890062,
            78265.82303934611,
            90886.37951453462,
            90489.20079437776,
            93504.51679230334
        ],
        "FlagUp": 0,
        "Times": [
            -15,
            -10,
            -5,
            2,
            10,
            20,
            30,
            40
        ],
        "width": 0,
        "height": 0,
        "area": 2.7018960554888705,
        "distance": 5.1772044192751965,
        "xpert": [
            [
                64.0,
                142.4
            ],
            [
                58.0,
                137.0
            ],
            [
                58.2010752688172,
                132.68662365591382
            ],
            [
                59.90430107526881,
                125.2543655913977
            ],
            [
                64.54946236559141,
                124.78984946236545
            ],
            [
                70.43333333333334,
                128.50597849462352
            ],
            [
                73.22043010752688,
                133.61565591397834
            ],
            [
                71.36236559139786,
                139.34468817204288
            ],
            [
                64.0,
                142.4
            ],
            [
                64.0,
                142.4
            ],
            [
                64.0,
                142.4
            ],
            [
                64.0,
                142.4
            ],
            [
                64.0,
                142.4
            ],
            [
                64.0,
                142.4
            ],
            [
                64.0,
                142.4
            ],
            [
                64.0,
                142.4
            ],
            [
                64.0,
                142.4
            ]
        ],
        "stack": 0,
        "shift": [
            [
                0,
                0
            ],
            [
                0,
                0
            ],
            [
                -1,
                0
            ],
            [
                -1,
                0
            ],
            [
                -1,
                1
            ],
            [
                -2,
                1
            ],
            [
                -3,
                1
            ],
            [
                -3,
                1
            ]
        ],
        "channel": 0
    },
    {
        "type": "Spine",
        "location": [
            171,
            223
        ],
        "radloc": [
            0,
            0
        ],
        "mean": [
            108.80124223602485,
            98.8695652173913,
            126.26708074534162,
            104.45341614906832,
            111.17391304347827,
            161.9503105590062,
            177.7826086956522,
            175.45962732919256
        ],
        "min": [
            16,
            14,
            26,
            25,
            19,
            37,
            82,
            45
        ],
        "max": [
            225,
            232,
            243,
            216,
            205,
            251,
            255,
            255
        ],
        "RawIntDen": [
            17517,
            15918,
            20329,
            16817,
            17899,
            26074,
            28623,
            28249
        ],
        "IntDen": [
            47728.4098181465,
            43371.62913085894,
            55390.240520243206,
            45821.12621520636,
            48769.24172717956,
            71043.58951865912,
            77988.8265242226,
            76969.7921420803
        ],
        "FlagUp": 0,
        "Times": [
            -15,
            -10,
            -5,
            2,
            10,
            20,
            30,
            40
        ],
        "width": 0,
        "height": 0,
        "area": 2.724690861343067,
        "distance": -4.8091339764274394,
        "xpert": [
            [
                171.0,
                233.2
            ],
            [
                160.0,
                234.0
            ],
            [
                163.2,
                223.0
            ],
            [
                161.0,
                213.0
            ],
            [
                171.0,
                215.4
            ],
            [
                175.0,
                219.0
            ],
            [
                178.4,
                223.0
            ],
            [
                177.6,
                229.6
            ],
            [
                171.0,
                233.2
            ],
            [
                171.0,
                233.2
            ],
            [
                171.0,
                233.2
            ],
            [
                171.0,
                233.2
            ],
            [
                171.0,
                233.2
            ],
            [
                171.0,
                233.2
            ],
            [
                171.0,
                233.2
            ],
            [
                171.0,
                233.2
            ],
            [
                171.0,
                233.2
            ]
        ],
        "stack": 0,
        "shift": [
            [
                0,
                0
            ],
            [
                1,
                0
            ],
            [
                1,
                0
            ],
            [
                1,
                0
            ],
            [
                0,
                0
            ],
            [
                0,
                0
            ],
            [
                0,
                0
            ],
            [
                0,
                0
            ]
        ],
        "channel": 0
    },
    {
        "type": "Spine",
        "location": [
            223,
            231
        ],
        "radloc": [
            0,
            0
        ],
        "mean": [
            40.06896551724138,
            30.632183908045977,
            31.988505747126435,
            32.4367816091954,
            53.32183908045977,
            52.08045977011494,
            78.97701149425288,
            74.95402298850574
        ],
        "min": [
            8,
            8,
            7,
            7,
            16,
            9,
            18,
            13
        ],
        "max": [
            121,
            72,
            86,
            92,
            125,
            139,
            169,
            173
        ],
        "RawIntDen": [
            3486,
            2665,
            2783,
            2822,
            4639,
            4531,
            6871,
            6521
        ],
        "IntDen": [
            3030.6621253746603,
            2316.9003339424753,
            2419.4872905673205,
            2453.39314911282,
            4033.058404937765,
            3939.1652581963813,
            5973.51677092636,
            5669.233425005209
        ],
        "FlagUp": 0,
        "Times": [
            -15,
            -10,
            -5,
            2,
            10,
            20,
            30,
            40
        ],
        "width": 0,
        "height": 0,
        "area": 0.8693809883461446,
        "distance": -4.287800296973969,
        "xpert": [
            [
                223.0,
                236.2
            ],
            [
                217.8,
                236.2
            ],
            [
                216.6,
                231.0
            ],
            [
                219.2,
                227.2
            ],
            [
                223.0,
                223.2
            ],
            [
                227.0,
                227.0
            ],
            [
                228.4,
                231.0
            ],
            [
                228.0,
                236.0
            ],
            [
                223.0,
                236.2
            ],
            [
                223.0,
                236.2
            ],
            [
                223.0,
                236.2
            ],
            [
                223.0,
                236.2
            ],
            [
                223.0,
                236.2
            ],
            [
                223.0,
                236.2
            ],
            [
                223.0,
                236.2
            ],
            [
                223.0,
                236.2
            ],
            [
                223.0,
                236.2
            ]
        ],
        "stack": 0,
        "shift": [
            [
                0,
                0
            ],
            [
                1,
                0
            ],
            [
                1,
                0
            ],
            [
                1,
                0
            ],
            [
                1,
                0
            ],
            [
                1,
                0
            ],
            [
                1,
                0
            ],
            [
                1,
                0
            ]
        ],
        "channel": 0
    },
    {
        "type": "Spine",
        "location": [
            245,
            254
        ],
        "radloc": [
            0,
            0
        ],
        "mean": [
            69.46428571428571,
            73.30714285714286,
            69.15,
            66.52142857142857,
            131.42857142857142,
            119.17857142857143,
            102.80714285714286,
            126.19285714285714
        ],
        "min": [
            5,
            7,
            7,
            7,
            28,
            17,
            25,
            19
        ],
        "max": [
            193,
            201,
            192,
            183,
            237,
            252,
            223,
            246
        ],
        "RawIntDen": [
            9725,
            10263,
            9681,
            9313,
            18400,
            16685,
            14393,
            17667
        ],
        "IntDen": [
            19665.3988774743,
            20753.31503131298,
            19576.42432214177,
            18832.273495724232,
            37207.54132087683,
            33739.555811892926,
            29104.790338661966,
            35725.306114996245
        ],
        "FlagUp": 0,
        "Times": [
            -15,
            -10,
            -5,
            2,
            10,
            20,
            30,
            40
        ],
        "width": 0,
        "height": 0,
        "area": 2.0221489848302623,
        "distance": -2.783541339860519,
        "xpert": [
            [
                245.0,
                263.4
            ],
            [
                238.2,
                260.8
            ],
            [
                239.2,
                254.0
            ],
            [
                240.4,
                249.4
            ],
            [
                245.0,
                247.6
            ],
            [
                250.0,
                249.0
            ],
            [
                251.8,
                254.0
            ],
            [
                253.0,
                262.0
            ],
            [
                245.0,
                263.4
            ],
            [
                245.0,
                263.4
            ],
            [
                245.0,
                263.4
            ],
            [
                245.0,
                263.4
            ],
            [
                245.0,
                263.4
            ],
            [
                245.0,
                263.4
            ],
            [
                245.0,
                263.4
            ],
            [
                245.0,
                263.4
            ],
            [
                245.0,
                263.4
            ]
        ],
        "stack": 0,
        "shift": [
            [
                0,
                0
            ],
            [
                2,
                0
            ],
            [
                2,
                0
            ],
            [
                2,
                0
            ],
            [
                2,
                0
            ],
            [
                2,
                0
            ],
            [
                1,
                0
            ],
            [
                2,
                0
            ]
        ],
        "channel": 0
    },
    {
        "type": "Spine",
        "location": [
            314,
            228
        ],
        "radloc": [
            0,
            0
        ],
        "mean": [
            86.2719298245614,
            76.0701754385965,
            85.84210526315789,
            87.86842105263158,
            74.48245614035088,
            66.78070175438596,
            124.75438596491227,
            138.60526315789474
        ],
        "min": [
            23,
            15,
            21,
            14,
            16,
            14,
            49,
            49
        ],
        "max": [
            193,
            179,
            203,
            199,
            163,
            141,
            253,
            250
        ],
        "RawIntDen": [
            9835,
            8672,
            9786,
            10017,
            8491,
            7613,
            14222,
            15801
        ],
        "IntDen": [
            10167.6716326593,
            8965.332831562933,
            10117.014193920071,
            10355.827833690717,
            8778.210455811908,
            7870.511859627376,
            14703.063137740779,
            16335.473255480385
        ],
        "FlagUp": 0,
        "Times": [
            -15,
            -10,
            -5,
            2,
            10,
            20,
            30,
            40
        ],
        "width": 0,
        "height": 0,
        "area": 1.0338252803924046,
        "distance": -1.8996236352562081,
        "xpert": [
            [
                314.0,
                233.2
            ],
            [
                308.8,
                233.2
            ],
            [
                304.0,
                228.0
            ],
            [
                307.8,
                221.8
            ],
            [
                314.0,
                222.8
            ],
            [
                319.0,
                223.0
            ],
            [
                320.4,
                228.0
            ],
            [
                319.2,
                233.2
            ],
            [
                314.0,
                233.2
            ],
            [
                314.0,
                233.2
            ],
            [
                314.0,
                233.2
            ],
            [
                314.0,
                233.2
            ],
            [
                314.0,
                233.2
            ],
            [
                314.0,
                233.2
            ],
            [
                314.0,
                233.2
            ],
            [
                314.0,
                233.2
            ],
            [
                314.0,
                233.2
            ]
        ],
        "stack": 0,
        "shift": [
            [
                0,
                0
            ],
            [
                2,
                0
            ],
            [
                2,
                0
            ],
            [
                2,
                0
            ],
            [
                2,
                0
            ],
            [
                1,
                0
            ],
            [
                1,
                0
            ],
            [
                2,
                0
            ]
        ],
        "channel": 0
    },
    {
        "type": "Spine",
        "location": [
            329,
            222
        ],
        "radloc": [
            0,
            0
        ],
        "mean": [
            82.51515151515152,
            74.57575757575758,
            76.58585858585859,
            79.26262626262626,
            62.01010101010101,
            62.97979797979798,
            63.02020202020202,
            86.25252525252525
        ],
        "min": [
            26,
            16,
            18,
            18,
            12,
            13,
            14,
            18
        ],
        "max": [
            185,
            173,
            156,
            198,
            139,
            197,
            158,
            196
        ],
        "RawIntDen": [
            8169,
            7383,
            7582,
            7847,
            6139,
            6235,
            6239,
            8539
        ],
        "IntDen": [
            8979.045201229965,
            8115.104752194984,
            8333.837766645316,
            8625.115398953547,
            6747.74862166125,
            6853.268065818194,
            6857.664709324733,
            9385.734725584853
        ],
        "FlagUp": 0,
        "Times": [
            -15,
            -10,
            -5,
            2,
            10,
            20,
            30,
            40
        ],
        "width": 0,
        "height": 0,
        "area": 1.0991608766348346,
        "distance": -3.4697767053934503,
        "xpert": [
            [
                329.0,
                228.0
            ],
            [
                322.4,
                228.6
            ],
            [
                321.6,
                222.0
            ],
            [
                322.8,
                215.8
            ],
            [
                329.0,
                215.2
            ],
            [
                333.4,
                217.6
            ],
            [
                334.4,
                222.0
            ],
            [
                332.4,
                225.4
            ],
            [
                329.0,
                228.0
            ],
            [
                329.0,
                228.0
            ],
            [
                329.0,
                228.0
            ],
            [
                329.0,
                228.0
            ],
            [
                329.0,
                228.0
            ],
            [
                329.0,
                228.0
            ],
            [
                329.0,
                228.0
            ],
            [
                329.0,
                228.0
            ],
            [
                329.0,
                228.0
            ]
        ],
        "stack": 0,
        "shift": [
            [
                0,
                0
            ],
            [
                1,
                0
            ],
            [
                1,
                -1
            ],
            [
                1,
                -1
            ],
            [
                1,
                -1
            ],
            [
                1,
                -2
            ],
            [
                1,
                -2
            ],
            [
                1,
                -2
            ]
        ],
        "channel": 0
    },
    {
        "type": "Spine",
        "location": [
            341,
            217
        ],
        "radloc": [
            0,
            0
        ],
        "mean": [
            71.65573770491804,
            64.0327868852459,
            66.94262295081967,
            82.81147540983606,
            70.90163934426229,
            88.89344262295081,
            88.18852459016394,
            75.72131147540983
        ],
        "min": [
            18,
            10,
            10,
            22,
            13,
            25,
            21,
            12
        ],
        "max": [
            151,
            138,
            172,
            195,
            145,
            181,
            184,
            171
        ],
        "RawIntDen": [
            8742,
            7812,
            8167,
            10103,
            8650,
            10845,
            10759,
            9238
        ],
        "IntDen": [
            16774.17845010685,
            14989.691380946546,
            15670.866552507738,
            19385.669741641443,
            16597.648546490993,
            20809.421790369342,
            20644.404706554516,
            17725.904886992346
        ],
        "FlagUp": 0,
        "Times": [
            -15,
            -10,
            -5,
            2,
            10,
            20,
            30,
            40
        ],
        "width": 0,
        "height": 0,
        "area": 1.918803300172369,
        "distance": -2.8869245300572,
        "xpert": [
            [
                341.0,
                226.4
            ],
            [
                336.8,
                221.2
            ],
            [
                336.2,
                217.0
            ],
            [
                337.8,
                213.8
            ],
            [
                341.0,
                211.2
            ],
            [
                347.4,
                210.6
            ],
            [
                349.6,
                217.0
            ],
            [
                348.0,
                224.0
            ],
            [
                341.0,
                226.4
            ],
            [
                341.0,
                226.4
            ],
            [
                341.0,
                226.4
            ],
            [
                341.0,
                226.4
            ],
            [
                341.0,
                226.4
            ],
            [
                341.0,
                226.4
            ],
            [
                341.0,
                226.4
            ],
            [
                341.0,
                226.4
            ],
            [
                341.0,
                226.4
            ]
        ],
        "stack": 0,
        "shift": [
            [
                0,
                0
            ],
            [
                0,
                0
            ],
            [
                0,
                0
            ],
            [
                0,
                0
            ],
            [
                0,
                0
            ],
            [
                0,
                -1
            ],
            [
                0,
                -1
            ],
            [
                0,
                -1
            ]
        ],
        "channel": 0
    },
    {
        "type": "Spine",
        "location": [
            365,
            221
        ],
        "radloc": [
            0,
            0
        ],
        "mean": [
            63.76699029126213,
            45.45631067961165,
            52.45631067961165,
            55.53398058252427,
            60.86407766990291,
            82.55339805825243,
            73.95145631067962,
            88.41747572815534
        ],
        "min": [
            19,
            9,
            12,
            11,
            12,
            19,
            19,
            13
        ],
        "max": [
            142,
            123,
            137,
            148,
            165,
            197,
            197,
            190
        ],
        "RawIntDen": [
            6568,
            4682,
            5403,
            5720,
            6269,
            8503,
            7617,
            9107
        ],
        "IntDen": [
            8177.558459149032,
            5829.374041677188,
            6727.062782396806,
            7121.747013753421,
            7805.28531979374,
            10586.750849291142,
            9483.627098559407,
            11338.76749200217
        ],
        "FlagUp": 0,
        "Times": [
            -15,
            -10,
            -5,
            2,
            10,
            20,
            30,
            40
        ],
        "width": 0,
        "height": 0,
        "area": 1.2450606667401085,
        "distance": -1.5042589571134497,
        "xpert": [
            [
                365.0,
                227.6
            ],
            [
                358.2,
                227.8
            ],
            [
                358.2,
                221.0
            ],
            [
                360.6,
                216.6
            ],
            [
                365.0,
                216.0
            ],
            [
                370.8,
                215.2
            ],
            [
                371.2,
                221.0
            ],
            [
                370.8,
                226.8
            ],
            [
                365.0,
                227.6
            ],
            [
                365.0,
                227.6
            ],
            [
                365.0,
                227.6
            ],
            [
                365.0,
                227.6
            ],
            [
                365.0,
                227.6
            ],
            [
                365.0,
                227.6
            ],
            [
                365.0,
                227.6
            ],
            [
                365.0,
                227.6
            ],
            [
                365.0,
                227.6
            ]
        ],
        "stack": 0,
        "shift": [
            [
                0,
                0
            ],
            [
                0,
                0
            ],
            [
                0,
                0
            ],
            [
                0,
                0
            ],
            [
                0,
                0
            ],
            [
                0,
                0
            ],
            [
                0,
                0
            ],
            [
                0,
                0
            ]
        ],
        "channel": 0
    },
    {
        "type": "Spine",
        "location": [
            352,
            243
        ],
        "radloc": [
            0,
            0
        ],
        "mean": [
            75.91596638655462,
            81.97478991596638,
            78.94117647058823,
            71.30252100840336,
            63.18487394957983,
            91.6890756302521,
            80.85714285714286,
            83.12605042016807
        ],
        "min": [
            12,
            12,
            13,
            18,
            15,
            41,
            21,
            12
        ],
        "max": [
            151,
            170,
            160,
            153,
            144,
            188,
            192,
            206
        ],
        "RawIntDen": [
            9034,
            9755,
            9394,
            8485,
            7519,
            10911,
            9622,
            9892
        ],
        "IntDen": [
            12121.036480753753,
            13088.411652618206,
            12604.05321011742,
            11384.435968474165,
            10088.341078014997,
            14639.432039130419,
            12909.963805381074,
            13272.226352403823
        ],
        "FlagUp": 0,
        "Times": [
            -15,
            -10,
            -5,
            2,
            10,
            20,
            30,
            40
        ],
        "width": 0,
        "height": 0,
        "area": 1.3417131371212923,
        "distance": -2.38817666171776,
        "xpert": [
            [
                352.0,
                249.2
            ],
            [
                348.0,
                247.0
            ],
            [
                343.8,
                243.0
            ],
            [
                346.8,
                237.8
            ],
            [
                352.0,
                237.8
            ],
            [
                356.8,
                238.2
            ],
            [
                358.2,
                243.0
            ],
            [
                362.6,
                253.6
            ],
            [
                352.0,
                249.2
            ],
            [
                352.0,
                249.2
            ],
            [
                352.0,
                249.2
            ],
            [
                352.0,
                249.2
            ],
            [
                352.0,
                249.2
            ],
            [
                352.0,
                249.2
            ],
            [
                352.0,
                249.2
            ],
            [
                352.0,
                249.2
            ],
            [
                352.0,
                249.2
            ]
        ],
        "stack": 0,
        "shift": [
            [
                0,
                0
            ],
            [
                2,
                -1
            ],
            [
                1,
                -1
            ],
            [
                2,
                -1
            ],
            [
                1,
                -1
            ],
            [
                0,
                -1
            ],
            [
                0,
                -1
            ],
            [
                1,
                -1
            ]
        ],
        "channel": 0
    },
    {
        "type": "Spine",
        "location": [
            385,
            224
        ],
        "radloc": [
            0,
            0
        ],
        "mean": [
            105.90697674418605,
            62.116279069767444,
            60.31395348837209,
            67.90697674418605,
            122.6046511627907,
            117.51162790697674,
            125.33720930232558,
            117.83720930232558
        ],
        "min": [
            34,
            7,
            16,
            17,
            20,
            31,
            29,
            18
        ],
        "max": [
            185,
            150,
            176,
            178,
            241,
            190,
            255,
            240
        ],
        "RawIntDen": [
            9108,
            5342,
            5187,
            5840,
            10544,
            10106,
            10779,
            10134
        ],
        "IntDen": [
            7040.248471739825,
            4129.227858589607,
            4009.416866810987,
            4514.168980562206,
            8150.239337508203,
            7811.676663966037,
            8331.888260527401,
            7833.31993990024
        ],
        "FlagUp": 0,
        "Times": [
            -15,
            -10,
            -5,
            2,
            10,
            20,
            30,
            40
        ],
        "width": 0,
        "height": 0,
        "area": 0.7729741405072271,
        "distance": -0.15908246134258688,
        "xpert": [
            [
                385.0,
                228.8
            ],
            [
                380.2,
                228.8
            ],
            [
                379.8,
                224.0
            ],
            [
                381.6,
                220.6
            ],
            [
                385.0,
                219.2
            ],
            [
                390.0,
                219.0
            ],
            [
                392.6,
                224.0
            ],
            [
                389.8,
                228.8
            ],
            [
                385.0,
                228.8
            ],
            [
                385.0,
                228.8
            ],
            [
                385.0,
                228.8
            ],
            [
                385.0,
                228.8
            ],
            [
                385.0,
                228.8
            ],
            [
                385.0,
                228.8
            ],
            [
                385.0,
                228.8
            ],
            [
                385.0,
                228.8
            ],
            [
                385.0,
                228.8
            ]
        ],
        "stack": 0,
        "shift": [
            [
                0,
                0
            ],
            [
                0,
                -1
            ],
            [
                0,
                -1
            ],
            [
                0,
                -1
            ],
            [
                0,
                -1
            ],
            [
                0,
                -1
            ],
            [
                0,
                0
            ],
            [
                0,
                1
            ]
        ],
        "channel": 0
    },
    {
        "type": "Spine",
        "location": [
            415,
            250
        ],
        "radloc": [
            0,
            0
        ],
        "mean": [
            79.57142857142857,
            102.65079365079364,
            75.33333333333333,
            72.5952380952381,
            85.2936507936508,
            79.54761904761905,
            84.42857142857143,
            70.4920634920635
        ],
        "min": [
            12,
            28,
            11,
            7,
            22,
            10,
            12,
            15
        ],
        "max": [
            186,
            209,
            159,
            175,
            181,
            187,
            219,
            174
        ],
        "RawIntDen": [
            10026,
            12934,
            9492,
            9147,
            10747,
            10023,
            10638,
            8882
        ],
        "IntDen": [
            11447.450063258431,
            14767.735798741727,
            10837.741472217138,
            10443.828618454505,
            12270.67083880295,
            11444.024734095277,
            12146.217212541711,
            10141.257875709294
        ],
        "FlagUp": 0,
        "Times": [
            -15,
            -10,
            -5,
            2,
            10,
            20,
            30,
            40
        ],
        "width": 0,
        "height": 0,
        "area": 1.141776387717777,
        "distance": -1.8996236352562081,
        "xpert": [
            [
                415.0,
                255.60000000000002
            ],
            [
                410.0,
                255.0
            ],
            [
                407.6,
                250.0
            ],
            [
                408.0,
                243.0
            ],
            [
                415.0,
                241.8
            ],
            [
                421.4,
                243.6
            ],
            [
                421.8,
                250.0
            ],
            [
                419.0,
                254.0
            ],
            [
                415.0,
                255.60000000000002
            ],
            [
                415.0,
                255.60000000000002
            ],
            [
                415.0,
                255.60000000000002
            ],
            [
                415.0,
                255.60000000000002
            ],
            [
                415.0,
                255.60000000000002
            ],
            [
                415.0,
                255.60000000000002
            ],
            [
                415.0,
                255.60000000000002
            ],
            [
                415.0,
                255.60000000000002
            ],
            [
                415.0,
                255.60000000000002
            ]
        ],
        "stack": 0,
        "shift": [
            [
                0,
                0
            ],
            [
                2,
                -2
            ],
            [
                2,
                -2
            ],
            [
                3,
                -2
            ],
            [
                2,
                -2
            ],
            [
                1,
                -2
            ],
            [
                1,
                -1
            ],
            [
                1,
                0
            ]
        ],
        "channel": 0
    },
    {
        "type": "Spine",
        "location": [
            459,
            223
        ],
        "radloc": [
            0,
            0
        ],
        "mean": [
            116.78688524590164,
            108.73770491803279,
            102.13934426229508,
            85.28688524590164,
            107.04918032786885,
            117.72950819672131,
            102.31147540983606,
            115.4672131147541
        ],
        "min": [
            32,
            12,
            26,
            20,
            20,
            29,
            18,
            23
        ],
        "max": [
            236,
            212,
            250,
            244,
            221,
            255,
            255,
            255
        ],
        "RawIntDen": [
            14248,
            13266,
            12461,
            10405,
            13060,
            14363,
            12482,
            14087
        ],
        "IntDen": [
            22206.02714448099,
            20675.544364028974,
            19420.922532803033,
            16216.571619758892,
            20354.485858150038,
            22385.258834656124,
            19453.65179796545,
            21955.102778235803
        ],
        "FlagUp": 0,
        "Times": [
            -15,
            -10,
            -5,
            2,
            10,
            20,
            30,
            40
        ],
        "width": 0,
        "height": 0,
        "area": 1.5585364363055159,
        "distance": -3.3652827146408653,
        "xpert": [
            [
                459.0,
                230.6
            ],
            [
                450.8,
                231.2
            ],
            [
                452.8,
                223.0
            ],
            [
                455.0,
                219.0
            ],
            [
                459.0,
                217.4
            ],
            [
                463.4,
                218.6
            ],
            [
                465.4,
                223.0
            ],
            [
                466.8,
                230.8
            ],
            [
                459.0,
                230.6
            ],
            [
                459.0,
                230.6
            ],
            [
                459.0,
                230.6
            ],
            [
                459.0,
                230.6
            ],
            [
                459.0,
                230.6
            ],
            [
                459.0,
                230.6
            ],
            [
                459.0,
                230.6
            ],
            [
                459.0,
                230.6
            ],
            [
                459.0,
                230.6
            ]
        ],
        "stack": 0,
        "shift": [
            [
                0,
                0
            ],
            [
                1,
                -1
            ],
            [
                1,
                -1
            ],
            [
                1,
                -1
            ],
            [
                1,
                -1
            ],
            [
                1,
                -1
            ],
            [
                1,
                -1
            ],
            [
                1,
                -1
            ]
        ],
        "channel": 0
    },
    {
        "type": "Spine",
        "location": [
            494,
            224
        ],
        "radloc": [
            0,
            0
        ],
        "mean": [
            117.17006802721089,
            95.99319727891157,
            118.12925170068027,
            99.58503401360544,
            112.72108843537416,
            116.82993197278911,
            124.89795918367346,
            129.18367346938774
        ],
        "min": [
            30,
            14,
            17,
            13,
            20,
            13,
            23,
            22
        ],
        "max": [
            244,
            210,
            230,
            224,
            255,
            246,
            255,
            255
        ],
        "RawIntDen": [
            17224,
            14111,
            17365,
            14639,
            16570,
            17174,
            18360,
            18990
        ],
        "IntDen": [
            28415.900470076467,
            23280.119108990304,
            28648.520184793186,
            24151.205700269937,
            27336.94094224147,
            28333.411209538623,
            30290.05646949628,
            31329.421152273113
        ],
        "FlagUp": 0,
        "Times": [
            -15,
            -10,
            -5,
            2,
            10,
            20,
            30,
            40
        ],
        "width": 0,
        "height": 0,
        "area": 1.649785210756878,
        "distance": -1.108894278970691,
        "xpert": [
            [
                494.0,
                231.6
            ],
            [
                486.8,
                231.2
            ],
            [
                484.6,
                224.0
            ],
            [
                489.2,
                219.2
            ],
            [
                494.0,
                215.6
            ],
            [
                498.6,
                219.4
            ],
            [
                504.0,
                224.0
            ],
            [
                498.8,
                228.8
            ],
            [
                494.0,
                231.6
            ],
            [
                494.0,
                231.6
            ],
            [
                494.0,
                231.6
            ],
            [
                494.0,
                231.6
            ],
            [
                494.0,
                231.6
            ],
            [
                494.0,
                231.6
            ],
            [
                494.0,
                231.6
            ],
            [
                494.0,
                231.6
            ],
            [
                494.0,
                231.6
            ]
        ],
        "stack": 0,
        "shift": [
            [
                0,
                0
            ],
            [
                2,
                -1
            ],
            [
                1,
                -1
            ],
            [
                1,
                -1
            ],
            [
                1,
                -1
            ],
            [
                1,
                -1
            ],
            [
                1,
                -1
            ],
            [
                1,
                -1
            ]
        ],
        "channel": 0
    },
    {
        "type": "Spine",
        "location": [
            546,
            260
        ],
        "radloc": [
            0,
            0
        ],
        "mean": [
            50.13223140495868,
            58.05785123966942,
            48.37190082644628,
            62.56198347107438,
            57.21487603305785,
            55.52892561983471,
            43.17355371900826,
            39.27272727272727
        ],
        "min": [
            12,
            9,
            9,
            10,
            10,
            10,
            6,
            6
        ],
        "max": [
            116,
            174,
            135,
            153,
            145,
            119,
            142,
            125
        ],
        "RawIntDen": [
            6066,
            7025,
            5853,
            7570,
            6923,
            6719,
            5224,
            4752
        ],
        "IntDen": [
            9292.79533117511,
            10761.93326764015,
            8966.490450604668,
            11596.84481651757,
            10605.674592437403,
            10293.15724203191,
            8002.895286854397,
            7279.815927092668
        ],
        "FlagUp": 0,
        "Times": [
            -15,
            -10,
            -5,
            2,
            10,
            20,
            30,
            40
        ],
        "width": 0,
        "height": 0,
        "area": 1.5319477961053594,
        "distance": -3.1403061402744856,
        "xpert": [
            [
                546.0,
                267.8
            ],
            [
                540.0,
                266.0
            ],
            [
                538.6,
                260.0
            ],
            [
                541.2,
                255.2
            ],
            [
                546.0,
                252.8
            ],
            [
                553.2,
                252.8
            ],
            [
                551.4,
                260.0
            ],
            [
                550.0,
                264.0
            ],
            [
                546.0,
                267.8
            ],
            [
                546.0,
                267.8
            ],
            [
                546.0,
                267.8
            ],
            [
                546.0,
                267.8
            ],
            [
                546.0,
                267.8
            ],
            [
                546.0,
                267.8
            ],
            [
                546.0,
                267.8
            ],
            [
                546.0,
                267.8
            ],
            [
                546.0,
                267.8
            ]
        ],
        "stack": 0,
        "shift": [
            [
                0,
                0
            ],
            [
                2,
                -1
            ],
            [
                1,
                -1
            ],
            [
                1,
                -1
            ],
            [
                0,
                -1
            ],
            [
                -1,
                -1
            ],
            [
                0,
                -1
            ],
            [
                0,
                -1
            ]
        ],
        "channel": 0
    },
    {
        "type": "Spine",
        "location": [
            664,
            272
        ],
        "radloc": [
            0,
            0
        ],
        "mean": [
            77.84042553191489,
            95.98936170212765,
            98.87234042553192,
            90.07446808510639,
            89.94680851063829,
            89.05319148936171,
            82.8936170212766,
            90.24468085106383
        ],
        "min": [
            8,
            20,
            21,
            21,
            24,
            26,
            15,
            16
        ],
        "max": [
            169,
            221,
            226,
            240,
            187,
            179,
            193,
            199
        ],
        "RawIntDen": [
            7317,
            9023,
            9294,
            8467,
            8455,
            8371,
            7792,
            8483
        ],
        "IntDen": [
            7101.715390130329,
            8757.520563775586,
            9020.54705970634,
            8217.87948725345,
            8206.23255754434,
            8124.704049580564,
            7562.739691115967,
            8233.408726865599
        ],
        "FlagUp": 0,
        "Times": [
            -15,
            -10,
            -5,
            2,
            10,
            20,
            30,
            40
        ],
        "width": 0,
        "height": 0,
        "area": 0.9705774757592359,
        "distance": -10.886577500208112,
        "xpert": [
            [
                664.0,
                277.6
            ],
            [
                658.4,
                277.6
            ],
            [
                656.8,
                272.0
            ],
            [
                660.0,
                268.0
            ],
            [
                664.0,
                264.8
            ],
            [
                669.4,
                266.6
            ],
            [
                670.0,
                272.0
            ],
            [
                667.6,
                275.6
            ],
            [
                664.0,
                277.6
            ],
            [
                664.0,
                277.6
            ],
            [
                664.0,
                277.6
            ],
            [
                664.0,
                277.6
            ],
            [
                664.0,
                277.6
            ],
            [
                664.0,
                277.6
            ],
            [
                664.0,
                277.6
            ],
            [
                664.0,
                277.6
            ],
            [
                664.0,
                277.6
            ]
        ],
        "stack": 0,
        "shift": [
            [
                0,
                0
            ],
            [
                1,
                0
            ],
            [
                -1,
                -1
            ],
            [
                -1,
                -1
            ],
            [
                -2,
                -2
            ],
            [
                -3,
                -2
            ],
            [
                -3,
                -2
            ],
            [
                -3,
                -2
            ]
        ],
        "channel": 0
    },
    {
        "type": "Spine",
        "location": [
            586,
            243
        ],
        "radloc": [
            0,
            0
        ],
        "mean": [
            60.913978494623656,
            64.11827956989248,
            61.204301075268816,
            88.59139784946237,
            97.91397849462365,
            111.56989247311827,
            93.33333333333333,
            84.96774193548387
        ],
        "min": [
            16,
            10,
            15,
            19,
            22,
            35,
            18,
            13
        ],
        "max": [
            167,
            218,
            197,
            211,
            229,
            218,
            243,
            219
        ],
        "RawIntDen": [
            5665,
            5963,
            5692,
            8239,
            9106,
            10376,
            8680,
            7902
        ],
        "IntDen": [
            4350.373746083871,
            4579.219531844329,
            4371.108095800423,
            6327.048419061785,
            6992.8514266266075,
            7968.1338021829215,
            6665.709464432128,
            6068.253017044087
        ],
        "FlagUp": 0,
        "Times": [
            -15,
            -10,
            -5,
            2,
            10,
            20,
            30,
            40
        ],
        "width": 0,
        "height": 0,
        "area": 0.7679388783907981,
        "distance": -5.726165141063625,
        "xpert": [
            [
                586.0,
                247.2
            ],
            [
                581.8,
                247.2
            ],
            [
                579.8,
                243.0
            ],
            [
                582.8,
                239.8
            ],
            [
                586.0,
                238.2
            ],
            [
                591.8,
                237.2
            ],
            [
                596.2,
                243.0
            ],
            [
                590.2,
                247.2
            ],
            [
                586.0,
                247.2
            ],
            [
                586.0,
                247.2
            ],
            [
                586.0,
                247.2
            ],
            [
                586.0,
                247.2
            ],
            [
                586.0,
                247.2
            ],
            [
                586.0,
                247.2
            ],
            [
                586.0,
                247.2
            ],
            [
                586.0,
                247.2
            ],
            [
                586.0,
                247.2
            ]
        ],
        "stack": 0,
        "shift": [
            [
                0,
                0
            ],
            [
                0,
                -1
            ],
            [
                -1,
                -1
            ],
            [
                -1,
                -1
            ],
            [
                -2,
                -1
            ],
            [
                -3,
                -1
            ],
            [
                -3,
                -1
            ],
            [
                -3,
                -1
            ]
        ],
        "channel": 0
    }
]