[
    {
        "type": "Stim",
        "location": [
            19,
            303
        ],
        "radloc": [
            0,
            0
        ],
        "mean": [
            211.40184757505773,
            170.93995381062356,
            146.3487297921478,
            125.35103926096998,
            126.87066974595842,
            109.70207852193995,
            125.16166281755196,
            133.86836027713625
        ],
        "min": [
            33.0,
            15.0,
            10.0,
            8.0,
            7.0,
            6.0,
            9.0,
            8.0
        ],
        "max": [
            255.0,
            255.0,
            255.0,
            255.0,
            255.0,
            255.0,
            255.0,
            255.0
        ],
        "RawIntDen": [
            91537.0,
            74017.0,
            63369.0,
            54277.0,
            54935.0,
            47501.0,
            54195.0,
            57965.0
        ],
        "IntDen": [
            177069.57973492448,
            143178.81384838812,
            122581.27531186765,
            104993.6700926674,
            106266.50821785809,
            91886.14556942708,
            104835.04892812995,
            112127.75368796111
        ],
        "FlagUp": 0,
        "Times": [
            -15,
            -10,
            -5,
            2,
            10,
            20,
            30,
            40
        ],
        "width": 0,
        "height": 0,
        "area": 1.934404445578558,
        "distance": 0,
        "xpert": [
            [
                19.0,
                311.6
            ],
            [
                11.4,
                310.6
            ],
            [
                7.4,
                303.0
            ],
            [
                9.0,
                293.0
            ],
            [
                19.0,
                286.2
            ],
            [
                30.8,
                291.2
            ],
            [
                28.4,
                303.0
            ],
            [
                25.6,
                309.6
            ]
        ],
        "stack": 0
    },
    {
        "type": "Spine",
        "location": [
            39,
            278
        ],
        "radloc": [
            0,
            0
        ],
        "mean": [
            160.63684210526316,
            145.86315789473684,
            189.11052631578949,
            214.38947368421051,
            173.0842105263158,
            147.44210526315788,
            154.93684210526317,
            135.01052631578946
        ],
        "min": [
            28.0,
            23.0,
            29.0,
            62.0,
            33.0,
            26.0,
            26.0,
            18.0
        ],
        "max": [
            255.0,
            255.0,
            255.0,
            255.0,
            255.0,
            255.0,
            255.0,
            255.0
        ],
        "RawIntDen": [
            30521.0,
            27714.0,
            35931.0,
            40734.0,
            32886.0,
            28014.0,
            29438.0,
            25652.0
        ],
        "IntDen": [
            28652.350634696904,
            26017.20931456997,
            33731.123182572475,
            38240.05932812633,
            30872.553421337518,
            26298.84180336159,
            27635.657350159152,
            24081.455341608893
        ],
        "FlagUp": 0,
        "Times": [
            -15,
            -10,
            -5,
            2,
            10,
            20,
            30,
            40
        ],
        "width": 0,
        "height": 0,
        "area": 0.9387749626387374,
        "distance": -1.9248579743714491,
        "xpert": [
            [
                39.0,
                282.2
            ],
            [
                29.6,
                287.4
            ],
            [
                29.6,
                278.0
            ],
            [
                32.6,
                271.6
            ],
            [
                39.0,
                268.8
            ],
            [
                45.8,
                271.2
            ],
            [
                46.2,
                278.0
            ],
            [
                42.0,
                281.0
            ]
        ],
        "stack": 0
    },
    {
        "type": "Stim",
        "location": [
            97,
            295
        ],
        "radloc": [
            0,
            0
        ],
        "mean": [
            25.384976525821596,
            23.460093896713616,
            19.568075117370892,
            22.070422535211268,
            35.10798122065728,
            130.70892018779344,
            105.75586854460094,
            56.028169014084504
        ],
        "min": [
            6.0,
            5.0,
            5.0,
            4.0,
            6.0,
            42.0,
            12.0,
            9.0
        ],
        "max": [
            100.0,
            104.0,
            98.0,
            117.0,
            117.0,
            220.0,
            235.0,
            175.0
        ],
        "RawIntDen": [
            5407.0,
            4997.0,
            4168.0,
            4701.0,
            7478.0,
            27841.0,
            22526.0,
            11934.0
        ],
        "IntDen": [
            5111.477957183852,
            4723.886693554227,
            3940.1960653860356,
            4444.064708104547,
            7069.2865107861735,
            26319.337489542373,
            21294.831230538828,
            11281.741805258385
        ],
        "FlagUp": 0,
        "Times": [
            -15,
            -10,
            -5,
            2,
            10,
            20,
            30,
            40
        ],
        "width": 0,
        "height": 0,
        "area": 0.9453445454381083,
        "distance": 0,
        "xpert": [
            [
                97.0,
                301.8
            ],
            [
                91.6,
                300.4
            ],
            [
                88.8,
                295.0
            ],
            [
                89.2,
                287.2
            ],
            [
                97.0,
                283.2
            ],
            [
                102.6,
                289.4
            ],
            [
                103.6,
                295.0
            ],
            [
                103.2,
                301.2
            ]
        ],
        "stack": 0
    },
    {
        "type": "Stim",
        "location": [
            119,
            287
        ],
        "radloc": [
            0,
            0
        ],
        "mean": [
            67.28504672897196,
            83.28971962616822,
            101.67289719626169,
            101.4392523364486,
            133.8177570093458,
            182.06542056074767,
            149.63084112149534,
            178.16355140186917
        ],
        "min": [
            5.0,
            7.0,
            11.0,
            8.0,
            16.0,
            42.0,
            21.0,
            38.0
        ],
        "max": [
            232.0,
            255.0,
            255.0,
            255.0,
            255.0,
            255.0,
            255.0,
            255.0
        ],
        "RawIntDen": [
            14399.0,
            17824.0,
            21758.0,
            21708.0,
            28637.0,
            38962.0,
            32021.0,
            38127.0
        ],
        "IntDen": [
            13791.482192135323,
            17071.975733913467,
            20839.993717374844,
            20792.10330070655,
            27428.757242598742,
            37318.128284601466,
            30669.980642708884,
            36518.35832624095
        ],
        "FlagUp": 0,
        "Times": [
            -15,
            -10,
            -5,
            2,
            10,
            20,
            30,
            40
        ],
        "width": 0,
        "height": 0,
        "area": 0.9578083333658812,
        "distance": 0,
        "xpert": [
            [
                119.0,
                297.0
            ],
            [
                112.0,
                294.0
            ],
            [
                107.0,
                287.0
            ],
            [
                111.8,
                279.8
            ],
            [
                119.0,
                280.8
            ],
            [
                123.4,
                282.6
            ],
            [
                125.2,
                287.0
            ],
            [
                124.6,
                292.6
            ]
        ],
        "stack": 0
    },
    {
        "type": "Stim",
        "location": [
            111,
            254
        ],
        "radloc": [
            0,
            0
        ],
        "mean": [
            87.49746192893402,
            83.13705583756345,
            94.7005076142132,
            106.28426395939087,
            127.05583756345177,
            161.6802030456853,
            130.44670050761422,
            135.8020304568528
        ],
        "min": [
            11.0,
            14.0,
            11.0,
            19.0,
            23.0,
            38.0,
            13.0,
            21.0
        ],
        "max": [
            226.0,
            228.0,
            241.0,
            255.0,
            255.0,
            255.0,
            255.0,
            255.0
        ],
        "RawIntDen": [
            17237.0,
            16378.0,
            18656.0,
            20938.0,
            25030.0,
            31851.0,
            25698.0,
            26753.0
        ],
        "IntDen": [
            15181.554645176688,
            14424.987061478436,
            16431.344402182298,
            18441.224758409786,
            22045.26963907713,
            28052.891860736945,
            22633.613231522337,
            23562.808575878167
        ],
        "FlagUp": 0,
        "Times": [
            -15,
            -10,
            -5,
            2,
            10,
            20,
            30,
            40
        ],
        "width": 0,
        "height": 0,
        "area": 0.880753880905998,
        "distance": 0,
        "xpert": [
            [
                111.0,
                262.8
            ],
            [
                104.0,
                261.0
            ],
            [
                102.8,
                254.0
            ],
            [
                105.4,
                248.4
            ],
            [
                111.0,
                248.2
            ],
            [
                117.2,
                247.8
            ],
            [
                120.0,
                254.0
            ],
            [
                117.2,
                260.2
            ]
        ],
        "stack": 0
    },
    {
        "type": "Stim",
        "location": [
            118,
            240
        ],
        "radloc": [
            0,
            0
        ],
        "mean": [
            42.515337423312886,
            60.668711656441715,
            64.88957055214723,
            80.65644171779141,
            61.70552147239264,
            78.53374233128834,
            115.32515337423312,
            90.85276073619632
        ],
        "min": [
            10.0,
            8.0,
            14.0,
            7.0,
            11.0,
            9.0,
            22.0,
            29.0
        ],
        "max": [
            129.0,
            144.0,
            176.0,
            229.0,
            201.0,
            194.0,
            237.0,
            212.0
        ],
        "RawIntDen": [
            6930.0,
            9889.0,
            10577.0,
            13147.0,
            10058.0,
            12801.0,
            18798.0,
            14809.0
        ],
        "IntDen": [
            4940.340386658267,
            7049.787313659971,
            7540.2568931723645,
            9372.388898036974,
            7170.266033046009,
            9125.728324619404,
            13400.940633247055,
            10557.215120638133
        ],
        "FlagUp": 0,
        "Times": [
            -15,
            -10,
            -5,
            2,
            10,
            20,
            30,
            40
        ],
        "width": 0,
        "height": 0,
        "area": 0.7128918306866185,
        "distance": 0,
        "xpert": [
            [
                118.0,
                249.2
            ],
            [
                113.2,
                244.8
            ],
            [
                111.4,
                240.0
            ],
            [
                114.2,
                236.2
            ],
            [
                118.0,
                233.6
            ],
            [
                123.4,
                234.6
            ],
            [
                126.0,
                240.0
            ],
            [
                125.0,
                247.0
            ]
        ],
        "stack": 0
    },
    {
        "type": "Spine",
        "location": [
            130,
            270
        ],
        "radloc": [
            0,
            0
        ],
        "mean": [
            105.25698324022346,
            113.89944134078212,
            127.45251396648045,
            129.06703910614524,
            125.97765363128492,
            145.9050279329609,
            159.45251396648044,
            164.9441340782123
        ],
        "min": [
            13.0,
            17.0,
            17.0,
            29.0,
            27.0,
            22.0,
            36.0,
            32.0
        ],
        "max": [
            219.0,
            233.0,
            230.0,
            227.0,
            238.0,
            255.0,
            255.0,
            255.0
        ],
        "RawIntDen": [
            18841.0,
            20388.0,
            22814.0,
            23103.0,
            22550.0,
            26117.0,
            28542.0,
            29525.0
        ],
        "IntDen": [
            16413.823202060452,
            17761.532160904862,
            19875.004645815356,
            20126.774451313762,
            19645.014235256258,
            22752.498305196794,
            24865.099614309718,
            25721.465423323327
        ],
        "FlagUp": 0,
        "Times": [
            -15,
            -10,
            -5,
            2,
            10,
            20,
            30,
            40
        ],
        "width": 0,
        "height": 0,
        "area": 0.8711757975723396,
        "distance": -0.79068,
        "xpert": [
            [
                130.0,
                276.0
            ],
            [
                125.2,
                274.8
            ],
            [
                123.4,
                270.0
            ],
            [
                121.0,
                261.0
            ],
            [
                130.0,
                260.0
            ],
            [
                138.0,
                262.0
            ],
            [
                134.8,
                270.0
            ],
            [
                133.8,
                273.8
            ]
        ],
        "stack": 0
    },
    {
        "type": "Stim",
        "location": [
            153,
            257
        ],
        "radloc": [
            0,
            0
        ],
        "mean": [
            76.5953488372093,
            71.45116279069768,
            68.0093023255814,
            104.87906976744186,
            185.14883720930231,
            189.4418604651163,
            193.23720930232557,
            180.29767441860466
        ],
        "min": [
            11.0,
            10.0,
            8.0,
            9.0,
            22.0,
            49.0,
            41.0,
            27.0
        ],
        "max": [
            225.0,
            220.0,
            239.0,
            247.0,
            255.0,
            255.0,
            255.0,
            255.0
        ],
        "RawIntDen": [
            16468.0,
            15362.0,
            14622.0,
            22549.0,
            39807.0,
            40730.0,
            41546.0,
            38764.0
        ],
        "IntDen": [
            15908.675271237194,
            14840.239829775674,
            14125.373440371039,
            21783.138127952847,
            38454.98157166256,
            39346.63248709564,
            40134.91758676345,
            37447.406376866566
        ],
        "FlagUp": 0,
        "Times": [
            -15,
            -10,
            -5,
            2,
            10,
            20,
            30,
            40
        ],
        "width": 0,
        "height": 0,
        "area": 0.9660356613576144,
        "distance": 0,
        "xpert": [
            [
                153.0,
                262.8
            ],
            [
                147.2,
                262.8
            ],
            [
                143.4,
                257.0
            ],
            [
                146.4,
                250.4
            ],
            [
                153.0,
                247.4
            ],
            [
                159.4,
                250.6
            ],
            [
                163.6,
                257.0
            ],
            [
                158.6,
                262.6
            ]
        ],
        "stack": 0
    },
    {
        "type": "Stim",
        "location": [
            177,
            241
        ],
        "radloc": [
            0,
            0
        ],
        "mean": [
            137.82417582417582,
            90.67032967032966,
            97.82967032967034,
            114.99450549450549,
            88.43956043956044,
            71.75824175824175,
            136.8186813186813,
            134.3846153846154
        ],
        "min": [
            28.0,
            15.0,
            12.0,
            19.0,
            14.0,
            10.0,
            32.0,
            20.0
        ],
        "max": [
            255.0,
            232.0,
            237.0,
            255.0,
            233.0,
            210.0,
            255.0,
            255.0
        ],
        "RawIntDen": [
            25084.0,
            16502.0,
            17805.0,
            20929.0,
            16096.0,
            13060.0,
            24901.0,
            24458.0
        ],
        "IntDen": [
            20566.58462710486,
            13530.129944047378,
            14598.470709839023,
            17159.864840562816,
            13197.247096072391,
            10708.004912692932,
            20416.541372968353,
            20053.321910769046
        ],
        "FlagUp": 0,
        "Times": [
            -15,
            -10,
            -5,
            2,
            10,
            20,
            30,
            40
        ],
        "width": 0,
        "height": 0,
        "area": 0.819908492549229,
        "distance": 0,
        "xpert": [
            [
                177.0,
                247.0
            ],
            [
                172.2,
                245.8
            ],
            [
                169.0,
                241.0
            ],
            [
                170.4,
                234.4
            ],
            [
                177.0,
                232.6
            ],
            [
                182.6,
                235.4
            ],
            [
                185.0,
                241.0
            ],
            [
                184.2,
                248.2
            ]
        ],
        "stack": 0
    },
    {
        "type": "Stim",
        "location": [
            189,
            277
        ],
        "radloc": [
            0,
            0
        ],
        "mean": [
            60.46666666666667,
            45.94444444444444,
            51.52777777777778,
            82.05555555555556,
            93.16111111111111,
            70.22777777777777,
            166.56666666666666,
            141.63888888888889
        ],
        "min": [
            7.0,
            7.0,
            6.0,
            8.0,
            9.0,
            7.0,
            46.0,
            31.0
        ],
        "max": [
            196.0,
            155.0,
            203.0,
            247.0,
            245.0,
            223.0,
            255.0,
            255.0
        ],
        "RawIntDen": [
            10884.0,
            8270.0,
            9275.0,
            14770.0,
            16769.0,
            12641.0,
            29982.0,
            25495.0
        ],
        "IntDen": [
            8566.367336964173,
            6508.990984628234,
            7299.986866073383,
            11624.884745218746,
            13198.218841744967,
            9949.232773480715,
            23597.650266157645,
            20066.10945019309
        ],
        "FlagUp": 0,
        "Times": [
            -15,
            -10,
            -5,
            2,
            10,
            20,
            30,
            40
        ],
        "width": 0,
        "height": 0,
        "area": 0.7870605785523863,
        "distance": 0,
        "xpert": [
            [
                189.0,
                285.2
            ],
            [
                182.6,
                283.4
            ],
            [
                180.0,
                277.0
            ],
            [
                183.0,
                271.0
            ],
            [
                189.0,
                269.6
            ],
            [
                194.8,
                271.2
            ],
            [
                195.8,
                277.0
            ],
            [
                193.6,
                281.6
            ]
        ],
        "stack": 0
    },
    {
        "type": "Spine",
        "location": [
            250,
            231
        ],
        "radloc": [
            0,
            0
        ],
        "mean": [
            38.303030303030305,
            33.654545454545456,
            42.806060606060605,
            40.593939393939394,
            45.61818181818182,
            27.66060606060606,
            29.939393939393938,
            40.987878787878785
        ],
        "min": [
            10.0,
            10.0,
            10.0,
            8.0,
            11.0,
            8.0,
            10.0,
            13.0
        ],
        "max": [
            86.0,
            90.0,
            84.0,
            110.0,
            111.0,
            66.0,
            80.0,
            101.0
        ],
        "RawIntDen": [
            6320.0,
            5553.0,
            7063.0,
            6698.0,
            7527.0,
            4564.0,
            4940.0,
            6763.0
        ],
        "IntDen": [
            4743.729964904789,
            4168.0272935310595,
            5301.41847185483,
            5027.4530545778925,
            5649.692317379486,
            3425.6936012382052,
            3707.9155105426676,
            5076.241416558717
        ],
        "FlagUp": 0,
        "Times": [
            -15,
            -10,
            -5,
            2,
            10,
            20,
            30,
            40
        ],
        "width": 0,
        "height": 0,
        "area": 0.750590184320378,
        "distance": -4.11715518974858,
        "xpert": [
            [
                250.0,
                238.2
            ],
            [
                243.8,
                237.2
            ],
            [
                242.4,
                231.0
            ],
            [
                244.2,
                225.2
            ],
            [
                250.0,
                219.2
            ],
            [
                254.4,
                226.6
            ],
            [
                255.6,
                231.0
            ],
            [
                253.6,
                234.6
            ]
        ],
        "stack": 0
    },
    {
        "type": "Spine",
        "location": [
            251,
            269
        ],
        "radloc": [
            0,
            0
        ],
        "mean": [
            78.57777777777778,
            63.666666666666664,
            70.44444444444444,
            91.4,
            113.65555555555555,
            58.08888888888889,
            63.56666666666667,
            88.81111111111112
        ],
        "min": [
            16.0,
            17.0,
            21.0,
            20.0,
            42.0,
            12.0,
            12.0,
            32.0
        ],
        "max": [
            184.0,
            151.0,
            146.0,
            187.0,
            219.0,
            124.0,
            127.0,
            151.0
        ],
        "RawIntDen": [
            7072.0,
            5730.0,
            6340.0,
            8226.0,
            10229.0,
            5228.0,
            5721.0,
            7993.0
        ],
        "IntDen": [
            2761.5529867605132,
            2237.5139443068074,
            2475.713509058492,
            3212.1797043399297,
            3994.33335712292,
            2041.4874172488637,
            2233.9995244989955,
            3121.1952804265816
        ],
        "FlagUp": 0,
        "Times": [
            -15,
            -10,
            -5,
            2,
            10,
            20,
            30,
            40
        ],
        "width": 0,
        "height": 0,
        "area": 0.3904910897568599,
        "distance": -4.846627847872396,
        "xpert": [
            [
                251.0,
                275.8
            ],
            [
                246.6,
                273.4
            ],
            [
                245.6,
                269.0
            ],
            [
                247.6,
                265.6
            ],
            [
                251.0,
                264.4
            ],
            [
                254.6,
                265.4
            ],
            [
                256.6,
                269.0
            ],
            [
                255.4,
                273.4
            ]
        ],
        "stack": 0
    },
    {
        "type": "Spine",
        "location": [
            267,
            259
        ],
        "radloc": [
            0,
            0
        ],
        "mean": [
            43.36538461538461,
            53.71153846153846,
            44.69230769230769,
            59.50961538461539,
            61.09615384615385,
            42.30769230769231,
            71.46153846153847,
            129.2596153846154
        ],
        "min": [
            10.0,
            14.0,
            11.0,
            10.0,
            12.0,
            13.0,
            13.0,
            36.0
        ],
        "max": [
            94.0,
            123.0,
            104.0,
            135.0,
            133.0,
            90.0,
            160.0,
            252.0
        ],
        "RawIntDen": [
            4510.0,
            5586.0,
            4648.0,
            6189.0,
            6354.0,
            4400.0,
            7432.0,
            13443.0
        ],
        "IntDen": [
            2053.526331223629,
            2543.4585557018163,
            2116.361504994995,
            2818.0209454419155,
            2893.149957559853,
            2003.4403231450037,
            3383.992836730379,
            6120.965514554156
        ],
        "FlagUp": 0,
        "Times": [
            -15,
            -10,
            -5,
            2,
            10,
            20,
            30,
            40
        ],
        "width": 0,
        "height": 0,
        "area": 0.455327346169319,
        "distance": -3.28934511651045,
        "xpert": [
            [
                267.0,
                263.2
            ],
            [
                263.4,
                262.6
            ],
            [
                261.8,
                259.0
            ],
            [
                262.0,
                254.0
            ],
            [
                267.0,
                250.0
            ],
            [
                272.0,
                254.0
            ],
            [
                272.2,
                259.0
            ],
            [
                270.0,
                262.0
            ]
        ],
        "stack": 0
    },
    {
        "type": "Spine",
        "location": [
            275,
            224
        ],
        "radloc": [
            0,
            0
        ],
        "mean": [
            106.84924623115577,
            107.87939698492463,
            110.8391959798995,
            117.65829145728644,
            139.2462311557789,
            104.33165829145729,
            136.1356783919598,
            128.9145728643216
        ],
        "min": [
            14.0,
            12.0,
            9.0,
            15.0,
            33.0,
            18.0,
            33.0,
            37.0
        ],
        "max": [
            240.0,
            251.0,
            251.0,
            255.0,
            255.0,
            242.0,
            255.0,
            255.0
        ],
        "RawIntDen": [
            21263.0,
            21468.0,
            22057.0,
            23414.0,
            27710.0,
            20762.0,
            27091.0,
            25654.0
        ],
        "IntDen": [
            19059.06804934906,
            19242.819587237253,
            19770.769127803804,
            20987.114673727083,
            24837.829828691272,
            18609.997217729637,
            24282.989819165476,
            22994.936356017537
        ],
        "FlagUp": 0,
        "Times": [
            -15,
            -10,
            -5,
            2,
            10,
            20,
            30,
            40
        ],
        "width": 0,
        "height": 0,
        "area": 0.8963489653082379,
        "distance": -2.333442531624763,
        "xpert": [
            [
                275.0,
                232.0
            ],
            [
                268.4,
                230.6
            ],
            [
                267.2,
                224.0
            ],
            [
                269.0,
                218.0
            ],
            [
                275.0,
                215.0
            ],
            [
                281.0,
                218.0
            ],
            [
                282.0,
                224.0
            ],
            [
                282.0,
                231.0
            ]
        ],
        "stack": 0
    },
    {
        "type": "Spine",
        "location": [
            319,
            262
        ],
        "radloc": [
            0,
            0
        ],
        "mean": [
            33.88775510204081,
            42.40816326530612,
            65.29591836734694,
            78.94897959183673,
            42.93877551020408,
            52.816326530612244,
            93.04081632653062,
            97.89795918367346
        ],
        "min": [
            6.0,
            7.0,
            9.0,
            20.0,
            8.0,
            10.0,
            30.0,
            17.0
        ],
        "max": [
            114.0,
            140.0,
            202.0,
            172.0,
            148.0,
            154.0,
            227.0,
            220.0
        ],
        "RawIntDen": [
            3321.0,
            4156.0,
            6399.0,
            7737.0,
            4208.0,
            5176.0,
            9118.0,
            9594.0
        ],
        "IntDen": [
            1487.4698949303577,
            1861.4648850739436,
            2866.100529256055,
            3465.38830986937,
            1884.7555910469573,
            2318.3210406984435,
            4083.9357127296,
            4297.135252021033
        ],
        "FlagUp": 0,
        "Times": [
            -15,
            -10,
            -5,
            2,
            10,
            20,
            30,
            40
        ],
        "width": 0,
        "height": 0,
        "area": 0.4478981917887256,
        "distance": -1.470250252998106,
        "xpert": [
            [
                319.0,
                267.4
            ],
            [
                315.4,
                265.6
            ],
            [
                314.2,
                262.0
            ],
            [
                314.0,
                257.0
            ],
            [
                319.0,
                254.6
            ],
            [
                324.8,
                256.2
            ],
            [
                323.6,
                262.0
            ],
            [
                322.2,
                265.2
            ]
        ],
        "stack": 0
    },
    {
        "type": "Stim",
        "location": [
            351,
            239
        ],
        "radloc": [
            0,
            0
        ],
        "mean": [
            60.40340909090909,
            55.85227272727273,
            67.2215909090909,
            133.0681818181818,
            144.4659090909091,
            111.11931818181819,
            104.8465909090909,
            96.04545454545455
        ],
        "min": [
            10.0,
            10.0,
            12.0,
            17.0,
            25.0,
            9.0,
            7.0,
            6.0
        ],
        "max": [
            148.0,
            162.0,
            181.0,
            255.0,
            255.0,
            255.0,
            255.0,
            255.0
        ],
        "RawIntDen": [
            10631.0,
            9830.0,
            11831.0,
            23420.0,
            25426.0,
            19557.0,
            18453.0,
            16904.0
        ],
        "IntDen": [
            8218.420435630247,
            7599.197900690935,
            9146.094645277157,
            18105.108324942186,
            19655.87037873527,
            15118.77043172051,
            14265.310158845354,
            13067.837366559468
        ],
        "FlagUp": 0,
        "Times": [
            -15,
            -10,
            -5,
            2,
            10,
            20,
            30,
            40
        ],
        "width": 0,
        "height": 0,
        "area": 0.7730618413724247,
        "distance": 0,
        "xpert": [
            [
                351.0,
                245.2
            ],
            [
                345.4,
                244.6
            ],
            [
                343.8,
                239.0
            ],
            [
                346.4,
                234.4
            ],
            [
                351.0,
                229.6
            ],
            [
                357.6,
                232.4
            ],
            [
                358.8,
                239.0
            ],
            [
                357.0,
                245.0
            ]
        ],
        "stack": 0
    },
    {
        "type": "Stim",
        "location": [
            418,
            269
        ],
        "radloc": [
            0,
            0
        ],
        "mean": [
            134.4,
            141.7764705882353,
            107.96470588235294,
            147.3235294117647,
            80.18823529411765,
            83.65294117647059,
            133.6,
            133.8764705882353
        ],
        "min": [
            37.0,
            45.0,
            21.0,
            15.0,
            13.0,
            14.0,
            25.0,
            27.0
        ],
        "max": [
            255.0,
            254.0,
            241.0,
            255.0,
            206.0,
            212.0,
            254.0,
            254.0
        ],
        "RawIntDen": [
            22848.0,
            24102.0,
            18354.0,
            25045.0,
            13632.0,
            14221.0,
            22712.0,
            22759.0
        ],
        "IntDen": [
            17257.501734535137,
            18204.670290868606,
            13863.103415426203,
            18916.935002688748,
            10296.492631529367,
            10741.374832231451,
            17154.77850992481,
            17190.278447841614
        ],
        "FlagUp": 0,
        "Times": [
            -15,
            -10,
            -5,
            2,
            10,
            20,
            30,
            40
        ],
        "width": 0,
        "height": 0,
        "area": 0.7553178280171191,
        "distance": 0,
        "xpert": [
            [
                418.0,
                274.2
            ],
            [
                413.6,
                273.4
            ],
            [
                410.2,
                269.0
            ],
            [
                411.2,
                262.2
            ],
            [
                418.0,
                260.8
            ],
            [
                425.4,
                261.6
            ],
            [
                424.8,
                269.0
            ],
            [
                423.0,
                274.0
            ]
        ],
        "stack": 0
    },
    {
        "type": "Spine",
        "location": [
            445,
            233
        ],
        "radloc": [
            0,
            0
        ],
        "mean": [
            40.05263157894737,
            53.58771929824562,
            51.60526315789474,
            98.20175438596492,
            58.46491228070175,
            66.7719298245614,
            150.7982456140351,
            119.53508771929825
        ],
        "min": [
            7.0,
            9.0,
            9.0,
            25.0,
            20.0,
            18.0,
            28.0,
            27.0
        ],
        "max": [
            86.0,
            131.0,
            125.0,
            225.0,
            143.0,
            150.0,
            255.0,
            235.0
        ],
        "RawIntDen": [
            4566.0,
            6109.0,
            5883.0,
            11195.0,
            6665.0,
            7612.0,
            17191.0,
            13627.0
        ],
        "IntDen": [
            2367.2174017086472,
            3167.177202592669,
            3050.008754763901,
            5803.9857231993665,
            3455.4323220298147,
            3946.3992250999177,
            8912.578701877652,
            7064.8426485071695
        ],
        "FlagUp": 0,
        "Times": [
            -15,
            -10,
            -5,
            2,
            10,
            20,
            30,
            40
        ],
        "width": 0,
        "height": 0,
        "area": 0.518444459419327,
        "distance": -0.46123000000000003,
        "xpert": [
            [
                445.0,
                241.0
            ],
            [
                439.4,
                238.6
            ],
            [
                439.0,
                233.0
            ],
            [
                441.4,
                229.4
            ],
            [
                445.0,
                227.8
            ],
            [
                449.0,
                229.0
            ],
            [
                451.0,
                233.0
            ],
            [
                450.2,
                238.2
            ]
        ],
        "stack": 0
    },
    {
        "type": "Stim",
        "location": [
            452,
            270
        ],
        "radloc": [
            0,
            0
        ],
        "mean": [
            70.96460176991151,
            72.96460176991151,
            80.86725663716814,
            152.93362831858408,
            84.14159292035399,
            85.99557522123894,
            127.84070796460178,
            208.74778761061947
        ],
        "min": [
            6.0,
            8.0,
            8.0,
            26.0,
            9.0,
            8.0,
            13.0,
            51.0
        ],
        "max": [
            237.0,
            228.0,
            245.0,
            255.0,
            254.0,
            224.0,
            255.0,
            255.0
        ],
        "RawIntDen": [
            16038.0,
            16490.0,
            18276.0,
            34563.0,
            19016.0,
            19435.0,
            28892.0,
            47177.0
        ],
        "IntDen": [
            16056.52870537258,
            16509.05090108454,
            18297.11426732693,
            34602.930642461186,
            19037.969189510226,
            19457.45326031401,
            28925.378934756493,
            47231.503599785654
        ],
        "FlagUp": 0,
        "Times": [
            -15,
            -10,
            -5,
            2,
            10,
            20,
            30,
            40
        ],
        "width": 0,
        "height": 0,
        "area": 1.001155300247698,
        "distance": 0,
        "xpert": [
            [
                452.0,
                278.0
            ],
            [
                445.0,
                277.0
            ],
            [
                441.2,
                270.0
            ],
            [
                444.4,
                262.4
            ],
            [
                452.0,
                261.2
            ],
            [
                458.4,
                263.6
            ],
            [
                458.0,
                270.0
            ],
            [
                457.6,
                275.6
            ]
        ],
        "stack": 0
    },
    {
        "type": "Spine",
        "location": [
            476,
            267
        ],
        "radloc": [
            0,
            0
        ],
        "mean": [
            116.7593984962406,
            152.57142857142858,
            154.2330827067669,
            184.48872180451127,
            123.41353383458646,
            103.17293233082707,
            140.99248120300751,
            121.9624060150376
        ],
        "min": [
            26.0,
            38.0,
            36.0,
            33.0,
            29.0,
            14.0,
            19.0,
            14.0
        ],
        "max": [
            250.0,
            243.0,
            255.0,
            255.0,
            255.0,
            253.0,
            239.0,
            255.0
        ],
        "RawIntDen": [
            15529.0,
            20292.0,
            20513.0,
            24537.0,
            16414.0,
            13722.0,
            18752.0,
            16221.0
        ],
        "IntDen": [
            9793.828923973811,
            12797.757519819474,
            12937.137788490876,
            15474.993902218135,
            10351.980678608163,
            8654.190256601754,
            11826.510398760829,
            10230.259448501462
        ],
        "FlagUp": 0,
        "Times": [
            -15,
            -10,
            -5,
            2,
            10,
            20,
            30,
            40
        ],
        "width": 0,
        "height": 0,
        "area": 0.6306799487393787,
        "distance": -1.2546184249177468,
        "xpert": [
            [
                476.0,
                272.4
            ],
            [
                471.2,
                271.8
            ],
            [
                470.0,
                267.0
            ],
            [
                468.0,
                259.0
            ],
            [
                476.0,
                260.6
            ],
            [
                481.4,
                261.6
            ],
            [
                481.8,
                267.0
            ],
            [
                480.4,
                271.4
            ]
        ],
        "stack": 0
    },
    {
        "type": "Stim",
        "location": [
            497,
            252
        ],
        "radloc": [
            0,
            0
        ],
        "mean": [
            63.80434782608695,
            80.54347826086956,
            79.31884057971014,
            62.43478260869565,
            56.28260869565217,
            62.91304347826087,
            61.369565217391305,
            64.85507246376811
        ],
        "min": [
            12.0,
            25.0,
            14.0,
            9.0,
            8.0,
            19.0,
            7.0,
            8.0
        ],
        "max": [
            147.0,
            153.0,
            163.0,
            133.0,
            118.0,
            155.0,
            154.0,
            196.0
        ],
        "RawIntDen": [
            8805.0,
            11115.0,
            10946.0,
            8616.0,
            7767.0,
            8682.0,
            8469.0,
            8950.0
        ],
        "IntDen": [
            5265.5328932879065,
            6646.950381475875,
            6545.885638833552,
            5152.507826072527,
            4644.792047946299,
            5191.976897163611,
            5064.599440460565,
            5352.245246442562
        ],
        "FlagUp": 0,
        "Times": [
            -15,
            -10,
            -5,
            2,
            10,
            20,
            30,
            40
        ],
        "width": 0,
        "height": 0,
        "area": 0.5980162286528002,
        "distance": 0,
        "xpert": [
            [
                497.0,
                257.8
            ],
            [
                491.8,
                257.2
            ],
            [
                490.6,
                252.0
            ],
            [
                491.6,
                246.6
            ],
            [
                497.0,
                245.6
            ],
            [
                503.0,
                246.0
            ],
            [
                503.6,
                252.0
            ],
            [
                501.8,
                256.8
            ]
        ],
        "stack": 0
    }
]