[
    {
        "type": 0,
        "location": [
            374,
            114
        ],
        "bgloc": [
            387.7225685312385,
            72.41722072627596
        ],
        "mean": [
            [
                48.46188340807175,
                73.39910313901345,
                51.600896860986545,
                106.05381165919283,
                66.4798206278027,
                52.87892376681614,
                42.18385650224215,
                53.68609865470852
            ]
        ],
        "min": [
            [
                7,
                13,
                10,
                16,
                11,
                8,
                7,
                10
            ]
        ],
        "max": [
            [
                172,
                226,
                210,
                252,
                188,
                182,
                172,
                133
            ]
        ],
        "RawIntDen": [
            [
                10807,
                16368,
                11507,
                23650,
                14825,
                11792,
                9407,
                11972
            ]
        ],
        "IntDen": [
            [
                47.075292000000005,
                71.29900800000001,
                50.124492000000004,
                103.01940000000002,
                64.57770000000001,
                51.36595200000001,
                40.97689200000001,
                52.150032
            ]
        ],
        "local_bg": [
            [
                6.9058295964125564,
                7.255605381165919,
                6.932735426008969,
                7.062780269058296,
                7.7847533632287,
                7.946188340807175,
                7.551569506726457,
                7.354260089686099
            ]
        ],
        "area": [
            0.9713880000000001
        ],
        "distance": 0.8196039241070088,
        "points": [
            [
                374.18705987917156,
                119.91131287443677
            ],
            [
                368.98705987917157,
                118.91131287443677
            ],
            [
                363.7870598791716,
                113.71131287443677
            ],
            [
                366.58705987917153,
                106.11131287443678
            ],
            [
                374.18705987917156,
                105.31131287443677
            ],
            [
                380.58705987917153,
                107.31131287443677
            ],
            [
                383.18705987917156,
                113.71131287443677
            ],
            [
                381.38705987917155,
                120.91131287443677
            ]
        ],
        "shift": [
            [
                0,
                0
            ],
            [
                -1,
                0
            ],
            [
                0,
                0
            ],
            [
                0.0,
                -4.0
            ],
            [
                0.0,
                -5.0
            ],
            [
                4.0,
                -6.0
            ],
            [
                5.0,
                -7.0
            ],
            [
                3.0,
                -5.0
            ]
        ],
        "channel": 0,
        "closest_Dend": 0
    },
    {
        "type": 0,
        "location": [
            448,
            171
        ],
        "bgloc": [
            441,
            196
        ],
        "mean": [
            [
                45.743801652892564,
                32.15702479338843,
                53.450413223140494,
                91.74380165289256,
                80.43801652892562,
                61.16115702479339,
                38.80165289256198,
                34.29338842975206
            ]
        ],
        "min": [
            [
                6,
                5,
                6,
                6,
                10,
                7,
                6,
                6
            ]
        ],
        "max": [
            [
                175,
                125,
                196,
                232,
                220,
                234,
                128,
                126
            ]
        ],
        "RawIntDen": [
            [
                11070,
                7782,
                12935,
                22202,
                19466,
                14801,
                9390,
                8299
            ]
        ],
        "IntDen": [
            [
                48.22092000000001,
                33.898392,
                56.344860000000004,
                96.71191200000001,
                84.793896,
                64.473156,
                40.902840000000005,
                36.15044400000001
            ]
        ],
        "local_bg": [
            [
                6.909090909090909,
                6.880165289256198,
                7.136363636363637,
                7.586776859504132,
                7.533057851239669,
                7.016528925619835,
                7.132231404958677,
                6.966942148760331
            ]
        ],
        "area": [
            1.0541520000000002
        ],
        "distance": 6.624049109800583,
        "points": [
            [
                448.0,
                181.6
            ],
            [
                440.4,
                178.6
            ],
            [
                437.4,
                171.0
            ],
            [
                442.0,
                165.0
            ],
            [
                448.0,
                162.8
            ],
            [
                454.4,
                164.6
            ],
            [
                455.0,
                171.0
            ],
            [
                454.6,
                177.6
            ]
        ],
        "shift": [
            [
                0,
                0
            ],
            [
                -2,
                0
            ],
            [
                -1,
                0
            ],
            [
                -4,
                0
            ],
            [
                -4,
                0
            ],
            [
                -4,
                0
            ],
            [
                -4,
                0
            ],
            [
                -4,
                0
            ]
        ],
        "channel": 0,
        "closest_Dend": 0
    },
    {
        "type": 0,
        "location": [
            410,
            110
        ],
        "bgloc": [
            435,
            67
        ],
        "mean": [
            [
                68.47488584474885,
                63.461187214611876,
                63.57077625570776,
                61.87671232876713,
                58.54337899543379,
                66.94063926940639,
                53.44748858447488,
                58.602739726027394
            ]
        ],
        "min": [
            [
                9,
                6,
                8,
                8,
                8,
                9,
                8,
                10
            ]
        ],
        "max": [
            [
                205,
                168,
                208,
                172,
                165,
                198,
                141,
                132
            ]
        ],
        "RawIntDen": [
            [
                14996,
                13898,
                13922,
                13551,
                12821,
                14660,
                11705,
                12834
            ]
        ],
        "IntDen": [
            [
                65.32257600000001,
                60.539688000000005,
                60.64423200000001,
                59.02815600000001,
                55.848276000000006,
                63.85896000000001,
                50.98698,
                55.90490400000001
            ]
        ],
        "local_bg": [
            [
                6.671232876712328,
                6.757990867579909,
                6.762557077625571,
                6.712328767123288,
                6.698630136986301,
                7.109589041095891,
                6.922374429223744,
                7.228310502283105
            ]
        ],
        "area": [
            0.9539640000000001
        ],
        "distance": 2.5791676384487405,
        "points": [
            [
                410.1859254584808,
                119.49641688532887
            ],
            [
                402.98592545848084,
                117.69641688532887
            ],
            [
                402.1859254584808,
                110.49641688532887
            ],
            [
                404.1859254584808,
                104.49641688532887
            ],
            [
                410.1859254584808,
                101.29641688532887
            ],
            [
                416.98592545848084,
                103.69641688532887
            ],
            [
                417.5859254584808,
                110.49641688532887
            ],
            [
                415.98592545848084,
                116.29641688532887
            ]
        ],
        "shift": [
            [
                0,
                0
            ],
            [
                -1,
                0
            ],
            [
                0,
                0
            ],
            [
                -3,
                0
            ],
            [
                -3,
                0
            ],
            [
                -3,
                0
            ],
            [
                4.0,
                -5.0
            ],
            [
                3.0,
                -3.0
            ]
        ],
        "channel": 0,
        "closest_Dend": 0
    },
    {
        "type": 0,
        "location": [
            453,
            147
        ],
        "bgloc": [
            460.4968000811549,
            109.90697637320261
        ],
        "mean": [
            [
                42.00375939849624,
                37.973684210526315,
                39.402255639097746,
                84.48496240601504,
                84.04887218045113,
                66.63533834586467,
                56.255639097744364,
                44.95864661654135
            ]
        ],
        "min": [
            [
                6,
                9,
                7,
                15,
                11,
                7,
                9,
                9
            ]
        ],
        "max": [
            [
                161,
                108,
                168,
                173,
                246,
                170,
                172,
                126
            ]
        ],
        "RawIntDen": [
            [
                11173,
                10101,
                10481,
                22473,
                22357,
                17725,
                14964,
                11959
            ]
        ],
        "IntDen": [
            [
                48.669588000000005,
                43.999956000000005,
                45.655236,
                97.89238800000001,
                97.38709200000001,
                77.21010000000001,
                65.18318400000001,
                52.09340400000001
            ]
        ],
        "local_bg": [
            [
                6.7272727272727275,
                6.71969696969697,
                7.0,
                7.1893939393939394,
                7.212121212121212,
                6.901515151515151,
                8.401515151515152,
                11.284090909090908
            ]
        ],
        "area": [
            1.1586960000000002
        ],
        "distance": 6.525643200034335,
        "points": [
            [
                453.18888046524955,
                153.78617253225548
            ],
            [
                447.58888046524953,
                152.58617253225546
            ],
            [
                444.18888046524955,
                146.98617253225547
            ],
            [
                445.98888046524957,
                139.78617253225548
            ],
            [
                453.18888046524955,
                132.78617253225548
            ],
            [
                460.98888046524957,
                139.18617253225545
            ],
            [
                460.18888046524955,
                146.98617253225547
            ],
            [
                460.98888046524957,
                154.78617253225548
            ]
        ],
        "shift": [
            [
                0,
                0
            ],
            [
                -1,
                0
            ],
            [
                0,
                0
            ],
            [
                -1,
                0
            ],
            [
                1.0,
                -5.0
            ],
            [
                -1.0,
                -7.0
            ],
            [
                3.0,
                -6.0
            ],
            [
                4.0,
                -4.0
            ]
        ],
        "channel": 0,
        "closest_Dend": 0
    },
    {
        "type": 0,
        "location": [
            493,
            171
        ],
        "bgloc": [
            497.9865557280815,
            197.01552625870852
        ],
        "mean": [
            [
                30.205357142857142,
                24.68281938325991,
                27.200892857142858,
                47.19383259911894,
                45.669603524229075,
                48.5374449339207,
                33.85462555066079,
                29.898678414096917
            ]
        ],
        "min": [
            [
                6,
                6,
                6,
                8,
                6,
                9,
                6,
                6
            ]
        ],
        "max": [
            [
                117,
                88,
                82,
                125,
                141,
                132,
                126,
                128
            ]
        ],
        "RawIntDen": [
            [
                6766,
                5603,
                6093,
                10713,
                10367,
                11018,
                7685,
                6787
            ]
        ],
        "IntDen": [
            [
                29.472696000000003,
                24.406668000000003,
                26.541108,
                46.665828000000005,
                45.158652000000004,
                47.99440800000001,
                33.475860000000004,
                29.564172000000003
            ]
        ],
        "local_bg": [
            [
                7.08994708994709,
                6.809523809523809,
                7.068783068783069,
                6.962962962962963,
                7.243386243386244,
                6.978835978835979,
                7.391534391534392,
                7.444444444444445
            ]
        ],
        "area": [
            0.9757440000000002
        ],
        "distance": 9.25946756015329,
        "points": [
            [
                493.0,
                179.6
            ],
            [
                485.6,
                178.4
            ],
            [
                486.2,
                171.0
            ],
            [
                488.4,
                166.4
            ],
            [
                493.0,
                164.6
            ],
            [
                500.4,
                163.6
            ],
            [
                505.6,
                171.0
            ],
            [
                499.6,
                177.6
            ]
        ],
        "shift": [
            [
                0,
                0
            ],
            [
                -1,
                0
            ],
            [
                0,
                0
            ],
            [
                -1,
                0
            ],
            [
                -1,
                0
            ],
            [
                -1,
                0
            ],
            [
                -1,
                0
            ],
            [
                -3,
                0
            ]
        ],
        "channel": 0,
        "closest_Dend": 0
    },
    {
        "type": 0,
        "location": [
            504,
            143
        ],
        "bgloc": [
            496,
            111
        ],
        "mean": [
            [
                36.63106796116505,
                34.04347826086956,
                26.660869565217393,
                40.65217391304348,
                33.904347826086955,
                32.82608695652174,
                18.17391304347826,
                15.382608695652173
            ]
        ],
        "min": [
            [
                6,
                6,
                6,
                10,
                10,
                8,
                6,
                7
            ]
        ],
        "max": [
            [
                119,
                138,
                110,
                171,
                184,
                152,
                64,
                75
            ]
        ],
        "RawIntDen": [
            [
                3773,
                3915,
                3066,
                4675,
                3899,
                3775,
                2090,
                1769
            ]
        ],
        "IntDen": [
            [
                16.435188,
                17.05374,
                13.355496000000002,
                20.364300000000004,
                16.984044,
                16.443900000000003,
                9.104040000000001,
                7.705764000000001
            ]
        ],
        "local_bg": [
            [
                6.982608695652174,
                6.582608695652174,
                6.947826086956522,
                7.043478260869565,
                7.269565217391304,
                7.217391304347826,
                7.078260869565217,
                7.165217391304348
            ]
        ],
        "area": [
            0.44866800000000007
        ],
        "distance": 10.330969058298171,
        "points": [
            [
                504.0,
                152.2
            ],
            [
                498.8,
                148.2
            ],
            [
                498.0,
                143.0
            ],
            [
                498.6,
                137.6
            ],
            [
                504.0,
                131.2
            ],
            [
                506.0,
                141.0
            ],
            [
                506.0,
                143.0
            ],
            [
                506.0,
                145.0
            ]
        ],
        "shift": [
            [
                0,
                0
            ],
            [
                -1,
                0
            ],
            [
                -1,
                0
            ],
            [
                -2,
                0
            ],
            [
                -2,
                0
            ],
            [
                -1,
                0
            ],
            [
                -1,
                0
            ],
            [
                -3,
                0
            ]
        ],
        "channel": 0,
        "closest_Dend": 0
    }
]