[
    {
        "type": 0,
        "location": [
            308,
            178
        ],
        "bgloc": [
            394.86203649635036,
            71.64464079907799
        ],
        "mean": [
            [
                39.95571955719557,
                41.63468634686347,
                39.85608856088561,
                45.52029520295203,
                46.91143911439114,
                45.586715867158674,
                44.298892988929886,
                41.09225092250922
            ]
        ],
        "min": [
            [
                8,
                6,
                8,
                9,
                11,
                11,
                8,
                9
            ]
        ],
        "max": [
            [
                134,
                164,
                158,
                160,
                171,
                138,
                155,
                119
            ]
        ],
        "RawIntDen": [
            [
                10828,
                11283,
                10801,
                12336,
                12713,
                12354,
                12005,
                11136
            ]
        ],
        "IntDen": [
            [
                47.166768000000005,
                49.148748000000005,
                47.049156,
                53.73561600000001,
                55.37782800000001,
                53.814024,
                52.293780000000005,
                48.508416000000004
            ]
        ],
        "local_bg": [
            [
                7.104477611940299,
                7.205223880597015,
                7.100746268656716,
                7.906716417910448,
                7.365671641791045,
                8.167910447761194,
                7.712686567164179,
                8.059701492537313
            ]
        ],
        "area": [
            1.180476
        ],
        "distance": 20.053018168291636,
        "points": [
            [
                308.0,
                190.6
            ],
            [
                300.8,
                185.2
            ],
            [
                301.0,
                178.0
            ],
            [
                302.0,
                172.0
            ],
            [
                308.0,
                168.0
            ],
            [
                313.8,
                172.2
            ],
            [
                315.0,
                178.0
            ],
            [
                317.6,
                187.6
            ]
        ],
        "shift": null,
        "channel": 0,
        "closest_Dend": 0
    },
    {
        "type": 0,
        "location": [
            358,
            170
        ],
        "bgloc": [
            470.2135539761813,
            68.63058009988475
        ],
        "mean": [
            [
                71.26548672566372,
                89.97345132743362,
                94.17699115044248,
                141.3362831858407,
                127.83185840707965,
                124.84070796460178,
                129.23893805309734,
                110.51327433628319
            ]
        ],
        "min": [
            [
                11,
                18,
                24,
                45,
                43,
                46,
                42,
                42
            ]
        ],
        "max": [
            [
                226,
                241,
                186,
                239,
                231,
                221,
                242,
                193
            ]
        ],
        "RawIntDen": [
            [
                8053,
                10167,
                10642,
                15971,
                14445,
                14107,
                14604,
                12488
            ]
        ],
        "IntDen": [
            [
                35.07886800000001,
                44.287452,
                46.35655200000001,
                69.569676,
                62.92242000000001,
                61.450092000000005,
                63.615024000000005,
                54.39772800000001
            ]
        ],
        "local_bg": [
            [
                6.982142857142857,
                7.071428571428571,
                7.205357142857143,
                7.285714285714286,
                7.1875,
                7.098214285714286,
                7.473214285714286,
                7.553571428571429
            ]
        ],
        "area": [
            0.49222800000000005
        ],
        "distance": 23.273257996264288,
        "points": [
            [
                358.0,
                181.4
            ],
            [
                352.6177816042538,
                174.26623127160968
            ],
            [
                359.79411660233296,
                168.5251632731464
            ],
            [
                367.68808510022,
                173.54859777180178
            ],
            [
                366.0,
                178.0
            ]
        ],
        "shift": null,
        "channel": 0,
        "closest_Dend": 0
    },
    {
        "type": 0,
        "location": [
            411,
            171
        ],
        "bgloc": [
            428.01670418747597,
            69.63526699961585
        ],
        "mean": [
            [
                74.29047619047618,
                51.857142857142854,
                53.99047619047619,
                99.88571428571429,
                62.49047619047619,
                60.34285714285714,
                71.50952380952381,
                66.98571428571428
            ]
        ],
        "min": [
            [
                7,
                7,
                9,
                20,
                8,
                8,
                12,
                11
            ]
        ],
        "max": [
            [
                223,
                181,
                146,
                214,
                147,
                146,
                152,
                142
            ]
        ],
        "RawIntDen": [
            [
                15601,
                10890,
                11338,
                20976,
                13123,
                12672,
                15017,
                14067
            ]
        ],
        "IntDen": [
            [
                67.95795600000001,
                47.436840000000004,
                49.38832800000001,
                91.37145600000001,
                57.163788000000004,
                55.19923200000001,
                65.41405200000001,
                61.27585200000001
            ]
        ],
        "local_bg": [
            [
                7.338164251207729,
                7.536231884057971,
                7.845410628019324,
                7.357487922705314,
                7.980676328502415,
                8.483091787439614,
                8.48792270531401,
                8.154589371980677
            ]
        ],
        "area": [
            0.9147600000000001
        ],
        "distance": 26.68306558202042,
        "points": [
            [
                413.61662908792647,
                185.7483672685363
            ],
            [
                408.59319458927104,
                184.3131002689205
            ],
            [
                405.7226605900394,
                173.54859777180178
            ],
            [
                406.8,
                166.8
            ],
            [
                411.0,
                166.2
            ],
            [
                416.8,
                165.2
            ],
            [
                419.0,
                171.0
            ],
            [
                417.922430086774,
                180.72493276988092
            ]
        ],
        "shift": null,
        "channel": 0,
        "closest_Dend": 0
    },
    {
        "type": 0,
        "location": [
            428,
            145
        ],
        "bgloc": [
            423,
            118
        ],
        "mean": [
            [
                49.94505494505494,
                50.14835164835165,
                48.79120879120879,
                59.74175824175824,
                34.41208791208791,
                46.74175824175824,
                44.35164835164835,
                27.12087912087912
            ]
        ],
        "min": [
            [
                8,
                14,
                9,
                10,
                9,
                8,
                9,
                8
            ]
        ],
        "max": [
            [
                142,
                125,
                135,
                185,
                93,
                122,
                103,
                86
            ]
        ],
        "RawIntDen": [
            [
                9090,
                9127,
                8880,
                10873,
                6263,
                8507,
                8072,
                4936
            ]
        ],
        "IntDen": [
            [
                39.59604,
                39.757212,
                38.68128,
                47.362788,
                27.281628000000005,
                37.056492000000006,
                35.161632000000004,
                21.501216000000003
            ]
        ],
        "local_bg": [
            [
                7.928571428571429,
                7.725274725274725,
                7.71978021978022,
                7.461538461538462,
                7.8901098901098905,
                7.4010989010989015,
                7.554945054945055,
                7.582417582417582
            ]
        ],
        "area": [
            0.792792
        ],
        "distance": 29.000132983607564,
        "points": [
            [
                428.0,
                153.4
            ],
            [
                422.0,
                151.0
            ],
            [
                421.6,
                145.0
            ],
            [
                422.6,
                139.6
            ],
            [
                428.01670418747597,
                136.94928928159817
            ],
            [
                433.8,
                139.2
            ],
            [
                434.2,
                145.0
            ],
            [
                435.2,
                152.2
            ]
        ],
        "shift": null,
        "channel": 0,
        "closest_Dend": 0
    },
    {
        "type": 0,
        "location": [
            452,
            138
        ],
        "bgloc": [
            449,
            104
        ],
        "mean": [
            [
                28.356862745098038,
                27.36862745098039,
                22.098039215686274,
                21.44705882352941,
                20.941176470588236,
                21.498039215686273,
                19.094117647058823,
                18.811764705882354
            ]
        ],
        "min": [
            [
                8,
                7,
                7,
                6,
                6,
                6,
                6,
                6
            ]
        ],
        "max": [
            [
                80,
                103,
                55,
                86,
                103,
                76,
                58,
                55
            ]
        ],
        "RawIntDen": [
            [
                7231,
                6979,
                5635,
                5469,
                5340,
                5482,
                4869,
                4797
            ]
        ],
        "IntDen": [
            [
                31.498236000000002,
                30.400524000000004,
                24.546060000000004,
                23.822964000000002,
                23.26104,
                23.879592000000002,
                21.209364,
                20.895732000000002
            ]
        ],
        "local_bg": [
            [
                7.733333333333333,
                7.901960784313726,
                7.4980392156862745,
                7.811764705882353,
                7.658823529411765,
                7.8431372549019605,
                7.949019607843137,
                7.709803921568628
            ]
        ],
        "area": [
            1.11078
        ],
        "distance": 29.631692461615014,
        "points": [
            [
                452.0,
                147.0
            ],
            [
                443.6,
                146.4
            ],
            [
                444.4,
                138.0
            ],
            [
                445.8,
                131.8
            ],
            [
                452.0,
                128.2
            ],
            [
                459.4,
                130.6
            ],
            [
                459.4,
                138.0
            ],
            [
                460.6,
                146.6
            ]
        ],
        "shift": null,
        "channel": 0,
        "closest_Dend": 0
    },
    {
        "type": 0,
        "location": [
            472,
            167
        ],
        "bgloc": [
            412.9464006915098,
            98.77118709181713
        ],
        "mean": [
            [
                109.0,
                63.04280155642024,
                70.19844357976653,
                149.85603112840468,
                94.8249027237354,
                87.05447470817121,
                95.53696498054475,
                92.27237354085604
            ]
        ],
        "min": [
            [
                14,
                10,
                11,
                31,
                14,
                12,
                14,
                17
            ]
        ],
        "max": [
            [
                248,
                174,
                235,
                255,
                230,
                234,
                211,
                235
            ]
        ],
        "RawIntDen": [
            [
                28013,
                16202,
                18041,
                38513,
                24370,
                22373,
                24553,
                23714
            ]
        ],
        "IntDen": [
            [
                122.024628,
                70.575912,
                78.58659600000001,
                167.762628,
                106.15572000000002,
                97.45678800000002,
                106.95286800000001,
                103.298184
            ]
        ],
        "local_bg": [
            [
                6.98406374501992,
                7.191235059760956,
                7.143426294820717,
                7.235059760956175,
                7.370517928286852,
                7.54183266932271,
                7.370517928286852,
                7.394422310756972
            ]
        ],
        "area": [
            1.1194920000000002
        ],
        "distance": 30.868951323180674,
        "points": [
            [
                472.0,
                173.6
            ],
            [
                462.6,
                176.4
            ],
            [
                460.8,
                167.0
            ],
            [
                463.8,
                158.8
            ],
            [
                472.0,
                158.8
            ],
            [
                480.2,
                158.8
            ],
            [
                478.0,
                167.0
            ],
            [
                476.6,
                171.6
            ]
        ],
        "shift": null,
        "channel": 0,
        "closest_Dend": 0
    },
    {
        "type": 0,
        "location": [
            488,
            144
        ],
        "bgloc": [
            487,
            124
        ],
        "mean": [
            [
                77.81818181818181,
                66.6096256684492,
                40.19786096256684,
                40.63101604278075,
                59.23529411764706,
                61.096256684491976,
                45.55080213903744,
                38.149732620320854
            ]
        ],
        "min": [
            [
                13,
                14,
                9,
                7,
                9,
                11,
                7,
                7
            ]
        ],
        "max": [
            [
                161,
                146,
                125,
                154,
                148,
                155,
                108,
                100
            ]
        ],
        "RawIntDen": [
            [
                14552,
                12456,
                7517,
                7598,
                11077,
                11425,
                8518,
                7134
            ]
        ],
        "IntDen": [
            [
                63.388512000000006,
                54.25833600000001,
                32.744052,
                33.09688800000001,
                48.251412,
                49.767300000000006,
                37.10440800000001,
                31.075704
            ]
        ],
        "local_bg": [
            [
                11.871134020618557,
                10.11229946524064,
                9.508021390374331,
                8.406417112299465,
                8.983957219251337,
                8.636363636363637,
                8.37433155080214,
                8.117647058823529
            ]
        ],
        "area": [
            0.8145720000000001
        ],
        "distance": 31.924951323180675,
        "points": [
            [
                488.0,
                150.8
            ],
            [
                481.8,
                150.2
            ],
            [
                480.2,
                144.0
            ],
            [
                482.4,
                138.4
            ],
            [
                488.0,
                136.0
            ],
            [
                494.2,
                137.8
            ],
            [
                497.0,
                144.0
            ],
            [
                494.2,
                150.2
            ]
        ],
        "shift": null,
        "channel": 0,
        "closest_Dend": 0
    }
]