[
    {
        "type": 0,
        "location": [
            164,
            304
        ],
        "bgloc": [
            164,
            342
        ],
        "mean": [
            [
                61.33105802047782,
                58.63139931740614,
                53.129692832764505,
                49.232081911262796,
                38.774744027303754,
                40.50511945392491,
                44.13993174061434,
                47.225255972696246
            ]
        ],
        "min": [
            [
                9,
                8,
                7,
                6,
                6,
                5,
                6,
                6
            ]
        ],
        "max": [
            [
                179,
                147,
                171,
                251,
                219,
                251,
                255,
                255
            ]
        ],
        "RawIntDen": [
            [
                17970,
                17179,
                15567,
                14425,
                11361,
                11868,
                12933,
                13837
            ]
        ],
        "IntDen": [
            [
                22861.721527895763,
                21855.39867154821,
                19804.58647883992,
                18351.71580633814,
                14453.645980991862,
                15098.65949321463,
                16453.569533682577,
                17603.65279807978
            ]
        ],
        "local_bg": [
            [
                7.054607508532423,
                6.863481228668942,
                6.750853242320819,
                6.907849829351536,
                6.757679180887372,
                6.805460750853243,
                6.795221843003413,
                6.679180887372014
            ]
        ],
        "area": [
            1.2722160004393859
        ],
        "distance": 10.504952960929785,
        "points": [
            [
                164.0,
                312.6
            ],
            [
                158.8,
                309.2
            ],
            [
                157.0,
                304.0
            ],
            [
                153.4,
                293.4
            ],
            [
                164.0,
                293.6
            ],
            [
                174.4,
                293.6
            ],
            [
                173.6,
                304.0
            ],
            [
                170.0,
                310.0
            ]
        ],
        "shift": null,
        "channel": 0,
        "closest_Dend": 0
    },
    {
        "type": 0,
        "location": [
            242,
            286
        ],
        "bgloc": [
            236,
            314
        ],
        "mean": [
            [
                93.61860465116278,
                79.7953488372093,
                83.46976744186047,
                95.28372093023256,
                80.66976744186047,
                89.31627906976745,
                89.29767441860466,
                85.25581395348837
            ]
        ],
        "min": [
            [
                17,
                12,
                15,
                16,
                14,
                18,
                21,
                14
            ]
        ],
        "max": [
            [
                238,
                193,
                175,
                205,
                186,
                204,
                205,
                216
            ]
        ],
        "RawIntDen": [
            [
                20128,
                17156,
                17946,
                20486,
                17344,
                19203,
                19199,
                18330
            ]
        ],
        "IntDen": [
            [
                18790.23954341792,
                16015.766574268573,
                16753.26107145161,
                19124.445910495804,
                16191.271593851372,
                17926.717505577024,
                17922.9833562242,
                17111.739409322858
            ]
        ],
        "local_bg": [
            [
                7.706976744186046,
                7.637209302325582,
                8.032558139534883,
                7.534883720930233,
                7.255813953488372,
                7.660465116279069,
                7.6465116279069765,
                7.744186046511628
            ]
        ],
        "area": [
            0.9335373382063753
        ],
        "distance": 16.138988391119785,
        "points": [
            [
                242.0,
                293.8
            ],
            [
                237.0,
                291.0
            ],
            [
                234.4,
                286.0
            ],
            [
                235.4,
                279.4
            ],
            [
                242.0,
                277.2
            ],
            [
                249.8,
                278.2
            ],
            [
                251.2,
                286.0
            ],
            [
                247.8,
                291.8
            ]
        ],
        "shift": null,
        "channel": 0,
        "closest_Dend": 0
    },
    {
        "type": 0,
        "location": [
            405,
            274
        ],
        "bgloc": [
            405,
            306
        ],
        "mean": [
            [
                68.34615384615384,
                59.88111888111888,
                62.92307692307692,
                81.5034965034965,
                72.14335664335664,
                67.70979020979021,
                63.37762237762238,
                64.02447552447552
            ]
        ],
        "min": [
            [
                10,
                7,
                8,
                14,
                9,
                18,
                22,
                26
            ]
        ],
        "max": [
            [
                187,
                184,
                215,
                185,
                142,
                139,
                117,
                128
            ]
        ],
        "RawIntDen": [
            [
                19547,
                17126,
                17996,
                23310,
                20633,
                19365,
                18126,
                18311
            ]
        ],
        "IntDen": [
            [
                24273.889972451743,
                21267.439487809308,
                22347.824420332614,
                28946.865261055413,
                25622.50840546359,
                24047.878411854916,
                22509.261249330346,
                22738.99827521174
            ]
        ],
        "local_bg": [
            [
                7.699300699300699,
                7.629370629370629,
                7.888111888111888,
                7.688811188811189,
                7.534965034965035,
                7.818181818181818,
                7.975524475524476,
                7.6573426573426575
            ]
        ],
        "area": [
            1.2418217615210387
        ],
        "distance": 26.995724490833634,
        "points": [
            [
                405.0,
                283.2
            ],
            [
                395.4,
                283.6
            ],
            [
                396.0,
                274.0
            ],
            [
                396.0,
                265.0
            ],
            [
                405.0,
                264.2
            ],
            [
                411.8,
                267.2
            ],
            [
                412.0,
                274.0
            ],
            [
                411.0,
                280.0
            ]
        ],
        "shift": null,
        "channel": 0,
        "closest_Dend": 0
    },
    {
        "type": 0,
        "location": [
            482,
            248
        ],
        "bgloc": [
            459.91245325813037,
            228.91913792914062
        ],
        "mean": [
            [
                87.63819095477388,
                113.82914572864321,
                104.7286432160804,
                133.66331658291458,
                128.68341708542712,
                125.19597989949749,
                120.65326633165829,
                125.01005025125629
            ]
        ],
        "min": [
            [
                15,
                26,
                18,
                28,
                18,
                19,
                16,
                28
            ]
        ],
        "max": [
            [
                232,
                255,
                251,
                255,
                255,
                255,
                255,
                255
            ]
        ],
        "RawIntDen": [
            [
                17440,
                22652,
                20841,
                26599,
                25608,
                24914,
                24010,
                24877
            ]
        ],
        "IntDen": [
            [
                15069.289974351244,
                19572.795670814474,
                18007.97433230816,
                22983.25940526197,
                22126.97119628364,
                21527.310230561176,
                20746.19565849618,
                21495.339833253205
            ]
        ],
        "local_bg": [
            [
                11.251256281407036,
                11.904522613065327,
                11.638190954773869,
                11.542713567839195,
                11.582914572864322,
                11.366834170854272,
                11.482412060301508,
                11.43718592964824
            ]
        ],
        "area": [
            0.8640647921072961
        ],
        "distance": 32.55145709432516,
        "points": [
            [
                482.0,
                255.4
            ],
            [
                476.8,
                253.2
            ],
            [
                472.8,
                248.0
            ],
            [
                475.8,
                241.8
            ],
            [
                482.0,
                240.0
            ],
            [
                487.8,
                242.2
            ],
            [
                488.8,
                248.0
            ],
            [
                490.4,
                256.4
            ]
        ],
        "shift": null,
        "channel": 0,
        "closest_Dend": 0
    },
    {
        "type": 0,
        "location": [
            278,
            254
        ],
        "bgloc": [
            278,
            214
        ],
        "mean": [
            [
                57.014925373134325,
                42.472636815920396,
                42.03482587064676,
                30.666666666666668,
                32.19900497512438,
                29.796019900497512,
                25.736318407960198,
                24.18905472636816
            ]
        ],
        "min": [
            [
                10,
                8,
                8,
                7,
                6,
                8,
                6,
                8
            ]
        ],
        "max": [
            [
                179,
                164,
                173,
                148,
                127,
                119,
                101,
                96
            ]
        ],
        "RawIntDen": [
            [
                11460,
                8537,
                8449,
                6164,
                6472,
                5989,
                5173,
                4862
            ]
        ],
        "IntDen": [
            [
                10001.701939836545,
                7450.6570209759675,
                7373.855121263435,
                5379.623975318714,
                5648.430624312576,
                5226.89292475402,
                4514.72985469236,
                4243.304959117389
            ]
        ],
        "local_bg": [
            [
                7.1940298507462686,
                7.258706467661692,
                6.975124378109452,
                7.1840796019900495,
                6.751243781094527,
                6.91542288557214,
                7.0,
                7.288557213930348
            ]
        ],
        "area": [
            0.872748860369681
        ],
        "distance": 18.332351001873608,
        "points": [
            [
                278.0,
                264.8
            ],
            [
                269.2,
                262.8
            ],
            [
                270.0,
                254.0
            ],
            [
                272.0,
                248.0
            ],
            [
                278.0,
                245.8
            ],
            [
                282.6,
                249.4
            ],
            [
                283.6,
                254.0
            ],
            [
                282.4,
                258.4
            ]
        ],
        "shift": null,
        "channel": 0,
        "closest_Dend": 0
    },
    {
        "type": 0,
        "location": [
            363,
            245
        ],
        "bgloc": [
            357,
            217
        ],
        "mean": [
            [
                105.19665271966527,
                108.46443514644352,
                131.907949790795,
                103.96652719665272,
                103.22594142259415,
                104.0,
                101.2050209205021,
                96.55648535564853
            ]
        ],
        "min": [
            [
                9,
                16,
                19,
                10,
                16,
                15,
                14,
                12
            ]
        ],
        "max": [
            [
                252,
                237,
                255,
                246,
                247,
                245,
                253,
                249
            ]
        ],
        "RawIntDen": [
            [
                25142,
                25923,
                31526,
                24848,
                24671,
                24856,
                24188,
                23077
            ]
        ],
        "IntDen": [
            [
                26091.013888219255,
                26901.493637113508,
                32715.985356773537,
                25785.916517956888,
                25602.235448105053,
                25794.218487215727,
                25101.004054102592,
                23948.068073281192
            ]
        ],
        "local_bg": [
            [
                8.200836820083682,
                8.493723849372385,
                8.635983263598327,
                8.179916317991632,
                8.330543933054393,
                8.422594142259415,
                8.380753138075313,
                8.05439330543933
            ]
        ],
        "area": [
            1.037746157354994
        ],
        "distance": 24.953015868155013,
        "points": [
            [
                363.0,
                253.8
            ],
            [
                354.6,
                253.4
            ],
            [
                356.6,
                245.0
            ],
            [
                357.6,
                239.6
            ],
            [
                363.0,
                236.8
            ],
            [
                368.4,
                239.6
            ],
            [
                375.4,
                245.0
            ],
            [
                370.4,
                252.4
            ]
        ],
        "shift": null,
        "channel": 0,
        "closest_Dend": 0
    },
    {
        "type": 0,
        "location": [
            61,
            280
        ],
        "bgloc": [
            59.61717248034864,
            312.8006423892063
        ],
        "mean": [
            [
                143.60773480662982,
                124.07734806629834,
                100.00552486187846,
                109.0828729281768,
                108.69613259668509,
                117.56906077348066,
                111.41436464088397,
                111.94475138121547
            ]
        ],
        "min": [
            [
                18,
                21,
                15,
                13,
                15,
                17,
                16,
                13
            ]
        ],
        "max": [
            [
                255,
                255,
                255,
                255,
                255,
                255,
                254,
                255
            ]
        ],
        "RawIntDen": [
            [
                25993,
                22458,
                18101,
                19744,
                19674,
                21280,
                20166,
                20262
            ]
        ],
        "IntDen": [
            [
                20428.111264147417,
                17649.925855815898,
                14225.723925377308,
                15516.971061413711,
                15461.957488971502,
                16724.12602243131,
                15848.624312422451,
                15924.071497486051
            ]
        ],
        "local_bg": [
            [
                7.213483146067416,
                7.073033707865169,
                7.089887640449438,
                7.044943820224719,
                6.758426966292135,
                6.99438202247191,
                7.056179775280899,
                7.022471910112359
            ]
        ],
        "area": [
            0.7859081777458322
        ],
        "distance": 3.812823082747021,
        "points": [
            [
                61.0,
                289.4
            ],
            [
                55.0,
                286.0
            ],
            [
                54.0,
                280.0
            ],
            [
                54.6,
                273.6
            ],
            [
                61.0,
                275.2
            ],
            [
                65.0,
                276.0
            ],
            [
                70.0,
                280.0
            ],
            [
                67.8,
                286.8
            ]
        ],
        "shift": null,
        "channel": 0,
        "closest_Dend": 0
    },
    {
        "type": 0,
        "location": [
            477,
            276
        ],
        "bgloc": [
            461,
            306
        ],
        "mean": [
            [
                81.00787401574803,
                78.4514435695538,
                83.71128608923884,
                138.10498687664042,
                122.35958005249344,
                125.5249343832021,
                128.7795275590551,
                133.81627296587928
            ]
        ],
        "min": [
            [
                11,
                10,
                11,
                34,
                17,
                15,
                34,
                37
            ]
        ],
        "max": [
            [
                248,
                219,
                235,
                255,
                255,
                255,
                255,
                255
            ]
        ],
        "RawIntDen": [
            [
                30864,
                29890,
                31894,
                52618,
                46619,
                47825,
                49065,
                50984
            ]
        ],
        "IntDen": [
            [
                51058.778282972075,
                49447.47546909135,
                52762.72273707593,
                87046.74687964699,
                77122.51117074506,
                79117.61506555014,
                81168.9656704907,
                84343.59616313661
            ]
        ],
        "local_bg": [
            [
                7.808398950131234,
                8.028871391076116,
                8.183727034120736,
                8.388451443569554,
                8.32283464566929,
                8.165354330708661,
                8.356955380577428,
                8.46719160104987
            ]
        ],
        "area": [
            1.6543150039843209
        ],
        "distance": 32.256769662248644,
        "points": [
            [
                477.0,
                283.2
            ],
            [
                470.0,
                283.0
            ],
            [
                467.0,
                276.0
            ],
            [
                469.2,
                268.2
            ],
            [
                477.0,
                265.0
            ],
            [
                485.0,
                268.0
            ],
            [
                497.4,
                276.0
            ],
            [
                484.8,
                283.8
            ]
        ],
        "shift": null,
        "channel": 0,
        "closest_Dend": 0
    },
    {
        "type": 0,
        "location": [
            106,
            269
        ],
        "bgloc": [
            106,
            249
        ],
        "mean": [
            [
                74.48161764705883,
                74.06985294117646,
                80.00367647058823,
                79.05514705882354,
                76.8345588235294,
                77.4154411764706,
                70.05147058823529,
                70.90073529411765
            ]
        ],
        "min": [
            [
                10,
                10,
                11,
                17,
                17,
                17,
                15,
                11
            ]
        ],
        "max": [
            [
                225,
                199,
                190,
                170,
                218,
                216,
                158,
                170
            ]
        ],
        "RawIntDen": [
            [
                20259,
                20147,
                21761,
                21503,
                20899,
                21057,
                19054,
                19285
            ]
        ],
        "IntDen": [
            [
                23926.553294161135,
                23794.27756638849,
                25700.46528625502,
                25395.75869906446,
                24682.414595719114,
                24869.017854541242,
                22503.4081873215,
                22776.226875852582
            ]
        ],
        "local_bg": [
            [
                10.727941176470589,
                11.672794117647058,
                11.349264705882353,
                10.647058823529411,
                10.8125,
                10.139705882352942,
                9.775735294117647,
                9.889705882352942
            ]
        ],
        "area": [
            1.1810332836843445
        ],
        "distance": 7.181962803714466,
        "points": [
            [
                106.0,
                275.8
            ],
            [
                100.0,
                275.0
            ],
            [
                88.8,
                269.0
            ],
            [
                97.6,
                260.6
            ],
            [
                106.0,
                261.2
            ],
            [
                112.0,
                263.0
            ],
            [
                113.8,
                269.0
            ],
            [
                112.2,
                275.2
            ]
        ],
        "shift": null,
        "channel": 0,
        "closest_Dend": 0
    },
    {
        "type": 0,
        "location": [
            30,
            257
        ],
        "bgloc": [
            18.207315848164313,
            278.8233241269012
        ],
        "mean": [
            [
                75.63019693654267,
                75.95404814004377,
                78.10284463894968,
                81.13129102844638,
                71.54923413566739,
                71.29759299781182,
                65.6980306345733,
                65.04157549234135
            ]
        ],
        "min": [
            [
                7,
                8,
                12,
                14,
                11,
                11,
                8,
                8
            ]
        ],
        "max": [
            [
                228,
                205,
                206,
                217,
                223,
                213,
                202,
                197
            ]
        ],
        "RawIntDen": [
            [
                34563,
                34711,
                35693,
                37077,
                32698,
                32583,
                30024,
                29724
            ]
        ],
        "IntDen": [
            [
                68583.69263411681,
                68877.37045461415,
                70825.96247980591,
                73572.24696337555,
                64882.95523393084,
                64654.75963016602,
                59576.91136899931,
                58981.618489612825
            ]
        ],
        "local_bg": [
            [
                10.379912663755459,
                10.196506550218341,
                10.111353711790393,
                11.888646288209607,
                12.587336244541484,
                12.751091703056769,
                12.331877729257641,
                12.897379912663755
            ]
        ],
        "area": [
            1.9843095979549465
        ],
        "distance": 1.3105581730898928,
        "points": [
            [
                30.0,
                264.6
            ],
            [
                24.0,
                263.0
            ],
            [
                21.0,
                257.0
            ],
            [
                12.2,
                239.2
            ],
            [
                30.0,
                247.4
            ],
            [
                43.4,
                243.6
            ],
            [
                44.0,
                257.0
            ],
            [
                38.0,
                265.0
            ]
        ],
        "shift": null,
        "channel": 0,
        "closest_Dend": 0
    },
    {
        "type": 0,
        "location": [
            47,
            276
        ],
        "bgloc": [
            36,
            287
        ],
        "mean": [
            [
                38.84563758389262,
                36.88590604026846,
                36.738255033557046,
                59.04026845637584,
                41.77181208053691,
                33.577181208053695,
                35.308724832214764,
                32.40939597315436
            ]
        ],
        "min": [
            [
                8,
                8,
                7,
                13,
                10,
                7,
                8,
                7
            ]
        ],
        "max": [
            [
                126,
                144,
                134,
                146,
                112,
                103,
                98,
                124
            ]
        ],
        "RawIntDen": [
            [
                5788,
                5496,
                5474,
                8797,
                6224,
                5003,
                5261,
                4829
            ]
        ],
        "IntDen": [
            [
                3744.622339149937,
                3555.709118170016,
                3541.4759302879675,
                5691.334263562888,
                4026.698244448723,
                3236.756316995013,
                3403.672793066313,
                3124.184740109718
            ]
        ],
        "local_bg": [
            [
                9.36241610738255,
                9.026845637583893,
                8.953020134228188,
                9.167785234899329,
                8.906040268456376,
                8.946308724832214,
                8.234899328859061,
                8.315436241610739
            ]
        ],
        "area": [
            0.646963085547674
        ],
        "distance": 3.080843069751737,
        "points": [
            [
                47.0,
                283.2
            ],
            [
                41.2,
                281.8
            ],
            [
                40.2,
                276.0
            ],
            [
                41.2,
                270.2
            ],
            [
                47.0,
                269.8
            ],
            [
                51.6,
                271.4
            ],
            [
                53.6,
                276.0
            ],
            [
                53.0,
                282.0
            ]
        ],
        "shift": null,
        "channel": 0,
        "closest_Dend": 0
    },
    {
        "type": 0,
        "location": [
            209,
            263
        ],
        "bgloc": [
            226.31839020478293,
            228.91913792914062
        ],
        "mean": [
            [
                101.76449275362319,
                100.7536231884058,
                105.18115942028986,
                105.6340579710145,
                100.39855072463769,
                102.17753623188406,
                93.19927536231884,
                92.44927536231884
            ]
        ],
        "min": [
            [
                24,
                22,
                26,
                29,
                37,
                29,
                23,
                24
            ]
        ],
        "max": [
            [
                252,
                235,
                219,
                238,
                229,
                243,
                215,
                228
            ]
        ],
        "RawIntDen": [
            [
                28087,
                27808,
                29030,
                29155,
                27710,
                28201,
                25723,
                25516
            ]
        ],
        "IntDen": [
            [
                33659.50068941339,
                33325.14669317505,
                34789.59322867059,
                34939.39340619673,
                33207.703353994555,
                33796.118451317234,
                30826.479732039046,
                30578.41063805576
            ]
        ],
        "local_bg": [
            [
                7.988721804511278,
                8.135338345864662,
                8.109022556390977,
                7.958646616541353,
                7.973684210526316,
                7.864661654135339,
                7.868421052631579,
                7.635338345864661
            ]
        ],
        "area": [
            1.1984014202091142
        ],
        "distance": 13.805833164133292,
        "points": [
            [
                209.0,
                274.6
            ],
            [
                201.0,
                271.0
            ],
            [
                201.0,
                263.0
            ],
            [
                200.2,
                254.2
            ],
            [
                209.0,
                254.8
            ],
            [
                215.4,
                256.6
            ],
            [
                216.4,
                263.0
            ],
            [
                216.4,
                270.4
            ]
        ],
        "shift": null,
        "channel": 0,
        "closest_Dend": 0
    },
    {
        "type": 0,
        "location": [
            318,
            250
        ],
        "bgloc": [
            299.5819827078783,
            216.17764358077625
        ],
        "mean": [
            [
                89.95,
                88.71111111111111,
                89.66388888888889,
                98.19166666666666,
                91.9888888888889,
                95.40833333333333,
                93.31388888888888,
                90.93333333333334
            ]
        ],
        "min": [
            [
                12,
                10,
                9,
                11,
                32,
                22,
                22,
                16
            ]
        ],
        "max": [
            [
                212,
                181,
                211,
                239,
                166,
                198,
                217,
                183
            ]
        ],
        "RawIntDen": [
            [
                32382,
                31936,
                32279,
                35349,
                33116,
                34347,
                33593,
                32736
            ]
        ],
        "IntDen": [
            [
                50617.34972505853,
                49920.19272495427,
                50456.34709947391,
                55255.1632212678,
                51764.68882388482,
                53688.904669464064,
                52510.302924893185,
                51170.69855473769
            ]
        ],
        "local_bg": [
            [
                8.370786516853933,
                8.025280898876405,
                7.741573033707865,
                7.719101123595506,
                7.72191011235955,
                7.632022471910112,
                7.544943820224719,
                7.26123595505618
            ]
        ],
        "area": [
            1.5631322872292794
        ],
        "distance": 21.34320508926847,
        "points": [
            [
                318.0,
                261.0
            ],
            [
                304.2,
                263.8
            ],
            [
                309.2,
                250.0
            ],
            [
                311.6,
                243.6
            ],
            [
                318.0,
                240.0
            ],
            [
                324.8,
                243.2
            ],
            [
                325.0,
                250.0
            ],
            [
                329.0,
                261.0
            ]
        ],
        "shift": null,
        "channel": 0,
        "closest_Dend": 0
    }
]