[
    {
        "type": 0,
        "location": [
            26,
            257
        ],
        "bgloc": [
            18,
            220
        ],
        "mean": [
            [
                23.085714285714285,
                25.033333333333335,
                24.833333333333332,
                23.433333333333334,
                25.142857142857142,
                25.266666666666666,
                27.21904761904762,
                30.88095238095238
            ]
        ],
        "min": [
            [
                6,
                7,
                4,
                5,
                5,
                6,
                5,
                5
            ]
        ],
        "max": [
            [
                71,
                83,
                89,
                62,
                91,
                64,
                91,
                131
            ]
        ],
        "RawIntDen": [
            [
                4848,
                5257,
                5215,
                4921,
                5280,
                5306,
                5716,
                6485
            ]
        ],
        "IntDen": [
            [
                4434.756480000001,
                4808.89332,
                4770.473400000001,
                4501.533960000001,
                4829.9328000000005,
                4853.716560000001,
                5228.7681600000005,
                5932.218600000001
            ]
        ],
        "local_bg": [
            [
                5.838095238095238,
                5.338095238095238,
                5.814285714285714,
                5.447619047619048,
                4.685714285714286,
                5.933333333333334,
                5.661904761904762,
                6.419047619047619
            ]
        ],
        "area": [
            0.9147600000000001
        ],
        "distance": 1.5622115181252125,
        "points": [
            [
                26.0,
                268.0
            ],
            [
                18.0,
                265.0
            ],
            [
                18.6,
                257.0
            ],
            [
                20.8,
                251.8
            ],
            [
                26.0,
                250.8
            ],
            [
                30.6,
                252.4
            ],
            [
                33.0,
                257.0
            ],
            [
                33.8,
                264.8
            ]
        ],
        "shift": null,
        "channel": 0,
        "closest_Dend": 0
    },
    {
        "type": 0,
        "location": [
            75,
            285
        ],
        "bgloc": [
            91,
            325
        ],
        "mean": [
            [
                31.50793650793651,
                34.361111111111114,
                33.757936507936506,
                36.48412698412698,
                37.21031746031746,
                40.03968253968254,
                45.45634920634921,
                46.698412698412696
            ]
        ],
        "min": [
            [
                5,
                6,
                7,
                8,
                10,
                7,
                8,
                7
            ]
        ],
        "max": [
            [
                96,
                114,
                104,
                110,
                127,
                126,
                160,
                137
            ]
        ],
        "RawIntDen": [
            [
                7940,
                8659,
                8507,
                9194,
                9377,
                10090,
                11455,
                11768
            ]
        ],
        "IntDen": [
            [
                8715.83328,
                9505.088208000001,
                9338.235984,
                10092.364128000001,
                10293.245424,
                11075.91408,
                12574.290960000002,
                12917.874816000001
            ]
        ],
        "local_bg": [
            [
                5.027777777777778,
                5.337301587301587,
                5.325396825396825,
                5.373015873015873,
                4.829365079365079,
                5.587301587301587,
                5.134920634920635,
                5.833333333333333
            ]
        ],
        "area": [
            1.097712
        ],
        "distance": 3.9414384074819977,
        "points": [
            [
                75.0,
                294.2
            ],
            [
                68.4,
                291.6
            ],
            [
                63.2,
                285.0
            ],
            [
                68.0,
                278.0
            ],
            [
                75.0,
                276.4
            ],
            [
                80.8,
                279.2
            ],
            [
                83.8,
                285.0
            ],
            [
                81.4,
                291.4
            ]
        ],
        "shift": null,
        "channel": 0,
        "closest_Dend": 0
    },
    {
        "type": 0,
        "location": [
            82,
            249
        ],
        "bgloc": [
            78.30761120030951,
            214.07193568978806
        ],
        "mean": [
            [
                34.560344827586206,
                40.19827586206897,
                36.38793103448276,
                37.810344827586206,
                38.9698275862069,
                38.616379310344826,
                44.49568965517241,
                41.8448275862069
            ]
        ],
        "min": [
            [
                8,
                7,
                7,
                9,
                9,
                6,
                8,
                4
            ]
        ],
        "max": [
            [
                86,
                130,
                89,
                97,
                99,
                116,
                116,
                143
            ]
        ],
        "RawIntDen": [
            [
                8018,
                9326,
                8442,
                8772,
                9041,
                8959,
                10323,
                9708
            ]
        ],
        "IntDen": [
            [
                8102.926656000001,
                9424.780992000002,
                8531.417664,
                8864.913024000001,
                9136.762272000002,
                9053.893728000001,
                10432.341216,
                9810.827136000002
            ]
        ],
        "local_bg": [
            [
                8.352173913043478,
                7.2,
                7.839130434782609,
                8.347826086956522,
                6.834782608695652,
                8.982608695652173,
                7.01304347826087,
                7.8304347826086955
            ]
        ],
        "area": [
            1.0105920000000002
        ],
        "distance": 5.252818885688338,
        "points": [
            [
                82.0,
                254.6
            ],
            [
                74.4,
                256.6
            ],
            [
                73.0,
                249.0
            ],
            [
                72.0,
                239.0
            ],
            [
                82.0,
                240.4
            ],
            [
                88.0,
                243.0
            ],
            [
                91.8,
                249.0
            ],
            [
                86.2,
                253.2
            ]
        ],
        "shift": null,
        "channel": 0,
        "closest_Dend": 0
    }
]