[
    {
        "type": 0,
        "location": [
            266,
            282
        ],
        "bgloc": [
            261,
            254
        ],
        "mean": [
            [
            68.30113636363636,
            64.26704545454545,
            68.2159090909091,
            104.5,
            110.43181818181819,
            81.96022727272727,
            110.76136363636364,
            101.94886363636364
            ]
        ],
        "min": [
            [
                10,
                9,
                10,
                13,
                14,
                11,
                10,
                12
            ]
        ],
        "max": [
            [
                177,
                168,
                175,
                251,
                246,
                221,
                255,
                234
            ]
        ],
        "RawIntDen": [
            [
                13577,
                12814,
                13367,
                20175,
                21843,
                16303,
                22298,
                19817
            ]
        ],
        "IntDen": [
            [
                13720.807584000002,
                12949.725888,
                13508.583264,
                20388.693600000002,
                22074.361056,
                16475.681376,
                22534.180416000003,
                20026.901664
            ]
        ],
        "local_bg": [
            [
                7.017241379310345,
                6.198275862068965,
                6.4655172413793105,
                6.9094827586206895,
                7.107758620689655,
                6.142241379310345,
                6.991379310344827,
                6.258620689655173
            ]
        ],
        "area": [
            1.0105920000000002
        ],
        "distance": 17.195034083925027,
        "points": [
            [
                266.0,
                290.4
            ],
            [
                256.4,
                291.6
            ],
            [
                255.8,
                282.0
            ],
            [
                259.4,
                275.4
            ],
            [
                266.0,
                274.8
            ],
            [
                270.8,
                277.2
            ],
            [
                273.0,
                282.0
            ],
            [
                272.8,
                288.8
            ]
        ],
        "shift": null,
        "channel": 0,
        "closest_Dend": 0
    },
    {
        "type": 0,
        "location": [
            251,
            309
        ],
        "bgloc": [
            259.56281365306126,
            332.45934414003534
        ],
        "mean": [
            [
                87.42735042735043,
                102.83333333333333,
                108.66239316239316,
                86.26068376068376,
                130.47863247863248,
                172.77777777777777,
                115.96581196581197,
                96.22649572649573
            ]
        ],
        "min": [
            [
                8,
                10,
                9,
                9,
                11,
                15,
                10,
                8
            ]
        ],
        "max": [
            [
                255,
                255,
                255,
                255,
                255,
                255,
                255,
                255
            ]
        ],
        "RawIntDen": [
            [
                35835,
                37588,
                41415,
                43714,
                48963,
                73721,
                49451,
                44981
            ]
        ],
        "IntDen": [
            [
                63219.39030000001,
                66311.99784000001,
                73063.51470000001,
                77119.36452,
                86379.54534000001,
                130057.11378000001,
                87240.46518000001,
                79354.58058000001
            ]
        ],
        "local_bg": [
            [
                6.619402985074627,
                6.5497512437810945,
                7.064676616915423,
                7.310945273631841,
                8.14179104477612,
                12.492537313432836,
                7.539800995024875,
                7.509950248756219
            ]
        ],
        "area": [
            1.7641800000000003
        ],
        "distance": 15.891994343356076,
        "points": [
            [
                251.0,
                323.0
            ],
            [
                242.0,
                318.0
            ],
            [
                232.4,
                309.0
            ],
            [
                246.2,
                304.2
            ],
            [
                251.0,
                303.4
            ],
            [
                257.8,
                302.2
            ],
            [
                263.8,
                309.0
            ],
            [
                261.0,
                319.0
            ]
        ],
        "shift": null,
        "channel": 0,
        "closest_Dend": 0
    },
    {
        "type": 0,
        "location": [
            213,
            320
        ],
        "bgloc": [
            213,
            354
        ],
        "mean": [
            [
            60.724137931034484,
            56.64655172413793,
            108.00862068965517,
            91.55172413793103,
            67.76724137931035,
            53.0,
            47.41379310344828,
            53.474137931034484
            ]
        ],
        "min": [
            [
                7,
                6,
                9,
                11,
                9,
                7,
                5,
                5
            ]
        ],
        "max": [
            [
                128,
                131,
                238,
                189,
                148,
                135,
                134,
                127
            ]
        ],
        "RawIntDen": [
            [
                9188,
                7935,
                15034,
                13837,
                10576,
                8089,
                8050,
                7618
            ]
        ],
        "IntDen": [
            [
                7404.241680000001,
                6394.499100000001,
                12115.299240000002,
                11150.68482,
                8522.775360000001,
                6518.601540000001,
                6487.173000000001,
                6139.041480000001
            ]
        ],
        "local_bg": [
            [
                6.416216216216216,
                6.091891891891892,
                6.967567567567568,
                6.854054054054054,
                6.486486486486487,
                6.2,
                6.075675675675676,
                5.864864864864865
            ]
        ],
        "area": [
            0.8058600000000001
        ],
        "distance": 13.47575476231919,
        "points": [
            [
                213.0,
                326.8
            ],
            [
                207.2,
                325.8
            ],
            [
                206.0,
                320.0
            ],
            [
                207.2,
                314.2
            ],
            [
                213.0,
                311.8
            ],
            [
                219.2,
                313.8
            ],
            [
                220.2,
                320.0
            ],
            [
                220.4,
                327.4
            ]
        ],
        "shift": null,
        "channel": 0,
        "closest_Dend": 0
    }
]