[
    {
        "type": 0,
        "location": [
            77,
            198
        ],
        "bgloc": [
            74,
            209
        ],
        "mean": [
            [
                64.92481203007519,
                55.203007518796994,
                75.48872180451127,
                123.1203007518797,
                101.63533834586467,
                77.88721804511279,
                80.26315789473684,
                38.0187969924812
            ]
        ],
        "min": [
            [
                6,
                6,
                9,
                16,
                7,
                7,
                6,
                5
            ]
        ],
        "max": [
            [
                212,
                203,
                235,
                255,
                255,
                243,
                245,
                211
            ]
        ],
        "RawIntDen": [
            [
                17270,
                14684,
                20080,
                32750,
                27035,
                20718,
                21350,
                10113
            ]
        ],
        "IntDen": [
            [
                20010.679920000002,
                17014.292064,
                23266.615680000003,
                37947.294,
                31325.346360000003,
                24005.863728000004,
                24738.159600000003,
                11717.892648000001
            ]
        ],
        "local_bg": [
            [
                10.597744360902256,
                12.157894736842104,
                31.372180451127818,
                59.85338345864662,
                19.19924812030075,
                16.041353383458645,
                11.958646616541353,
                7.853383458646617
            ]
        ],
        "area": [
            1.1586960000000002
        ],
        "distance": 4.011596792655799,
        "points": [
            [
                77.0,
                210.0
            ],
            [
                66.8,
                208.2
            ],
            [
                67.2,
                198.0
            ],
            [
                72.8,
                193.8
            ],
            [
                77.0,
                193.2
            ],
            [
                81.2,
                193.8
            ],
            [
                90.8,
                198.0
            ],
            [
                83.6,
                204.6
            ]
        ],
        "shift": null,
        "channel": 0,
        "closest_Dend": 0
    }
]