[
    {
        "type": 0,
        "location": [
            266,
            240
        ],
        "bgloc": [
            273,
            221
        ],
        "mean": [
            [
                93.78804347826087,
                81.98913043478261,
                77.22282608695652,
                84.92391304347827,
                65.77717391304348,
                65.47826086956522,
                65.35326086956522,
                69.9836956521739
            ]
        ],
        "min": [
            [
                20,
                17,
                21,
                8,
                9,
                13,
                14,
                15
            ]
        ],
        "max": [
            [
                188,
                191,
                176,
                204,
                177,
                165,
                172,
                176
            ]
        ],
        "RawIntDen": [
            [
                17257,
                15086,
                14209,
                15626,
                12103,
                12048,
                12025,
                12877
            ]
        ],
        "IntDen": [
            [
                75.17149200000001,
                65.714616,
                61.89440400000001,
                68.066856,
                52.720668,
                52.48108800000001,
                52.380900000000004,
                56.092212
            ]
        ],
        "local_bg": [
            [
                8.940217391304348,
                8.282608695652174,
                8.597826086956522,
                8.347826086956522,
                8.391304347826088,
                8.369565217391305,
                8.315217391304348,
                8.61413043478261
            ]
        ],
        "area": [
            0.8015040000000001
        ],
        "distance": 1.2397474114057985,
        "points": [
            [
                266.0,
                246.8
            ],
            [
                260.6,
                245.4
            ],
            [
                257.8,
                240.0
            ],
            [
                259.4,
                233.4
            ],
            [
                266.0,
                232.0
            ],
            [
                270.8,
                235.2
            ],
            [
                272.8,
                240.0
            ],
            [
                274.0,
                248.0
            ]
        ],
        "shift": null,
        "channel": 0,
        "closest_Dend": 0
    },
    {
        "type": 0,
        "location": [
            328,
            276
        ],
        "bgloc": [
            324.98390784861755,
            325.5825270694136
        ],
        "mean": [
            [
                72.02732240437159,
                69.18579234972678,
                67.56284153005464,
                65.19125683060109,
                58.377049180327866,
                61.86338797814208,
                63.48087431693989,
                62.32786885245902
            ]
        ],
        "min": [
            [
                9,
                11,
                11,
                12,
                12,
                16,
                19,
                18
            ]
        ],
        "max": [
            [
                228,
                191,
                179,
                196,
                142,
                159,
                157,
                145
            ]
        ],
        "RawIntDen": [
            [
                13181,
                12661,
                12364,
                11930,
                10683,
                11321,
                11617,
                11406
            ]
        ],
        "IntDen": [
            [
                57.416436000000004,
                55.15131600000001,
                53.857584,
                51.96708,
                46.53514800000001,
                49.31427600000001,
                50.603652000000004,
                49.68453600000001
            ]
        ],
        "local_bg": [
            [
                10.939226519337016,
                11.839779005524862,
                12.116022099447514,
                13.11049723756906,
                12.541436464088397,
                13.303867403314918,
                13.38121546961326,
                13.359116022099448
            ]
        ],
        "area": [
            0.7971480000000001
        ],
        "distance": 5.677908869891664,
        "points": [
            [
                328.0,
                286.2
            ],
            [
                319.4,
                284.6
            ],
            [
                316.8,
                276.0
            ],
            [
                323.9635045261955,
                272.6303164809158
            ],
            [
                328.28613396199125,
                272.6303164809158
            ],
            [
                332.2,
                271.8
            ],
            [
                334.4,
                276.0
            ],
            [
                333.4,
                281.4
            ]
        ],
        "shift": null,
        "channel": 0,
        "closest_Dend": 0
    },
    {
        "type": 0,
        "location": [
            343,
            246
        ],
        "bgloc": [
            335,
            223
        ],
        "mean": [
            [
                47.17622950819672,
                41.540983606557376,
                42.635245901639344,
                60.47540983606557,
                51.19672131147541,
                45.96311475409836,
                40.68852459016394,
                41.618852459016395
            ]
        ],
        "min": [
            [
                14,
                10,
                11,
                13,
                12,
                10,
                10,
                9
            ]
        ],
        "max": [
            [
                114,
                118,
                119,
                144,
                121,
                142,
                115,
                120
            ]
        ],
        "RawIntDen": [
            [
                11511,
                10136,
                10403,
                14756,
                12492,
                11215,
                9928,
                10155
            ]
        ],
        "IntDen": [
            [
                50.14191600000001,
                44.152416,
                45.315468,
                64.27713600000001,
                54.415152000000006,
                48.852540000000005,
                43.246368000000004,
                44.23518000000001
            ]
        ],
        "local_bg": [
            [
                10.528688524590164,
                12.12295081967213,
                12.05327868852459,
                13.73360655737705,
                12.184426229508198,
                12.692622950819672,
                12.381147540983607,
                12.98360655737705
            ]
        ],
        "area": [
            1.062864
        ],
        "distance": 6.935452315611136,
        "points": [
            [
                343.0,
                253.8
            ],
            [
                332.60876339778696,
                254.2591413787839
            ],
            [
                330.0,
                246.0
            ],
            [
                336.4,
                239.4
            ],
            [
                343.0,
                237.2
            ],
            [
                348.6,
                240.4
            ],
            [
                349.2,
                246.0
            ],
            [
                347.6,
                250.6
            ]
        ],
        "shift": null,
        "channel": 0,
        "closest_Dend": 0
    },
    {
        "type": 0,
        "location": [
            380,
            265
        ],
        "bgloc": [
            382.87626636373903,
            306.28507423103974
        ],
        "mean": [
            [
                52.5609756097561,
                50.4808362369338,
                47.275261324041814,
                79.07317073170732,
                59.498257839721255,
                68.71428571428571,
                66.64808362369338,
                62.30662020905923
            ]
        ],
        "min": [
            [
                11,
                10,
                10,
                11,
                14,
                12,
                11,
                11
            ]
        ],
        "max": [
            [
                148,
                202,
                175,
                214,
                151,
                207,
                160,
                181
            ]
        ],
        "RawIntDen": [
            [
                15085,
                14488,
                13568,
                22694,
                17076,
                19721,
                19128,
                17882
            ]
        ],
        "IntDen": [
            [
                65.71026,
                63.109728000000004,
                59.102208000000005,
                98.85506400000001,
                74.38305600000001,
                85.90467600000001,
                83.32156800000001,
                77.89399200000001
            ]
        ],
        "local_bg": [
            [
                14.197879858657243,
                11.869257950530036,
                12.395759717314487,
                12.93286219081272,
                12.508833922261484,
                12.837455830388693,
                13.346289752650177,
                13.469964664310954
            ]
        ],
        "area": [
            1.250172
        ],
        "distance": 8.812171152933137,
        "points": [
            [
                380.0,
                276.0
            ],
            [
                368.2,
                276.8
            ],
            [
                367.2,
                265.0
            ],
            [
                372.0,
                257.0
            ],
            [
                380.0,
                258.8
            ],
            [
                384.2,
                260.8
            ],
            [
                385.6,
                265.0
            ],
            [
                385.0,
                270.0
            ]
        ],
        "shift": null,
        "channel": 0,
        "closest_Dend": 0
    },
    {
        "type": 0,
        "location": [
            434,
            243
        ],
        "bgloc": [
            412.20839467806724,
            209.02591192563574
        ],
        "mean": [
            [
                35.97683397683398,
                45.745173745173744,
                36.79150579150579,
                65.84169884169884,
                52.76833976833977,
                52.285714285714285,
                56.45173745173745,
                49.58301158301158
            ]
        ],
        "min": [
            [
                6,
                6,
                7,
                12,
                10,
                15,
                16,
                12
            ]
        ],
        "max": [
            [
                112,
                154,
                98,
                177,
                133,
                121,
                123,
                115
            ]
        ],
        "RawIntDen": [
            [
                9318,
                11848,
                9529,
                17053,
                13667,
                13542,
                14621,
                12842
            ]
        ],
        "IntDen": [
            [
                40.589208000000006,
                51.609888000000005,
                41.508324,
                74.28286800000001,
                59.533452000000004,
                58.988952000000005,
                63.68907600000001,
                55.939752000000006
            ]
        ],
        "local_bg": [
            [
                10.231660231660232,
                9.806949806949808,
                9.915057915057915,
                10.55984555984556,
                9.200772200772201,
                9.930501930501931,
                9.675675675675675,
                9.945945945945946
            ]
        ],
        "area": [
            1.1282040000000002
        ],
        "distance": 12.822880784813751,
        "points": [
            [
                434.0,
                253.0
            ],
            [
                425.6,
                251.4
            ],
            [
                420.0,
                243.0
            ],
            [
                428.2,
                237.2
            ],
            [
                434.0,
                235.6
            ],
            [
                439.4,
                237.6
            ],
            [
                442.6,
                243.0
            ],
            [
                439.6,
                248.6
            ]
        ],
        "shift": null,
        "channel": 0,
        "closest_Dend": 0
    },
    {
        "type": 0,
        "location": [
            450,
            242
        ],
        "bgloc": [
            412.20839467806724,
            209.02591192563574
        ],
        "mean": [
            [
                44.77450980392157,
                49.0735294117647,
                61.19117647058823,
                76.33333333333333,
                45.568627450980394,
                68.28921568627452,
                64.80882352941177,
                73.77941176470588
            ]
        ],
        "min": [
            [
                8,
                7,
                8,
                16,
                8,
                12,
                12,
                11
            ]
        ],
        "max": [
            [
                143,
                164,
                186,
                188,
                163,
                155,
                133,
                185
            ]
        ],
        "RawIntDen": [
            [
                9134,
                10011,
                12483,
                15572,
                9296,
                13931,
                13221,
                15051
            ]
        ],
        "IntDen": [
            [
                39.787704000000005,
                43.607916,
                54.37594800000001,
                67.83163200000001,
                40.493376000000005,
                60.68343600000001,
                57.59067600000001,
                65.562156
            ]
        ],
        "local_bg": [
            [
                9.77832512315271,
                9.650246305418719,
                9.679802955665025,
                10.216748768472906,
                9.073891625615763,
                9.482758620689655,
                9.19704433497537,
                9.704433497536947
            ]
        ],
        "area": [
            0.8886240000000001
        ],
        "distance": 14.027425217599298,
        "points": [
            [
                450.0,
                249.0
            ],
            [
                444.0,
                248.0
            ],
            [
                440.2,
                242.0
            ],
            [
                442.8,
                234.8
            ],
            [
                450.0,
                234.2
            ],
            [
                457.6,
                234.4
            ],
            [
                456.6,
                242.0
            ],
            [
                455.4,
                247.4
            ]
        ],
        "shift": null,
        "channel": 0,
        "closest_Dend": 0
    },
    {
        "type": 0,
        "location": [
            442,
            209
        ],
        "bgloc": [
            435,
            168
        ],
        "mean": [
            [
                99.95652173913044,
                85.71014492753623,
                96.34057971014492,
                108.1086956521739,
                89.57246376811594,
                101.17753623188406,
                89.30797101449275,
                89.55434782608695
            ]
        ],
        "min": [
            [
                21,
                13,
                9,
                13,
                21,
                11,
                15,
                13
            ]
        ],
        "max": [
            [
                233,
                198,
                228,
                238,
                248,
                241,
                224,
                184
            ]
        ],
        "RawIntDen": [
            [
                27588,
                23656,
                26590,
                29838,
                24722,
                27925,
                24649,
                24717
            ]
        ],
        "IntDen": [
            [
                120.17332800000001,
                103.04553600000001,
                115.82604,
                129.974328,
                107.68903200000001,
                121.64130000000002,
                107.37104400000001,
                107.66725200000002
            ]
        ],
        "local_bg": [
            [
                6.72463768115942,
                6.909420289855072,
                7.083333333333333,
                6.731884057971015,
                7.0398550724637685,
                7.181159420289855,
                7.086956521739131,
                7.1521739130434785
            ]
        ],
        "area": [
            1.2022560000000002
        ],
        "distance": 13.720023884950686,
        "points": [
            [
                442.0,
                220.8
            ],
            [
                429.2,
                221.8
            ],
            [
                431.0,
                209.0
            ],
            [
                437.0,
                204.0
            ],
            [
                442.0,
                203.4
            ],
            [
                446.2,
                204.8
            ],
            [
                447.8,
                209.0
            ],
            [
                449.0,
                216.0
            ]
        ],
        "shift": null,
        "channel": 0,
        "closest_Dend": 0
    }
]