[
    {
        "type": 0,
        "location": [
            280,
            235
        ],
        "bgloc": [
            284,
            264
        ],
        "mean": [
            [
                30.623574144486692,
                22.813688212927758,
                22.878326996197718,
                26.923954372623573,
                36.627376425855516,
                26.75665399239544,
                43.73003802281369,
                39.136882129277566
            ]
        ],
        "min": [
            [
                7,
                5,
                4,
                3,
                3,
                4,
                8,
                10
            ]
        ],
        "max": [
            [
                98,
                84,
                83,
                96,
                131,
                77,
                97,
                99
            ]
        ],
        "RawIntDen": [
            [
                8054,
                6000,
                6017,
                7081,
                9633,
                7037,
                11501,
                10293
            ]
        ],
        "IntDen": [
            [
                9226.887912000002,
                6873.768000000001,
                6893.243676000001,
                8112.191868000001,
                11035.834524000002,
                8061.784236000001,
                13175.867628000002,
                11791.949004000002
            ]
        ],
        "local_bg": [
            [
                5.532319391634981,
                5.140684410646388,
                5.726235741444867,
                6.14828897338403,
                6.467680608365019,
                6.551330798479087,
                6.319391634980988,
                6.342205323193916
            ]
        ],
        "area": [
            1.145628
        ],
        "distance": 1.5610697607441282,
        "points": [
            [
                280.0,
                243.8
            ],
            [
                271.0,
                244.0
            ],
            [
                272.8,
                235.0
            ],
            [
                272.4,
                227.4
            ],
            [
                280.0,
                225.8
            ],
            [
                288.8,
                226.2
            ],
            [
                289.0,
                235.0
            ],
            [
                286.0,
                241.0
            ]
        ],
        "shift": null,
        "channel": 0,
        "closest_Dend": 0
    },
    {
        "type": 0,
        "location": [
            296,
            237
        ],
        "bgloc": [
            298,
            273
        ],
        "mean": [
            [
                26.371559633027523,
                21.78440366972477,
                18.68348623853211,
                21.142201834862384,
                23.68807339449541,
                20.81192660550459,
                23.376146788990827,
                22.160550458715598
            ]
        ],
        "min": [
            [
                6,
                3,
                3,
                4,
                5,
                6,
                5,
                4
            ]
        ],
        "max": [
            [
                85,
                85,
                58,
                95,
                76,
                77,
                78,
                82
            ]
        ],
        "RawIntDen": [
            [
                5749,
                4749,
                4073,
                4609,
                5164,
                4537,
                5096,
                4831
            ]
        ],
        "IntDen": [
            [
                5459.296392,
                4509.688392000001,
                3867.7533840000006,
                4376.743272000001,
                4903.775712000001,
                4308.371496000001,
                4839.202368,
                4587.556248000001
            ]
        ],
        "local_bg": [
            [
                6.555045871559633,
                6.486238532110092,
                7.027522935779817,
                7.087155963302752,
                6.885321100917431,
                6.6422018348623855,
                6.761467889908257,
                7.802752293577981
            ]
        ],
        "area": [
            0.9496080000000001
        ],
        "distance": 2.498791628824883,
        "points": [
            [
                296.0,
                244.0
            ],
            [
                290.2,
                242.8
            ],
            [
                287.6,
                237.0
            ],
            [
                287.6,
                228.6
            ],
            [
                296.0,
                226.2
            ],
            [
                302.0,
                231.0
            ],
            [
                302.8,
                237.0
            ],
            [
                301.4,
                242.4
            ]
        ],
        "shift": null,
        "channel": 0,
        "closest_Dend": 0
    },
    {
        "type": 0,
        "location": [
            331,
            235
        ],
        "bgloc": [
            343,
            277
        ],
        "mean": [
            [
                24.644295302013422,
                20.83221476510067,
                16.33221476510067,
                19.56040268456376,
                18.12751677852349,
                13.64765100671141,
                18.41946308724832,
                19.28187919463087
            ]
        ],
        "min": [
            [
                2,
                3,
                5,
                4,
                3,
                1,
                2,
                1
            ]
        ],
        "max": [
            [
                98,
                101,
                58,
                77,
                64,
                50,
                62,
                81
            ]
        ],
        "RawIntDen": [
            [
                7344,
                6208,
                4867,
                5829,
                5402,
                4067,
                5489,
                5746
            ]
        ],
        "IntDen": [
            [
                9533.158272,
                8058.530304000001,
                6317.794296000001,
                7566.554952,
                7012.271376000001,
                5279.323896000001,
                7125.205032000001,
                7458.813648000001
            ]
        ],
        "local_bg": [
            [
                5.677852348993288,
                5.74496644295302,
                6.446308724832215,
                6.677852348993288,
                6.224832214765101,
                6.315436241610739,
                6.194630872483222,
                6.151006711409396
            ]
        ],
        "area": [
            1.2980880000000001
        ],
        "distance": 4.521554770178615,
        "points": [
            [
                331.0,
                241.4
            ],
            [
                322.8,
                243.2
            ],
            [
                315.2,
                235.0
            ],
            [
                321.6,
                225.6
            ],
            [
                331.0,
                223.8
            ],
            [
                336.4,
                229.6
            ],
            [
                337.6,
                235.0
            ],
            [
                335.6,
                239.6
            ]
        ],
        "shift": null,
        "channel": 0,
        "closest_Dend": 0
    }
]