[
    {
        "type": "Stim",
        "location": [
            30,
            272
        ],
        "radloc": [
            0,
            0
        ],
        "mean": [
            84.2251655629139,
            65.42384105960265,
            69.64900662251655,
            62.80794701986755,
            54.58278145695364,
            51.43046357615894,
            61.17880794701987,
            58.12582781456954
        ],
        "min": [
            9.0,
            15.0,
            13.0,
            16.0,
            15.0,
            5.0,
            7.0,
            7.0
        ],
        "max": [
            174.0,
            159.0,
            164.0,
            142.0,
            120.0,
            111.0,
            141.0,
            157.0
        ],
        "RawIntDen": [
            12718.0,
            9879.0,
            10517.0,
            9484.0,
            8242.0,
            7766.0,
            9238.0,
            8777.0
        ],
        "IntDen": [
            10158.980580291802,
            7891.222609899569,
            8400.849092854922,
            7575.70151151812,
            6583.6073236959455,
            6203.384430456529,
            7379.199764171699,
            7010.958684794869
        ],
        "FlagUp": 0,
        "Times": [
            -15,
            -10,
            -5,
            2,
            10,
            20,
            30,
            40
        ],
        "width": 0,
        "height": 0,
        "area": 0.7987875908391101,
        "distance": 0,
        "xpert": [
            [
                30.0,
                276.8
            ],
            [
                25.6,
                276.4
            ],
            [
                14.2,
                272.0
            ],
            [
                24.8,
                266.8
            ],
            [
                30.0,
                266.8
            ],
            [
                34.2,
                267.8
            ],
            [
                37.4,
                272.0
            ],
            [
                33.8,
                275.8
            ]
        ],
        "stack": 0
    },
    {
        "type": "Stim",
        "location": [
            67,
            264
        ],
        "radloc": [
            0,
            0
        ],
        "mean": [
            69.85950413223141,
            81.08264462809917,
            73.52066115702479,
            61.16528925619835,
            68.89256198347107,
            45.99173553719008,
            57.611570247933884,
            47.56198347107438
        ],
        "min": [
            13.0,
            21.0,
            11.0,
            8.0,
            7.0,
            7.0,
            7.0,
            7.0
        ],
        "max": [
            131.0,
            147.0,
            175.0,
            135.0,
            140.0,
            126.0,
            144.0,
            119.0
        ],
        "RawIntDen": [
            8453.0,
            9811.0,
            8896.0,
            7401.0,
            8336.0,
            5565.0,
            6971.0,
            5755.0
        ],
        "IntDen": [
            4481.539450331245,
            5201.512308908062,
            4716.405412297026,
            3923.7990620964797,
            4419.509388141637,
            2950.404240044171,
            3695.825329262878,
            3051.1368196683206
        ],
        "FlagUp": 0,
        "Times": [
            -15,
            -10,
            -5,
            2,
            10,
            20,
            30,
            40
        ],
        "width": 0,
        "height": 0,
        "area": 0.5301714717060505,
        "distance": 0,
        "xpert": [
            [
                67.0,
                269.4
            ],
            [
                62.4,
                268.6
            ],
            [
                59.0,
                264.0
            ],
            [
                62.8,
                259.8
            ],
            [
                67.0,
                259.8
            ],
            [
                71.2,
                259.8
            ],
            [
                74.8,
                264.0
            ],
            [
                72.2,
                269.2
            ]
        ],
        "stack": 0
    },
    {
        "type": "Stim",
        "location": [
            93,
            248
        ],
        "radloc": [
            0,
            0
        ],
        "mean": [
            58.99159663865546,
            55.79831932773109,
            62.84873949579832,
            83.63025210084034,
            79.38655462184875,
            83.74789915966386,
            92.24369747899159,
            106.52941176470588
        ],
        "min": [
            6.0,
            6.0,
            8.0,
            8.0,
            9.0,
            25.0,
            27.0,
            18.0
        ],
        "max": [
            181.0,
            157.0,
            186.0,
            212.0,
            192.0,
            160.0,
            153.0,
            205.0
        ],
        "RawIntDen": [
            7020.0,
            6640.0,
            7479.0,
            9952.0,
            9447.0,
            9966.0,
            10977.0,
            12677.0
        ],
        "IntDen": [
            3924.3801938833576,
            3711.949357177421,
            4180.974283483423,
            5563.451807624954,
            5281.142406213117,
            5571.278206872014,
            6136.456038213336,
            7086.804518213579
        ],
        "FlagUp": 0,
        "Times": [
            -15,
            -10,
            -5,
            2,
            10,
            20,
            30,
            40
        ],
        "width": 0,
        "height": 0,
        "area": 0.559028517647202,
        "distance": 0,
        "xpert": [
            [
                93.0,
                253.6
            ],
            [
                87.2,
                253.8
            ],
            [
                84.4,
                248.0
            ],
            [
                88.8,
                243.8
            ],
            [
                93.0,
                242.8
            ],
            [
                97.2,
                243.8
            ],
            [
                97.8,
                248.0
            ],
            [
                98.8,
                253.8
            ]
        ],
        "stack": 0
    },
    {
        "type": "Stim",
        "location": [
            127,
            264
        ],
        "radloc": [
            0,
            0
        ],
        "mean": [
            47.851485148514854,
            59.34653465346535,
            54.772277227722775,
            57.10891089108911,
            55.227722772277225,
            38.92079207920792,
            41.37623762376238,
            34.960396039603964
        ],
        "min": [
            11.0,
            10.0,
            10.0,
            13.0,
            20.0,
            12.0,
            12.0,
            6.0
        ],
        "max": [
            135.0,
            154.0,
            105.0,
            153.0,
            103.0,
            75.0,
            83.0,
            88.0
        ],
        "RawIntDen": [
            4833.0,
            5994.0,
            5532.0,
            5768.0,
            5578.0,
            3931.0,
            4179.0,
            3531.0
        ],
        "IntDen": [
            2464.3957142423988,
            3056.4013886134776,
            2820.822903204831,
            2941.16169661704,
            2844.2787697173803,
            2004.456766539803,
            2130.914481650938,
            1800.4927099089405
        ],
        "FlagUp": 0,
        "Times": [
            -15,
            -10,
            -5,
            2,
            10,
            20,
            30,
            40
        ],
        "width": 0,
        "height": 0,
        "area": 0.5099101415771568,
        "distance": 0,
        "xpert": [
            [
                127.0,
                269.8
            ],
            [
                121.2,
                269.8
            ],
            [
                118.2,
                264.0
            ],
            [
                122.4,
                259.4
            ],
            [
                127.0,
                260.0
            ],
            [
                131.2,
                259.8
            ],
            [
                132.2,
                264.0
            ],
            [
                130.4,
                267.4
            ]
        ],
        "stack": 0
    },
    {
        "type": "Stim",
        "location": [
            145,
            239
        ],
        "radloc": [
            0,
            0
        ],
        "mean": [
            101.82051282051282,
            86.56410256410257,
            92.88888888888889,
            96.7008547008547,
            92.4957264957265,
            89.07692307692308,
            100.62393162393163,
            88.76068376068376
        ],
        "min": [
            13.0,
            10.0,
            17.0,
            12.0,
            9.0,
            14.0,
            37.0,
            11.0
        ],
        "max": [
            240.0,
            186.0,
            201.0,
            186.0,
            176.0,
            165.0,
            176.0,
            188.0
        ],
        "RawIntDen": [
            11913.0,
            10128.0,
            10868.0,
            11314.0,
            10822.0,
            10422.0,
            11773.0,
            10385.0
        ],
        "IntDen": [
            6802.336364173462,
            5783.09936173498,
            6205.640191877545,
            6460.306692206711,
            6179.374140274087,
            5950.973691548377,
            6722.396207119464,
            5929.846650041249
        ],
        "FlagUp": 0,
        "Times": [
            -15,
            -10,
            -5,
            2,
            10,
            20,
            30,
            40
        ],
        "width": 0,
        "height": 0,
        "area": 0.5710011218142753,
        "distance": 0,
        "xpert": [
            [
                145.0,
                245.8
            ],
            [
                138.4,
                245.6
            ],
            [
                138.2,
                239.0
            ],
            [
                141.4,
                235.4
            ],
            [
                145.0,
                233.8
            ],
            [
                148.2,
                235.8
            ],
            [
                149.8,
                239.0
            ],
            [
                151.8,
                245.8
            ]
        ],
        "stack": 0
    },
    {
        "type": "Stim",
        "location": [
            193,
            262
        ],
        "radloc": [
            0,
            0
        ],
        "mean": [
            58.43624161073826,
            53.77852348993289,
            55.281879194630875,
            49.61744966442953,
            53.43624161073826,
            54.946308724832214,
            52.95973154362416,
            48.53691275167785
        ],
        "min": [
            8.0,
            9.0,
            12.0,
            12.0,
            17.0,
            10.0,
            9.0,
            8.0
        ],
        "max": [
            149.0,
            125.0,
            110.0,
            113.0,
            127.0,
            147.0,
            126.0,
            105.0
        ],
        "RawIntDen": [
            8707.0,
            8013.0,
            8237.0,
            7393.0,
            7962.0,
            8187.0,
            7891.0,
            7232.0
        ],
        "IntDen": [
            5966.048121164275,
            5490.518386917346,
            5644.003488461024,
            5065.693552287526,
            5455.573118262313,
            5609.743421152167,
            5406.923822683737,
            4955.376135553008
        ],
        "FlagUp": 0,
        "Times": [
            -15,
            -10,
            -5,
            2,
            10,
            20,
            30,
            40
        ],
        "width": 0,
        "height": 0,
        "area": 0.6852013461771305,
        "distance": 0,
        "xpert": [
            [
                193.0,
                268.0
            ],
            [
                186.6,
                268.4
            ],
            [
                185.8,
                262.0
            ],
            [
                186.4,
                255.4
            ],
            [
                193.0,
                254.8
            ],
            [
                199.0,
                256.0
            ],
            [
                198.6,
                262.0
            ],
            [
                196.8,
                265.8
            ]
        ],
        "stack": 0
    },
    {
        "type": "Stim",
        "location": [
            212,
            239
        ],
        "radloc": [
            0,
            0
        ],
        "mean": [
            81.04123711340206,
            73.69072164948453,
            58.628865979381445,
            43.30927835051546,
            56.24742268041237,
            60.58762886597938,
            35.01030927835052,
            40.09278350515464
        ],
        "min": [
            23.0,
            13.0,
            8.0,
            6.0,
            7.0,
            5.0,
            6.0,
            4.0
        ],
        "max": [
            165.0,
            157.0,
            144.0,
            122.0,
            115.0,
            152.0,
            89.0,
            119.0
        ],
        "RawIntDen": [
            7861.0,
            7148.0,
            5687.0,
            4201.0,
            5456.0,
            5877.0,
            3396.0,
            3889.0
        ],
        "IntDen": [
            3728.4669460802256,
            3390.291531685721,
            2697.3402267342885,
            1992.531438809697,
            2587.777084062296,
            2787.4570973303,
            1610.7204870739658,
            1844.5500513046684
        ],
        "FlagUp": 0,
        "Times": [
            -15,
            -10,
            -5,
            2,
            10,
            20,
            30,
            40
        ],
        "width": 0,
        "height": 0,
        "area": 0.47429931892637395,
        "distance": 0,
        "xpert": [
            [
                212.0,
                244.8
            ],
            [
                206.2,
                244.8
            ],
            [
                206.4,
                239.0
            ],
            [
                208.4,
                235.4
            ],
            [
                212.0,
                234.0
            ],
            [
                215.6,
                235.4
            ],
            [
                217.4,
                239.0
            ],
            [
                217.8,
                244.8
            ]
        ],
        "stack": 0
    },
    {
        "type": "Stim",
        "location": [
            265,
            260
        ],
        "radloc": [
            0,
            0
        ],
        "mean": [
            97.60122699386503,
            87.88343558282209,
            95.4601226993865,
            94.42331288343559,
            101.99386503067484,
            108.09815950920246,
            103.67484662576688,
            99.47852760736197
        ],
        "min": [
            13.0,
            9.0,
            13.0,
            19.0,
            11.0,
            21.0,
            14.0,
            12.0
        ],
        "max": [
            191.0,
            186.0,
            180.0,
            203.0,
            230.0,
            187.0,
            212.0,
            206.0
        ],
        "RawIntDen": [
            15909.0,
            14325.0,
            15560.0,
            15391.0,
            16625.0,
            17620.0,
            16899.0,
            16215.0
        ],
        "IntDen": [
            11154.831095923932,
            10044.186023578497,
            10910.124574302368,
            10791.627719992784,
            11656.865105898256,
            12354.524100206152,
            11848.984266139827,
            11369.387530354299
        ],
        "FlagUp": 0,
        "Times": [
            -15,
            -10,
            -5,
            2,
            10,
            20,
            30,
            40
        ],
        "width": 0,
        "height": 0,
        "area": 0.7011648183998951,
        "distance": 0,
        "xpert": [
            [
                265.0,
                265.4
            ],
            [
                260.4,
                264.6
            ],
            [
                255.8,
                260.0
            ],
            [
                259.0,
                254.0
            ],
            [
                265.0,
                253.8
            ],
            [
                271.2,
                253.8
            ],
            [
                273.0,
                260.0
            ],
            [
                269.8,
                264.8
            ]
        ],
        "stack": 0
    },
    {
        "type": "Stim",
        "location": [
            282,
            244
        ],
        "radloc": [
            0,
            0
        ],
        "mean": [
            132.87777777777777,
            150.93333333333334,
            136.54444444444445,
            140.76666666666668,
            136.32222222222222,
            125.60555555555555,
            137.55,
            130.51666666666668
        ],
        "min": [
            25.0,
            11.0,
            17.0,
            19.0,
            11.0,
            10.0,
            17.0,
            18.0
        ],
        "max": [
            254.0,
            255.0,
            242.0,
            251.0,
            255.0,
            243.0,
            246.0,
            245.0
        ],
        "RawIntDen": [
            23918.0,
            27168.0,
            24578.0,
            25338.0,
            24538.0,
            22609.0,
            24759.0,
            23493.0
        ],
        "IntDen": [
            21286.14882079279,
            24178.530444154967,
            21873.524781229415,
            22549.897099307957,
            21837.92623817265,
            20121.186499260148,
            22034.60818856128,
            20907.91430081466
        ],
        "FlagUp": 0,
        "Times": [
            -15,
            -10,
            -5,
            2,
            10,
            20,
            30,
            40
        ],
        "width": 0,
        "height": 0,
        "area": 0.8899635764191316,
        "distance": 0,
        "xpert": [
            [
                282.0,
                254.2
            ],
            [
                274.0,
                252.0
            ],
            [
                275.8,
                244.0
            ],
            [
                277.2,
                239.2
            ],
            [
                282.0,
                239.0
            ],
            [
                286.4,
                239.6
            ],
            [
                288.4,
                244.0
            ],
            [
                290.0,
                252.0
            ]
        ],
        "stack": 0
    },
    {
        "type": "Stim",
        "location": [
            330,
            258
        ],
        "radloc": [
            0,
            0
        ],
        "mean": [
            35.61068702290076,
            50.42748091603053,
            43.61832061068702,
            41.916030534351144,
            51.70992366412214,
            48.74045801526717,
            44.732824427480914,
            37.82442748091603
        ],
        "min": [
            4.0,
            5.0,
            5.0,
            9.0,
            14.0,
            15.0,
            6.0,
            7.0
        ],
        "max": [
            111.0,
            125.0,
            110.0,
            100.0,
            106.0,
            98.0,
            113.0,
            110.0
        ],
        "RawIntDen": [
            4665.0,
            6606.0,
            5714.0,
            5491.0,
            6774.0,
            6385.0,
            5860.0,
            4955.0
        ],
        "IntDen": [
            2695.2266016140243,
            3816.648859648927,
            3301.291490165602,
            3172.452147794771,
            3913.7116826009433,
            3688.9650270751436,
            3385.6437053500927,
            2862.775522185957
        ],
        "FlagUp": 0,
        "Times": [
            -15,
            -10,
            -5,
            2,
            10,
            20,
            30,
            40
        ],
        "width": 0,
        "height": 0,
        "area": 0.5777548985239066,
        "distance": 0,
        "xpert": [
            [
                330.0,
                264.4
            ],
            [
                324.2,
                263.8
            ],
            [
                322.4,
                258.0
            ],
            [
                325.0,
                253.0
            ],
            [
                330.0,
                252.8
            ],
            [
                334.4,
                253.6
            ],
            [
                336.0,
                258.0
            ],
            [
                335.2,
                263.2
            ]
        ],
        "stack": 0
    },
    {
        "type": "Stim",
        "location": [
            351,
            248
        ],
        "radloc": [
            0,
            0
        ],
        "mean": [
            79.58389261744966,
            78.79194630872483,
            76.45637583892618,
            86.12080536912751,
            84.95973154362416,
            82.56375838926175,
            85.01342281879195,
            105.81879194630872
        ],
        "min": [
            7.0,
            8.0,
            23.0,
            21.0,
            21.0,
            12.0,
            19.0,
            22.0
        ],
        "max": [
            185.0,
            168.0,
            162.0,
            165.0,
            169.0,
            176.0,
            192.0,
            210.0
        ],
        "RawIntDen": [
            11858.0,
            11740.0,
            11392.0,
            12832.0,
            12659.0,
            12302.0,
            12667.0,
            15767.0
        ],
        "IntDen": [
            8259.808131888589,
            8177.614055352677,
            7935.211185568799,
            8938.257543295193,
            8817.752668373896,
            8569.080758854228,
            8823.325148139042,
            10982.66105713336
        ],
        "FlagUp": 0,
        "Times": [
            -15,
            -10,
            -5,
            2,
            10,
            20,
            30,
            40
        ],
        "width": 0,
        "height": 0,
        "area": 0.6965599706433285,
        "distance": 0,
        "xpert": [
            [
                351.0,
                255.2
            ],
            [
                345.4,
                253.6
            ],
            [
                342.2,
                248.0
            ],
            [
                345.6,
                242.6
            ],
            [
                351.0,
                243.4
            ],
            [
                355.0,
                244.0
            ],
            [
                358.6,
                248.0
            ],
            [
                357.0,
                254.0
            ]
        ],
        "stack": 0
    },
    {
        "type": "Stim",
        "location": [
            394,
            253
        ],
        "radloc": [
            0,
            0
        ],
        "mean": [
            35.7171052631579,
            31.70394736842105,
            35.203947368421055,
            33.21052631578947,
            31.94078947368421,
            36.11184210526316,
            39.875,
            39.973684210526315
        ],
        "min": [
            6.0,
            5.0,
            7.0,
            8.0,
            8.0,
            6.0,
            7.0,
            9.0
        ],
        "max": [
            103.0,
            95.0,
            94.0,
            98.0,
            88.0,
            84.0,
            79.0,
            108.0
        ],
        "RawIntDen": [
            5429.0,
            4819.0,
            5351.0,
            5048.0,
            4855.0,
            5489.0,
            6061.0,
            6076.0
        ],
        "IntDen": [
            3804.957151195004,
            3377.433875779835,
            3750.290240568146,
            3537.9303185176605,
            3402.6647576076152,
            3847.0086209079714,
            4247.899298838261,
            4258.412166266503
        ],
        "FlagUp": 0,
        "Times": [
            -15,
            -10,
            -5,
            2,
            10,
            20,
            30,
            40
        ],
        "width": 0,
        "height": 0,
        "area": 0.7008578285494573,
        "distance": 0,
        "xpert": [
            [
                394.0,
                258.4
            ],
            [
                388.0,
                259.0
            ],
            [
                386.0,
                253.0
            ],
            [
                389.4,
                248.4
            ],
            [
                394.0,
                246.2
            ],
            [
                400.6,
                246.4
            ],
            [
                402.4,
                253.0
            ],
            [
                398.4,
                257.4
            ]
        ],
        "stack": 0
    },
    {
        "type": "Stim",
        "location": [
            401,
            234
        ],
        "radloc": [
            0,
            0
        ],
        "mean": [
            89.1470588235294,
            90.83333333333333,
            74.46078431372548,
            62.0,
            58.86274509803921,
            71.24509803921569,
            75.73529411764706,
            72.27450980392157
        ],
        "min": [
            19.0,
            21.0,
            17.0,
            17.0,
            11.0,
            9.0,
            24.0,
            16.0
        ],
        "max": [
            172.0,
            153.0,
            142.0,
            113.0,
            128.0,
            151.0,
            153.0,
            150.0
        ],
        "RawIntDen": [
            9093.0,
            9265.0,
            7595.0,
            6324.0,
            6004.0,
            7267.0,
            7725.0,
            7372.0
        ],
        "IntDen": [
            4410.504761848596,
            4493.932323603568,
            3683.9089042384344,
            3067.418026386288,
            2912.2039580049454,
            3524.8144841475582,
            3746.964619518355,
            3575.744100335186
        ],
        "FlagUp": 0,
        "Times": [
            -15,
            -10,
            -5,
            2,
            10,
            20,
            30,
            40
        ],
        "width": 0,
        "height": 0,
        "area": 0.48504396369169644,
        "distance": 0,
        "xpert": [
            [
                401.0,
                239.4
            ],
            [
                396.2,
                238.8
            ],
            [
                393.4,
                234.0
            ],
            [
                396.4,
                229.4
            ],
            [
                401.0,
                229.4
            ],
            [
                404.6,
                230.4
            ],
            [
                406.6,
                234.0
            ],
            [
                405.4,
                238.4
            ]
        ],
        "stack": 0
    },
    {
        "type": "Stim",
        "location": [
            436,
            259
        ],
        "radloc": [
            0,
            0
        ],
        "mean": [
            57.6198347107438,
            50.53719008264463,
            56.98347107438016,
            70.33884297520662,
            65.68595041322314,
            71.07438016528926,
            70.28099173553719,
            85.44628099173553
        ],
        "min": [
            16.0,
            9.0,
            8.0,
            12.0,
            18.0,
            15.0,
            14.0,
            18.0
        ],
        "max": [
            112.0,
            112.0,
            112.0,
            142.0,
            115.0,
            169.0,
            158.0,
            173.0
        ],
        "RawIntDen": [
            6972.0,
            6115.0,
            6895.0,
            8511.0,
            7948.0,
            8600.0,
            8504.0,
            10339.0
        ],
        "IntDen": [
            3918.950157408813,
            3437.2318147669093,
            3875.6685793651413,
            4784.019619866094,
            4467.558211572755,
            4834.046378903585,
            4780.084930953033,
            5811.5355245911815
        ],
        "FlagUp": 0,
        "Times": [
            -15,
            -10,
            -5,
            2,
            10,
            20,
            30,
            40
        ],
        "width": 0,
        "height": 0,
        "area": 0.5620984161515796,
        "distance": 0,
        "xpert": [
            [
                436.0,
                263.6
            ],
            [
                432.2,
                262.8
            ],
            [
                429.2,
                259.0
            ],
            [
                430.2,
                253.2
            ],
            [
                436.0,
                253.2
            ],
            [
                441.8,
                253.2
            ],
            [
                444.6,
                259.0
            ],
            [
                439.4,
                262.4
            ]
        ],
        "stack": 0
    },
    {
        "type": "Stim",
        "location": [
            454,
            260
        ],
        "radloc": [
            0,
            0
        ],
        "mean": [
            59.38461538461539,
            57.06837606837607,
            64.52136752136752,
            71.52136752136752,
            73.65811965811966,
            79.72649572649573,
            76.90598290598291,
            85.5982905982906
        ],
        "min": [
            7.0,
            6.0,
            12.0,
            10.0,
            19.0,
            19.0,
            9.0,
            13.0
        ],
        "max": [
            160.0,
            167.0,
            127.0,
            163.0,
            157.0,
            204.0,
            198.0,
            174.0
        ],
        "RawIntDen": [
            6948.0,
            6677.0,
            7549.0,
            8368.0,
            8618.0,
            9328.0,
            8998.0,
            10015.0
        ],
        "IntDen": [
            3694.2962128178465,
            3550.2037727381635,
            4013.851771813748,
            4449.319330578546,
            4582.245935818106,
            4959.757494698456,
            4784.294375782237,
            5325.039805896767
        ],
        "FlagUp": 0,
        "Times": [
            -15,
            -10,
            -5,
            2,
            10,
            20,
            30,
            40
        ],
        "width": 0,
        "height": 0,
        "area": 0.5317064209582393,
        "distance": 0,
        "xpert": [
            [
                454.0,
                266.0
            ],
            [
                448.4,
                265.6
            ],
            [
                448.2,
                260.0
            ],
            [
                448.8,
                254.8
            ],
            [
                454.0,
                254.8
            ],
            [
                459.2,
                254.8
            ],
            [
                460.2,
                260.0
            ],
            [
                458.0,
                264.0
            ]
        ],
        "stack": 0
    },
    {
        "type": "Spine",
        "location": [
            425,
            241
        ],
        "radloc": [
            0,
            0
        ],
        "mean": [
            70.53846153846153,
            69.84023668639053,
            71.5680473372781,
            66.66863905325444,
            72.57396449704142,
            58.59763313609467,
            64.37869822485207,
            68.42603550295858
        ],
        "min": [
            7.0,
            8.0,
            7.0,
            13.0,
            8.0,
            9.0,
            7.0,
            9.0
        ],
        "max": [
            169.0,
            176.0,
            158.0,
            148.0,
            172.0,
            141.0,
            148.0,
            181.0
        ],
        "RawIntDen": [
            11921.0,
            11803.0,
            12095.0,
            11267.0,
            12265.0,
            9903.0,
            10880.0,
            11564.0
        ],
        "IntDen": [
            9328.386692018386,
            9236.04967082401,
            9464.544672423654,
            8816.620489805482,
            9597.572584313859,
            7749.267126168785,
            8513.786360973076,
            9049.028077048957
        ],
        "FlagUp": 0,
        "Times": [
            -15,
            -10,
            -5,
            2,
            10,
            20,
            30,
            40
        ],
        "width": 0,
        "height": 0,
        "area": 0.7825171287659077,
        "distance": -0.9930326581238162,
        "xpert": [
            [
                425.0,
                251.2
            ],
            [
                416.0,
                250.0
            ],
            [
                418.2,
                241.0
            ],
            [
                420.6,
                236.6
            ],
            [
                425.0,
                235.6
            ],
            [
                429.0,
                237.0
            ],
            [
                430.4,
                241.0
            ],
            [
                430.2,
                246.2
            ]
        ],
        "stack": 0
    },
    {
        "type": "Spine",
        "location": [
            301,
            259
        ],
        "radloc": [
            0,
            0
        ],
        "mean": [
            60.56043956043956,
            59.494505494505496,
            54.32967032967033,
            59.967032967032964,
            63.747252747252745,
            79.34065934065934,
            77.78021978021978,
            73.31868131868131
        ],
        "min": [
            6.0,
            6.0,
            5.0,
            7.0,
            13.0,
            9.0,
            9.0,
            12.0
        ],
        "max": [
            161.0,
            172.0,
            161.0,
            149.0,
            150.0,
            144.0,
            157.0,
            162.0
        ],
        "RawIntDen": [
            5511.0,
            5414.0,
            4944.0,
            5457.0,
            5801.0,
            7220.0,
            7078.0,
            6672.0
        ],
        "IntDen": [
            2207.826490820218,
            2168.9661806025515,
            1980.6739558365377,
            2186.192916059868,
            2324.0067997183974,
            2892.4890698098307,
            2835.600780625205,
            2672.948348167755
        ],
        "FlagUp": 0,
        "Times": [
            -15,
            -10,
            -5,
            2,
            10,
            20,
            30,
            40
        ],
        "width": 0,
        "height": 0,
        "area": 0.4006217548213062,
        "distance": -1.2792025316247633,
        "xpert": [
            [
                301.0,
                263.6
            ],
            [
                297.4,
                262.6
            ],
            [
                295.2,
                259.0
            ],
            [
                295.8,
                253.8
            ],
            [
                301.0,
                253.8
            ],
            [
                306.2,
                253.8
            ],
            [
                305.6,
                259.0
            ],
            [
                304.2,
                262.2
            ]
        ],
        "stack": 0
    },
    {
        "type": "Spine",
        "location": [
            213,
            256
        ],
        "radloc": [
            0,
            0
        ],
        "mean": [
            66.15294117647059,
            74.4,
            52.67058823529412,
            50.67058823529412,
            48.082352941176474,
            45.37647058823529,
            44.16470588235294,
            45.62352941176471
        ],
        "min": [
            12.0,
            14.0,
            11.0,
            8.0,
            8.0,
            8.0,
            7.0,
            7.0
        ],
        "max": [
            182.0,
            160.0,
            137.0,
            138.0,
            145.0,
            113.0,
            120.0,
            138.0
        ],
        "RawIntDen": [
            5623.0,
            6324.0,
            4477.0,
            4307.0,
            4087.0,
            3857.0,
            3754.0,
            3878.0
        ],
        "IntDen": [
            2183.6479701997387,
            2455.875824923199,
            1738.6078539185899,
            1672.5896865819448,
            1587.15441120511,
            1497.835714220237,
            1457.836471657446,
            1505.9908995971166
        ],
        "FlagUp": 0,
        "Times": [
            -15,
            -10,
            -5,
            2,
            10,
            20,
            30,
            40
        ],
        "width": 0,
        "height": 0,
        "area": 0.3883421608037949,
        "distance": -0.06589,
        "xpert": [
            [
                213.0,
                261.0
            ],
            [
                209.4,
                259.6
            ],
            [
                208.0,
                256.0
            ],
            [
                208.8,
                251.8
            ],
            [
                213.0,
                251.8
            ],
            [
                217.2,
                251.8
            ],
            [
                220.6,
                256.0
            ],
            [
                216.4,
                259.4
            ]
        ],
        "stack": 0
    }
]