[
    {
        "type": 0,
        "location": [
            222,
            452
        ],
        "bgloc": [
            73.57186545233569,
            51.891305339271014
        ],
        "mean": [
            [
                30.8,
                25.408,
                21.016,
                26.304,
                28.76,
                28.848,
                21.208,
                22.072
            ]
        ],
        "min": [
            [
                10,
                8,
                8,
                7,
                7,
                9,
                7,
                8
            ]
        ],
        "max": [
            [
                87,
                75,
                47,
                65,
                84,
                72,
                71,
                69
            ]
        ],
        "RawIntDen": [
            [
                3850,
                3176,
                2627,
                3288,
                3595,
                3606,
                2651,
                2759
            ]
        ],
        "IntDen": [
            [
                16.7706,
                13.834656,
                11.443212,
                14.322528000000002,
                15.659820000000002,
                15.707736000000002,
                11.547756000000001,
                12.018204
            ]
        ],
        "local_bg": [
            [
                8.503875968992247,
                9.031007751937985,
                9.015503875968992,
                9.565891472868216,
                10.147286821705427,
                10.395348837209303,
                10.7984496124031,
                11.186046511627907
            ]
        ],
        "area": [
            0.5445000000000001
        ],
        "distance": 9.283367664180291,
        "points": [
            [
                222.0,
                457.6
            ],
            [
                216.4,
                457.6
            ],
            [
                215.8,
                452.0
            ],
            [
                216.4,
                446.4
            ],
            [
                222.0,
                445.2
            ],
            [
                227.0,
                447.0
            ],
            [
                227.8,
                452.0
            ],
            [
                226.4,
                456.4
            ]
        ],
        "shift": null,
        "channel": 0,
        "closest_Dend": 0
    },
    {
        "type": 0,
        "location": [
            212,
            415
        ],
        "bgloc": [
            77.9384599138817,
            84.64076380086613
        ],
        "mean": [
            [
                26.78181818181818,
                45.72727272727273,
                33.24545454545454,
                49.39090909090909,
                52.20909090909091,
                58.42727272727273,
                32.58181818181818,
                29.945454545454545
            ]
        ],
        "min": [
            [
                10,
                13,
                10,
                11,
                12,
                14,
                9,
                10
            ]
        ],
        "max": [
            [
                54,
                83,
                90,
                131,
                121,
                128,
                101,
                83
            ]
        ],
        "RawIntDen": [
            [
                2946,
                5030,
                3657,
                5433,
                5743,
                6427,
                3584,
                3294
            ]
        ],
        "IntDen": [
            [
                12.832776,
                21.910680000000003,
                15.929892000000002,
                23.666148000000003,
                25.016508,
                27.996012000000004,
                15.611904000000003,
                14.348664000000001
            ]
        ],
        "local_bg": [
            [
                8.064814814814815,
                9.185185185185185,
                9.064814814814815,
                9.62962962962963,
                10.25925925925926,
                10.157407407407407,
                10.944444444444445,
                11.083333333333334
            ]
        ],
        "area": [
            0.47916000000000003
        ],
        "distance": 8.325332668671322,
        "points": [
            [
                212.0,
                421.0
            ],
            [
                207.4,
                419.6
            ],
            [
                205.6,
                415.0
            ],
            [
                207.2,
                410.2
            ],
            [
                212.0,
                408.8
            ],
            [
                216.6,
                410.4
            ],
            [
                217.2,
                415.0
            ],
            [
                216.2,
                419.2
            ]
        ],
        "shift": null,
        "channel": 0,
        "closest_Dend": 0
    },
    {
        "type": 0,
        "location": [
            167,
            400
        ],
        "bgloc": [
            71.38856822156268,
            62.80779149313605
        ],
        "mean": [
            [
                34.1875,
                48.798611111111114,
                30.756944444444443,
                55.666666666666664,
                35.736111111111114,
                22.29861111111111,
                14.458333333333334,
                19.84027777777778
            ]
        ],
        "min": [
            [
                11,
                11,
                9,
                11,
                8,
                7,
                8,
                8
            ]
        ],
        "max": [
            [
                84,
                140,
                81,
                159,
                101,
                92,
                38,
                53
            ]
        ],
        "RawIntDen": [
            [
                4923,
                7027,
                4429,
                8016,
                5146,
                3211,
                2082,
                2857
            ]
        ],
        "IntDen": [
            [
                21.444588000000003,
                30.609612000000002,
                19.292724000000003,
                34.91769600000001,
                22.415976000000004,
                13.987116000000002,
                9.069192000000001,
                12.445092
            ]
        ],
        "local_bg": [
            [
                8.16326530612245,
                9.428571428571429,
                9.149659863945578,
                10.047619047619047,
                9.768707482993197,
                10.319727891156463,
                10.448979591836734,
                10.673469387755102
            ]
        ],
        "area": [
            0.627264
        ],
        "distance": 4.917826656415214,
        "points": [
            [
                167.0,
                408.6
            ],
            [
                161.8,
                405.2
            ],
            [
                161.2,
                400.0
            ],
            [
                162.6,
                395.6
            ],
            [
                167.0,
                393.8
            ],
            [
                171.4,
                395.6
            ],
            [
                173.2,
                400.0
            ],
            [
                174.4,
                407.4
            ]
        ],
        "shift": null,
        "channel": 0,
        "closest_Dend": 0
    },
    {
        "type": 0,
        "location": [
            173,
            432
        ],
        "bgloc": [
            76.8468112984952,
            30.05833303154094
        ],
        "mean": [
            [
                26.743119266055047,
                25.05504587155963,
                22.678899082568808,
                24.119266055045873,
                25.275229357798164,
                21.577981651376145,
                34.22018348623853,
                38.825688073394495
            ]
        ],
        "min": [
            [
                12,
                11,
                9,
                10,
                12,
                11,
                10,
                12
            ]
        ],
        "max": [
            [
                62,
                56,
                72,
                63,
                63,
                64,
                111,
                90
            ]
        ],
        "RawIntDen": [
            [
                2915,
                2731,
                2472,
                2629,
                2755,
                2352,
                3730,
                4232
            ]
        ],
        "IntDen": [
            [
                12.697740000000001,
                11.896236000000002,
                10.768032000000002,
                11.451924000000002,
                12.00078,
                10.245312000000002,
                16.247880000000002,
                18.434592000000002
            ]
        ],
        "local_bg": [
            [
                8.110091743119266,
                10.036697247706423,
                9.321100917431192,
                10.01834862385321,
                10.055045871559633,
                10.65137614678899,
                10.660550458715596,
                11.027522935779816
            ]
        ],
        "area": [
            0.47480400000000006
        ],
        "distance": 5.782229853364204,
        "points": [
            [
                173.99511916927986,
                438.21725246108167
            ],
            [
                169.0,
                436.0
            ],
            [
                167.0,
                432.0
            ],
            [
                168.4,
                427.4
            ],
            [
                173.0,
                426.0
            ],
            [
                177.4,
                427.6
            ],
            [
                178.4,
                432.0
            ],
            [
                178.2,
                437.2
            ]
        ],
        "shift": null,
        "channel": 0,
        "closest_Dend": 0
    },
    {
        "type": 0,
        "location": [
            138,
            425
        ],
        "bgloc": [
            91.03824329851972,
            64.99108872390906
        ],
        "mean": [
            [
                34.296551724137935,
                36.13793103448276,
                46.206896551724135,
                84.55172413793103,
                81.57241379310345,
                93.84827586206896,
                90.57931034482759,
                92.27586206896552
            ]
        ],
        "min": [
            [
                9,
                10,
                13,
                24,
                18,
                22,
                17,
                18
            ]
        ],
        "max": [
            [
                74,
                81,
                121,
                170,
                213,
                195,
                223,
                200
            ]
        ],
        "RawIntDen": [
            [
                4973,
                5240,
                6700,
                12260,
                11828,
                13608,
                13134,
                13380
            ]
        ],
        "IntDen": [
            [
                21.662388000000004,
                22.825440000000004,
                29.185200000000002,
                53.404560000000004,
                51.522768000000006,
                59.27644800000001,
                57.211704000000005,
                58.283280000000005
            ]
        ],
        "local_bg": [
            [
                8.347222222222221,
                9.555555555555555,
                9.777777777777779,
                10.67361111111111,
                10.0625,
                11.32638888888889,
                11.82638888888889,
                11.270833333333334
            ]
        ],
        "area": [
            0.6316200000000001
        ],
        "distance": 3.1245355607098695,
        "points": [
            [
                138.0,
                432.2
            ],
            [
                132.6,
                430.4
            ],
            [
                131.4,
                425.0
            ],
            [
                132.6,
                419.6
            ],
            [
                138.0,
                417.0
            ],
            [
                142.8,
                420.2
            ],
            [
                144.2,
                425.0
            ],
            [
                142.8,
                429.8
            ]
        ],
        "shift": null,
        "channel": 0,
        "closest_Dend": 0
    },
    {
        "type": 0,
        "location": [
            123,
            428
        ],
        "bgloc": [
            91.03824329851972,
            64.99108872390906
        ],
        "mean": [
            [
                27.181818181818183,
                24.30909090909091,
                19.581818181818182,
                27.40909090909091,
                22.672727272727272,
                34.09090909090909,
                71.80909090909091,
                35.31818181818182
            ]
        ],
        "min": [
            [
                8,
                8,
                8,
                12,
                8,
                9,
                10,
                9
            ]
        ],
        "max": [
            [
                59,
                59,
                56,
                68,
                57,
                100,
                163,
                90
            ]
        ],
        "RawIntDen": [
            [
                2990,
                2674,
                2154,
                3015,
                2494,
                3750,
                7899,
                3885
            ]
        ],
        "IntDen": [
            [
                13.024440000000002,
                11.647944,
                9.382824000000001,
                13.133340000000002,
                10.863864000000001,
                16.335,
                34.408044000000004,
                16.923060000000003
            ]
        ],
        "local_bg": [
            [
                8.422018348623853,
                9.853211009174313,
                9.761467889908257,
                10.577981651376147,
                10.174311926605505,
                11.788990825688073,
                11.412844036697248,
                11.311926605504587
            ]
        ],
        "area": [
            0.47916000000000003
        ],
        "distance": 2.411549084827908,
        "points": [
            [
                123.0,
                434.2
            ],
            [
                118.8,
                432.2
            ],
            [
                117.2,
                428.0
            ],
            [
                118.8,
                423.8
            ],
            [
                123.0,
                422.4
            ],
            [
                127.4,
                423.6
            ],
            [
                129.6,
                428.0
            ],
            [
                128.0,
                433.0
            ]
        ],
        "shift": null,
        "channel": 0,
        "closest_Dend": 0
    },
    {
        "type": 0,
        "location": [
            142,
            404
        ],
        "bgloc": [
            87.76329745236023,
            25.691738569994925
        ],
        "mean": [
            [
                32.99074074074074,
                29.60185185185185,
                34.592592592592595,
                40.398148148148145,
                38.138888888888886,
                23.287037037037038,
                26.37962962962963,
                28.416666666666668
            ]
        ],
        "min": [
            [
                10,
                10,
                9,
                10,
                10,
                9,
                8,
                10
            ]
        ],
        "max": [
            [
                89,
                62,
                75,
                116,
                93,
                57,
                74,
                69
            ]
        ],
        "RawIntDen": [
            [
                3563,
                3197,
                3736,
                4363,
                4119,
                2515,
                2849,
                3069
            ]
        ],
        "IntDen": [
            [
                15.520428000000003,
                13.926132,
                16.274016000000003,
                19.005228000000002,
                17.942364,
                10.955340000000001,
                12.410244000000002,
                13.368564000000001
            ]
        ],
        "local_bg": [
            [
                8.190909090909091,
                9.545454545454545,
                8.881818181818181,
                9.763636363636364,
                10.463636363636363,
                10.727272727272727,
                10.327272727272728,
                10.590909090909092
            ]
        ],
        "area": [
            0.47044800000000003
        ],
        "distance": 3.3885355607098693,
        "points": [
            [
                142.0,
                409.8
            ],
            [
                136.4,
                409.6
            ],
            [
                135.4,
                404.0
            ],
            [
                137.4,
                399.4
            ],
            [
                142.0,
                398.8
            ],
            [
                146.0,
                400.0
            ],
            [
                147.2,
                404.0
            ],
            [
                146.8,
                408.8
            ]
        ],
        "shift": null,
        "channel": 0,
        "closest_Dend": 0
    }
]