[
    {
        "type": "Spine",
        "location": [
            95,
            239
        ],
        "radloc": [
            0,
            0
        ],
        "mean": [
            100.0,
            133.5222222222222,
            92.43333333333334,
            91.35555555555555,
            87.08888888888889,
            63.71111111111111,
            59.18888888888889,
            59.077777777777776
        ],
        "min": [
            15.0,
            45.0,
            11.0,
            15.0,
            16.0,
            13.0,
            10.0,
            8.0
        ],
        "max": [
            210.0,
            237.0,
            203.0,
            212.0,
            239.0,
            240.0,
            192.0,
            199.0
        ],
        "RawIntDen": [
            9000.0,
            12017.0,
            8319.0,
            8222.0,
            7838.0,
            5734.0,
            5327.0,
            5317.0
        ],
        "IntDen": [
            3740.9783174348177,
            4995.037382290468,
            3457.91095808225,
            3417.5915251054525,
            3257.9764502282337,
            2383.418852463472,
            2214.2434996639195,
            2210.086857088992
        ],
        "FlagUp": 0,
        "Times": [
            -15,
            -10,
            -5,
            2,
            10,
            20,
            30,
            40
        ],
        "width": 0,
        "height": 0,
        "area": 0.41566425749275754,
        "distance": 3.519462531624763,
        "xpert": [
            [
                95.0,
                243.8
            ],
            [
                90.4,
                243.6
            ],
            [
                88.6,
                239.0
            ],
            [
                91.0,
                235.0
            ],
            [
                95.0,
                233.8
            ],
            [
                99.0,
                235.0
            ],
            [
                100.2,
                239.0
            ],
            [
                99.6,
                243.6
            ]
        ],
        "stack": 0
    },
    {
        "type": "Stim",
        "location": [
            148,
            231
        ],
        "radloc": [
            0,
            0
        ],
        "mean": [
            58.24031007751938,
            50.82945736434109,
            61.07751937984496,
            68.17829457364341,
            96.37984496124031,
            96.83720930232558,
            77.44186046511628,
            74.62015503875969
        ],
        "min": [
            10.0,
            10.0,
            8.0,
            16.0,
            26.0,
            24.0,
            15.0,
            20.0
        ],
        "max": [
            170.0,
            146.0,
            153.0,
            165.0,
            206.0,
            230.0,
            182.0,
            151.0
        ],
        "RawIntDen": [
            7513.0,
            6557.0,
            7879.0,
            8795.0,
            12433.0,
            12492.0,
            9990.0,
            9626.0
        ],
        "IntDen": [
            4589.76534521473,
            4005.7355741478746,
            4813.358332882583,
            5372.951711854591,
            7595.44157288097,
            7631.485251220871,
            6102.98892568816,
            5880.6177576250475
        ],
        "FlagUp": 0,
        "Times": [
            -15,
            -10,
            -5,
            2,
            10,
            20,
            30,
            40
        ],
        "width": 0,
        "height": 0,
        "area": 0.6109098023711872,
        "distance": 0,
        "xpert": [
            [
                148.0,
                236.2
            ],
            [
                145.0,
                234.0
            ],
            [
                142.8,
                231.0
            ],
            [
                141.0,
                224.0
            ],
            [
                148.0,
                221.0
            ],
            [
                153.6,
                225.4
            ],
            [
                152.8,
                231.0
            ],
            [
                152.0,
                235.0
            ]
        ],
        "stack": 0
    },
    {
        "type": "Stim",
        "location": [
            199,
            234
        ],
        "radloc": [
            0,
            0
        ],
        "mean": [
            33.479674796747965,
            35.26829268292683,
            73.02439024390245,
            38.65853658536585,
            34.09756097560975,
            31.601626016260163,
            37.97560975609756,
            38.39837398373984
        ],
        "min": [
            6.0,
            6.0,
            18.0,
            8.0,
            6.0,
            6.0,
            6.0,
            8.0
        ],
        "max": [
            71.0,
            78.0,
            151.0,
            141.0,
            88.0,
            90.0,
            101.0,
            96.0
        ],
        "RawIntDen": [
            4118.0,
            4338.0,
            8982.0,
            4755.0,
            4194.0,
            3887.0,
            4671.0,
            4723.0
        ],
        "IntDen": [
            2312.192909304,
            2435.719485323155,
            5043.253208200225,
            2669.8584953230984,
            2354.8657264742537,
            2182.4900044838873,
            2622.6938026612393,
            2651.890993356676
        ],
        "FlagUp": 0,
        "Times": [
            -15,
            -10,
            -5,
            2,
            10,
            20,
            30,
            40
        ],
        "width": 0,
        "height": 0,
        "area": 0.5614844364507042,
        "distance": 0,
        "xpert": [
            [
                199.0,
                239.2
            ],
            [
                192.0,
                241.0
            ],
            [
                192.0,
                234.0
            ],
            [
                194.6,
                229.6
            ],
            [
                199.0,
                228.2
            ],
            [
                203.2,
                229.8
            ],
            [
                206.4,
                234.0
            ],
            [
                202.4,
                237.4
            ]
        ],
        "stack": 0
    },
    {
        "type": "Stim",
        "location": [
            229,
            250
        ],
        "radloc": [
            0,
            0
        ],
        "mean": [
            73.68,
            51.08,
            60.58,
            53.01,
            50.64,
            45.98,
            52.9,
            44.62
        ],
        "min": [
            15.0,
            10.0,
            17.0,
            11.0,
            11.0,
            9.0,
            7.0,
            7.0
        ],
        "max": [
            198.0,
            114.0,
            123.0,
            108.0,
            110.0,
            118.0,
            99.0,
            89.0
        ],
        "RawIntDen": [
            7368.0,
            5108.0,
            6058.0,
            5301.0,
            5064.0,
            4598.0,
            5290.0,
            4462.0
        ],
        "IntDen": [
            3293.3281734452466,
            2283.159651188697,
            2707.7880123142377,
            2369.4262550805174,
            2263.492653410251,
            2055.201267847617,
            2364.509505635906,
            1994.4123656233294
        ],
        "FlagUp": 0,
        "Times": [
            -15,
            -10,
            -5,
            2,
            10,
            20,
            30,
            40
        ],
        "width": 0,
        "height": 0,
        "area": 0.4469772222374113,
        "distance": 0,
        "xpert": [
            [
                229.0,
                255.2
            ],
            [
                224.8,
                254.2
            ],
            [
                222.2,
                250.0
            ],
            [
                224.0,
                245.0
            ],
            [
                229.0,
                244.8
            ],
            [
                233.0,
                246.0
            ],
            [
                234.2,
                250.0
            ],
            [
                233.6,
                254.6
            ]
        ],
        "stack": 0
    },
    {
        "type": "Stim",
        "location": [
            269,
            248
        ],
        "radloc": [
            0,
            0
        ],
        "mean": [
            80.7864077669903,
            63.54368932038835,
            57.19417475728155,
            46.116504854368934,
            32.99029126213592,
            32.33009708737864,
            39.54368932038835,
            38.47572815533981
        ],
        "min": [
            24.0,
            12.0,
            9.0,
            7.0,
            7.0,
            7.0,
            7.0,
            9.0
        ],
        "max": [
            220.0,
            146.0,
            114.0,
            113.0,
            117.0,
            111.0,
            107.0,
            104.0
        ],
        "RawIntDen": [
            8321.0,
            6545.0,
            5891.0,
            4750.0,
            3398.0,
            3330.0,
            4073.0,
            3963.0
        ],
        "IntDen": [
            4069.258834970012,
            3200.7329737866517,
            2880.90419382386,
            2322.9154508000906,
            1661.7403582776228,
            1628.4859897188005,
            1991.8388697071096,
            1938.0450382148967
        ],
        "FlagUp": 0,
        "Times": [
            -15,
            -10,
            -5,
            2,
            10,
            20,
            30,
            40
        ],
        "width": 0,
        "height": 0,
        "area": 0.48903483174738754,
        "distance": 0,
        "xpert": [
            [
                269.0,
                255.2
            ],
            [
                263.6,
                253.4
            ],
            [
                263.2,
                248.0
            ],
            [
                264.0,
                243.0
            ],
            [
                269.0,
                243.2
            ],
            [
                272.0,
                245.0
            ],
            [
                273.4,
                248.0
            ],
            [
                274.2,
                253.2
            ]
        ],
        "stack": 0
    },
    {
        "type": "Stim",
        "location": [
            364,
            284
        ],
        "radloc": [
            0,
            0
        ],
        "mean": [
            81.01176470588236,
            76.74705882352941,
            78.44117647058823,
            78.31176470588235,
            63.476470588235294,
            65.25882352941177,
            60.93529411764706,
            61.83529411764706
        ],
        "min": [
            9.0,
            11.0,
            11.0,
            11.0,
            12.0,
            12.0,
            8.0,
            12.0
        ],
        "max": [
            210.0,
            185.0,
            199.0,
            198.0,
            153.0,
            199.0,
            164.0,
            164.0
        ],
        "RawIntDen": [
            13772.0,
            13047.0,
            13335.0,
            13313.0,
            10791.0,
            11094.0,
            10359.0,
            10512.0
        ],
        "IntDen": [
            10874.066774429351,
            10301.622800318017,
            10529.021234171898,
            10511.650520474728,
            8520.335068462615,
            8759.577170746385,
            8179.237417681792,
            8300.042835666667
        ],
        "FlagUp": 0,
        "Times": [
            -15,
            -10,
            -5,
            2,
            10,
            20,
            30,
            40
        ],
        "width": 0,
        "height": 0,
        "area": 0.7895778953259767,
        "distance": 0,
        "xpert": [
            [
                364.0,
                292.0
            ],
            [
                358.0,
                290.0
            ],
            [
                355.6,
                284.0
            ],
            [
                355.8,
                275.8
            ],
            [
                364.0,
                278.2
            ],
            [
                368.2,
                279.8
            ],
            [
                369.0,
                284.0
            ],
            [
                370.0,
                290.0
            ]
        ],
        "stack": 0
    },
    {
        "type": "Spine",
        "location": [
            308,
            246
        ],
        "radloc": [
            0,
            0
        ],
        "mean": [
            53.49032258064516,
            43.380645161290325,
            41.99354838709677,
            40.329032258064515,
            31.27741935483871,
            35.32258064516129,
            38.774193548387096,
            40.348387096774196
        ],
        "min": [
            14.0,
            15.0,
            12.0,
            10.0,
            8.0,
            8.0,
            7.0,
            8.0
        ],
        "max": [
            120.0,
            114.0,
            90.0,
            78.0,
            86.0,
            100.0,
            103.0,
            125.0
        ],
        "RawIntDen": [
            8291.0,
            6724.0,
            6509.0,
            6251.0,
            4848.0,
            5475.0,
            6010.0,
            6254.0
        ],
        "IntDen": [
            5871.898324903064,
            4762.1088332708005,
            4609.840332504408,
            4427.118131584737,
            3433.477635885907,
            3877.535077655805,
            4256.435765609386,
            4429.242808339617
        ],
        "FlagUp": 0,
        "Times": [
            -15,
            -10,
            -5,
            2,
            10,
            20,
            30,
            40
        ],
        "width": 0,
        "height": 0,
        "area": 0.7082255849599643,
        "distance": -1.3178,
        "xpert": [
            [
                308.0,
                254.2
            ],
            [
                303.4,
                250.6
            ],
            [
                302.6,
                246.0
            ],
            [
                302.6,
                240.6
            ],
            [
                308.0,
                239.6
            ],
            [
                312.0,
                242.0
            ],
            [
                315.4,
                246.0
            ],
            [
                316.0,
                254.0
            ]
        ],
        "stack": 0
    },
    {
        "type": "Spine",
        "location": [
            322,
            245
        ],
        "radloc": [
            0,
            0
        ],
        "mean": [
            58.0,
            42.725,
            47.13333333333333,
            46.18333333333333,
            32.45,
            34.55,
            50.516666666666666,
            49.333333333333336
        ],
        "min": [
            15.0,
            12.0,
            13.0,
            12.0,
            8.0,
            8.0,
            7.0,
            13.0
        ],
        "max": [
            147.0,
            106.0,
            117.0,
            117.0,
            93.0,
            95.0,
            127.0,
            125.0
        ],
        "RawIntDen": [
            6960.0,
            5127.0,
            5656.0,
            5542.0,
            3894.0,
            4146.0,
            6062.0,
            5920.0
        ],
        "IntDen": [
            3871.608638593103,
            2851.973777308454,
            3146.2382844658896,
            3082.8240050406575,
            2166.098281419762,
            2306.277214886064,
            3372.0821217171538,
            3293.0924052401106
        ],
        "FlagUp": 0,
        "Times": [
            -15,
            -10,
            -5,
            2,
            10,
            20,
            30,
            40
        ],
        "width": 0,
        "height": 0,
        "area": 0.5562656089932619,
        "distance": -2.24026,
        "xpert": [
            [
                322.0,
                253.8
            ],
            [
                316.8,
                250.2
            ],
            [
                314.6,
                245.0
            ],
            [
                317.2,
                240.2
            ],
            [
                322.0,
                238.2
            ],
            [
                325.4,
                241.6
            ],
            [
                327.0,
                245.0
            ],
            [
                325.6,
                248.6
            ]
        ],
        "stack": 0
    },
    {
        "type": "Spine",
        "location": [
            334,
            247
        ],
        "radloc": [
            0,
            0
        ],
        "mean": [
            51.78991596638655,
            39.8235294117647,
            42.21008403361345,
            35.0,
            28.764705882352942,
            31.30252100840336,
            37.680672268907564,
            46.10084033613445
        ],
        "min": [
            15.0,
            8.0,
            8.0,
            9.0,
            10.0,
            9.0,
            14.0,
            12.0
        ],
        "max": [
            120.0,
            94.0,
            119.0,
            108.0,
            81.0,
            64.0,
            91.0,
            105.0
        ],
        "RawIntDen": [
            6163.0,
            4739.0,
            5023.0,
            4165.0,
            3423.0,
            3725.0,
            4484.0,
            5486.0
        ],
        "IntDen": [
            3432.0489051219697,
            2639.052370821518,
            2797.206174010653,
            2319.403486911083,
            1906.1988321000329,
            2074.3764678856624,
            2497.048075704513,
            3055.0414235760386
        ],
        "FlagUp": 0,
        "Times": [
            -15,
            -10,
            -5,
            2,
            10,
            20,
            30,
            40
        ],
        "width": 0,
        "height": 0,
        "area": 0.5568795886941376,
        "distance": -2.45391759487429,
        "xpert": [
            [
                334.0,
                256.4
            ],
            [
                326.6,
                254.4
            ],
            [
                328.4,
                247.0
            ],
            [
                330.4,
                243.4
            ],
            [
                334.0,
                241.6
            ],
            [
                337.6,
                243.4
            ],
            [
                338.8,
                247.0
            ],
            [
                337.6,
                250.6
            ]
        ],
        "stack": 0
    },
    {
        "type": "Spine",
        "location": [
            424,
            279
        ],
        "radloc": [
            0,
            0
        ],
        "mean": [
            22.220689655172414,
            23.089655172413792,
            22.586206896551722,
            30.282758620689656,
            24.427586206896553,
            26.220689655172414,
            30.46896551724138,
            29.593103448275862
        ],
        "min": [
            6.0,
            8.0,
            6.0,
            8.0,
            8.0,
            10.0,
            9.0,
            10.0
        ],
        "max": [
            71.0,
            75.0,
            81.0,
            99.0,
            64.0,
            57.0,
            66.0,
            72.0
        ],
        "RawIntDen": [
            3222.0,
            3348.0,
            3275.0,
            4391.0,
            3542.0,
            3802.0,
            4418.0,
            4291.0
        ],
        "IntDen": [
            2162.21915766963,
            2246.775214114811,
            2197.786387761651,
            2946.7114591332547,
            2376.9646978478677,
            2551.4454492426858,
            2964.8306140857935,
            2879.6034778275553
        ],
        "FlagUp": 0,
        "Times": [
            -15,
            -10,
            -5,
            2,
            10,
            20,
            30,
            40
        ],
        "width": 0,
        "height": 0,
        "area": 0.6710798130569926,
        "distance": 4.03527759487429,
        "xpert": [
            [
                424.0,
                284.8
            ],
            [
                419.8,
                283.2
            ],
            [
                417.6,
                279.0
            ],
            [
                417.6,
                272.6
            ],
            [
                424.0,
                271.8
            ],
            [
                430.6,
                272.4
            ],
            [
                430.6,
                279.0
            ],
            [
                429.0,
                284.0
            ]
        ],
        "stack": 0
    },
    {
        "type": "Spine",
        "location": [
            441,
            274
        ],
        "radloc": [
            0,
            0
        ],
        "mean": [
            41.42063492063492,
            37.12698412698413,
            41.53968253968254,
            42.04761904761905,
            38.36507936507937,
            42.45238095238095,
            42.44444444444444,
            48.73015873015873
        ],
        "min": [
            14.0,
            14.0,
            12.0,
            13.0,
            8.0,
            9.0,
            15.0,
            17.0
        ],
        "max": [
            100.0,
            87.0,
            105.0,
            114.0,
            106.0,
            110.0,
            98.0,
            109.0
        ],
        "RawIntDen": [
            5219.0,
            4678.0,
            5234.0,
            5298.0,
            4834.0,
            5349.0,
            5348.0,
            6140.0
        ],
        "IntDen": [
            3113.0357971917906,
            2790.3394250360598,
            3121.9830163827996,
            3160.157818264439,
            2883.3905046225555,
            3190.57836351387,
            3189.9818822344696,
            3662.395055519754
        ],
        "FlagUp": 0,
        "Times": [
            -15,
            -10,
            -5,
            2,
            10,
            20,
            30,
            40
        ],
        "width": 0,
        "height": 0,
        "area": 0.5964812794006114,
        "distance": 4.740768860686671,
        "xpert": [
            [
                441.0,
                279.0
            ],
            [
                436.6,
                278.4
            ],
            [
                433.4,
                274.0
            ],
            [
                436.6,
                269.6
            ],
            [
                441.0,
                265.6
            ],
            [
                448.0,
                267.0
            ],
            [
                446.6,
                274.0
            ],
            [
                444.2,
                277.2
            ]
        ],
        "stack": 0
    },
    {
        "type": "Spine",
        "location": [
            459,
            281
        ],
        "radloc": [
            0,
            0
        ],
        "mean": [
            36.47150259067357,
            31.54922279792746,
            30.27979274611399,
            30.4559585492228,
            27.94818652849741,
            32.575129533678755,
            33.67875647668394,
            40.17616580310881
        ],
        "min": [
            5.0,
            8.0,
            6.0,
            7.0,
            6.0,
            9.0,
            8.0,
            8.0
        ],
        "max": [
            110.0,
            102.0,
            83.0,
            99.0,
            88.0,
            94.0,
            87.0,
            97.0
        ],
        "RawIntDen": [
            7039.0,
            6089.0,
            5844.0,
            5878.0,
            5394.0,
            6287.0,
            6500.0,
            7754.0
        ],
        "IntDen": [
            6420.038526534938,
            5553.575023166819,
            5330.118645982409,
            5361.128918734531,
            4919.688565439616,
            5734.164258605648,
            5928.434496729236,
            7072.166321175154
        ],
        "FlagUp": 0,
        "Times": [
            -15,
            -10,
            -5,
            2,
            10,
            20,
            30,
            40
        ],
        "width": 0,
        "height": 0,
        "area": 0.9120668456506518,
        "distance": 6.4505977213733425,
        "xpert": [
            [
                459.0,
                287.6
            ],
            [
                453.4,
                286.6
            ],
            [
                451.6,
                281.0
            ],
            [
                452.2,
                274.2
            ],
            [
                459.0,
                272.4
            ],
            [
                468.6,
                271.4
            ],
            [
                465.0,
                281.0
            ],
            [
                463.4,
                285.4
            ]
        ],
        "stack": 0
    }
]