[
    {
        "type": 0,
        "location": [
            220,
            357
        ],
        "bgloc": [
            213,
            338
        ],
        "mean": [
            [
                46.323699421965316,
                48.61271676300578,
                53.34104046242775,
                43.127167630057805,
                56.13294797687861,
                61.51445086705202,
                41.39306358381503,
                49.17341040462428
            ]
        ],
        "min": [
            [
                6,
                6,
                8,
                4,
                5,
                6,
                3,
                5
            ]
        ],
        "max": [
            [
                166,
                142,
                163,
                142,
                180,
                138,
                139,
                166
            ]
        ],
        "RawIntDen": [
            [
                8014,
                8410,
                9228,
                7461,
                9711,
                10642,
                7161,
                8507
            ]
        ],
        "IntDen": [
            [
                6039.254232000001,
                6337.675080000001,
                6954.110064,
                5622.520068000001,
                7318.093068000001,
                8019.683496000001,
                5396.443668000001,
                6410.773116
            ]
        ],
        "local_bg": [
            [
                6.942196531791907,
                6.254335260115607,
                7.034682080924855,
                5.705202312138728,
                6.84393063583815,
                6.797687861271676,
                6.15606936416185,
                7.07514450867052
            ]
        ],
        "area": [
            0.753588
        ],
        "distance": 1.8505280422468773,
        "points": [
            [
                220.0,
                363.8
            ],
            [
                213.8,
                363.2
            ],
            [
                214.6,
                357.0
            ],
            [
                215.0,
                352.0
            ],
            [
                220.0,
                351.0
            ],
            [
                225.4,
                351.6
            ],
            [
                233.0,
                357.0
            ],
            [
                225.4,
                362.4
            ]
        ],
        "shift": null,
        "channel": 0,
        "closest_Dend": 0
    },
    {
        "type": 0,
        "location": [
            289,
            346
        ],
        "bgloc": [
            289,
            326
        ],
        "mean": [
            [
                65.3843537414966,
                75.24149659863946,
                74.3061224489796,
                76.56462585034014,
                63.66326530612245,
                72.7687074829932,
                101.43197278911565,
                105.0374149659864
            ]
        ],
        "min": [
            [
                4,
                9,
                6,
                6,
                6,
                8,
                12,
                15
            ]
        ],
        "max": [
            [
                184,
                195,
                204,
                206,
                183,
                188,
                217,
                217
            ]
        ],
        "RawIntDen": [
            [
                19223,
                22121,
                21846,
                22510,
                18717,
                21394,
                29821,
                30881
            ]
        ],
        "IntDen": [
            [
                24618.204072000004,
                28329.568344000003,
                27977.385744000003,
                28827.746640000005,
                23970.188088000003,
                27398.525616000003,
                38190.681144,
                39548.18498400001
            ]
        ],
        "local_bg": [
            [
                7.908163265306122,
                7.5646258503401365,
                7.945578231292517,
                7.840136054421769,
                8.343537414965986,
                8.870748299319727,
                8.928571428571429,
                9.04421768707483
            ]
        ],
        "area": [
            1.2806640000000002
        ],
        "distance": 6.264041399634838,
        "points": [
            [
                289.0,
                352.8
            ],
            [
                282.2,
                352.8
            ],
            [
                280.2,
                346.0
            ],
            [
                282.8,
                339.8
            ],
            [
                289.0,
                337.8
            ],
            [
                299.4,
                335.6
            ],
            [
                303.8,
                346.0
            ],
            [
                295.8,
                352.8
            ]
        ],
        "shift": null,
        "channel": 0,
        "closest_Dend": 0
    },
    {
        "type": 0,
        "location": [
            357,
            377
        ],
        "bgloc": [
            357,
            419
        ],
        "mean": [
            [
                25.149289099526065,
                23.70616113744076,
                23.990521327014218,
                21.47867298578199,
                33.22985781990521,
                31.24170616113744,
                20.281990521327014,
                23.992890995260662
            ]
        ],
        "min": [
            [
                5,
                4,
                7,
                3,
                8,
                7,
                5,
                6
            ]
        ],
        "max": [
            [
                109,
                90,
                68,
                61,
                169,
                156,
                62,
                72
            ]
        ],
        "RawIntDen": [
            [
                10613,
                10004,
                10124,
                9064,
                14023,
                13184,
                8559,
                10125
            ]
        ],
        "IntDen": [
            [
                19509.156216000003,
                18389.672928000004,
                18610.260768000004,
                16661.734848000004,
                25777.527336000003,
                24235.250688000004,
                15733.427688000002,
                18612.099000000002
            ]
        ],
        "local_bg": [
            [
                10.049763033175356,
                7.684834123222749,
                9.483412322274882,
                8.26777251184834,
                9.438388625592417,
                9.45260663507109,
                8.753554502369669,
                9.436018957345972
            ]
        ],
        "area": [
            1.8382320000000003
        ],
        "distance": 10.764039014531646,
        "points": [
            [
                357.0,
                385.0
            ],
            [
                345.6,
                388.4
            ],
            [
                346.4,
                377.0
            ],
            [
                347.6,
                367.6
            ],
            [
                357.0,
                364.8
            ],
            [
                367.2,
                366.8
            ],
            [
                371.0,
                377.0
            ],
            [
                363.8,
                383.8
            ]
        ],
        "shift": null,
        "channel": 0,
        "closest_Dend": 0
    }
]