[
    {
        "type": 0,
        "location": [
            148,
            89
        ],
        "bgloc": [
            135,
            58
        ],
        "mean": [
            [
                82.29032258064517,
                93.35483870967742,
                93.59447004608295,
                87.66820276497695,
                99.90322580645162,
                91.61751152073732,
                81.57142857142857,
                90.13824884792626
            ]
        ],
        "min": [
            [
                12,
                11,
                14,
                7,
                14,
                11,
                14,
                10
            ]
        ],
        "max": [
            [
                233,
                248,
                255,
                255,
                255,
                251,
                210,
                241
            ]
        ],
        "RawIntDen": [
            [
                17857,
                20258,
                20310,
                19024,
                21679,
                19881,
                17701,
                19560
            ]
        ],
        "IntDen": [
            [
                16825.24765531267,
                19087.521252244165,
                19136.51676538054,
                17924.820036661713,
                20426.417870836274,
                18732.30378200544,
                16678.261115903544,
                18429.850710528972
            ]
        ],
        "local_bg": [
            [
                3.8847926267281108,
                4.271889400921659,
                4.2304147465437785,
                3.8202764976958523,
                4.447004608294931,
                4.433179723502304,
                4.188940092165899,
                4.119815668202765
            ]
        ],
        "area": [
            0.9422214064687613
        ],
        "distance": 3.250680855985522,
        "points": [
            [
                148.0,
                97.6
            ],
            [
                142.6,
                94.4
            ],
            [
                141.2,
                89.0
            ],
            [
                142.4,
                83.4
            ],
            [
                148.0,
                80.8
            ],
            [
                154.6,
                82.4
            ],
            [
                158.2,
                89.0
            ],
            [
                155.8,
                96.8
            ]
        ],
        "shift": [
            [
                0,
                0
            ],
            [
                0,
                0
            ],
            [
                0,
                0
            ],
            [
                0,
                0
            ],
            [
                0,
                0
            ],
            [
                0,
                0
            ],
            [
                0,
                0
            ],
            [
                0,
                0
            ]
        ],
        "channel": 0,
        "closest_Dend": 0
    }
]