[
    {
        "type": 0,
        "location": [
            316,
            248
        ],
        "bgloc": [
            342,
            196
        ],
        "mean": [
            [
                46.875,
                35.49,
                43.305,
                49.45,
                57.21,
                53.86,
                49.72,
                48.16
            ]
        ],
        "min": [
            [
                11,
                7,
                8,
                8,
                10,
                8,
                10,
                8
            ]
        ],
        "max": [
            [
                141,
                107,
                148,
                143,
                154,
                128,
                127,
                137
            ]
        ],
        "RawIntDen": [
            [
                9375,
                7098,
                8661,
                9890,
                11442,
                10772,
                9944,
                9632
            ]
        ],
        "IntDen": [
            [
                8167.500000000001,
                6183.7776,
                7545.463200000001,
                8616.168000000001,
                9968.270400000001,
                9384.566400000002,
                8663.212800000001,
                8391.398400000002
            ]
        ],
        "local_bg": [
            [
                6.035,
                5.685,
                5.89,
                6.0,
                5.735,
                6.015,
                6.375,
                5.835
            ]
        ],
        "area": [
            0.8712000000000001
        ],
        "distance": 2.4719299263164074,
        "points": [
            [
                319.91971335811087,
                258.16402270164593
            ],
            [
                312.2478376069857,
                255.09527240119587
            ],
            [
                308.2,
                248.0
            ],
            [
                310.4,
                242.4
            ],
            [
                316.0,
                241.0
            ],
            [
                321.8,
                242.2
            ],
            [
                323.8,
                248.0
            ],
            [
                324.0,
                256.0
            ]
        ],
        "shift": null,
        "channel": 0,
        "closest_Dend": 0
    }
]