[
    {
        "type": "Stim",
        "location": [
            470,
            252
        ],
        "radloc": [
            0,
            0
        ],
        "mean": [
            31.57608695652174,
            44.141304347826086,
            96.31521739130434,
            33.05434782608695,
            53.30434782608695,
            59.48913043478261,
            78.6195652173913,
            73.09782608695652
        ],
        "min": [
            7.0,
            13.0,
            26.0,
            8.0,
            11.0,
            13.0,
            15.0,
            15.0
        ],
        "max": [
            87.0,
            94.0,
            181.0,
            107.0,
            133.0,
            126.0,
            175.0,
            162.0
        ],
        "RawIntDen": [
            2905.0,
            4061.0,
            8861.0,
            3041.0,
            4904.0,
            5473.0,
            7233.0,
            6725.0
        ],
        "IntDen": [
            1196.8030018301997,
            1673.0523202865545,
            3650.558140866575,
            1252.8323334133001,
            2020.3517800259206,
            2254.7686158405104,
            2979.8540833865177,
            2770.5680507084658
        ],
        "FlagUp": 0,
        "Times": [
            -15,
            -10,
            -5,
            2,
            10,
            20,
            30,
            40
        ],
        "width": 0,
        "height": 0,
        "area": 0.4119803792875042,
        "distance": 0,
        "xpert": [
            [
                470.0,
                256.2
            ],
            [
                466.2,
                255.8
            ],
            [
                464.8,
                252.0
            ],
            [
                466.0,
                248.0
            ],
            [
                470.0,
                246.0
            ],
            [
                474.4,
                247.6
            ],
            [
                477.0,
                252.0
            ],
            [
                474.2,
                256.2
            ]
        ],
        "stack": 0
    },
    {
        "type": "Stim",
        "location": [
            456,
            250
        ],
        "radloc": [
            0,
            0
        ],
        "mean": [
            39.319327731092436,
            49.714285714285715,
            42.36974789915966,
            102.7983193277311,
            86.59663865546219,
            81.3529411764706,
            80.15126050420169,
            74.46218487394958
        ],
        "min": [
            11.0,
            12.0,
            9.0,
            31.0,
            29.0,
            19.0,
            16.0,
            12.0
        ],
        "max": [
            110.0,
            171.0,
            154.0,
            206.0,
            181.0,
            177.0,
            167.0,
            163.0
        ],
        "RawIntDen": [
            4679.0,
            5916.0,
            5042.0,
            12233.0,
            10305.0,
            9681.0,
            9538.0,
            8861.0
        ],
        "IntDen": [
            2539.5649420307436,
            3210.956656775781,
            2736.5861162041056,
            6639.559293836735,
            5593.121762690064,
            5254.4407360118885,
            5176.826334064807,
            4809.37913044121
        ],
        "FlagUp": 0,
        "Times": [
            -15,
            -10,
            -5,
            2,
            10,
            20,
            30,
            40
        ],
        "width": 0,
        "height": 0,
        "area": 0.5427580555739995,
        "distance": 0,
        "xpert": [
            [
                456.0,
                256.0
            ],
            [
                451.2,
                254.8
            ],
            [
                448.6,
                250.0
            ],
            [
                450.4,
                244.4
            ],
            [
                456.0,
                243.0
            ],
            [
                459.8,
                246.2
            ],
            [
                461.6,
                250.0
            ],
            [
                459.6,
                253.6
            ]
        ],
        "stack": 0
    },
    {
        "type": "Stim",
        "location": [
            409,
            239
        ],
        "radloc": [
            0,
            0
        ],
        "mean": [
            34.1764705882353,
            45.3235294117647,
            43.35294117647059,
            80.32352941176471,
            57.333333333333336,
            68.2156862745098,
            63.05882352941177,
            62.11764705882353
        ],
        "min": [
            8.0,
            9.0,
            10.0,
            19.0,
            14.0,
            22.0,
            12.0,
            12.0
        ],
        "max": [
            76.0,
            98.0,
            98.0,
            167.0,
            114.0,
            176.0,
            134.0,
            123.0
        ],
        "RawIntDen": [
            3486.0,
            4623.0,
            4422.0,
            8193.0,
            5848.0,
            6958.0,
            6432.0,
            6336.0
        ],
        "IntDen": [
            1618.091927362678,
            2145.851686803689,
            2052.553787377442,
            3802.933781090769,
            2714.45828778455,
            3229.685493571289,
            2985.5327816399154,
            2940.9725908691703
        ],
        "FlagUp": 0,
        "Times": [
            -15,
            -10,
            -5,
            2,
            10,
            20,
            30,
            40
        ],
        "width": 0,
        "height": 0,
        "area": 0.4641686538619271,
        "distance": 0,
        "xpert": [
            [
                409.0,
                244.8
            ],
            [
                403.4,
                244.6
            ],
            [
                403.2,
                239.0
            ],
            [
                405.4,
                235.4
            ],
            [
                409.0,
                233.0
            ],
            [
                414.0,
                234.0
            ],
            [
                414.2,
                239.0
            ],
            [
                412.8,
                242.8
            ]
        ],
        "stack": 0
    },
    {
        "type": "Stim",
        "location": [
            380,
            239
        ],
        "radloc": [
            0,
            0
        ],
        "mean": [
            55.92660550458716,
            63.96330275229358,
            65.61467889908256,
            129.73394495412845,
            82.22935779816514,
            70.06422018348624,
            72.42201834862385,
            86.4954128440367
        ],
        "min": [
            9.0,
            12.0,
            17.0,
            32.0,
            12.0,
            14.0,
            10.0,
            12.0
        ],
        "max": [
            130.0,
            135.0,
            156.0,
            246.0,
            167.0,
            154.0,
            184.0,
            220.0
        ],
        "RawIntDen": [
            6096.0,
            6972.0,
            7152.0,
            14141.0,
            8963.0,
            7637.0,
            7894.0,
            9428.0
        ],
        "IntDen": [
            2999.870435614762,
            3430.954179315308,
            3519.533030760626,
            6958.852990490214,
            4410.734697246573,
            3758.203824932732,
            3884.674740607436,
            4639.5633968136435
        ],
        "FlagUp": 0,
        "Times": [
            -15,
            -10,
            -5,
            2,
            10,
            20,
            30,
            40
        ],
        "width": 0,
        "height": 0,
        "area": 0.4921047302517654,
        "distance": 0,
        "xpert": [
            [
                380.0,
                244.2
            ],
            [
                374.4,
                244.6
            ],
            [
                373.0,
                239.0
            ],
            [
                375.6,
                234.6
            ],
            [
                380.0,
                233.0
            ],
            [
                384.2,
                234.8
            ],
            [
                385.2,
                239.0
            ],
            [
                384.4,
                243.4
            ]
        ],
        "stack": 0
    },
    {
        "type": "Stim",
        "location": [
            358,
            237
        ],
        "radloc": [
            0,
            0
        ],
        "mean": [
            44.174311926605505,
            44.642201834862384,
            46.440366972477065,
            47.091743119266056,
            75.11926605504587,
            88.3211009174312,
            62.39449541284404,
            55.1651376146789
        ],
        "min": [
            16.0,
            14.0,
            12.0,
            13.0,
            19.0,
            22.0,
            16.0,
            19.0
        ],
        "max": [
            111.0,
            130.0,
            120.0,
            145.0,
            186.0,
            187.0,
            119.0,
            130.0
        ],
        "RawIntDen": [
            4815.0,
            4866.0,
            5062.0,
            5133.0,
            8188.0,
            9627.0,
            6801.0,
            6013.0
        ],
        "IntDen": [
            2436.001302005857,
            2461.803184955452,
            2560.963362565659,
            2596.883630985683,
            4142.467011593761,
            4870.48484619115,
            3440.7569792194877,
            3042.0925916845727
        ],
        "FlagUp": 0,
        "Times": [
            -15,
            -10,
            -5,
            2,
            10,
            20,
            30,
            40
        ],
        "width": 0,
        "height": 0,
        "area": 0.5059192735214656,
        "distance": 0,
        "xpert": [
            [
                358.0,
                244.2
            ],
            [
                353.8,
                241.2
            ],
            [
                351.2,
                237.0
            ],
            [
                353.4,
                232.4
            ],
            [
                358.0,
                230.4
            ],
            [
                362.0,
                233.0
            ],
            [
                363.0,
                237.0
            ],
            [
                362.6,
                241.6
            ]
        ],
        "stack": 0
    },
    {
        "type": "Stim",
        "location": [
            341,
            244
        ],
        "radloc": [
            0,
            0
        ],
        "mean": [
            96.75213675213675,
            95.86324786324786,
            109.98290598290598,
            108.3931623931624,
            109.09401709401709,
            89.4017094017094,
            84.32478632478633,
            83.01709401709402
        ],
        "min": [
            25.0,
            25.0,
            31.0,
            24.0,
            22.0,
            25.0,
            24.0,
            29.0
        ],
        "max": [
            191.0,
            186.0,
            208.0,
            234.0,
            246.0,
            204.0,
            215.0,
            218.0
        ],
        "RawIntDen": [
            11320.0,
            11216.0,
            12868.0,
            12682.0,
            12764.0,
            10460.0,
            9866.0,
            9713.0
        ],
        "IntDen": [
            6293.45156869677,
            6235.631872305916,
            7154.075511129861,
            7050.667207969296,
            7096.255814739008,
            5815.3271562339405,
            5485.087736463103,
            5400.026067734251
        ],
        "FlagUp": 0,
        "Times": [
            -15,
            -10,
            -5,
            2,
            10,
            20,
            30,
            40
        ],
        "width": 0,
        "height": 0,
        "area": 0.5559586191428242,
        "distance": 0,
        "xpert": [
            [
                341.0,
                248.8
            ],
            [
                336.2,
                248.8
            ],
            [
                332.6,
                244.0
            ],
            [
                334.2,
                237.2
            ],
            [
                341.0,
                239.6
            ],
            [
                344.2,
                240.8
            ],
            [
                347.2,
                244.0
            ],
            [
                345.8,
                248.8
            ]
        ],
        "stack": 0
    },
    {
        "type": "Stim",
        "location": [
            321,
            264
        ],
        "radloc": [
            0,
            0
        ],
        "mean": [
            29.69047619047619,
            41.27777777777778,
            37.03968253968254,
            59.92063492063492,
            88.1984126984127,
            93.03174603174604,
            95.34126984126983,
            97.36507936507937
        ],
        "min": [
            8.0,
            8.0,
            8.0,
            7.0,
            18.0,
            29.0,
            14.0,
            22.0
        ],
        "max": [
            148.0,
            165.0,
            130.0,
            194.0,
            243.0,
            220.0,
            255.0,
            215.0
        ],
        "RawIntDen": [
            3741.0,
            5201.0,
            4667.0,
            7550.0,
            11113.0,
            11722.0,
            12013.0,
            12268.0
        ],
        "IntDen": [
            2133.818298646229,
            2966.583526131793,
            2661.9967922432375,
            4306.42292295617,
            6338.712310306213,
            6686.078079853274,
            6852.0607382082735,
            6997.50945944719
        ],
        "FlagUp": 0,
        "Times": [
            -15,
            -10,
            -5,
            2,
            10,
            20,
            30,
            40
        ],
        "width": 0,
        "height": 0,
        "area": 0.5703871421133999,
        "distance": 0,
        "xpert": [
            [
                321.0,
                269.6
            ],
            [
                315.8,
                269.2
            ],
            [
                312.2,
                264.0
            ],
            [
                314.8,
                257.8
            ],
            [
                321.0,
                258.2
            ],
            [
                325.6,
                259.4
            ],
            [
                326.0,
                264.0
            ],
            [
                324.6,
                267.6
            ]
        ],
        "stack": 0
    },
    {
        "type": "Stim",
        "location": [
            287,
            270
        ],
        "radloc": [
            0,
            0
        ],
        "mean": [
            64.1067415730337,
            59.157303370786515,
            57.258426966292134,
            102.32022471910112,
            122.74719101123596,
            166.90449438202248,
            85.5561797752809,
            109.71348314606742
        ],
        "min": [
            8.0,
            8.0,
            8.0,
            13.0,
            21.0,
            58.0,
            21.0,
            37.0
        ],
        "max": [
            171.0,
            156.0,
            152.0,
            253.0,
            247.0,
            255.0,
            187.0,
            220.0
        ],
        "RawIntDen": [
            11411.0,
            10530.0,
            10192.0,
            18213.0,
            21849.0,
            29709.0,
            15229.0,
            19529.0
        ],
        "IntDen": [
            9335.658053615853,
            8614.887328417748,
            8338.360080838907,
            14900.56437915218,
            17875.277610503264,
            24305.763308638452,
            12459.270572124777,
            15977.220763216545
        ],
        "FlagUp": 0,
        "Times": [
            -15,
            -10,
            -5,
            2,
            10,
            20,
            30,
            40
        ],
        "width": 0,
        "height": 0,
        "area": 0.8181279514166903,
        "distance": 0,
        "xpert": [
            [
                287.0,
                275.6
            ],
            [
                281.4,
                275.6
            ],
            [
                278.0,
                270.0
            ],
            [
                280.6,
                263.6
            ],
            [
                287.0,
                260.8
            ],
            [
                294.0,
                263.0
            ],
            [
                293.8,
                270.0
            ],
            [
                291.6,
                274.6
            ]
        ],
        "stack": 0
    },
    {
        "type": "Stim",
        "location": [
            251,
            239
        ],
        "radloc": [
            0,
            0
        ],
        "mean": [
            32.085470085470085,
            33.55555555555556,
            30.205128205128204,
            110.11965811965813,
            76.21367521367522,
            58.87179487179487,
            67.12820512820512,
            33.18803418803419
        ],
        "min": [
            7.0,
            7.0,
            8.0,
            31.0,
            18.0,
            12.0,
            11.0,
            7.0
        ],
        "max": [
            110.0,
            107.0,
            80.0,
            202.0,
            193.0,
            161.0,
            167.0,
            84.0
        ],
        "RawIntDen": [
            3754.0,
            3926.0,
            3534.0,
            12884.0,
            8917.0,
            6888.0,
            7854.0,
            3883.0
        ],
        "IntDen": [
            1984.501505291796,
            2075.4269871538604,
            1868.2014703519465,
            6810.952955295552,
            4713.851870721083,
            3641.248366662198,
            4151.911247352628,
            2052.695616688344
        ],
        "FlagUp": 0,
        "Times": [
            -15,
            -10,
            -5,
            2,
            10,
            20,
            30,
            40
        ],
        "width": 0,
        "height": 0,
        "area": 0.5286365224538615,
        "distance": 0,
        "xpert": [
            [
                251.0,
                246.4
            ],
            [
                246.4,
                243.6
            ],
            [
                243.2,
                239.0
            ],
            [
                246.0,
                234.0
            ],
            [
                251.0,
                234.2
            ],
            [
                254.6,
                235.4
            ],
            [
                257.4,
                239.0
            ],
            [
                255.6,
                243.6
            ]
        ],
        "stack": 0
    },
    {
        "type": "Stim",
        "location": [
            254,
            262
        ],
        "radloc": [
            0,
            0
        ],
        "mean": [
            99.96527777777777,
            86.5625,
            66.65277777777777,
            119.79166666666667,
            121.77777777777777,
            114.65277777777777,
            95.75,
            110.61805555555556
        ],
        "min": [
            28.0,
            22.0,
            11.0,
            31.0,
            23.0,
            35.0,
            30.0,
            16.0
        ],
        "max": [
            179.0,
            174.0,
            146.0,
            199.0,
            206.0,
            194.0,
            174.0,
            203.0
        ],
        "RawIntDen": [
            14395.0,
            12465.0,
            9598.0,
            17250.0,
            17536.0,
            16510.0,
            13788.0,
            15929.0
        ],
        "IntDen": [
            9775.091000278757,
            8464.502210383793,
            6517.632748918062,
            11713.811723154467,
            11908.023326216622,
            11211.30617676987,
            9362.900639933554,
            10816.771416703044
        ],
        "FlagUp": 0,
        "Times": [
            -15,
            -10,
            -5,
            2,
            10,
            20,
            30,
            40
        ],
        "width": 0,
        "height": 0,
        "area": 0.6790615491683749,
        "distance": 0,
        "xpert": [
            [
                254.0,
                269.2
            ],
            [
                250.0,
                266.0
            ],
            [
                248.8,
                262.0
            ],
            [
                250.0,
                258.0
            ],
            [
                254.0,
                256.8
            ],
            [
                259.2,
                256.8
            ],
            [
                264.8,
                262.0
            ],
            [
                260.2,
                268.2
            ]
        ],
        "stack": 0
    },
    {
        "type": "Stim",
        "location": [
            203,
            241
        ],
        "radloc": [
            0,
            0
        ],
        "mean": [
            54.08024691358025,
            51.425925925925924,
            51.24691358024691,
            69.75308641975309,
            137.2283950617284,
            70.58024691358025,
            59.882716049382715,
            61.47530864197531
        ],
        "min": [
            13.0,
            13.0,
            17.0,
            17.0,
            52.0,
            15.0,
            17.0,
            13.0
        ],
        "max": [
            117.0,
            128.0,
            115.0,
            143.0,
            255.0,
            158.0,
            133.0,
            132.0
        ],
        "RawIntDen": [
            8761.0,
            8331.0,
            8302.0,
            11300.0,
            22231.0,
            11434.0,
            9701.0,
            9959.0
        ],
        "IntDen": [
            7528.01708503947,
            7158.533310748068,
            7133.6146375981825,
            9709.689882541492,
            19102.311130865477,
            9824.831337785788,
            8335.725800932301,
            8557.416065507143
        ],
        "FlagUp": 0,
        "Times": [
            -15,
            -10,
            -5,
            2,
            10,
            20,
            30,
            40
        ],
        "width": 0,
        "height": 0,
        "area": 0.8592645913753533,
        "distance": 0,
        "xpert": [
            [
                203.0,
                247.8
            ],
            [
                197.4,
                246.6
            ],
            [
                196.6,
                241.0
            ],
            [
                193.4,
                231.4
            ],
            [
                203.0,
                233.2
            ],
            [
                208.2,
                235.8
            ],
            [
                209.0,
                241.0
            ],
            [
                208.6,
                246.6
            ]
        ],
        "stack": 0
    },
    {
        "type": "Stim",
        "location": [
            174,
            244
        ],
        "radloc": [
            0,
            0
        ],
        "mean": [
            53.87596899224806,
            51.883720930232556,
            84.13953488372093,
            92.37209302325581,
            90.20930232558139,
            75.31007751937985,
            71.06201550387597,
            124.44961240310077
        ],
        "min": [
            10.0,
            11.0,
            12.0,
            20.0,
            15.0,
            14.0,
            13.0,
            25.0
        ],
        "max": [
            167.0,
            153.0,
            175.0,
            199.0,
            210.0,
            200.0,
            169.0,
            254.0
        ],
        "RawIntDen": [
            6950.0,
            6693.0,
            10854.0,
            11916.0,
            11637.0,
            9715.0,
            9167.0,
            16054.0
        ],
        "IntDen": [
            4051.6673955703754,
            3901.8431479931687,
            6327.596821801562,
            6946.714918793755,
            6784.065249244958,
            5663.589747908805,
            5344.120146071026,
            9359.060196904577
        ],
        "FlagUp": 0,
        "Times": [
            -15,
            -10,
            -5,
            2,
            10,
            20,
            30,
            40
        ],
        "width": 0,
        "height": 0,
        "area": 0.582973725981349,
        "distance": 0,
        "xpert": [
            [
                174.0,
                251.2
            ],
            [
                168.0,
                250.0
            ],
            [
                167.0,
                244.0
            ],
            [
                169.6,
                239.6
            ],
            [
                174.0,
                238.8
            ],
            [
                178.0,
                240.0
            ],
            [
                180.4,
                244.0
            ],
            [
                179.6,
                249.6
            ]
        ],
        "stack": 0
    },
    {
        "type": "Stim",
        "location": [
            154,
            245
        ],
        "radloc": [
            0,
            0
        ],
        "mean": [
            78.54945054945055,
            83.6043956043956,
            101.33516483516483,
            146.02197802197801,
            101.53846153846153,
            111.39010989010988,
            90.45054945054945,
            118.71428571428571
        ],
        "min": [
            12.0,
            15.0,
            23.0,
            46.0,
            12.0,
            19.0,
            14.0,
            30.0
        ],
        "max": [
            195.0,
            194.0,
            225.0,
            248.0,
            230.0,
            233.0,
            191.0,
            237.0
        ],
        "RawIntDen": [
            14296.0,
            15216.0,
            18443.0,
            26576.0,
            18480.0,
            20273.0,
            16462.0,
            21606.0
        ],
        "IntDen": [
            11709.123374158582,
            12462.648381449146,
            15105.719249412894,
            21767.044123645668,
            15136.02405948871,
            16604.57877478434,
            13483.183336975279,
            17696.37098643469
        ],
        "FlagUp": 0,
        "Times": [
            -15,
            -10,
            -5,
            2,
            10,
            20,
            30,
            40
        ],
        "width": 0,
        "height": 0,
        "area": 0.8190489209680037,
        "distance": 0,
        "xpert": [
            [
                154.0,
                252.2
            ],
            [
                147.4,
                251.6
            ],
            [
                145.6,
                245.0
            ],
            [
                148.4,
                239.4
            ],
            [
                154.0,
                238.4
            ],
            [
                160.4,
                238.6
            ],
            [
                161.8,
                245.0
            ],
            [
                159.8,
                250.8
            ]
        ],
        "stack": 0
    },
    {
        "type": "Stim",
        "location": [
            143,
            273
        ],
        "radloc": [
            0,
            0
        ],
        "mean": [
            62.99242424242424,
            66.37878787878788,
            72.31818181818181,
            98.06060606060606,
            62.59848484848485,
            95.18181818181819,
            95.5,
            71.04545454545455
        ],
        "min": [
            13.0,
            8.0,
            13.0,
            8.0,
            6.0,
            31.0,
            21.0,
            11.0
        ],
        "max": [
            127.0,
            155.0,
            154.0,
            227.0,
            135.0,
            194.0,
            194.0,
            157.0
        ],
        "RawIntDen": [
            8315.0,
            8762.0,
            9546.0,
            12944.0,
            8263.0,
            12564.0,
            12606.0,
            9378.0
        ],
        "IntDen": [
            4890.821081843549,
            5153.743153230689,
            5614.886115126702,
            7613.5644117117145,
            4860.235069064733,
            7390.051241404974,
            7414.755328649403,
            5516.069766148985
        ],
        "FlagUp": 0,
        "Times": [
            -15,
            -10,
            -5,
            2,
            10,
            20,
            30,
            40
        ],
        "width": 0,
        "height": 0,
        "area": 0.5881925534387913,
        "distance": 0,
        "xpert": [
            [
                143.0,
                278.6
            ],
            [
                138.4,
                277.6
            ],
            [
                135.8,
                273.0
            ],
            [
                136.6,
                266.6
            ],
            [
                143.0,
                264.8
            ],
            [
                147.2,
                268.8
            ],
            [
                148.4,
                273.0
            ],
            [
                147.4,
                277.4
            ]
        ],
        "stack": 0
    },
    {
        "type": "Spine",
        "location": [
            11,
            275
        ],
        "radloc": [
            0,
            0
        ],
        "mean": [
            85.792,
            61.48,
            54.024,
            43.232,
            51.096,
            62.864,
            57.592,
            58.56
        ],
        "min": [
            20.0,
            19.0,
            9.0,
            6.0,
            8.0,
            9.0,
            12.0,
            18.0
        ],
        "max": [
            179.0,
            123.0,
            117.0,
            108.0,
            114.0,
            138.0,
            142.0,
            115.0
        ],
        "RawIntDen": [
            10724.0,
            7685.0,
            6753.0,
            5404.0,
            6387.0,
            7858.0,
            7199.0,
            7320.0
        ],
        "IntDen": [
            6258.394555736176,
            4484.871518167895,
            3940.9677764720623,
            3153.7079615067414,
            3727.374676192368,
            4585.83219125092,
            4201.247893206334,
            4271.862005593884
        ],
        "FlagUp": 0,
        "Times": [
            -15,
            -10,
            -5,
            2,
            10,
            20,
            30,
            40
        ],
        "width": 0,
        "height": 0,
        "area": 0.5835877056822245,
        "distance": 8.806650126499052,
        "xpert": [
            [
                11.0,
                279.8
            ],
            [
                7.2,
                278.8
            ],
            [
                0.0,
                275.0
            ],
            [
                4.6,
                268.6
            ],
            [
                11.0,
                268.4
            ],
            [
                15.0,
                271.0
            ],
            [
                16.0,
                275.0
            ],
            [
                14.2,
                278.2
            ]
        ],
        "stack": 0
    },
    {
        "type": "Spine",
        "location": [
            33,
            243
        ],
        "radloc": [
            0,
            0
        ],
        "mean": [
            43.38709677419355,
            63.12258064516129,
            76.35483870967742,
            69.8,
            64.3225806451613,
            61.72258064516129,
            62.458064516129035,
            48.13548387096774
        ],
        "min": [
            10.0,
            10.0,
            19.0,
            12.0,
            12.0,
            12.0,
            10.0,
            9.0
        ],
        "max": [
            117.0,
            214.0,
            206.0,
            246.0,
            183.0,
            241.0,
            172.0,
            118.0
        ],
        "RawIntDen": [
            6725.0,
            9784.0,
            11835.0,
            10819.0,
            9970.0,
            9567.0,
            9681.0,
            7461.0
        ],
        "IntDen": [
            4771.0750858325355,
            6941.293478035023,
            8396.382697520901,
            7675.577896449398,
            7073.251837286302,
            6787.342058908531,
            6868.219762965767,
            5293.232894482759
        ],
        "FlagUp": 0,
        "Times": [
            -15,
            -10,
            -5,
            2,
            10,
            20,
            30,
            40
        ],
        "width": 0,
        "height": 0,
        "area": 0.7094535443617154,
        "distance": 7.329777594874289,
        "xpert": [
            [
                33.0,
                250.6
            ],
            [
                25.6,
                250.4
            ],
            [
                25.4,
                243.0
            ],
            [
                28.0,
                238.0
            ],
            [
                33.0,
                237.4
            ],
            [
                36.2,
                239.8
            ],
            [
                38.4,
                243.0
            ],
            [
                40.0,
                250.0
            ]
        ],
        "stack": 0
    },
    {
        "type": "Spine",
        "location": [
            38,
            270
        ],
        "radloc": [
            0,
            0
        ],
        "mean": [
            33.465648854961835,
            26.83969465648855,
            23.862595419847327,
            16.603053435114504,
            17.14503816793893,
            20.931297709923665,
            26.66412213740458,
            30.18320610687023
        ],
        "min": [
            8.0,
            4.0,
            6.0,
            6.0,
            4.0,
            6.0,
            6.0,
            6.0
        ],
        "max": [
            76.0,
            73.0,
            63.0,
            48.0,
            52.0,
            60.0,
            74.0,
            75.0
        ],
        "RawIntDen": [
            4384.0,
            3516.0,
            3126.0,
            2175.0,
            2246.0,
            2742.0,
            3493.0,
            3954.0
        ],
        "IntDen": [
            2600.1696503447683,
            2085.3550389170177,
            1854.0443264091573,
            1290.0020505246057,
            1332.1124622888572,
            1626.2922402475717,
            2071.7136379229646,
            2345.1347621950763
        ],
        "FlagUp": 0,
        "Times": [
            -15,
            -10,
            -5,
            2,
            10,
            20,
            30,
            40
        ],
        "width": 0,
        "height": 0,
        "area": 0.5931043910457957,
        "distance": 7.00032759487429,
        "xpert": [
            [
                38.0,
                277.6
            ],
            [
                32.8,
                275.2
            ],
            [
                30.0,
                270.0
            ],
            [
                33.2,
                265.2
            ],
            [
                38.0,
                262.8
            ],
            [
                42.0,
                266.0
            ],
            [
                43.6,
                270.0
            ],
            [
                42.6,
                274.6
            ]
        ],
        "stack": 0
    },
    {
        "type": "Spine",
        "location": [
            67,
            237
        ],
        "radloc": [
            0,
            0
        ],
        "mean": [
            51.44859813084112,
            42.6822429906542,
            38.06542056074766,
            38.345794392523366,
            34.83177570093458,
            51.90654205607477,
            36.25233644859813,
            36.495327102803735
        ],
        "min": [
            9.0,
            7.0,
            8.0,
            7.0,
            7.0,
            13.0,
            8.0,
            6.0
        ],
        "max": [
            129.0,
            107.0,
            102.0,
            101.0,
            84.0,
            104.0,
            83.0,
            96.0
        ],
        "RawIntDen": [
            5505.0,
            4567.0,
            4073.0,
            4103.0,
            3727.0,
            5554.0,
            3879.0,
            3905.0
        ],
        "IntDen": [
            2605.9478133097086,
            2161.918921595902,
            1928.0700170046216,
            1942.2713674858735,
            1764.2811081208508,
            2629.1433524290865,
            1836.23461722586,
            1848.5424543096115
        ],
        "FlagUp": 0,
        "Times": [
            -15,
            -10,
            -5,
            2,
            10,
            20,
            30,
            40
        ],
        "width": 0,
        "height": 0,
        "area": 0.47337834937506057,
        "distance": 5.062225063249526,
        "xpert": [
            [
                67.0,
                244.2
            ],
            [
                60.6,
                243.4
            ],
            [
                61.0,
                237.0
            ],
            [
                62.8,
                232.8
            ],
            [
                67.0,
                231.6
            ],
            [
                70.2,
                233.8
            ],
            [
                71.6,
                237.0
            ],
            [
                70.6,
                240.6
            ]
        ],
        "stack": 0
    },
    {
        "type": "Spine",
        "location": [
            83,
            246
        ],
        "radloc": [
            0,
            0
        ],
        "mean": [
            48.28846153846154,
            54.08653846153846,
            53.41346153846154,
            37.78846153846154,
            69.29807692307692,
            66.125,
            80.16346153846153,
            69.65384615384616
        ],
        "min": [
            9.0,
            14.0,
            11.0,
            9.0,
            15.0,
            21.0,
            21.0,
            11.0
        ],
        "max": [
            114.0,
            132.0,
            132.0,
            89.0,
            148.0,
            172.0,
            175.0,
            172.0
        ],
        "RawIntDen": [
            5022.0,
            5625.0,
            5555.0,
            3930.0,
            7207.0,
            6877.0,
            8337.0,
            7244.0
        ],
        "IntDen": [
            2354.180525128076,
            2636.8509466040277,
            2604.0368014907335,
            1842.2798613606808,
            3378.450626164485,
            3223.755370630382,
            3908.1646829933834,
            3395.7952457243696
        ],
        "FlagUp": 0,
        "Times": [
            -15,
            -10,
            -5,
            2,
            10,
            20,
            30,
            40
        ],
        "width": 0,
        "height": 0,
        "area": 0.46877350161849385,
        "distance": 4.139765063249527,
        "xpert": [
            [
                83.0,
                251.4
            ],
            [
                77.4,
                251.6
            ],
            [
                75.4,
                246.0
            ],
            [
                77.6,
                240.6
            ],
            [
                83.0,
                241.2
            ],
            [
                86.0,
                243.0
            ],
            [
                87.8,
                246.0
            ],
            [
                86.8,
                249.8
            ]
        ],
        "stack": 0
    },
    {
        "type": "Spine",
        "location": [
            69,
            271
        ],
        "radloc": [
            0,
            0
        ],
        "mean": [
            78.24444444444444,
            76.23703703703704,
            73.02222222222223,
            48.644444444444446,
            73.14814814814815,
            63.54074074074074,
            57.370370370370374,
            83.35555555555555
        ],
        "min": [
            17.0,
            13.0,
            12.0,
            14.0,
            22.0,
            16.0,
            8.0,
            26.0
        ],
        "max": [
            154.0,
            186.0,
            158.0,
            114.0,
            172.0,
            138.0,
            132.0,
            164.0
        ],
        "RawIntDen": [
            10563.0,
            10292.0,
            9858.0,
            6567.0,
            9875.0,
            8578.0,
            7745.0,
            11253.0
        ],
        "IntDen": [
            6466.011177607547,
            6300.121844167082,
            6034.454055557626,
            4019.908681562886,
            6044.860397507766,
            5250.917720488265,
            4741.006964931407,
            6888.386233230875
        ],
        "FlagUp": 0,
        "Times": [
            -15,
            -10,
            -5,
            2,
            10,
            20,
            30,
            40
        ],
        "width": 0,
        "height": 0,
        "area": 0.6121377617729383,
        "distance": 4.930445063249526,
        "xpert": [
            [
                69.0,
                276.2
            ],
            [
                65.0,
                275.0
            ],
            [
                61.8,
                271.0
            ],
            [
                63.8,
                265.8
            ],
            [
                69.0,
                265.2
            ],
            [
                75.2,
                264.8
            ],
            [
                76.4,
                271.0
            ],
            [
                74.4,
                276.4
            ]
        ],
        "stack": 0
    },
    {
        "type": "Spine",
        "location": [
            68,
            280
        ],
        "radloc": [
            0,
            0
        ],
        "mean": [
            51.489583333333336,
            56.71875,
            53.864583333333336,
            29.916666666666668,
            36.833333333333336,
            49.427083333333336,
            43.9375,
            55.927083333333336
        ],
        "min": [
            20.0,
            18.0,
            13.0,
            4.0,
            7.0,
            6.0,
            11.0,
            19.0
        ],
        "max": [
            116.0,
            118.0,
            132.0,
            85.0,
            80.0,
            131.0,
            97.0,
            140.0
        ],
        "RawIntDen": [
            4943.0,
            5445.0,
            5171.0,
            2872.0,
            3536.0,
            4745.0,
            4218.0,
            5369.0
        ],
        "IntDen": [
            2130.500966322398,
            2346.869868829751,
            2228.772101325738,
            1237.8714900420653,
            1524.0646200517906,
            2045.1602438194984,
            1818.0159975617796,
            2314.112823828638
        ],
        "FlagUp": 0,
        "Times": [
            -15,
            -10,
            -5,
            2,
            10,
            20,
            30,
            40
        ],
        "width": 0,
        "height": 0,
        "area": 0.43101375001464665,
        "distance": 4.996335063249527,
        "xpert": [
            [
                68.0,
                285.2
            ],
            [
                63.8,
                284.2
            ],
            [
                63.2,
                280.0
            ],
            [
                64.6,
                276.6
            ],
            [
                68.0,
                274.8
            ],
            [
                72.6,
                275.4
            ],
            [
                75.2,
                280.0
            ],
            [
                72.8,
                284.8
            ]
        ],
        "stack": 0
    },
    {
        "type": "Spine",
        "location": [
            99,
            288
        ],
        "radloc": [
            0,
            0
        ],
        "mean": [
            77.03030303030303,
            63.525252525252526,
            73.5959595959596,
            48.464646464646464,
            62.15151515151515,
            75.14141414141415,
            83.14141414141415,
            92.62626262626263
        ],
        "min": [
            9.0,
            8.0,
            10.0,
            10.0,
            8.0,
            9.0,
            19.0,
            15.0
        ],
        "max": [
            156.0,
            139.0,
            161.0,
            106.0,
            123.0,
            176.0,
            172.0,
            184.0
        ],
        "RawIntDen": [
            7626.0,
            6289.0,
            7286.0,
            4798.0,
            6153.0,
            7439.0,
            8231.0,
            9170.0
        ],
        "IntDen": [
            3502.2924807600393,
            2888.266117427208,
            3346.1451632333656,
            2203.5142043911183,
            2825.8071904165386,
            3416.4114561203687,
            3780.1428545942676,
            4211.385005057639
        ],
        "FlagUp": 0,
        "Times": [
            -15,
            -10,
            -5,
            2,
            10,
            20,
            30,
            40
        ],
        "width": 0,
        "height": 0,
        "area": 0.45925681625492254,
        "distance": 2.89916,
        "xpert": [
            [
                99.0,
                292.6
            ],
            [
                94.2,
                292.8
            ],
            [
                90.2,
                288.0
            ],
            [
                94.4,
                283.4
            ],
            [
                99.0,
                281.6
            ],
            [
                102.4,
                284.6
            ],
            [
                103.6,
                288.0
            ],
            [
                102.0,
                291.0
            ]
        ],
        "stack": 0
    },
    {
        "type": "Spine",
        "location": [
            96,
            277
        ],
        "radloc": [
            0,
            0
        ],
        "mean": [
            75.67808219178082,
            71.33561643835617,
            79.91780821917808,
            60.863013698630134,
            70.91780821917808,
            81.58904109589041,
            70.9041095890411,
            79.1027397260274
        ],
        "min": [
            15.0,
            13.0,
            18.0,
            14.0,
            25.0,
            14.0,
            13.0,
            22.0
        ],
        "max": [
            155.0,
            157.0,
            178.0,
            126.0,
            145.0,
            135.0,
            137.0,
            179.0
        ],
        "RawIntDen": [
            11049.0,
            10415.0,
            11668.0,
            8886.0,
            10354.0,
            11912.0,
            10352.0,
            11549.0
        ],
        "IntDen": [
            7319.786790457073,
            6899.771872803912,
            7729.864446651564,
            5886.833688116712,
            6859.3603428719825,
            7891.510566379279,
            6858.035374677494,
            7651.02883907944
        ],
        "FlagUp": 0,
        "Times": [
            -15,
            -10,
            -5,
            2,
            10,
            20,
            30,
            40
        ],
        "width": 0,
        "height": 0,
        "area": 0.6624840972447347,
        "distance": 3.09683,
        "xpert": [
            [
                96.0,
                283.4
            ],
            [
                91.6,
                281.4
            ],
            [
                91.0,
                277.0
            ],
            [
                91.2,
                272.2
            ],
            [
                96.0,
                267.4
            ],
            [
                102.2,
                270.8
            ],
            [
                103.4,
                277.0
            ],
            [
                101.2,
                282.2
            ]
        ],
        "stack": 0
    },
    {
        "type": "Spine",
        "location": [
            125,
            266
        ],
        "radloc": [
            0,
            0
        ],
        "mean": [
            41.79347826086956,
            38.73913043478261,
            40.83695652173913,
            32.891304347826086,
            62.16304347826087,
            99.67391304347827,
            83.72826086956522,
            79.96739130434783
        ],
        "min": [
            12.0,
            9.0,
            10.0,
            8.0,
            13.0,
            34.0,
            33.0,
            20.0
        ],
        "max": [
            112.0,
            125.0,
            139.0,
            137.0,
            157.0,
            197.0,
            153.0,
            165.0
        ],
        "RawIntDen": [
            3845.0,
            3564.0,
            3757.0,
            3026.0,
            5719.0,
            9170.0,
            7703.0,
            7357.0
        ],
        "IntDen": [
            1623.0169655332516,
            1504.4037620703534,
            1585.87119363028,
            1277.3080202090039,
            2414.053062648808,
            3870.758276707391,
            3251.5213746430786,
            3105.470953297304
        ],
        "FlagUp": 0,
        "Times": [
            -15,
            -10,
            -5,
            2,
            10,
            20,
            30,
            40
        ],
        "width": 0,
        "height": 0,
        "area": 0.422111044351951,
        "distance": 1.18602,
        "xpert": [
            [
                125.0,
                270.6
            ],
            [
                121.0,
                270.0
            ],
            [
                117.4,
                266.0
            ],
            [
                120.2,
                261.2
            ],
            [
                125.0,
                261.2
            ],
            [
                129.4,
                261.6
            ],
            [
                130.6,
                266.0
            ],
            [
                128.2,
                269.2
            ]
        ],
        "stack": 0
    },
    {
        "type": "Spine",
        "location": [
            112,
            249
        ],
        "radloc": [
            0,
            0
        ],
        "mean": [
            70.29411764705883,
            73.01470588235294,
            57.13970588235294,
            51.125,
            66.94117647058823,
            68.44117647058823,
            53.48529411764706,
            50.35294117647059
        ],
        "min": [
            13.0,
            21.0,
            14.0,
            12.0,
            15.0,
            31.0,
            13.0,
            11.0
        ],
        "max": [
            138.0,
            173.0,
            120.0,
            104.0,
            170.0,
            145.0,
            121.0,
            120.0
        ],
        "RawIntDen": [
            9560.0,
            9930.0,
            7771.0,
            6953.0,
            9104.0,
            9308.0,
            7274.0,
            6848.0
        ],
        "IntDen": [
            5896.05934710207,
            6124.254112627987,
            4792.706818653785,
            4288.211364058649,
            5614.824717156615,
            5740.640209500634,
            4486.185741717621,
            4223.453390058052
        ],
        "FlagUp": 0,
        "Times": [
            -15,
            -10,
            -5,
            2,
            10,
            20,
            30,
            40
        ],
        "width": 0,
        "height": 0,
        "area": 0.6167426095295052,
        "distance": 2.04259,
        "xpert": [
            [
                112.0,
                254.2
            ],
            [
                106.8,
                254.2
            ],
            [
                101.0,
                249.0
            ],
            [
                107.2,
                244.2
            ],
            [
                112.0,
                243.0
            ],
            [
                116.0,
                245.0
            ],
            [
                117.2,
                249.0
            ],
            [
                117.2,
                254.2
            ]
        ],
        "stack": 0
    },
    {
        "type": "Spine",
        "location": [
            137,
            241
        ],
        "radloc": [
            0,
            0
        ],
        "mean": [
            60.93388429752066,
            72.44628099173553,
            51.46280991735537,
            52.40495867768595,
            61.81818181818182,
            74.6198347107438,
            76.36363636363636,
            70.42148760330579
        ],
        "min": [
            11.0,
            20.0,
            12.0,
            13.0,
            12.0,
            16.0,
            22.0,
            12.0
        ],
        "max": [
            155.0,
            200.0,
            132.0,
            136.0,
            157.0,
            181.0,
            171.0,
            169.0
        ],
        "RawIntDen": [
            7373.0,
            8766.0,
            6227.0,
            6341.0,
            7480.0,
            9029.0,
            9240.0,
            8521.0
        ],
        "IntDen": [
            4035.706686256264,
            4798.183210595743,
            3408.4287990394355,
            3470.82817001912,
            4094.2745169126347,
            4942.139654171681,
            5057.633226774431,
            4664.079299279754
        ],
        "FlagUp": 0,
        "Times": [
            -15,
            -10,
            -5,
            2,
            10,
            20,
            30,
            40
        ],
        "width": 0,
        "height": 0,
        "area": 0.5473629033305661,
        "distance": 0.39534,
        "xpert": [
            [
                137.0,
                248.6
            ],
            [
                131.2,
                246.8
            ],
            [
                130.0,
                241.0
            ],
            [
                132.4,
                236.4
            ],
            [
                137.0,
                235.6
            ],
            [
                141.4,
                236.6
            ],
            [
                142.4,
                241.0
            ],
            [
                141.4,
                245.4
            ]
        ],
        "stack": 0
    },
    {
        "type": "Spine",
        "location": [
            158,
            266
        ],
        "radloc": [
            0,
            0
        ],
        "mean": [
            59.62376237623762,
            62.336633663366335,
            45.148514851485146,
            98.75247524752476,
            84.0990099009901,
            97.97029702970298,
            116.3069306930693,
            119.61386138613861
        ],
        "min": [
            8.0,
            10.0,
            8.0,
            12.0,
            10.0,
            17.0,
            34.0,
            23.0
        ],
        "max": [
            131.0,
            168.0,
            159.0,
            227.0,
            225.0,
            218.0,
            206.0,
            248.0
        ],
        "RawIntDen": [
            6022.0,
            6296.0,
            4560.0,
            9974.0,
            8494.0,
            9895.0,
            11747.0,
            12081.0
        ],
        "IntDen": [
            2780.434090521835,
            2906.943379927843,
            2105.4100718664176,
            4605.12281947273,
            3921.7879715862614,
            4568.647513403114,
            5423.739498731317,
            5577.951552240831
        ],
        "FlagUp": 0,
        "Times": [
            -15,
            -10,
            -5,
            2,
            10,
            20,
            30,
            40
        ],
        "width": 0,
        "height": 0,
        "area": 0.4617127350584249,
        "distance": -0.26356,
        "xpert": [
            [
                158.0,
                271.6
            ],
            [
                153.8,
                270.2
            ],
            [
                152.2,
                266.0
            ],
            [
                153.2,
                261.2
            ],
            [
                158.0,
                261.2
            ],
            [
                162.6,
                261.4
            ],
            [
                164.6,
                266.0
            ],
            [
                162.6,
                270.6
            ]
        ],
        "stack": 0
    },
    {
        "type": "Spine",
        "location": [
            227,
            273
        ],
        "radloc": [
            0,
            0
        ],
        "mean": [
            37.10679611650485,
            31.902912621359224,
            33.12621359223301,
            37.271844660194176,
            76.05825242718447,
            75.72815533980582,
            49.50485436893204,
            53.41747572815534
        ],
        "min": [
            6.0,
            11.0,
            9.0,
            8.0,
            19.0,
            20.0,
            13.0,
            17.0
        ],
        "max": [
            97.0,
            71.0,
            95.0,
            95.0,
            163.0,
            180.0,
            130.0,
            131.0
        ],
        "RawIntDen": [
            3822.0,
            3286.0,
            3412.0,
            3839.0,
            7834.0,
            7800.0,
            5099.0,
            5502.0
        ],
        "IntDen": [
            1817.4652577700942,
            1562.5826365862192,
            1622.499073655563,
            1825.5492215016725,
            3725.280698422532,
            3709.112770959376,
            2424.71359219511,
            2616.3510853613443
        ],
        "FlagUp": 0,
        "Times": [
            -15,
            -10,
            -5,
            2,
            10,
            20,
            30,
            40
        ],
        "width": 0,
        "height": 0,
        "area": 0.47552727832812514,
        "distance": -1.58136,
        "xpert": [
            [
                227.0,
                278.2
            ],
            [
                222.4,
                277.6
            ],
            [
                220.2,
                273.0
            ],
            [
                222.4,
                268.4
            ],
            [
                227.0,
                264.0
            ],
            [
                230.2,
                269.8
            ],
            [
                231.8,
                273.0
            ],
            [
                230.4,
                276.4
            ]
        ],
        "stack": 0
    },
    {
        "type": "Spine",
        "location": [
            234,
            237
        ],
        "radloc": [
            0,
            0
        ],
        "mean": [
            42.767857142857146,
            44.9375,
            38.017857142857146,
            26.776785714285715,
            47.410714285714285,
            56.848214285714285,
            48.669642857142854,
            47.410714285714285
        ],
        "min": [
            12.0,
            14.0,
            8.0,
            9.0,
            12.0,
            17.0,
            17.0,
            15.0
        ],
        "max": [
            88.0,
            121.0,
            73.0,
            59.0,
            104.0,
            132.0,
            93.0,
            99.0
        ],
        "RawIntDen": [
            4790.0,
            5033.0,
            4258.0,
            2999.0,
            5310.0,
            6367.0,
            5451.0,
            5310.0
        ],
        "IntDen": [
            2561.5785702259363,
            2691.529215855352,
            2277.077568271824,
            1603.7941820683889,
            2839.662256346497,
            3404.9208260184837,
            2915.065717390726,
            2839.662256346497
        ],
        "FlagUp": 0,
        "Times": [
            -15,
            -10,
            -5,
            2,
            10,
            20,
            30,
            40
        ],
        "width": 0,
        "height": 0,
        "area": 0.5347763194626172,
        "distance": -1.12013,
        "xpert": [
            [
                234.0,
                241.8
            ],
            [
                227.4,
                243.6
            ],
            [
                227.6,
                237.0
            ],
            [
                228.8,
                231.8
            ],
            [
                234.0,
                231.2
            ],
            [
                238.6,
                232.4
            ],
            [
                239.4,
                237.0
            ],
            [
                237.2,
                240.2
            ]
        ],
        "stack": 0
    },
    {
        "type": "Spine",
        "location": [
            219,
            226
        ],
        "radloc": [
            0,
            0
        ],
        "mean": [
            67.5503355704698,
            53.95973154362416,
            50.53691275167785,
            77.71140939597315,
            83.31543624161074,
            53.84563758389262,
            78.31543624161074,
            66.79194630872483
        ],
        "min": [
            10.0,
            10.0,
            10.0,
            9.0,
            16.0,
            11.0,
            16.0,
            7.0
        ],
        "max": [
            163.0,
            160.0,
            119.0,
            182.0,
            182.0,
            143.0,
            174.0,
            158.0
        ],
        "RawIntDen": [
            10065.0,
            8040.0,
            7530.0,
            11579.0,
            12414.0,
            8023.0,
            11669.0,
            9952.0
        ],
        "IntDen": [
            6850.203756602974,
            5471.995847301332,
            5124.891633106845,
            7880.626855211707,
            8448.924931392878,
            5460.425706828182,
            7941.880540069557,
            6773.29635228145
        ],
        "FlagUp": 0,
        "Times": [
            -15,
            -10,
            -5,
            2,
            10,
            20,
            30,
            40
        ],
        "width": 0,
        "height": 0,
        "area": 0.6805964984205637,
        "distance": -1.05424,
        "xpert": [
            [
                219.0,
                233.4
            ],
            [
                213.4,
                231.6
            ],
            [
                212.6,
                226.0
            ],
            [
                212.6,
                219.6
            ],
            [
                219.0,
                218.6
            ],
            [
                223.2,
                221.8
            ],
            [
                224.8,
                226.0
            ],
            [
                225.0,
                232.0
            ]
        ],
        "stack": 0
    },
    {
        "type": "Spine",
        "location": [
            263,
            247
        ],
        "radloc": [
            0,
            0
        ],
        "mean": [
            48.359550561797754,
            55.337078651685395,
            93.07865168539325,
            57.01123595505618,
            70.56179775280899,
            73.70786516853933,
            83.91011235955057,
            50.86516853932584
        ],
        "min": [
            10.0,
            12.0,
            27.0,
            13.0,
            15.0,
            15.0,
            23.0,
            12.0
        ],
        "max": [
            158.0,
            166.0,
            202.0,
            162.0,
            166.0,
            159.0,
            190.0,
            128.0
        ],
        "RawIntDen": [
            4304.0,
            4925.0,
            8284.0,
            5074.0,
            6280.0,
            6560.0,
            7468.0,
            4527.0
        ],
        "IntDen": [
            1806.195660360523,
            2066.8014933261097,
            3476.423060043349,
            2129.330107032829,
            2635.434188444258,
            2752.9376235978234,
            3133.984477595815,
            1899.7787533578273
        ],
        "FlagUp": 0,
        "Times": [
            -15,
            -10,
            -5,
            2,
            10,
            20,
            30,
            40
        ],
        "width": 0,
        "height": 0,
        "area": 0.4196551255484487,
        "distance": -0.59301,
        "xpert": [
            [
                263.0,
                252.2
            ],
            [
                258.4,
                251.6
            ],
            [
                257.4,
                247.0
            ],
            [
                259.8,
                243.8
            ],
            [
                263.0,
                242.0
            ],
            [
                267.0,
                243.0
            ],
            [
                270.2,
                247.0
            ],
            [
                267.0,
                251.0
            ]
        ],
        "stack": 0
    },
    {
        "type": "Spine",
        "location": [
            390,
            257
        ],
        "radloc": [
            0,
            0
        ],
        "mean": [
            92.24,
            69.98666666666666,
            48.473333333333336,
            185.96,
            112.92,
            85.68666666666667,
            100.68666666666667,
            93.99333333333334
        ],
        "min": [
            13.0,
            9.0,
            7.0,
            40.0,
            16.0,
            12.0,
            17.0,
            12.0
        ],
        "max": [
            185.0,
            204.0,
            127.0,
            255.0,
            218.0,
            188.0,
            200.0,
            201.0
        ],
        "RawIntDen": [
            13836.0,
            10498.0,
            7271.0,
            27894.0,
            16938.0,
            12853.0,
            15103.0,
            14099.0
        ],
        "IntDen": [
            9595.128638114522,
            7280.258777314704,
            5042.36631452231,
            19344.21207224389,
            11746.334841889546,
            8913.427897201933,
            10473.780559514571,
            9777.516527087066
        ],
        "FlagUp": 0,
        "Times": [
            -15,
            -10,
            -5,
            2,
            10,
            20,
            30,
            40
        ],
        "width": 0,
        "height": 0,
        "area": 0.6934900721389506,
        "distance": -0.6589,
        "xpert": [
            [
                390.0,
                264.4
            ],
            [
                384.0,
                263.0
            ],
            [
                380.4,
                257.0
            ],
            [
                385.2,
                252.2
            ],
            [
                390.0,
                252.2
            ],
            [
                394.8,
                252.2
            ],
            [
                397.6,
                257.0
            ],
            [
                395.0,
                262.0
            ]
        ],
        "stack": 0
    },
    {
        "type": "Spine",
        "location": [
            372,
            232
        ],
        "radloc": [
            0,
            0
        ],
        "mean": [
            55.41463414634146,
            56.72560975609756,
            57.51829268292683,
            64.84146341463415,
            69.4390243902439,
            67.15243902439025,
            61.853658536585364,
            59.21951219512195
        ],
        "min": [
            7.0,
            12.0,
            15.0,
            13.0,
            23.0,
            14.0,
            17.0,
            18.0
        ],
        "max": [
            133.0,
            113.0,
            129.0,
            141.0,
            145.0,
            146.0,
            140.0,
            126.0
        ],
        "RawIntDen": [
            9088.0,
            9303.0,
            9433.0,
            10634.0,
            11388.0,
            11013.0,
            10144.0,
            9712.0
        ],
        "IntDen": [
            6771.144967409583,
            6931.33380631727,
            7028.192174028894,
            7923.014478810905,
            8484.793011538328,
            8205.393873908642,
            7557.932938974781,
            7236.065132425381
        ],
        "FlagUp": 0,
        "Times": [
            -15,
            -10,
            -5,
            2,
            10,
            20,
            30,
            40
        ],
        "width": 0,
        "height": 0,
        "area": 0.7450643670124981,
        "distance": -0.52712,
        "xpert": [
            [
                372.0,
                240.0
            ],
            [
                367.0,
                237.0
            ],
            [
                366.0,
                232.0
            ],
            [
                365.8,
                225.8
            ],
            [
                372.0,
                223.6
            ],
            [
                379.0,
                225.0
            ],
            [
                378.6,
                232.0
            ],
            [
                376.4,
                236.4
            ]
        ],
        "stack": 0
    },
    {
        "type": "Spine",
        "location": [
            327,
            224
        ],
        "radloc": [
            0,
            0
        ],
        "mean": [
            43.72108843537415,
            43.285714285714285,
            50.70748299319728,
            57.89795918367347,
            50.63265306122449,
            56.97278911564626,
            54.17006802721088,
            39.36734693877551
        ],
        "min": [
            13.0,
            10.0,
            11.0,
            9.0,
            15.0,
            12.0,
            16.0,
            9.0
        ],
        "max": [
            127.0,
            117.0,
            131.0,
            154.0,
            117.0,
            120.0,
            125.0,
            98.0
        ],
        "RawIntDen": [
            6427.0,
            6363.0,
            7454.0,
            8511.0,
            7443.0,
            8375.0,
            7963.0,
            5787.0
        ],
        "IntDen": [
            4532.035596850054,
            4486.905632916897,
            5256.2304868399415,
            6001.580047423497,
            5248.47377428893,
            5905.678874065537,
            5615.154731245835,
            4080.7359575184787
        ],
        "FlagUp": 0,
        "Times": [
            -15,
            -10,
            -5,
            2,
            10,
            20,
            30,
            40
        ],
        "width": 0,
        "height": 0,
        "area": 0.7051556864555865,
        "distance": -0.39534,
        "xpert": [
            [
                327.0,
                231.8
            ],
            [
                323.2,
                227.8
            ],
            [
                320.6,
                224.0
            ],
            [
                320.4,
                217.4
            ],
            [
                327.0,
                218.2
            ],
            [
                330.6,
                220.4
            ],
            [
                334.8,
                224.0
            ],
            [
                334.0,
                231.0
            ]
        ],
        "stack": 0
    },
    {
        "type": "Spine",
        "location": [
            492,
            310
        ],
        "radloc": [
            0,
            0
        ],
        "mean": [
            21.231578947368423,
            23.71578947368421,
            27.91578947368421,
            19.273684210526316,
            15.410526315789474,
            26.705263157894738,
            24.2,
            16.326315789473686
        ],
        "min": [
            5.0,
            4.0,
            5.0,
            6.0,
            5.0,
            4.0,
            7.0,
            5.0
        ],
        "max": [
            54.0,
            63.0,
            74.0,
            54.0,
            33.0,
            78.0,
            66.0,
            50.0
        ],
        "RawIntDen": [
            2017.0,
            2253.0,
            2652.0,
            1831.0,
            1464.0,
            2537.0,
            2299.0,
            1551.0
        ],
        "IntDen": [
            853.2555720428842,
            953.0911273240546,
            1121.880900871457,
            774.571617456877,
            619.318868354379,
            1073.2322192725817,
            972.5505999636047,
            656.122653563963
        ],
        "FlagUp": 0,
        "Times": [
            -15,
            -10,
            -5,
            2,
            10,
            20,
            30,
            40
        ],
        "width": 0,
        "height": 0,
        "area": 0.42303201390326434,
        "distance": 3.4590586068667117,
        "xpert": [
            [
                492.0,
                315.2
            ],
            [
                488.6,
                313.4
            ],
            [
                486.6,
                310.0
            ],
            [
                487.0,
                305.0
            ],
            [
                492.0,
                303.8
            ],
            [
                496.4,
                305.6
            ],
            [
                497.6,
                310.0
            ],
            [
                496.0,
                314.0
            ]
        ],
        "stack": 0
    },
    {
        "type": "Spine",
        "location": [
            461,
            275
        ],
        "radloc": [
            0,
            0
        ],
        "mean": [
            42.26315789473684,
            44.60233918128655,
            54.62573099415204,
            43.29824561403509,
            67.50877192982456,
            75.80701754385964,
            54.0233918128655,
            64.78947368421052
        ],
        "min": [
            6.0,
            6.0,
            6.0,
            8.0,
            8.0,
            13.0,
            10.0,
            19.0
        ],
        "max": [
            134.0,
            131.0,
            158.0,
            129.0,
            242.0,
            183.0,
            115.0,
            145.0
        ],
        "RawIntDen": [
            7227.0,
            7627.0,
            9341.0,
            7404.0,
            11544.0,
            12963.0,
            9238.0,
            11079.0
        ],
        "IntDen": [
            5641.939595696531,
            5954.209671561844,
            7292.286946644706,
            5780.119104266932,
            9012.114389472914,
            10119.89248360511,
            7211.877402109389,
            8649.100426279489
        ],
        "FlagUp": 0,
        "Times": [
            -15,
            -10,
            -5,
            2,
            10,
            20,
            30,
            40
        ],
        "width": 0,
        "height": 0,
        "area": 0.7806751896632809,
        "distance": -0.5929108379215288,
        "xpert": [
            [
                461.0,
                280.2
            ],
            [
                456.2,
                279.8
            ],
            [
                453.2,
                275.0
            ],
            [
                454.8,
                268.8
            ],
            [
                461.0,
                267.4
            ],
            [
                468.4,
                267.6
            ],
            [
                470.2,
                275.0
            ],
            [
                465.2,
                279.2
            ]
        ],
        "stack": 0
    },
    {
        "type": "Spine",
        "location": [
            446,
            265
        ],
        "radloc": [
            0,
            0
        ],
        "mean": [
            92.84507042253522,
            74.78873239436619,
            65.82394366197182,
            88.35211267605634,
            95.32394366197182,
            95.41549295774648,
            127.91549295774648,
            120.62676056338029
        ],
        "min": [
            9.0,
            10.0,
            9.0,
            20.0,
            12.0,
            18.0,
            27.0,
            38.0
        ],
        "max": [
            216.0,
            224.0,
            197.0,
            218.0,
            216.0,
            207.0,
            237.0,
            252.0
        ],
        "RawIntDen": [
            13184.0,
            10620.0,
            9347.0,
            12546.0,
            13536.0,
            13549.0,
            18164.0,
            17129.0
        ],
        "IntDen": [
            8244.460481305801,
            6641.0930151295215,
            5845.037326969457,
            7845.494629737756,
            8464.579571826102,
            8472.708970055544,
            11358.64534150778,
            10711.420174779056
        ],
        "FlagUp": 0,
        "Times": [
            -15,
            -10,
            -5,
            2,
            10,
            20,
            30,
            40
        ],
        "width": 0,
        "height": 0,
        "area": 0.6253383253417628,
        "distance": -0.5201638076149854,
        "xpert": [
            [
                446.0,
                270.2
            ],
            [
                442.4,
                268.6
            ],
            [
                438.2,
                265.0
            ],
            [
                439.8,
                258.8
            ],
            [
                446.0,
                258.8
            ],
            [
                452.2,
                258.8
            ],
            [
                453.4,
                265.0
            ],
            [
                450.6,
                269.6
            ]
        ],
        "stack": 0
    },
    {
        "type": "Spine",
        "location": [
            483,
            250
        ],
        "radloc": [
            0,
            0
        ],
        "mean": [
            38.60606060606061,
            35.71212121212121,
            31.477272727272727,
            38.916666666666664,
            49.24242424242424,
            42.46212121212121,
            50.81818181818182,
            34.95454545454545
        ],
        "min": [
            12.0,
            10.0,
            9.0,
            10.0,
            9.0,
            8.0,
            10.0,
            8.0
        ],
        "max": [
            78.0,
            81.0,
            69.0,
            81.0,
            99.0,
            115.0,
            138.0,
            87.0
        ],
        "RawIntDen": [
            5096.0,
            4714.0,
            4155.0,
            5137.0,
            6500.0,
            5605.0,
            6708.0,
            4614.0
        ],
        "IntDen": [
            3028.7176578806993,
            2801.6827000097364,
            2469.4509161095575,
            3053.0852842490485,
            3863.1602779090554,
            3331.232824258501,
            3986.781406802145,
            2742.2494649649816
        ],
        "FlagUp": 0,
        "Times": [
            -15,
            -10,
            -5,
            2,
            10,
            20,
            30,
            40
        ],
        "width": 0,
        "height": 0,
        "area": 0.594332350447547,
        "distance": 0.38738564086056837,
        "xpert": [
            [
                483.0,
                256.6
            ],
            [
                477.0,
                256.0
            ],
            [
                475.8,
                250.0
            ],
            [
                478.2,
                245.2
            ],
            [
                483.0,
                241.4
            ],
            [
                487.6,
                245.4
            ],
            [
                488.2,
                250.0
            ],
            [
                486.6,
                253.6
            ]
        ],
        "stack": 0
    },
    {
        "type": "Spine",
        "location": [
            196,
            265
        ],
        "radloc": [
            0,
            0
        ],
        "mean": [
            41.923809523809524,
            57.32380952380952,
            62.48571428571429,
            115.65714285714286,
            113.60952380952381,
            89.58095238095238,
            86.55238095238096,
            86.6
        ],
        "min": [
            8.0,
            9.0,
            9.0,
            38.0,
            35.0,
            16.0,
            31.0,
            29.0
        ],
        "max": [
            142.0,
            145.0,
            182.0,
            236.0,
            230.0,
            198.0,
            186.0,
            175.0
        ],
        "RawIntDen": [
            4402.0,
            6019.0,
            6561.0,
            12144.0,
            11929.0,
            9406.0,
            9088.0,
            9093.0
        ],
        "IntDen": [
            2197.3265169656947,
            3004.477125310431,
            3275.024824582445,
            6061.865793282916,
            5954.545211468371,
            4695.150663012114,
            4536.41603502595,
            4538.911862510009
        ],
        "FlagUp": 0,
        "Times": [
            -15,
            -10,
            -5,
            2,
            10,
            20,
            30,
            40
        ],
        "width": 0,
        "height": 0,
        "area": 0.4991654968118343,
        "distance": -0.4885225316247633,
        "xpert": [
            [
                196.0,
                270.0
            ],
            [
                191.8,
                269.2
            ],
            [
                189.2,
                265.0
            ],
            [
                191.2,
                260.2
            ],
            [
                196.0,
                260.2
            ],
            [
                200.8,
                260.2
            ],
            [
                203.4,
                265.0
            ],
            [
                200.6,
                269.6
            ]
        ],
        "stack": 0
    }
]