[
    {
        "type": "Stim",
        "location": [
            18,
            213
        ],
        "radloc": [
            0,
            0
        ],
        "mean": [
            73.31386861313868,
            93.87591240875912,
            104.91970802919708,
            107.04379562043796,
            87.46715328467154,
            85.28467153284672,
            49.55474452554745,
            40.13138686131387
        ],
        "min": [
            18.0,
            26.0,
            37.0,
            38.0,
            19.0,
            17.0,
            9.0,
            9.0
        ],
        "max": [
            153.0,
            185.0,
            211.0,
            205.0,
            193.0,
            179.0,
            155.0,
            102.0
        ],
        "RawIntDen": [
            10044.0,
            12861.0,
            14374.0,
            14665.0,
            11983.0,
            11684.0,
            6789.0,
            5498.0
        ],
        "IntDen": [
            6644.7400545527225,
            8508.36338526509,
            9509.308397465236,
            9701.823267624022,
            7927.510959150266,
            7729.703583969933,
            4491.352073910636,
            3637.2740760584297
        ],
        "FlagUp": 0,
        "Times": [
            -15,
            -10,
            -5,
            2,
            10,
            20,
            30,
            40
        ],
        "width": 0,
        "height": 0,
        "area": 0.6615631276934212,
        "distance": 0,
        "xpert": [
            [
                18.0,
                218.0
            ],
            [
                11.8,
                219.2
            ],
            [
                8.6,
                213.0
            ],
            [
                11.6,
                206.6
            ],
            [
                18.0,
                207.6
            ],
            [
                23.0,
                208.0
            ],
            [
                23.6,
                213.0
            ],
            [
                22.6,
                217.6
            ]
        ],
        "stack": 0
    },
    {
        "type": "Stim",
        "location": [
            34,
            253
        ],
        "radloc": [
            0,
            0
        ],
        "mean": [
            53.9,
            41.292857142857144,
            41.67857142857143,
            36.52142857142857,
            53.31428571428572,
            43.864285714285714,
            39.371428571428574,
            30.928571428571427
        ],
        "min": [
            11.0,
            7.0,
            8.0,
            7.0,
            8.0,
            11.0,
            7.0,
            7.0
        ],
        "max": [
            135.0,
            101.0,
            117.0,
            96.0,
            136.0,
            109.0,
            88.0,
            78.0
        ],
        "RawIntDen": [
            7546.0,
            5781.0,
            5835.0,
            5113.0,
            7464.0,
            6141.0,
            5512.0,
            4330.0
        ],
        "IntDen": [
            5031.5366335684175,
            3854.666482727143,
            3890.6727083052897,
            3409.256136686366,
            4976.860513246047,
            4094.707986581454,
            3675.3021367915608,
            2887.1658658032397
        ],
        "FlagUp": 0,
        "Times": [
            -15,
            -10,
            -5,
            2,
            10,
            20,
            30,
            40
        ],
        "width": 0,
        "height": 0,
        "area": 0.6667819551508637,
        "distance": 0,
        "xpert": [
            [
                34.0,
                260.4
            ],
            [
                29.0,
                258.0
            ],
            [
                26.8,
                253.0
            ],
            [
                25.8,
                244.8
            ],
            [
                34.0,
                247.2
            ],
            [
                37.8,
                249.2
            ],
            [
                39.6,
                253.0
            ],
            [
                38.6,
                257.6
            ]
        ],
        "stack": 0
    },
    {
        "type": "Stim",
        "location": [
            88,
            258
        ],
        "radloc": [
            0,
            0
        ],
        "mean": [
            52.94570135746606,
            74.49773755656109,
            57.04524886877828,
            45.04977375565611,
            46.69683257918552,
            45.248868778280546,
            50.55656108597285,
            43.7737556561086
        ],
        "min": [
            5.0,
            10.0,
            9.0,
            5.0,
            6.0,
            6.0,
            9.0,
            6.0
        ],
        "max": [
            145.0,
            173.0,
            167.0,
            127.0,
            137.0,
            111.0,
            139.0,
            113.0
        ],
        "RawIntDen": [
            11701.0,
            16464.0,
            12607.0,
            9956.0,
            10320.0,
            10000.0,
            11173.0,
            9674.0
        ],
        "IntDen": [
            12317.270574865679,
            17331.129197896636,
            13270.987961484627,
            10480.364570836911,
            10863.535794599933,
            10526.681971511562,
            11761.461766769868,
            10183.512139240285
        ],
        "FlagUp": 0,
        "Times": [
            -15,
            -10,
            -5,
            2,
            10,
            20,
            30,
            40
        ],
        "width": 0,
        "height": 0,
        "area": 1.0526681971511562,
        "distance": 0,
        "xpert": [
            [
                88.0,
                266.8
            ],
            [
                82.8,
                263.2
            ],
            [
                82.4,
                258.0
            ],
            [
                82.0,
                252.0
            ],
            [
                88.0,
                242.8
            ],
            [
                93.6,
                252.4
            ],
            [
                96.6,
                258.0
            ],
            [
                94.2,
                264.2
            ]
        ],
        "stack": 0
    },
    {
        "type": "Stim",
        "location": [
            113,
            244
        ],
        "radloc": [
            0,
            0
        ],
        "mean": [
            34.83898305084746,
            31.97457627118644,
            39.644067796610166,
            31.83050847457627,
            30.805084745762713,
            32.5,
            32.28813559322034,
            32.83050847457627
        ],
        "min": [
            8.0,
            9.0,
            8.0,
            6.0,
            8.0,
            8.0,
            9.0,
            8.0
        ],
        "max": [
            94.0,
            75.0,
            106.0,
            79.0,
            77.0,
            76.0,
            74.0,
            87.0
        ],
        "RawIntDen": [
            4111.0,
            3773.0,
            4678.0,
            3756.0,
            3635.0,
            3835.0,
            3810.0,
            3874.0
        ],
        "IntDen": [
            2291.8560596718985,
            2103.423233554384,
            2607.9549129518705,
            2093.9458428916687,
            2026.4891211158722,
            2137.9878347948747,
            2124.050495584999,
            2159.7300839622803
        ],
        "FlagUp": 0,
        "Times": [
            -15,
            -10,
            -5,
            2,
            10,
            20,
            30,
            40
        ],
        "width": 0,
        "height": 0,
        "area": 0.557493568395013,
        "distance": 0,
        "xpert": [
            [
                113.0,
                249.6
            ],
            [
                107.6,
                249.4
            ],
            [
                106.4,
                244.0
            ],
            [
                109.2,
                240.2
            ],
            [
                113.0,
                235.8
            ],
            [
                119.2,
                237.8
            ],
            [
                117.8,
                244.0
            ],
            [
                116.2,
                247.2
            ]
        ],
        "stack": 0
    },
    {
        "type": "Stim",
        "location": [
            180,
            227
        ],
        "radloc": [
            0,
            0
        ],
        "mean": [
            80.78688524590164,
            92.31967213114754,
            87.8688524590164,
            83.28688524590164,
            77.72950819672131,
            78.87704918032787,
            57.48360655737705,
            33.09836065573771
        ],
        "min": [
            13.0,
            25.0,
            19.0,
            21.0,
            12.0,
            14.0,
            9.0,
            8.0
        ],
        "max": [
            196.0,
            191.0,
            193.0,
            175.0,
            182.0,
            172.0,
            161.0,
            116.0
        ],
        "RawIntDen": [
            9856.0,
            11263.0,
            10720.0,
            10161.0,
            9483.0,
            9623.0,
            7013.0,
            4038.0
        ],
        "IntDen": [
            5328.243551975935,
            6088.88059313159,
            5795.329837376423,
            5493.12933559532,
            5126.5963477463265,
            5202.281625473257,
            3791.291804992617,
            2182.9796532953355
        ],
        "FlagUp": 0,
        "Times": [
            -15,
            -10,
            -5,
            2,
            10,
            20,
            30,
            40
        ],
        "width": 0,
        "height": 0,
        "area": 0.540609126620935,
        "distance": 0,
        "xpert": [
            [
                180.0,
                235.2
            ],
            [
                174.8,
                232.2
            ],
            [
                174.6,
                227.0
            ],
            [
                176.0,
                223.0
            ],
            [
                180.0,
                222.4
            ],
            [
                183.4,
                223.6
            ],
            [
                186.4,
                227.0
            ],
            [
                186.2,
                233.2
            ]
        ],
        "stack": 0
    },
    {
        "type": "Stim",
        "location": [
            167,
            259
        ],
        "radloc": [
            0,
            0
        ],
        "mean": [
            33.90673575129534,
            33.44559585492228,
            36.865284974093264,
            51.36787564766839,
            84.16062176165804,
            86.44041450777202,
            109.3160621761658,
            108.09844559585493
        ],
        "min": [
            5.0,
            5.0,
            7.0,
            5.0,
            10.0,
            16.0,
            29.0,
            14.0
        ],
        "max": [
            202.0,
            198.0,
            206.0,
            198.0,
            212.0,
            220.0,
            223.0,
            243.0
        ],
        "RawIntDen": [
            6544.0,
            6455.0,
            7115.0,
            9914.0,
            16243.0,
            16683.0,
            21098.0,
            20863.0
        ],
        "IntDen": [
            6448.702475860163,
            6360.998545488593,
            7011.387242626079,
            9769.626580940963,
            16006.46001152149,
            16440.052476279812,
            20790.758685161632,
            20559.18089148389
        ],
        "FlagUp": 0,
        "Times": [
            -15,
            -10,
            -5,
            2,
            10,
            20,
            30,
            40
        ],
        "width": 0,
        "height": 0,
        "area": 0.9854374199052817,
        "distance": 0,
        "xpert": [
            [
                167.0,
                266.4
            ],
            [
                161.0,
                265.0
            ],
            [
                158.2,
                259.0
            ],
            [
                158.2,
                250.2
            ],
            [
                167.0,
                251.2
            ],
            [
                175.2,
                250.8
            ],
            [
                173.0,
                259.0
            ],
            [
                171.4,
                263.4
            ]
        ],
        "stack": 0
    },
    {
        "type": "Stim",
        "location": [
            205,
            246
        ],
        "radloc": [
            0,
            0
        ],
        "mean": [
            124.0377358490566,
            136.98742138364778,
            126.26100628930817,
            126.65408805031447,
            133.77672955974842,
            123.87106918238993,
            106.41823899371069,
            80.88993710691824
        ],
        "min": [
            20.0,
            27.0,
            18.0,
            19.0,
            27.0,
            20.0,
            11.0,
            8.0
        ],
        "max": [
            243.0,
            247.0,
            239.0,
            239.0,
            255.0,
            255.0,
            255.0,
            229.0
        ],
        "RawIntDen": [
            39444.0,
            43562.0,
            40151.0,
            40276.0,
            42541.0,
            39391.0,
            33841.0,
            25723.0
        ],
        "IntDen": [
            62239.78537583298,
            68737.69218492131,
            63355.380352526874,
            63552.62133143315,
            67126.62786921486,
            62156.15520077672,
            53398.65573733809,
            40589.03760324895
        ],
        "FlagUp": 0,
        "Times": [
            -15,
            -10,
            -5,
            2,
            10,
            20,
            30,
            40
        ],
        "width": 0,
        "height": 0,
        "area": 1.5779278312502023,
        "distance": 0,
        "xpert": [
            [
                205.0,
                260.2
            ],
            [
                191.6,
                259.4
            ],
            [
                195.6,
                246.0
            ],
            [
                198.4,
                239.4
            ],
            [
                205.0,
                238.8
            ],
            [
                211.0,
                240.0
            ],
            [
                211.8,
                246.0
            ],
            [
                211.2,
                252.2
            ]
        ],
        "stack": 0
    },
    {
        "type": "Stim",
        "location": [
            230,
            248
        ],
        "radloc": [
            0,
            0
        ],
        "mean": [
            94.63684210526316,
            110.93684210526315,
            104.23684210526316,
            143.6421052631579,
            106.22631578947369,
            92.12105263157895,
            92.11578947368422,
            74.21578947368421
        ],
        "min": [
            24.0,
            25.0,
            27.0,
            35.0,
            28.0,
            15.0,
            16.0,
            21.0
        ],
        "max": [
            214.0,
            221.0,
            231.0,
            248.0,
            205.0,
            234.0,
            197.0,
            132.0
        ],
        "RawIntDen": [
            17981.0,
            21078.0,
            19805.0,
            27292.0,
            20183.0,
            17503.0,
            17502.0,
            14101.0
        ],
        "IntDen": [
            15527.71640053033,
            18202.169305955078,
            17102.854308019752,
            23568.34636579021,
            17429.280913848153,
            15114.933549773781,
            15114.0699873245,
            12177.094097318179
        ],
        "FlagUp": 0,
        "Times": [
            -15,
            -10,
            -5,
            2,
            10,
            20,
            30,
            40
        ],
        "width": 0,
        "height": 0,
        "area": 0.8635624492814821,
        "distance": 0,
        "xpert": [
            [
                230.0,
                255.0
            ],
            [
                224.6,
                253.4
            ],
            [
                222.4,
                248.0
            ],
            [
                224.4,
                242.4
            ],
            [
                230.0,
                241.0
            ],
            [
                235.2,
                242.8
            ],
            [
                239.8,
                248.0
            ],
            [
                238.0,
                256.0
            ]
        ],
        "stack": 0
    },
    {
        "type": "Stim",
        "location": [
            211,
            283
        ],
        "radloc": [
            0,
            0
        ],
        "mean": [
            40.7027027027027,
            40.020270270270274,
            34.108108108108105,
            41.695945945945944,
            38.07432432432432,
            39.92567567567568,
            42.391891891891895,
            37.3445945945946
        ],
        "min": [
            10.0,
            6.0,
            6.0,
            7.0,
            7.0,
            8.0,
            7.0,
            7.0
        ],
        "max": [
            118.0,
            133.0,
            88.0,
            115.0,
            106.0,
            129.0,
            107.0,
            90.0
        ],
        "RawIntDen": [
            6024.0,
            5923.0,
            5048.0,
            6171.0,
            5635.0,
            5909.0,
            6274.0,
            5527.0
        ],
        "IntDen": [
            4027.790338983026,
            3960.259325663423,
            3375.2134181916194,
            4126.078051438289,
            3767.695644118418,
            3950.8985911438745,
            4194.946312546398,
            3695.484263539041
        ],
        "FlagUp": 0,
        "Times": [
            -15,
            -10,
            -5,
            2,
            10,
            20,
            30,
            40
        ],
        "width": 0,
        "height": 0,
        "area": 0.6686238942534903,
        "distance": 0,
        "xpert": [
            [
                211.0,
                290.0
            ],
            [
                205.8,
                288.2
            ],
            [
                206.0,
                283.0
            ],
            [
                206.6,
                278.6
            ],
            [
                211.0,
                275.8
            ],
            [
                217.4,
                276.6
            ],
            [
                219.8,
                283.0
            ],
            [
                216.0,
                288.0
            ]
        ],
        "stack": 0
    },
    {
        "type": "Stim",
        "location": [
            250,
            282
        ],
        "radloc": [
            0,
            0
        ],
        "mean": [
            56.888888888888886,
            47.617283950617285,
            46.46296296296296,
            40.96296296296296,
            43.617283950617285,
            67.1358024691358,
            72.14197530864197,
            86.01234567901234
        ],
        "min": [
            10.0,
            10.0,
            8.0,
            9.0,
            9.0,
            8.0,
            13.0,
            17.0
        ],
        "max": [
            193.0,
            163.0,
            146.0,
            174.0,
            201.0,
            223.0,
            237.0,
            248.0
        ],
        "RawIntDen": [
            9216.0,
            7714.0,
            7527.0,
            6636.0,
            7066.0,
            10876.0,
            11687.0,
            13934.0
        ],
        "IntDen": [
            7180.5564556286245,
            6010.287814531164,
            5864.58858957429,
            5170.374635368007,
            5505.404938744777,
            8473.929254711038,
            9105.811989684433,
            10856.540109888158
        ],
        "FlagUp": 0,
        "Times": [
            -15,
            -10,
            -5,
            2,
            10,
            20,
            30,
            40
        ],
        "width": 0,
        "height": 0,
        "area": 0.7791402404110921,
        "distance": 0,
        "xpert": [
            [
                250.0,
                287.2
            ],
            [
                246.4,
                285.6
            ],
            [
                244.8,
                282.0
            ],
            [
                242.6,
                274.6
            ],
            [
                250.0,
                271.8
            ],
            [
                258.8,
                273.2
            ],
            [
                255.4,
                282.0
            ],
            [
                253.6,
                285.6
            ]
        ],
        "stack": 0
    },
    {
        "type": "Stim",
        "location": [
            291,
            248
        ],
        "radloc": [
            0,
            0
        ],
        "mean": [
            136.5095238095238,
            130.23809523809524,
            134.04761904761904,
            119.14285714285714,
            138.54285714285714,
            156.9047619047619,
            117.32857142857142,
            93.2
        ],
        "min": [
            29.0,
            21.0,
            25.0,
            22.0,
            28.0,
            31.0,
            15.0,
            11.0
        ],
        "max": [
            252.0,
            243.0,
            241.0,
            255.0,
            255.0,
            255.0,
            251.0,
            237.0
        ],
        "RawIntDen": [
            28667.0,
            27350.0,
            28150.0,
            25020.0,
            29094.0,
            32950.0,
            24639.0,
            19572.0
        ],
        "IntDen": [
            27070.27045872973,
            25826.626331540032,
            26582.06695549733,
            23626.40551426441,
            27473.486891766937,
            31114.7106992411,
            23266.626917104746,
            18481.85486511523
        ],
        "FlagUp": 0,
        "Times": [
            -15,
            -10,
            -5,
            2,
            10,
            20,
            30,
            40
        ],
        "width": 0,
        "height": 0,
        "area": 0.9443007799466191,
        "distance": 0,
        "xpert": [
            [
                291.0,
                256.2
            ],
            [
                283.0,
                256.0
            ],
            [
                282.2,
                248.0
            ],
            [
                284.8,
                241.8
            ],
            [
                291.0,
                239.2
            ],
            [
                296.4,
                242.6
            ],
            [
                297.6,
                248.0
            ],
            [
                296.8,
                253.8
            ]
        ],
        "stack": 0
    },
    {
        "type": "Stim",
        "location": [
            321,
            252
        ],
        "radloc": [
            0,
            0
        ],
        "mean": [
            69.84962406015038,
            89.4812030075188,
            70.7218045112782,
            79.42105263157895,
            85.90225563909775,
            66.00751879699249,
            54.57142857142857,
            37.255639097744364
        ],
        "min": [
            13.0,
            16.0,
            15.0,
            24.0,
            19.0,
            10.0,
            10.0,
            7.0
        ],
        "max": [
            162.0,
            181.0,
            143.0,
            160.0,
            179.0,
            174.0,
            129.0,
            124.0
        ],
        "RawIntDen": [
            9290.0,
            11901.0,
            9406.0,
            10563.0,
            11425.0,
            8779.0,
            7258.0,
            4955.0
        ],
        "IntDen": [
            5378.75075012936,
            6890.474992173253,
            5445.912761648737,
            6115.7959282687225,
            6614.879151800639,
            5082.890509729349,
            4202.2575828244235,
            2868.860061021634
        ],
        "FlagUp": 0,
        "Times": [
            -15,
            -10,
            -5,
            2,
            10,
            20,
            30,
            40
        ],
        "width": 0,
        "height": 0,
        "area": 0.5789828579256577,
        "distance": 0,
        "xpert": [
            [
                321.0,
                258.2
            ],
            [
                314.8,
                258.2
            ],
            [
                314.4,
                252.0
            ],
            [
                316.6,
                247.6
            ],
            [
                321.0,
                246.8
            ],
            [
                324.6,
                248.4
            ],
            [
                327.8,
                252.0
            ],
            [
                327.2,
                258.2
            ]
        ],
        "stack": 0
    },
    {
        "type": "Stim",
        "location": [
            381,
            269
        ],
        "radloc": [
            0,
            0
        ],
        "mean": [
            104.70786516853933,
            80.95505617977528,
            77.43258426966293,
            106.93820224719101,
            90.82584269662921,
            148.17415730337078,
            87.78089887640449,
            61.07303370786517
        ],
        "min": [
            22.0,
            9.0,
            8.0,
            19.0,
            14.0,
            41.0,
            12.0,
            12.0
        ],
        "max": [
            197.0,
            231.0,
            243.0,
            223.0,
            183.0,
            242.0,
            202.0,
            164.0
        ],
        "RawIntDen": [
            18638.0,
            14410.0,
            13783.0,
            19035.0,
            16167.0,
            26375.0,
            15625.0,
            10871.0
        ],
        "IntDen": [
            15334.093910991165,
            11855.579636086633,
            11339.726171005002,
            15660.718832262948,
            13301.121164234046,
            21699.577578194654,
            12855.199987082142,
            8943.928259812477
        ],
        "FlagUp": 0,
        "Times": [
            -15,
            -10,
            -5,
            2,
            10,
            20,
            30,
            40
        ],
        "width": 0,
        "height": 0,
        "area": 0.822732799173257,
        "distance": 0,
        "xpert": [
            [
                381.0,
                279.0
            ],
            [
                374.2,
                275.8
            ],
            [
                374.8,
                269.0
            ],
            [
                376.6,
                264.6
            ],
            [
                381.0,
                262.6
            ],
            [
                385.0,
                265.0
            ],
            [
                387.2,
                269.0
            ],
            [
                389.6,
                277.6
            ]
        ],
        "stack": 0
    },
    {
        "type": "Stim",
        "location": [
            337,
            281
        ],
        "radloc": [
            0,
            0
        ],
        "mean": [
            86.3215859030837,
            87.04405286343612,
            133.2907488986784,
            99.81497797356828,
            108.36123348017621,
            109.65198237885463,
            115.9251101321586,
            141.11453744493392
        ],
        "min": [
            15.0,
            11.0,
            30.0,
            18.0,
            12.0,
            18.0,
            20.0,
            44.0
        ],
        "max": [
            208.0,
            214.0,
            250.0,
            225.0,
            226.0,
            227.0,
            255.0,
            255.0
        ],
        "RawIntDen": [
            19595.0,
            19759.0,
            30257.0,
            22658.0,
            24598.0,
            24891.0,
            26315.0,
            32033.0
        ],
        "IntDen": [
            20951.868493620637,
            21127.224780068904,
            32352.16560405612,
            24226.96791673674,
            26301.304475941844,
            26614.593451120763,
            28137.199255403273,
            34251.14587681296
        ],
        "FlagUp": 0,
        "Times": [
            -15,
            -10,
            -5,
            2,
            10,
            20,
            30,
            40
        ],
        "width": 0,
        "height": 0,
        "area": 1.0692456490747966,
        "distance": 0,
        "xpert": [
            [
                337.0,
                291.0
            ],
            [
                331.6,
                286.4
            ],
            [
                330.4,
                281.0
            ],
            [
                330.8,
                274.8
            ],
            [
                337.0,
                271.2
            ],
            [
                346.8,
                271.2
            ],
            [
                344.4,
                281.0
            ],
            [
                342.6,
                286.6
            ]
        ],
        "stack": 0
    },
    {
        "type": "Spine",
        "location": [
            442,
            278
        ],
        "radloc": [
            0,
            0
        ],
        "mean": [
            60.376068376068375,
            47.22222222222222,
            59.17094017094017,
            45.17948717948718,
            68.64102564102564,
            50.085470085470085,
            56.94017094017094,
            38.70940170940171
        ],
        "min": [
            8.0,
            7.0,
            10.0,
            8.0,
            12.0,
            14.0,
            10.0,
            11.0
        ],
        "max": [
            134.0,
            131.0,
            170.0,
            115.0,
            154.0,
            121.0,
            120.0,
            87.0
        ],
        "RawIntDen": [
            7064.0,
            5525.0,
            6923.0,
            5286.0,
            8031.0,
            5860.0,
            6662.0,
            4529.0
        ],
        "IntDen": [
            3933.797414535388,
            3076.75972753511,
            3855.277392529514,
            2943.665505837211,
            4472.299976802618,
            3263.314389747646,
            3709.9318198803444,
            2522.107657195749
        ],
        "FlagUp": 0,
        "Times": [
            -15,
            -10,
            -5,
            2,
            10,
            20,
            30,
            40
        ],
        "width": 0,
        "height": 0,
        "area": 0.5568795886941376,
        "distance": 4.718158987185723,
        "xpert": [
            [
                442.0,
                286.6
            ],
            [
                437.6,
                282.4
            ],
            [
                437.0,
                278.0
            ],
            [
                438.4,
                274.4
            ],
            [
                442.0,
                271.2
            ],
            [
                447.8,
                272.2
            ],
            [
                448.0,
                278.0
            ],
            [
                446.6,
                282.6
            ]
        ],
        "stack": 0
    },
    {
        "type": "Spine",
        "location": [
            444,
            236
        ],
        "radloc": [
            0,
            0
        ],
        "mean": [
            38.8768115942029,
            35.56521739130435,
            48.905797101449274,
            38.67391304347826,
            30.246376811594203,
            30.253623188405797,
            28.76086956521739,
            21.528985507246375
        ],
        "min": [
            8.0,
            13.0,
            14.0,
            13.0,
            8.0,
            8.0,
            7.0,
            6.0
        ],
        "max": [
            139.0,
            107.0,
            123.0,
            107.0,
            99.0,
            64.0,
            77.0,
            75.0
        ],
        "RawIntDen": [
            5365.0,
            4908.0,
            6749.0,
            5337.0,
            4174.0,
            4175.0,
            3969.0,
            2971.0
        ],
        "IntDen": [
            3559.1681833607977,
            3255.992067835004,
            4477.320795806529,
            3540.5928414905084,
            2769.0527488067046,
            2769.7161538735004,
            2633.054710113515,
            1970.9764534510587
        ],
        "FlagUp": 0,
        "Times": [
            -15,
            -10,
            -5,
            2,
            10,
            20,
            30,
            40
        ],
        "width": 0,
        "height": 0,
        "area": 0.663405066796048,
        "distance": 4.849938987185723,
        "xpert": [
            [
                444.0,
                245.8
            ],
            [
                436.2,
                243.8
            ],
            [
                438.6,
                236.0
            ],
            [
                440.4,
                232.4
            ],
            [
                444.0,
                230.0
            ],
            [
                449.0,
                231.0
            ],
            [
                448.6,
                236.0
            ],
            [
                448.6,
                240.6
            ]
        ],
        "stack": 0
    },
    {
        "type": "Spine",
        "location": [
            479,
            241
        ],
        "radloc": [
            0,
            0
        ],
        "mean": [
            55.68571428571428,
            59.161904761904765,
            69.63809523809523,
            66.6952380952381,
            44.114285714285714,
            43.285714285714285,
            36.180952380952384,
            32.695238095238096
        ],
        "min": [
            18.0,
            12.0,
            19.0,
            15.0,
            8.0,
            8.0,
            9.0,
            7.0
        ],
        "max": [
            121.0,
            117.0,
            133.0,
            138.0,
            101.0,
            118.0,
            112.0,
            125.0
        ],
        "RawIntDen": [
            5847.0,
            6212.0,
            7312.0,
            7003.0,
            4632.0,
            4545.0,
            3799.0,
            3433.0
        ],
        "IntDen": [
            2769.6381784514892,
            2942.5333272687963,
            3463.5872004168446,
            3317.2184305961655,
            2194.110491292509,
            2152.8998667798905,
            1799.5306037176686,
            1626.1617695611362
        ],
        "FlagUp": 0,
        "Times": [
            -15,
            -10,
            -5,
            2,
            10,
            20,
            30,
            40
        ],
        "width": 0,
        "height": 0,
        "area": 0.47368533922549844,
        "distance": 7.156088987185724,
        "xpert": [
            [
                479.0,
                248.2
            ],
            [
                473.0,
                247.0
            ],
            [
                472.2,
                241.0
            ],
            [
                474.4,
                236.4
            ],
            [
                479.0,
                235.6
            ],
            [
                482.2,
                237.8
            ],
            [
                483.8,
                241.0
            ],
            [
                482.2,
                244.2
            ]
        ],
        "stack": 0
    },
    {
        "type": "Spine",
        "location": [
            479,
            271
        ],
        "radloc": [
            0,
            0
        ],
        "mean": [
            42.92215568862275,
            77.07784431137725,
            53.191616766467064,
            72.65269461077844,
            62.18562874251497,
            88.31137724550898,
            98.7185628742515,
            108.82634730538922
        ],
        "min": [
            7.0,
            8.0,
            8.0,
            9.0,
            9.0,
            9.0,
            33.0,
            32.0
        ],
        "max": [
            160.0,
            230.0,
            181.0,
            191.0,
            207.0,
            211.0,
            178.0,
            188.0
        ],
        "RawIntDen": [
            7168.0,
            12872.0,
            8883.0,
            12133.0,
            10385.0,
            14748.0,
            16486.0,
            18174.0
        ],
        "IntDen": [
            6341.850360557388,
            11388.434408634861,
            7859.187605026684,
            10734.608039152174,
            9188.074217967142,
            13048.21555768699,
            14585.901931382406,
            16079.351067629737
        ],
        "FlagUp": 0,
        "Times": [
            -15,
            -10,
            -5,
            2,
            10,
            20,
            30,
            40
        ],
        "width": 0,
        "height": 0,
        "area": 0.8847447489616891,
        "distance": 7.446941518810487,
        "xpert": [
            [
                479.0,
                276.8
            ],
            [
                474.6,
                275.4
            ],
            [
                470.8,
                271.0
            ],
            [
                470.2,
                262.2
            ],
            [
                479.0,
                263.2
            ],
            [
                487.8,
                262.2
            ],
            [
                484.4,
                271.0
            ],
            [
                483.0,
                275.0
            ]
        ],
        "stack": 0
    },
    {
        "type": "Spine",
        "location": [
            471,
            230
        ],
        "radloc": [
            0,
            0
        ],
        "mean": [
            26.240506329113924,
            30.240506329113924,
            31.955696202531644,
            33.93037974683544,
            26.4873417721519,
            21.158227848101266,
            24.018987341772153,
            18.018987341772153
        ],
        "min": [
            7.0,
            9.0,
            8.0,
            6.0,
            6.0,
            4.0,
            5.0,
            5.0
        ],
        "max": [
            63.0,
            63.0,
            65.0,
            73.0,
            67.0,
            61.0,
            100.0,
            61.0
        ],
        "RawIntDen": [
            4146.0,
            4778.0,
            5049.0,
            5361.0,
            4185.0,
            3343.0,
            3795.0,
            2847.0
        ],
        "IntDen": [
            3225.224317064727,
            3716.8648786626304,
            3927.679106816162,
            4170.387738491077,
            3255.5628960240915,
            2600.5607554142266,
            2952.1771064304485,
            2214.7162640335932
        ],
        "FlagUp": 0,
        "Times": [
            -15,
            -10,
            -5,
            2,
            10,
            20,
            30,
            40
        ],
        "width": 0,
        "height": 0,
        "area": 0.7779122810093408,
        "distance": 6.628968987185724,
        "xpert": [
            [
                471.0,
                237.0
            ],
            [
                462.4,
                238.6
            ],
            [
                464.2,
                230.0
            ],
            [
                466.6,
                225.6
            ],
            [
                471.0,
                223.0
            ],
            [
                476.4,
                224.6
            ],
            [
                476.6,
                230.0
            ],
            [
                476.4,
                235.4
            ]
        ],
        "stack": 0
    },
    {
        "type": "Spine",
        "location": [
            411,
            235
        ],
        "radloc": [
            0,
            0
        ],
        "mean": [
            60.383720930232556,
            66.48837209302326,
            56.0406976744186,
            57.18023255813954,
            47.49418604651163,
            42.44186046511628,
            39.76744186046512,
            33.7906976744186
        ],
        "min": [
            12.0,
            13.0,
            13.0,
            12.0,
            9.0,
            10.0,
            8.0,
            7.0
        ],
        "max": [
            145.0,
            167.0,
            133.0,
            141.0,
            143.0,
            125.0,
            115.0,
            120.0
        ],
        "RawIntDen": [
            10386.0,
            11436.0,
            9639.0,
            9835.0,
            8169.0,
            7300.0,
            6840.0,
            5812.0
        ],
        "IntDen": [
            8273.88914234847,
            9110.359737328818,
            7678.800061919594,
            7834.941239649258,
            6507.741228947107,
            5815.462231768133,
            5449.008447300552,
            4630.063902881697
        ],
        "FlagUp": 0,
        "Times": [
            -15,
            -10,
            -5,
            2,
            10,
            20,
            30,
            40
        ],
        "width": 0,
        "height": 0,
        "area": 0.7966386618860456,
        "distance": 2.675568987185724,
        "xpert": [
            [
                411.0,
                245.0
            ],
            [
                402.6,
                243.4
            ],
            [
                403.8,
                235.0
            ],
            [
                406.4,
                230.4
            ],
            [
                411.0,
                227.2
            ],
            [
                416.2,
                229.8
            ],
            [
                416.2,
                235.0
            ],
            [
                415.0,
                239.0
            ]
        ],
        "stack": 0
    },
    {
        "type": "Spine",
        "location": [
            376,
            241
        ],
        "radloc": [
            0,
            0
        ],
        "mean": [
            66.8768115942029,
            80.34057971014492,
            91.34057971014492,
            110.33333333333333,
            91.55072463768116,
            80.6159420289855,
            49.333333333333336,
            28.833333333333332
        ],
        "min": [
            11.0,
            9.0,
            22.0,
            40.0,
            17.0,
            13.0,
            9.0,
            9.0
        ],
        "max": [
            176.0,
            189.0,
            176.0,
            191.0,
            210.0,
            185.0,
            115.0,
            92.0
        ],
        "RawIntDen": [
            9229.0,
            11087.0,
            12605.0,
            15226.0,
            12634.0,
            11125.0,
            6808.0,
            3979.0
        ],
        "IntDen": [
            5989.404522965283,
            7195.20294139301,
            8180.349334920077,
            9881.31685628664,
            8199.169654691015,
            7219.864050058378,
            4418.232310363815,
            2582.277667881554
        ],
        "FlagUp": 0,
        "Times": [
            -15,
            -10,
            -5,
            2,
            10,
            20,
            30,
            40
        ],
        "width": 0,
        "height": 0,
        "area": 0.6489765438254722,
        "distance": 1.1101965820600141,
        "xpert": [
            [
                376.0,
                250.0
            ],
            [
                368.2,
                248.8
            ],
            [
                370.2,
                241.0
            ],
            [
                372.6,
                237.6
            ],
            [
                376.0,
                236.0
            ],
            [
                379.4,
                237.6
            ],
            [
                381.0,
                241.0
            ],
            [
                382.4,
                247.4
            ]
        ],
        "stack": 0
    },
    {
        "type": "Spine",
        "location": [
            167,
            227
        ],
        "radloc": [
            0,
            0
        ],
        "mean": [
            43.705882352941174,
            55.78151260504202,
            51.60504201680672,
            43.89915966386555,
            44.36974789915966,
            36.72268907563025,
            37.705882352941174,
            32.411764705882355
        ],
        "min": [
            12.0,
            14.0,
            13.0,
            14.0,
            14.0,
            10.0,
            12.0,
            8.0
        ],
        "max": [
            106.0,
            120.0,
            98.0,
            89.0,
            115.0,
            93.0,
            86.0,
            87.0
        ],
        "RawIntDen": [
            5201.0,
            6638.0,
            6141.0,
            5224.0,
            5280.0,
            4370.0,
            4487.0,
            3857.0
        ],
        "IntDen": [
            2872.3809276163056,
            3665.999730343595,
            3391.519184097622,
            2885.08324665787,
            2916.0106321503736,
            2413.4406178971844,
            2478.0567625868803,
            2130.1236757962106
        ],
        "FlagUp": 0,
        "Times": [
            -15,
            -10,
            -5,
            2,
            10,
            20,
            30,
            40
        ],
        "width": 0,
        "height": 0,
        "area": 0.5522747409375708,
        "distance": -1.3191715188104876,
        "xpert": [
            [
                167.0,
                233.6
            ],
            [
                163.0,
                231.0
            ],
            [
                159.6,
                227.0
            ],
            [
                161.2,
                221.2
            ],
            [
                167.0,
                221.2
            ],
            [
                170.4,
                223.6
            ],
            [
                172.2,
                227.0
            ],
            [
                173.0,
                233.0
            ]
        ],
        "stack": 0
    },
    {
        "type": "Spine",
        "location": [
            81,
            217
        ],
        "radloc": [
            0,
            0
        ],
        "mean": [
            106.81617647058823,
            122.27941176470588,
            121.68382352941177,
            118.78676470588235,
            108.1470588235294,
            89.04411764705883,
            78.79411764705883,
            81.91911764705883
        ],
        "min": [
            17.0,
            43.0,
            25.0,
            31.0,
            17.0,
            14.0,
            21.0,
            17.0
        ],
        "max": [
            205.0,
            244.0,
            228.0,
            214.0,
            217.0,
            187.0,
            147.0,
            165.0
        ],
        "RawIntDen": [
            14527.0,
            16630.0,
            16549.0,
            16155.0,
            14708.0,
            12110.0,
            10716.0,
            11141.0
        ],
        "IntDen": [
            9191.321249615223,
            10521.902139540245,
            10470.652946918311,
            10221.366750707917,
            9305.841050412382,
            7662.070650019987,
            6780.078372057323,
            7048.978456802037
        ],
        "FlagUp": 0,
        "Times": [
            -15,
            -10,
            -5,
            2,
            10,
            20,
            30,
            40
        ],
        "width": 0,
        "height": 0,
        "area": 0.6327060817522697,
        "distance": -0.46123000000000003,
        "xpert": [
            [
                81.0,
                223.8
            ],
            [
                75.2,
                222.8
            ],
            [
                75.0,
                217.0
            ],
            [
                76.8,
                212.8
            ],
            [
                81.0,
                211.8
            ],
            [
                85.6,
                212.4
            ],
            [
                88.8,
                217.0
            ],
            [
                87.8,
                223.8
            ]
        ],
        "stack": 0
    },
    {
        "type": "Spine",
        "location": [
            58,
            218
        ],
        "radloc": [
            0,
            0
        ],
        "mean": [
            85.41843971631205,
            118.71631205673759,
            105.37588652482269,
            114.95035460992908,
            116.34751773049645,
            100.31914893617021,
            88.26241134751773,
            80.63120567375887
        ],
        "min": [
            19.0,
            19.0,
            22.0,
            42.0,
            31.0,
            18.0,
            15.0,
            11.0
        ],
        "max": [
            166.0,
            245.0,
            219.0,
            224.0,
            228.0,
            236.0,
            205.0,
            196.0
        ],
        "RawIntDen": [
            12044.0,
            16739.0,
            14858.0,
            16208.0,
            16405.0,
            14145.0,
            12445.0,
            11369.0
        ],
        "IntDen": [
            8160.130369390543,
            11341.117755997037,
            10066.69022155469,
            10981.351131441541,
            11114.82387162503,
            9583.61375581445,
            8431.818535956934,
            7702.799914447118
        ],
        "FlagUp": 0,
        "Times": [
            -15,
            -10,
            -5,
            2,
            10,
            20,
            30,
            40
        ],
        "width": 0,
        "height": 0,
        "area": 0.6775265999161859,
        "distance": -1.58136,
        "xpert": [
            [
                58.0,
                223.8
            ],
            [
                51.8,
                224.2
            ],
            [
                51.2,
                218.0
            ],
            [
                53.6,
                213.6
            ],
            [
                58.0,
                211.0
            ],
            [
                63.8,
                212.2
            ],
            [
                65.0,
                218.0
            ],
            [
                64.2,
                224.2
            ]
        ],
        "stack": 0
    },
    {
        "type": "Spine",
        "location": [
            39,
            210
        ],
        "radloc": [
            0,
            0
        ],
        "mean": [
            70.99295774647888,
            85.95774647887323,
            80.61971830985915,
            61.74647887323944,
            59.99295774647887,
            46.04929577464789,
            42.19718309859155,
            39.725352112676056
        ],
        "min": [
            10.0,
            12.0,
            24.0,
            17.0,
            17.0,
            6.0,
            7.0,
            7.0
        ],
        "max": [
            147.0,
            184.0,
            186.0,
            149.0,
            127.0,
            108.0,
            117.0,
            111.0
        ],
        "RawIntDen": [
            10081.0,
            12206.0,
            11448.0,
            8768.0,
            8519.0,
            6539.0,
            5992.0,
            5641.0
        ],
        "IntDen": [
            6418.541951014055,
            7771.522969355972,
            7288.906681401538,
            5582.5588559162015,
            5424.021315414019,
            4163.361354794257,
            3815.088123249302,
            3591.607493866708
        ],
        "FlagUp": 0,
        "Times": [
            -15,
            -10,
            -5,
            2,
            10,
            20,
            30,
            40
        ],
        "width": 0,
        "height": 0,
        "area": 0.636696949807961,
        "distance": -0.32945,
        "xpert": [
            [
                39.0,
                218.6
            ],
            [
                32.8,
                216.2
            ],
            [
                33.4,
                210.0
            ],
            [
                35.8,
                206.8
            ],
            [
                39.0,
                205.6
            ],
            [
                42.6,
                206.4
            ],
            [
                46.4,
                210.0
            ],
            [
                46.2,
                217.2
            ]
        ],
        "stack": 0
    },
    {
        "type": "Spine",
        "location": [
            16,
            250
        ],
        "radloc": [
            0,
            0
        ],
        "mean": [
            38.85207100591716,
            42.094674556213015,
            36.22485207100592,
            34.53846153846154,
            48.29585798816568,
            41.81065088757396,
            46.349112426035504,
            47.562130177514796
        ],
        "min": [
            13.0,
            9.0,
            9.0,
            6.0,
            10.0,
            9.0,
            9.0,
            11.0
        ],
        "max": [
            98.0,
            99.0,
            100.0,
            92.0,
            138.0,
            126.0,
            115.0,
            137.0
        ],
        "RawIntDen": [
            6566.0,
            7114.0,
            6122.0,
            5837.0,
            8162.0,
            7066.0,
            7833.0,
            8038.0
        ],
        "IntDen": [
            5918.081571013074,
            6412.006137098235,
            5517.894513819988,
            5261.0176865676685,
            7356.59180362606,
            6368.742671455739,
            7060.0567995347865,
            7244.827850716279
        ],
        "FlagUp": 0,
        "Times": [
            -15,
            -10,
            -5,
            2,
            10,
            20,
            30,
            40
        ],
        "width": 0,
        "height": 0,
        "area": 0.9013222008853295,
        "distance": 0.8725575948742899,
        "xpert": [
            [
                16.0,
                255.6
            ],
            [
                11.8,
                254.2
            ],
            [
                10.0,
                250.0
            ],
            [
                10.4,
                244.4
            ],
            [
                16.0,
                238.4
            ],
            [
                26.0,
                240.0
            ],
            [
                21.6,
                250.0
            ],
            [
                21.0,
                255.0
            ]
        ],
        "stack": 0
    },
    {
        "type": "Spine",
        "location": [
            108,
            216
        ],
        "radloc": [
            0,
            0
        ],
        "mean": [
            76.47169811320755,
            55.801886792452834,
            68.29245283018868,
            73.78301886792453,
            77.71698113207547,
            74.40566037735849,
            53.27358490566038,
            32.56603773584906
        ],
        "min": [
            18.0,
            15.0,
            19.0,
            13.0,
            18.0,
            11.0,
            13.0,
            7.0
        ],
        "max": [
            153.0,
            147.0,
            171.0,
            218.0,
            224.0,
            217.0,
            145.0,
            113.0
        ],
        "RawIntDen": [
            8106.0,
            5915.0,
            7239.0,
            7821.0,
            8238.0,
            7887.0,
            5647.0,
            3452.0
        ],
        "IntDen": [
            3859.6010375830792,
            2816.375541241539,
            3446.7865668719355,
            3723.900779044814,
            3922.4516836429075,
            3755.326102074728,
            2688.7696840897665,
            1643.6396227161101
        ],
        "FlagUp": 0,
        "Times": [
            -15,
            -10,
            -5,
            2,
            10,
            20,
            30,
            40
        ],
        "width": 0,
        "height": 0,
        "area": 0.47614125802900065,
        "distance": -0.32945,
        "xpert": [
            [
                108.0,
                222.0
            ],
            [
                101.6,
                222.4
            ],
            [
                101.2,
                216.0
            ],
            [
                104.0,
                212.0
            ],
            [
                108.0,
                211.0
            ],
            [
                111.4,
                212.6
            ],
            [
                113.2,
                216.0
            ],
            [
                112.2,
                220.2
            ]
        ],
        "stack": 0
    },
    {
        "type": "Spine",
        "location": [
            96,
            217
        ],
        "radloc": [
            0,
            0
        ],
        "mean": [
            115.73134328358209,
            139.3507462686567,
            135.8955223880597,
            152.08955223880596,
            120.80597014925372,
            105.67910447761194,
            96.58208955223881,
            85.14925373134328
        ],
        "min": [
            21.0,
            35.0,
            25.0,
            40.0,
            15.0,
            13.0,
            14.0,
            13.0
        ],
        "max": [
            217.0,
            250.0,
            246.0,
            244.0,
            253.0,
            252.0,
            223.0,
            225.0
        ],
        "RawIntDen": [
            15508.0,
            18673.0,
            18210.0,
            20380.0,
            16188.0,
            14161.0,
            12942.0,
            11410.0
        ],
        "IntDen": [
            10192.869803861331,
            12273.114382738111,
            11968.800562826595,
            13395.066198265018,
            10639.810187316689,
            9307.533485457847,
            8506.327121587137,
            7499.396728273006
        ],
        "FlagUp": 0,
        "Times": [
            -15,
            -10,
            -5,
            2,
            10,
            20,
            30,
            40
        ],
        "width": 0,
        "height": 0,
        "area": 0.6572652697872924,
        "distance": -0.52712,
        "xpert": [
            [
                96.0,
                223.8
            ],
            [
                89.2,
                223.8
            ],
            [
                89.0,
                217.0
            ],
            [
                91.4,
                212.4
            ],
            [
                96.0,
                211.8
            ],
            [
                100.2,
                212.8
            ],
            [
                102.0,
                217.0
            ],
            [
                102.8,
                223.8
            ]
        ],
        "stack": 0
    }
]