[
    {
        "type": 0,
        "location": [
            70,
            259
        ],
        "bgloc": [
            46.16303942995046,
            285.0377285101898
        ],
        "mean": [
            [
            36.96363636363636,
            45.27272727272727,
            48.345454545454544,
            117.23636363636363,
            56.45454545454545,
            43.77272727272727,
            42.027272727272724,
            57.06363636363636
            ]
        ],
        "min": [
            [
                7,
                7,
                11,
                17,
                12,
                8,
                11,
                12
            ]
        ],
        "max": [
            [
                108,
                125,
                135,
                255,
                151,
                149,
                238,
                230
            ]
        ],
        "RawIntDen": [
            [
                10580,
                12887,
                13449,
                25240,
                15492,
                13690,
                16799,
                20299
            ]
        ],
        "IntDen": [
            [
                12950.30088,
                15774.151932000002,
                16462.060164000002,
                30894.668640000004,
                18962.765712,
                16757.05284,
                20562.580764000002,
                24846.706764000002
            ]
        ],
        "local_bg": [
            [
                7.507142857142857,
                7.260714285714286,
                7.6571428571428575,
                7.889285714285714,
                7.660714285714286,
                7.853571428571429,
                7.4714285714285715,
                7.535714285714286
            ]
        ],
        "area": [
            1.2240360000000001
        ],
        "distance": 4.52969745434511,
        "points": [
            [
                70.0,
                265.4
            ],
            [
                61.0,
                268.0
            ],
            [
                58.6,
                259.0
            ],
            [
                64.6,
                253.6
            ],
            [
                70.0,
                252.4
            ],
            [
                79.8,
                249.2
            ],
            [
                83.2,
                259.0
            ],
            [
                75.6,
                264.6
            ]
        ],
        "shift": null,
        "channel": 0,
        "closest_Dend": 0
    },
    {
        "type": 0,
        "location": [
            124,
            223
        ],
        "bgloc": [
            146.95321500366538,
            220.96955488968888
        ],
        "mean": [
            [
            45.39259259259259,
            47.214814814814815,
            36.422222222222224,
            66.4888888888889,
            52.333333333333336,
            48.55555555555556,
            69.83703703703704,
            47.17037037037037
            ]
        ],
        "min": [
            [
                7,
                7,
                7,
                8,
                10,
                7,
                10,
                7
            ]
        ],
        "max": [
            [
                152,
                186,
                108,
                186,
                157,
                135,
                141,
                114
            ]
        ],
        "RawIntDen": [
            [
                11639,
                10032,
                8230,
                13588,
                12034,
                11444,
                13344,
                9247
            ]
        ],
        "IntDen": [
            [
                13384.663776000001,
                11536.639488,
                9464.368320000001,
                15625.982592000002,
                13838.907456,
                13160.416896,
                15345.386496000001,
                10633.902048000002
            ]
        ],
        "local_bg": [
            [
                9.207692307692307,
                8.976923076923077,
                8.576923076923077,
                9.63076923076923,
                9.365384615384615,
                9.884615384615385,
                9.55,
                9.307692307692308
            ]
        ],
        "area": [
            1.1499840000000001
        ],
        "distance": 7.613165692443267,
        "points": [
            [
                124.0,
                235.0
            ],
            [
                115.8,
                231.2
            ],
            [
                116.0,
                223.0
            ],
            [
                118.2,
                217.2
            ],
            [
                124.0,
                216.2
            ],
            [
                129.4,
                217.6
            ],
            [
                131.0,
                223.0
            ],
            [
                134.0,
                233.0
            ]
        ],
        "shift": null,
        "channel": 0,
        "closest_Dend": 0
    },
    {
        "type": 0,
        "location": [
            103,
            220
        ],
        "bgloc": [
            95.38614843106706,
            198.31129836536536
        ],
        "mean": [
            [
            54.42767295597484,
            43.22641509433962,
            44.0125786163522,
            109.25157232704403,
            54.459119496855344,
            52.36477987421384,
            75.67924528301887,
            53.132075471698116
            ]
        ],
        "min": [
            [
                9,
                8,
                7,
                18,
                9,
                9,
                10,
                9
            ]
        ],
        "max": [
            [
                135,
                101,
                105,
                221,
                152,
                159,
                210,
                140
            ]
        ],
        "RawIntDen": [
            [
                10240,
                7864,
                7922,
                19855,
                11121,
                10293,
                14157,
                10208
            ]
        ],
        "IntDen": [
            [
                9054.904320000001,
                6953.883552000001,
                7005.171096000001,
                17557.141140000003,
                9833.944428,
                9101.770524000001,
                12518.582076,
                9026.607744
            ]
        ],
        "local_bg": [
            [
                8.712871287128714,
                7.915841584158416,
                8.108910891089108,
                9.485148514851485,
                8.44059405940594,
                8.707920792079207,
                8.445544554455445,
                8.490099009900991
            ]
        ],
        "area": [
            0.884268
        ],
        "distance": 7.363816744220692,
        "points": [
            [
                103.0,
                225.6
            ],
            [
                92.8,
                230.2
            ],
            [
                91.8,
                220.0
            ],
            [
                96.4,
                213.4
            ],
            [
                103.0,
                212.4
            ],
            [
                107.6,
                215.4
            ],
            [
                108.8,
                220.0
            ],
            [
                107.2,
                224.2
            ]
        ],
        "shift": null,
        "channel": 0,
        "closest_Dend": 0
    }
]