[
    {
        "type": "Stim",
        "location": [
            11,
            233
        ],
        "radloc": [
            0,
            0
        ],
        "mean": [
            76.5904761904762,
            88.1047619047619,
            70.47619047619048,
            56.733333333333334,
            58.58095238095238,
            74.31428571428572,
            62.885714285714286,
            61.39047619047619
        ],
        "min": [
            17.0,
            22.0,
            14.0,
            13.0,
            19.0,
            28.0,
            18.0,
            10.0
        ],
        "max": [
            151.0,
            190.0,
            188.0,
            162.0,
            140.0,
            167.0,
            161.0,
            159.0
        ],
        "RawIntDen": [
            8042.0,
            9251.0,
            7400.0,
            5957.0,
            6151.0,
            7803.0,
            6603.0,
            6446.0
        ],
        "IntDen": [
            4031.5706120013165,
            4637.659752751079,
            3709.726750660251,
            2986.3300342815023,
            3083.5850328798924,
            3911.7564642435054,
            3310.179153325627,
            3231.472788480538
        ],
        "FlagUp": 0,
        "Times": [
            -15,
            -10,
            -5,
            2,
            10,
            20,
            30,
            40
        ],
        "width": 0,
        "height": 0,
        "area": 0.5013144257648988,
        "distance": 0,
        "xpert": [
            [
                11.0,
                238.0
            ],
            [
                6.6,
                237.4
            ],
            [
                2.0,
                233.0
            ],
            [
                6.2,
                228.2
            ],
            [
                11.0,
                228.2
            ],
            [
                14.8,
                229.2
            ],
            [
                16.4,
                233.0
            ],
            [
                16.0,
                238.0
            ]
        ],
        "stack": 0
    },
    {
        "type": "Stim",
        "location": [
            55,
            229
        ],
        "radloc": [
            0,
            0
        ],
        "mean": [
            36.4078947368421,
            28.5,
            30.92763157894737,
            40.25657894736842,
            46.19736842105263,
            57.328947368421055,
            66.57236842105263,
            59.01973684210526
        ],
        "min": [
            6.0,
            4.0,
            5.0,
            7.0,
            8.0,
            8.0,
            7.0,
            6.0
        ],
        "max": [
            97.0,
            105.0,
            101.0,
            89.0,
            161.0,
            121.0,
            144.0,
            155.0
        ],
        "RawIntDen": [
            5534.0,
            4332.0,
            4701.0,
            6119.0,
            7022.0,
            8714.0,
            10119.0,
            8971.0
        ],
        "IntDen": [
            3757.9266130977862,
            2941.6946309973996,
            3192.26834264053,
            4155.177619361285,
            4768.370198260328,
            5917.342339453218,
            6871.423816034785,
            6091.86115758949
        ],
        "FlagUp": 0,
        "Times": [
            -15,
            -10,
            -5,
            2,
            10,
            20,
            30,
            40
        ],
        "width": 0,
        "height": 0,
        "area": 0.6790615491683748,
        "distance": 0,
        "xpert": [
            [
                55.0,
                236.6
            ],
            [
                49.2,
                234.8
            ],
            [
                48.2,
                229.0
            ],
            [
                49.2,
                223.2
            ],
            [
                55.0,
                220.8
            ],
            [
                60.2,
                223.8
            ],
            [
                60.8,
                229.0
            ],
            [
                59.6,
                233.6
            ]
        ],
        "stack": 0
    },
    {
        "type": "Stim",
        "location": [
            82,
            199
        ],
        "radloc": [
            0,
            0
        ],
        "mean": [
            67.62745098039215,
            49.326797385620914,
            45.83660130718954,
            98.98039215686275,
            68.6078431372549,
            64.47712418300654,
            59.431372549019606,
            68.83006535947712
        ],
        "min": [
            11.0,
            8.0,
            6.0,
            22.0,
            7.0,
            7.0,
            9.0,
            7.0
        ],
        "max": [
            185.0,
            152.0,
            122.0,
            190.0,
            170.0,
            198.0,
            191.0,
            177.0
        ],
        "RawIntDen": [
            10347.0,
            7547.0,
            7013.0,
            15144.0,
            10497.0,
            9865.0,
            9093.0,
            10531.0
        ],
        "IntDen": [
            7334.3629755457105,
            5349.612194495358,
            4971.09186696647,
            10734.66636722376,
            7440.688910244836,
            6992.702305379185,
            6445.4781614610165,
            7464.789455443304
        ],
        "FlagUp": 0,
        "Times": [
            -15,
            -10,
            -5,
            2,
            10,
            20,
            30,
            40
        ],
        "width": 0,
        "height": 0,
        "area": 0.7088395646608399,
        "distance": 0,
        "xpert": [
            [
                82.0,
                204.0
            ],
            [
                76.0,
                205.0
            ],
            [
                73.6,
                199.0
            ],
            [
                75.2,
                192.2
            ],
            [
                82.0,
                192.6
            ],
            [
                87.4,
                193.6
            ],
            [
                89.2,
                199.0
            ],
            [
                86.6,
                203.6
            ]
        ],
        "stack": 0
    },
    {
        "type": "Stim",
        "location": [
            43,
            170
        ],
        "radloc": [
            0,
            0
        ],
        "mean": [
            86.27485380116958,
            73.78947368421052,
            72.953216374269,
            77.12865497076024,
            116.49707602339181,
            93.82456140350877,
            67.81286549707602,
            82.6374269005848
        ],
        "min": [
            24.0,
            20.0,
            19.0,
            17.0,
            22.0,
            10.0,
            16.0,
            21.0
        ],
        "max": [
            155.0,
            135.0,
            146.0,
            144.0,
            199.0,
            165.0,
            149.0,
            162.0
        ],
        "RawIntDen": [
            14753.0,
            12618.0,
            12475.0,
            13189.0,
            19921.0,
            16044.0,
            11596.0,
            14131.0
        ],
        "IntDen": [
            11558.062264473961,
            9885.421924566695,
            9773.390276507333,
            10332.765078705828,
            15606.87035657736,
            12569.480849401494,
            9084.748188086494,
            11070.76376732065
        ],
        "FlagUp": 0,
        "Times": [
            -15,
            -10,
            -5,
            2,
            10,
            20,
            30,
            40
        ],
        "width": 0,
        "height": 0,
        "area": 0.783438098317221,
        "distance": 0,
        "xpert": [
            [
                43.0,
                179.4
            ],
            [
                37.4,
                175.6
            ],
            [
                34.2,
                170.0
            ],
            [
                38.0,
                165.0
            ],
            [
                43.0,
                163.6
            ],
            [
                47.4,
                165.6
            ],
            [
                50.0,
                170.0
            ],
            [
                49.6,
                176.6
            ]
        ],
        "stack": 0
    },
    {
        "type": "Stim",
        "location": [
            84,
            152
        ],
        "radloc": [
            0,
            0
        ],
        "mean": [
            38.38636363636363,
            45.984848484848484,
            35.121212121212125,
            57.06060606060606,
            76.0,
            72.12878787878788,
            113.15151515151516,
            51.60606060606061
        ],
        "min": [
            6.0,
            7.0,
            7.0,
            8.0,
            10.0,
            11.0,
            36.0,
            10.0
        ],
        "max": [
            105.0,
            123.0,
            99.0,
            137.0,
            163.0,
            166.0,
            210.0,
            109.0
        ],
        "RawIntDen": [
            5067.0,
            6070.0,
            4636.0,
            7532.0,
            10032.0,
            9521.0,
            14936.0,
            6812.0
        ],
        "IntDen": [
            3092.36893347047,
            3704.4956436087928,
            2829.3314338995656,
            4596.748136352789,
            6122.487693028568,
            5810.626527644039,
            9115.378407403778,
            4157.335144030164
        ],
        "FlagUp": 0,
        "Times": [
            -15,
            -10,
            -5,
            2,
            10,
            20,
            30,
            40
        ],
        "width": 0,
        "height": 0,
        "area": 0.6102958226703118,
        "distance": 0,
        "xpert": [
            [
                84.0,
                159.4
            ],
            [
                77.4,
                158.6
            ],
            [
                77.0,
                152.0
            ],
            [
                79.6,
                147.6
            ],
            [
                84.0,
                146.2
            ],
            [
                87.8,
                148.2
            ],
            [
                89.4,
                152.0
            ],
            [
                89.8,
                157.8
            ]
        ],
        "stack": 0
    },
    {
        "type": "Stim",
        "location": [
            96,
            165
        ],
        "radloc": [
            0,
            0
        ],
        "mean": [
            40.24193548387097,
            49.93010752688172,
            49.623655913978496,
            92.36021505376344,
            82.75268817204301,
            71.36021505376344,
            60.80107526881721,
            77.84408602150538
        ],
        "min": [
            8.0,
            10.0,
            11.0,
            17.0,
            19.0,
            19.0,
            12.0,
            10.0
        ],
        "max": [
            120.0,
            134.0,
            150.0,
            202.0,
            168.0,
            181.0,
            153.0,
            185.0
        ],
        "RawIntDen": [
            7485.0,
            9287.0,
            9230.0,
            17179.0,
            15392.0,
            13273.0,
            11309.0,
            14479.0
        ],
        "IntDen": [
            6259.259039155008,
            7766.164154526728,
            7718.498454428955,
            14365.773017186892,
            12871.41150710406,
            11099.418199960512,
            9457.042147468803,
            12107.92406518709
        ],
        "FlagUp": 0,
        "Times": [
            -15,
            -10,
            -5,
            2,
            10,
            20,
            30,
            40
        ],
        "width": 0,
        "height": 0,
        "area": 0.8362403525925195,
        "distance": 0,
        "xpert": [
            [
                96.0,
                173.2
            ],
            [
                88.0,
                173.0
            ],
            [
                88.2,
                165.0
            ],
            [
                89.0,
                158.0
            ],
            [
                96.0,
                156.8
            ],
            [
                101.0,
                160.0
            ],
            [
                101.8,
                165.0
            ],
            [
                100.2,
                169.2
            ]
        ],
        "stack": 0
    },
    {
        "type": "Stim",
        "location": [
            158,
            161
        ],
        "radloc": [
            0,
            0
        ],
        "mean": [
            45.03529411764706,
            50.53529411764706,
            43.5,
            66.30588235294118,
            46.51764705882353,
            34.4,
            34.84117647058824,
            36.423529411764704
        ],
        "min": [
            10.0,
            11.0,
            11.0,
            19.0,
            12.0,
            11.0,
            8.0,
            9.0
        ],
        "max": [
            158.0,
            186.0,
            173.0,
            153.0,
            105.0,
            139.0,
            150.0,
            187.0
        ],
        "RawIntDen": [
            7656.0,
            8591.0,
            7395.0,
            11272.0,
            7908.0,
            5848.0,
            5923.0,
            6192.0
        ],
        "IntDen": [
            5918.0913946882865,
            6640.846809269471,
            5716.338278960277,
            8713.260998031135,
            6112.887506425675,
            4520.506593016863,
            4578.481626272038,
            4786.418745547267
        ],
        "FlagUp": 0,
        "Times": [
            -15,
            -10,
            -5,
            2,
            10,
            20,
            30,
            40
        ],
        "width": 0,
        "height": 0,
        "area": 0.7730004434023363,
        "distance": 0,
        "xpert": [
            [
                158.0,
                170.2
            ],
            [
                153.8,
                165.2
            ],
            [
                151.4,
                161.0
            ],
            [
                152.6,
                155.6
            ],
            [
                158.0,
                152.8
            ],
            [
                163.6,
                155.4
            ],
            [
                166.8,
                161.0
            ],
            [
                163.4,
                166.4
            ]
        ],
        "stack": 0
    },
    {
        "type": "Stim",
        "location": [
            169,
            152
        ],
        "radloc": [
            0,
            0
        ],
        "mean": [
            59.3680981595092,
            54.57055214723926,
            49.104294478527606,
            103.05521472392638,
            107.85276073619632,
            84.97546012269939,
            68.49693251533742,
            57.87116564417178
        ],
        "min": [
            11.0,
            8.0,
            15.0,
            10.0,
            22.0,
            15.0,
            11.0,
            8.0
        ],
        "max": [
            123.0,
            117.0,
            110.0,
            216.0,
            207.0,
            194.0,
            160.0,
            149.0
        ],
        "RawIntDen": [
            9677.0,
            8895.0,
            8004.0,
            16798.0,
            17580.0,
            13851.0,
            11165.0,
            9433.0
        ],
        "IntDen": [
            7138.69010079547,
            6561.811351304713,
            5904.523671258338,
            12391.827664892251,
            12968.706414383007,
            10217.835753448182,
            8236.382657371232,
            6958.692127808584
        ],
        "FlagUp": 0,
        "Times": [
            -15,
            -10,
            -5,
            2,
            10,
            20,
            30,
            40
        ],
        "width": 0,
        "height": 0,
        "area": 0.7376966106019913,
        "distance": 0,
        "xpert": [
            [
                169.0,
                161.0
            ],
            [
                163.6,
                157.4
            ],
            [
                160.0,
                152.0
            ],
            [
                162.6,
                145.6
            ],
            [
                169.0,
                145.2
            ],
            [
                173.4,
                147.6
            ],
            [
                174.8,
                152.0
            ],
            [
                174.0,
                157.0
            ]
        ],
        "stack": 0
    },
    {
        "type": "Stim",
        "location": [
            214,
            144
        ],
        "radloc": [
            0,
            0
        ],
        "mean": [
            43.47752808988764,
            35.46629213483146,
            40.2752808988764,
            67.2752808988764,
            71.01685393258427,
            62.39325842696629,
            59.640449438202246,
            58.61797752808989
        ],
        "min": [
            12.0,
            11.0,
            11.0,
            11.0,
            22.0,
            13.0,
            13.0,
            15.0
        ],
        "max": [
            104.0,
            113.0,
            111.0,
            139.0,
            130.0,
            157.0,
            144.0,
            119.0
        ],
        "RawIntDen": [
            7739.0,
            6313.0,
            7169.0,
            11975.0,
            12641.0,
            11106.0,
            10616.0,
            10434.0
        ],
        "IntDen": [
            8479.21040110812,
            6916.8180982291715,
            7854.691738667026,
            13120.370145144041,
            13850.07089810153,
            12168.253096615425,
            11631.386176271326,
            11431.978463000662
        ],
        "FlagUp": 0,
        "Times": [
            -15,
            -10,
            -5,
            2,
            10,
            20,
            30,
            40
        ],
        "width": 0,
        "height": 0,
        "area": 1.095646776212446,
        "distance": 0,
        "xpert": [
            [
                214.0,
                152.0
            ],
            [
                207.2,
                150.8
            ],
            [
                208.0,
                144.0
            ],
            [
                204.2,
                134.2
            ],
            [
                214.0,
                137.8
            ],
            [
                218.4,
                139.6
            ],
            [
                226.0,
                144.0
            ],
            [
                220.4,
                150.4
            ]
        ],
        "stack": 0
    },
    {
        "type": "Spine",
        "location": [
            257,
            138
        ],
        "radloc": [
            0,
            0
        ],
        "mean": [
            38.0,
            32.41984732824427,
            25.778625954198475,
            31.282442748091604,
            35.48854961832061,
            36.786259541984734,
            31.610687022900763,
            27.259541984732824
        ],
        "min": [
            12.0,
            11.0,
            8.0,
            10.0,
            11.0,
            10.0,
            8.0,
            9.0
        ],
        "max": [
            85.0,
            88.0,
            63.0,
            72.0,
            106.0,
            101.0,
            91.0,
            53.0
        ],
        "RawIntDen": [
            4978.0,
            4247.0,
            3377.0,
            4098.0,
            4649.0,
            4819.0,
            4141.0,
            3571.0
        ],
        "IntDen": [
            3109.877792600337,
            2653.204295936848,
            2109.6941152292766,
            2560.1203684363563,
            2904.343482884485,
            3010.546621643436,
            2586.9835152989144,
            2230.8906382836085
        ],
        "FlagUp": 0,
        "Times": [
            -15,
            -10,
            -5,
            2,
            10,
            20,
            30,
            40
        ],
        "width": 0,
        "height": 0,
        "area": 0.6247243456408873,
        "distance": -0.22496253162476323,
        "xpert": [
            [
                257.0,
                145.0
            ],
            [
                252.8,
                142.2
            ],
            [
                250.6,
                138.0
            ],
            [
                251.6,
                132.6
            ],
            [
                257.0,
                132.8
            ],
            [
                261.4,
                133.6
            ],
            [
                264.2,
                138.0
            ],
            [
                263.4,
                144.4
            ]
        ],
        "stack": 0
    },
    {
        "type": "Spine",
        "location": [
            237,
            144
        ],
        "radloc": [
            0,
            0
        ],
        "mean": [
            94.01702127659574,
            110.97446808510638,
            106.79574468085106,
            107.56595744680851,
            130.68085106382978,
            138.2,
            137.7872340425532,
            134.6468085106383
        ],
        "min": [
            13.0,
            24.0,
            24.0,
            24.0,
            42.0,
            51.0,
            44.0,
            32.0
        ],
        "max": [
            244.0,
            255.0,
            241.0,
            252.0,
            255.0,
            255.0,
            252.0,
            248.0
        ],
        "RawIntDen": [
            22094.0,
            26079.0,
            25097.0,
            25278.0,
            30710.0,
            32477.0,
            32380.0,
            31642.0
        ],
        "IntDen": [
            23562.8696668584,
            27812.803387435513,
            26765.517336342233,
            26958.550712358407,
            32751.6849583245,
            34636.159960648154,
            34532.711134827325,
            33745.646872396734
        ],
        "FlagUp": 0,
        "Times": [
            -15,
            -10,
            -5,
            2,
            10,
            20,
            30,
            40
        ],
        "width": 0,
        "height": 0,
        "area": 1.0664827404208563,
        "distance": -0.0,
        "xpert": [
            [
                237.0,
                152.2
            ],
            [
                229.0,
                152.0
            ],
            [
                229.6,
                144.0
            ],
            [
                230.6,
                137.6
            ],
            [
                237.0,
                136.6
            ],
            [
                243.4,
                137.6
            ],
            [
                246.0,
                144.0
            ],
            [
                245.2,
                152.2
            ]
        ],
        "stack": 0
    },
    {
        "type": "Spine",
        "location": [
            184,
            144
        ],
        "radloc": [
            0,
            0
        ],
        "mean": [
            63.10204081632653,
            42.39795918367347,
            44.63265306122449,
            38.57142857142857,
            38.295918367346935,
            33.96938775510204,
            36.316326530612244,
            27.714285714285715
        ],
        "min": [
            24.0,
            13.0,
            11.0,
            10.0,
            11.0,
            11.0,
            11.0,
            9.0
        ],
        "max": [
            131.0,
            85.0,
            102.0,
            75.0,
            83.0,
            81.0,
            76.0,
            70.0
        ],
        "RawIntDen": [
            6184.0,
            4155.0,
            4374.0,
            3780.0,
            3753.0,
            3329.0,
            3559.0,
            2716.0
        ],
        "IntDen": [
            2946.355964886447,
            1979.6424699390666,
            2083.9846362246635,
            1800.9743769842771,
            1788.1102742915323,
            1586.0962171906503,
            1695.6793142029212,
            1294.0334412405548
        ],
        "FlagUp": 0,
        "Times": [
            -15,
            -10,
            -5,
            2,
            10,
            20,
            30,
            40
        ],
        "width": 0,
        "height": 0,
        "area": 0.4764482478794384,
        "distance": -0.6231121264990533,
        "xpert": [
            [
                184.0,
                149.8
            ],
            [
                177.2,
                150.8
            ],
            [
                179.4,
                144.0
            ],
            [
                181.0,
                141.0
            ],
            [
                184.0,
                139.2
            ],
            [
                188.8,
                139.2
            ],
            [
                190.8,
                144.0
            ],
            [
                187.6,
                147.6
            ]
        ],
        "stack": 0
    },
    {
        "type": "Spine",
        "location": [
            204,
            178
        ],
        "radloc": [
            0,
            0
        ],
        "mean": [
            55.34736842105263,
            50.28421052631579,
            39.50526315789474,
            119.18947368421053,
            58.8,
            59.63157894736842,
            50.38947368421053,
            45.252631578947366
        ],
        "min": [
            11.0,
            11.0,
            7.0,
            43.0,
            13.0,
            10.0,
            10.0,
            7.0
        ],
        "max": [
            121.0,
            132.0,
            95.0,
            194.0,
            137.0,
            164.0,
            143.0,
            157.0
        ],
        "RawIntDen": [
            5258.0,
            4777.0,
            3753.0,
            11323.0,
            5586.0,
            5665.0,
            4787.0,
            4299.0
        ],
        "IntDen": [
            2285.640129180234,
            2076.5505700064623,
            1631.4201987092847,
            4922.081244333927,
            2428.2209512363615,
            2462.5620638657333,
            2080.897546288661,
            1868.76510371735
        ],
        "FlagUp": 0,
        "Times": [
            -15,
            -10,
            -5,
            2,
            10,
            20,
            30,
            40
        ],
        "width": 0,
        "height": 0,
        "area": 0.4346976282199,
        "distance": -0.17837126581238164,
        "xpert": [
            [
                204.0,
                184.0
            ],
            [
                198.6,
                183.4
            ],
            [
                198.0,
                178.0
            ],
            [
                199.2,
                173.2
            ],
            [
                204.0,
                172.6
            ],
            [
                207.4,
                174.6
            ],
            [
                209.0,
                178.0
            ],
            [
                207.6,
                181.6
            ]
        ],
        "stack": 0
    },
    {
        "type": "Stim",
        "location": [
            194,
            175
        ],
        "radloc": [
            0,
            0
        ],
        "mean": [
            68.25954198473282,
            43.961832061068705,
            41.2442748091603,
            111.90839694656489,
            108.53435114503817,
            76.41221374045801,
            61.56488549618321,
            61.94656488549618
        ],
        "min": [
            7.0,
            7.0,
            8.0,
            28.0,
            37.0,
            17.0,
            19.0,
            15.0
        ],
        "max": [
            193.0,
            118.0,
            105.0,
            231.0,
            189.0,
            182.0,
            136.0,
            136.0
        ],
        "RawIntDen": [
            8942.0,
            5759.0,
            5403.0,
            14660.0,
            14218.0,
            10010.0,
            8065.0,
            8115.0
        ],
        "IntDen": [
            5347.461116613341,
            3443.975460811477,
            3231.08168341108,
            8766.917912050054,
            8502.594738985516,
            5986.142448814531,
            4823.000884084835,
            4852.901695517475
        ],
        "FlagUp": 0,
        "Times": [
            -15,
            -10,
            -5,
            2,
            10,
            20,
            30,
            40
        ],
        "width": 0,
        "height": 0,
        "area": 0.5980162286528004,
        "distance": 0,
        "xpert": [
            [
                194.0,
                181.4
            ],
            [
                187.4,
                181.6
            ],
            [
                185.6,
                175.0
            ],
            [
                189.2,
                170.2
            ],
            [
                194.0,
                170.2
            ],
            [
                198.4,
                170.6
            ],
            [
                200.0,
                175.0
            ],
            [
                198.6,
                179.6
            ]
        ],
        "stack": 0
    },
    {
        "type": "Spine",
        "location": [
            122,
            164
        ],
        "radloc": [
            0,
            0
        ],
        "mean": [
            57.226027397260275,
            45.205479452054796,
            47.60958904109589,
            89.84246575342466,
            84.08904109589041,
            81.8972602739726,
            62.04794520547945,
            89.51369863013699
        ],
        "min": [
            9.0,
            7.0,
            9.0,
            9.0,
            15.0,
            18.0,
            11.0,
            19.0
        ],
        "max": [
            197.0,
            164.0,
            182.0,
            219.0,
            245.0,
            170.0,
            150.0,
            195.0
        ],
        "RawIntDen": [
            8355.0,
            6600.0,
            6951.0,
            13117.0,
            12277.0,
            11957.0,
            9059.0,
            13069.0
        ],
        "IntDen": [
            5553.008933882611,
            4386.577972905474,
            4619.864165100901,
            8717.99140463653,
            8159.699662630379,
            7947.017094247083,
            6020.910584325862,
            8686.089019379036
        ],
        "FlagUp": 0,
        "Times": [
            -15,
            -10,
            -5,
            2,
            10,
            20,
            30,
            40
        ],
        "width": 0,
        "height": 0,
        "area": 0.6646330261977991,
        "distance": -1.71314,
        "xpert": [
            [
                122.0,
                172.8
            ],
            [
                115.4,
                170.6
            ],
            [
                114.8,
                164.0
            ],
            [
                116.6,
                158.6
            ],
            [
                122.0,
                157.0
            ],
            [
                126.8,
                159.2
            ],
            [
                126.8,
                164.0
            ],
            [
                126.2,
                168.2
            ]
        ],
        "stack": 0
    },
    {
        "type": "Spine",
        "location": [
            70,
            170
        ],
        "radloc": [
            0,
            0
        ],
        "mean": [
            87.34653465346534,
            74.61386138613861,
            89.87128712871286,
            52.42574257425743,
            71.7128712871287,
            93.98019801980197,
            85.81188118811882,
            75.4059405940594
        ],
        "min": [
            20.0,
            14.0,
            15.0,
            10.0,
            11.0,
            15.0,
            18.0,
            14.0
        ],
        "max": [
            176.0,
            175.0,
            192.0,
            123.0,
            162.0,
            184.0,
            183.0,
            161.0
        ],
        "RawIntDen": [
            8822.0,
            7536.0,
            9077.0,
            5295.0,
            7243.0,
            9492.0,
            8667.0,
            7616.0
        ],
        "IntDen": [
            4330.514872438825,
            3699.2473451257065,
            4455.688449005578,
            2599.192501650825,
            3555.4204512666524,
            4659.402308908334,
            4254.428972957073,
            3738.5174867937076
        ],
        "FlagUp": 0,
        "Times": [
            -15,
            -10,
            -5,
            2,
            10,
            20,
            30,
            40
        ],
        "width": 0,
        "height": 0,
        "area": 0.49087677085001413,
        "distance": -0.79068,
        "xpert": [
            [
                70.0,
                175.8
            ],
            [
                64.2,
                175.8
            ],
            [
                64.2,
                170.0
            ],
            [
                66.0,
                166.0
            ],
            [
                70.0,
                165.4
            ],
            [
                73.8,
                166.2
            ],
            [
                75.6,
                170.0
            ],
            [
                75.8,
                175.8
            ]
        ],
        "stack": 0
    },
    {
        "type": "Spine",
        "location": [
            42,
            224
        ],
        "radloc": [
            0,
            0
        ],
        "mean": [
            38.503937007874015,
            39.55118110236221,
            47.838582677165356,
            41.881889763779526,
            50.346456692913385,
            54.01574803149607,
            51.811023622047244,
            41.26377952755905
        ],
        "min": [
            6.0,
            6.0,
            8.0,
            5.0,
            7.0,
            7.0,
            7.0,
            7.0
        ],
        "max": [
            142.0,
            135.0,
            137.0,
            154.0,
            142.0,
            189.0,
            140.0,
            125.0
        ],
        "RawIntDen": [
            9780.0,
            10046.0,
            12151.0,
            10638.0,
            12788.0,
            13720.0,
            13160.0,
            10481.0
        ],
        "IntDen": [
            11589.112445906641,
            11904.31734474214,
            14398.701976504253,
            12605.825991774525,
            15153.534760557683,
            16257.936887304613,
            15594.347626598303,
            12419.78400261222
        ],
        "FlagUp": 0,
        "Times": [
            -15,
            -10,
            -5,
            2,
            10,
            20,
            30,
            40
        ],
        "width": 0,
        "height": 0,
        "area": 1.1849808226898406,
        "distance": -0.37273012649905296,
        "xpert": [
            [
                42.0,
                231.4
            ],
            [
                36.6,
                229.4
            ],
            [
                34.8,
                224.0
            ],
            [
                34.0,
                216.0
            ],
            [
                42.0,
                208.6
            ],
            [
                49.0,
                217.0
            ],
            [
                49.6,
                224.0
            ],
            [
                47.8,
                229.8
            ]
        ],
        "stack": 0
    },
    {
        "type": "Spine",
        "location": [
            23,
            239
        ],
        "radloc": [
            0,
            0
        ],
        "mean": [
            30.9453125,
            27.5625,
            28.7578125,
            26.5546875,
            26.9765625,
            38.8203125,
            37.9296875,
            24.859375
        ],
        "min": [
            6.0,
            8.0,
            7.0,
            6.0,
            6.0,
            10.0,
            8.0,
            6.0
        ],
        "max": [
            67.0,
            61.0,
            64.0,
            64.0,
            63.0,
            96.0,
            88.0,
            78.0
        ],
        "RawIntDen": [
            3961.0,
            3528.0,
            3681.0,
            3399.0,
            3453.0,
            4969.0,
            4855.0,
            3182.0
        ],
        "IntDen": [
            2296.9990606362826,
            2045.900703338754,
            2134.6259889427306,
            1971.0931095942249,
            2002.4079162779813,
            2881.5421187330694,
            2815.4330824006947,
            1845.253979031722
        ],
        "FlagUp": 0,
        "Times": [
            -15,
            -10,
            -5,
            2,
            10,
            20,
            30,
            40
        ],
        "width": 0,
        "height": 0,
        "area": 0.5799038274769711,
        "distance": -0.24426126581238164,
        "xpert": [
            [
                23.0,
                244.8
            ],
            [
                17.4,
                244.6
            ],
            [
                14.8,
                239.0
            ],
            [
                18.2,
                234.2
            ],
            [
                23.0,
                233.8
            ],
            [
                27.2,
                234.8
            ],
            [
                30.8,
                239.0
            ],
            [
                27.4,
                243.4
            ]
        ],
        "stack": 0
    },
    {
        "type": "Spine",
        "location": [
            10,
            199
        ],
        "radloc": [
            0,
            0
        ],
        "mean": [
            13.37704918032787,
            13.540983606557377,
            19.33606557377049,
            17.762295081967213,
            36.557377049180324,
            57.4344262295082,
            39.442622950819676,
            54.385245901639344
        ],
        "min": [
            7.0,
            6.0,
            7.0,
            7.0,
            7.0,
            17.0,
            9.0,
            10.0
        ],
        "max": [
            28.0,
            31.0,
            62.0,
            55.0,
            127.0,
            112.0,
            105.0,
            126.0
        ],
        "RawIntDen": [
            1632.0,
            1652.0,
            2359.0,
            2167.0,
            4460.0,
            7007.0,
            4812.0,
            6635.0
        ],
        "IntDen": [
            892.2942433636551,
            903.2292218362489,
            1289.7807108424402,
            1184.8049175055396,
            2438.5001993884202,
            3831.0697078732424,
            2630.955820506071,
            3627.6791082829973
        ],
        "FlagUp": 0,
        "Times": [
            -15,
            -10,
            -5,
            2,
            10,
            20,
            30,
            40
        ],
        "width": 0,
        "height": 0,
        "area": 0.5467489236296906,
        "distance": -0.6988689871857244,
        "xpert": [
            [
                10.0,
                208.8
            ],
            [
                4.2,
                204.8
            ],
            [
                5.0,
                199.0
            ],
            [
                6.8,
                195.8
            ],
            [
                10.0,
                193.6
            ],
            [
                13.4,
                195.6
            ],
            [
                15.2,
                199.0
            ],
            [
                15.6,
                204.6
            ]
        ],
        "stack": 0
    },
    {
        "type": "Stim",
        "location": [
            237,
            170
        ],
        "radloc": [
            0,
            0
        ],
        "mean": [
            81.19117647058823,
            75.80882352941177,
            68.53676470588235,
            101.47058823529412,
            104.06617647058823,
            95.90441176470588,
            94.76470588235294,
            122.21323529411765
        ],
        "min": [
            13.0,
            11.0,
            10.0,
            24.0,
            26.0,
            26.0,
            30.0,
            30.0
        ],
        "max": [
            182.0,
            207.0,
            198.0,
            243.0,
            244.0,
            217.0,
            202.0,
            226.0
        ],
        "RawIntDen": [
            11042.0,
            10310.0,
            9321.0,
            13800.0,
            14153.0,
            13043.0,
            12888.0,
            16621.0
        ],
        "IntDen": [
            6898.2062245666775,
            6440.908003557548,
            5823.055625718711,
            8621.195969844244,
            8841.723663855479,
            8148.279640194093,
            8051.4473666197555,
            10383.543348897188
        ],
        "FlagUp": 0,
        "Times": [
            -15,
            -10,
            -5,
            2,
            10,
            20,
            30,
            40
        ],
        "width": 0,
        "height": 0,
        "area": 0.6247243456408873,
        "distance": 0,
        "xpert": [
            [
                237.0,
                176.0
            ],
            [
                232.6,
                174.4
            ],
            [
                231.8,
                170.0
            ],
            [
                232.6,
                165.6
            ],
            [
                237.0,
                163.8
            ],
            [
                242.6,
                164.4
            ],
            [
                245.0,
                170.0
            ],
            [
                244.0,
                177.0
            ]
        ],
        "stack": 0
    },
    {
        "type": "Stim",
        "location": [
            254,
            170
        ],
        "radloc": [
            0,
            0
        ],
        "mean": [
            43.72950819672131,
            44.540983606557376,
            50.89344262295082,
            78.72131147540983,
            84.59836065573771,
            61.89344262295082,
            64.54098360655738,
            69.52459016393442
        ],
        "min": [
            13.0,
            13.0,
            10.0,
            18.0,
            23.0,
            12.0,
            16.0,
            16.0
        ],
        "max": [
            110.0,
            115.0,
            129.0,
            149.0,
            194.0,
            128.0,
            138.0,
            153.0
        ],
        "RawIntDen": [
            5335.0,
            5434.0,
            6209.0,
            9604.0,
            10321.0,
            7551.0,
            7874.0,
            8482.0
        ],
        "IntDen": [
            3537.6282405048305,
            3603.2749501224457,
            4117.175959755294,
            6368.3939309856405,
            6843.835252155643,
            5007.053579016302,
            5221.234257869734,
            5624.397888652666
        ],
        "FlagUp": 0,
        "Times": [
            -15,
            -10,
            -5,
            2,
            10,
            20,
            30,
            40
        ],
        "width": 0,
        "height": 0,
        "area": 0.6630980769456102,
        "distance": 0,
        "xpert": [
            [
                254.0,
                174.8
            ],
            [
                246.8,
                177.2
            ],
            [
                247.0,
                170.0
            ],
            [
                249.6,
                165.6
            ],
            [
                254.0,
                163.8
            ],
            [
                259.2,
                164.8
            ],
            [
                261.2,
                170.0
            ],
            [
                259.4,
                175.4
            ]
        ],
        "stack": 0
    },
    {
        "type": "Spine",
        "location": [
            277,
            168
        ],
        "radloc": [
            0,
            0
        ],
        "mean": [
            29.7,
            35.53636363636364,
            23.536363636363635,
            22.90909090909091,
            34.61818181818182,
            31.427272727272726,
            32.31818181818182,
            34.872727272727275
        ],
        "min": [
            9.0,
            9.0,
            7.0,
            9.0,
            8.0,
            9.0,
            10.0,
            14.0
        ],
        "max": [
            76.0,
            89.0,
            49.0,
            59.0,
            81.0,
            69.0,
            91.0,
            65.0
        ],
        "RawIntDen": [
            3267.0,
            3909.0,
            2589.0,
            2520.0,
            3808.0,
            3457.0,
            3555.0,
            3836.0
        ],
        "IntDen": [
            1804.2815786430433,
            2158.841962324964,
            1429.8393042873704,
            1391.732347162678,
            2103.062213490269,
            1909.213779421182,
            1963.3367040330638,
            2118.525906236521
        ],
        "FlagUp": 0,
        "Times": [
            -15,
            -10,
            -5,
            2,
            10,
            20,
            30,
            40
        ],
        "width": 0,
        "height": 0,
        "area": 0.5522747409375707,
        "distance": -1.5427625316247633,
        "xpert": [
            [
                277.0,
                177.4
            ],
            [
                273.8,
                171.2
            ],
            [
                272.0,
                168.0
            ],
            [
                271.2,
                162.2
            ],
            [
                277.0,
                162.2
            ],
            [
                281.4,
                163.6
            ],
            [
                283.0,
                168.0
            ],
            [
                281.4,
                172.4
            ]
        ],
        "stack": 0
    },
    {
        "type": "Spine",
        "location": [
            303,
            171
        ],
        "radloc": [
            0,
            0
        ],
        "mean": [
            77.06422018348624,
            83.34862385321101,
            76.24770642201835,
            64.39449541284404,
            107.93577981651376,
            88.68807339449542,
            86.34862385321101,
            91.91743119266054
        ],
        "min": [
            34.0,
            23.0,
            16.0,
            13.0,
            31.0,
            19.0,
            12.0,
            16.0
        ],
        "max": [
            168.0,
            161.0,
            183.0,
            194.0,
            211.0,
            187.0,
            189.0,
            167.0
        ],
        "RawIntDen": [
            8400.0,
            9085.0,
            8311.0,
            7019.0,
            11765.0,
            9667.0,
            9412.0,
            10019.0
        ],
        "IntDen": [
            4113.050016165409,
            4448.45945200747,
            4069.4712719465138,
            3436.845007555358,
            5760.718266688814,
            4733.435060270358,
            4608.574613351051,
            4905.791441900147
        ],
        "FlagUp": 0,
        "Times": [
            -15,
            -10,
            -5,
            2,
            10,
            20,
            30,
            40
        ],
        "width": 0,
        "height": 0,
        "area": 0.489648811448263,
        "distance": -2.0246558620822244,
        "xpert": [
            [
                303.0,
                175.6
            ],
            [
                300.0,
                174.0
            ],
            [
                297.8,
                171.0
            ],
            [
                295.8,
                163.8
            ],
            [
                303.0,
                163.8
            ],
            [
                308.0,
                166.0
            ],
            [
                308.2,
                171.0
            ],
            [
                306.0,
                174.0
            ]
        ],
        "stack": 0
    },
    {
        "type": "Spine",
        "location": [
            319,
            171
        ],
        "radloc": [
            0,
            0
        ],
        "mean": [
            33.492063492063494,
            33.58730158730159,
            39.88095238095238,
            48.0,
            48.25396825396825,
            119.84920634920636,
            63.57142857142857,
            50.34920634920635
        ],
        "min": [
            8.0,
            8.0,
            10.0,
            14.0,
            11.0,
            42.0,
            13.0,
            13.0
        ],
        "max": [
            83.0,
            85.0,
            82.0,
            101.0,
            125.0,
            204.0,
            136.0,
            121.0
        ],
        "RawIntDen": [
            4220.0,
            4232.0,
            5025.0,
            6048.0,
            6080.0,
            15101.0,
            8010.0,
            6344.0
        ],
        "IntDen": [
            2427.7616944201063,
            2434.665282176751,
            2890.877373095032,
            3479.4082293490055,
            3497.8177967000584,
            8687.589892757826,
            4608.144827560439,
            3649.696727346245
        ],
        "FlagUp": 0,
        "Times": [
            -15,
            -10,
            -5,
            2,
            10,
            20,
            30,
            40
        ],
        "width": 0,
        "height": 0,
        "area": 0.5752989797204043,
        "distance": -0.8339532039584082,
        "xpert": [
            [
                319.0,
                178.0
            ],
            [
                315.4,
                174.6
            ],
            [
                313.8,
                171.0
            ],
            [
                312.6,
                164.6
            ],
            [
                319.0,
                164.6
            ],
            [
                323.0,
                167.0
            ],
            [
                326.4,
                171.0
            ],
            [
                324.4,
                176.4
            ]
        ],
        "stack": 0
    },
    {
        "type": "Spine",
        "location": [
            325,
            164
        ],
        "radloc": [
            0,
            0
        ],
        "mean": [
            64.52941176470588,
            51.30392156862745,
            48.71568627450981,
            65.37254901960785,
            91.55882352941177,
            71.88235294117646,
            66.12745098039215,
            48.64705882352941
        ],
        "min": [
            14.0,
            14.0,
            13.0,
            13.0,
            26.0,
            27.0,
            15.0,
            14.0
        ],
        "max": [
            191.0,
            157.0,
            172.0,
            193.0,
            188.0,
            153.0,
            135.0,
            107.0
        ],
        "RawIntDen": [
            6582.0,
            5233.0,
            4969.0,
            6668.0,
            9339.0,
            7332.0,
            6745.0,
            4962.0
        ],
        "IntDen": [
            3000.601685438504,
            2385.6196627012596,
            2265.2673617356313,
            3039.8073592379133,
            4257.462646659099,
            3342.511631363584,
            3074.9101136862214,
            2262.0762022403305
        ],
        "FlagUp": 0,
        "Times": [
            -15,
            -10,
            -5,
            2,
            10,
            20,
            30,
            40
        ],
        "width": 0,
        "height": 0,
        "area": 0.45587992790010695,
        "distance": -0.43861320395840814,
        "xpert": [
            [
                325.0,
                169.6
            ],
            [
                321.0,
                168.0
            ],
            [
                317.0,
                164.0
            ],
            [
                319.8,
                158.8
            ],
            [
                325.0,
                158.8
            ],
            [
                329.2,
                159.8
            ],
            [
                330.0,
                164.0
            ],
            [
                328.4,
                167.4
            ]
        ],
        "stack": 0
    },
    {
        "type": "Stim",
        "location": [
            335,
            173
        ],
        "radloc": [
            0,
            0
        ],
        "mean": [
            68.30841121495327,
            63.99065420560748,
            72.3177570093458,
            57.728971962616825,
            58.54205607476636,
            61.86915887850467,
            59.4392523364486,
            65.78504672897196
        ],
        "min": [
            14.0,
            16.0,
            22.0,
            15.0,
            15.0,
            12.0,
            16.0,
            10.0
        ],
        "max": [
            165.0,
            149.0,
            164.0,
            147.0,
            123.0,
            173.0,
            146.0,
            147.0
        ],
        "RawIntDen": [
            7309.0,
            6847.0,
            7738.0,
            6177.0,
            6264.0,
            6620.0,
            6360.0,
            7039.0
        ],
        "IntDen": [
            3549.6739082563086,
            3325.2999384089403,
            3758.021165971722,
            2999.909116335917,
            3042.1613574110706,
            3215.0555852588263,
            3088.7845199767576,
            3418.546263540314
        ],
        "FlagUp": 0,
        "Times": [
            -15,
            -10,
            -5,
            2,
            10,
            20,
            30,
            40
        ],
        "width": 0,
        "height": 0,
        "area": 0.48565794339257196,
        "distance": 0,
        "xpert": [
            [
                335.0,
                178.2
            ],
            [
                331.4,
                176.6
            ],
            [
                327.2,
                173.0
            ],
            [
                330.8,
                168.8
            ],
            [
                335.0,
                166.2
            ],
            [
                339.6,
                168.4
            ],
            [
                340.8,
                173.0
            ],
            [
                339.4,
                177.4
            ]
        ],
        "stack": 0
    },
    {
        "type": "Stim",
        "location": [
            360,
            132
        ],
        "radloc": [
            0,
            0
        ],
        "mean": [
            71.67796610169492,
            73.11299435028249,
            64.67231638418079,
            70.6045197740113,
            59.717514124293785,
            48.26553672316384,
            41.983050847457626,
            39.943502824858754
        ],
        "min": [
            16.0,
            17.0,
            14.0,
            21.0,
            9.0,
            7.0,
            4.0,
            6.0
        ],
        "max": [
            143.0,
            159.0,
            135.0,
            160.0,
            128.0,
            122.0,
            113.0,
            111.0
        ],
        "RawIntDen": [
            12687.0,
            12941.0,
            11447.0,
            12497.0,
            10570.0,
            8543.0,
            7431.0,
            7070.0
        ],
        "IntDen": [
            10854.752507989055,
            11072.070009134259,
            9793.83242365813,
            10692.192172486735,
            9043.488138207953,
            7309.226032612161,
            6357.82027956701,
            6048.955642112604
        ],
        "FlagUp": 0,
        "Times": [
            -15,
            -10,
            -5,
            2,
            10,
            20,
            30,
            40
        ],
        "width": 0,
        "height": 0,
        "area": 0.8555807131700996,
        "distance": 0,
        "xpert": [
            [
                360.0,
                142.0
            ],
            [
                352.2,
                139.8
            ],
            [
                353.2,
                132.0
            ],
            [
                356.0,
                128.0
            ],
            [
                360.0,
                125.0
            ],
            [
                367.2,
                124.8
            ],
            [
                366.0,
                132.0
            ],
            [
                364.4,
                136.4
            ]
        ],
        "stack": 0
    },
    {
        "type": "Spine",
        "location": [
            366,
            173
        ],
        "radloc": [
            0,
            0
        ],
        "mean": [
            29.09090909090909,
            30.474025974025974,
            31.4025974025974,
            23.584415584415584,
            25.253246753246753,
            21.863636363636363,
            22.045454545454547,
            32.48051948051948
        ],
        "min": [
            11.0,
            10.0,
            11.0,
            12.0,
            10.0,
            10.0,
            10.0,
            12.0
        ],
        "max": [
            85.0,
            77.0,
            75.0,
            47.0,
            58.0,
            55.0,
            58.0,
            82.0
        ],
        "RawIntDen": [
            4480.0,
            4693.0,
            4836.0,
            3632.0,
            3889.0,
            3367.0,
            3395.0,
            5002.0
        ],
        "IntDen": [
            3443.787583023009,
            3607.521233733701,
            3717.445703459659,
            2791.927790522225,
            2989.4843549947504,
            2588.2216053657303,
            2609.745277759624,
            3845.0503326520293
        ],
        "FlagUp": 0,
        "Times": [
            -15,
            -10,
            -5,
            2,
            10,
            20,
            30,
            40
        ],
        "width": 0,
        "height": 0,
        "area": 0.7687025854962074,
        "distance": -0.39534,
        "xpert": [
            [
                366.0,
                181.2
            ],
            [
                360.2,
                178.8
            ],
            [
                360.6,
                173.0
            ],
            [
                362.0,
                169.0
            ],
            [
                366.0,
                168.0
            ],
            [
                374.0,
                165.0
            ],
            [
                373.0,
                173.0
            ],
            [
                372.4,
                179.4
            ]
        ],
        "stack": 0
    },
    {
        "type": "Spine",
        "location": [
            384,
            166
        ],
        "radloc": [
            0,
            0
        ],
        "mean": [
            69.91447368421052,
            72.6842105263158,
            78.96052631578948,
            72.1907894736842,
            80.71052631578948,
            82.26315789473684,
            77.94736842105263,
            81.17105263157895
        ],
        "min": [
            14.0,
            12.0,
            12.0,
            11.0,
            19.0,
            14.0,
            16.0,
            21.0
        ],
        "max": [
            189.0,
            183.0,
            176.0,
            168.0,
            178.0,
            182.0,
            196.0,
            201.0
        ],
        "RawIntDen": [
            10627.0,
            11048.0,
            12002.0,
            10973.0,
            12268.0,
            12504.0,
            11848.0,
            12338.0
        ],
        "IntDen": [
            7477.377574260506,
            7773.601904623137,
            8444.856087915177,
            7720.830349332881,
            8632.019204011282,
            8798.073697991284,
            8336.498494385854,
            8681.27265561552
        ],
        "FlagUp": 0,
        "Times": [
            -15,
            -10,
            -5,
            2,
            10,
            20,
            30,
            40
        ],
        "width": 0,
        "height": 0,
        "area": 0.7036207372033976,
        "distance": -0.4158700166418606,
        "xpert": [
            [
                384.0,
                173.0
            ],
            [
                378.4,
                171.6
            ],
            [
                375.6,
                166.0
            ],
            [
                376.2,
                158.2
            ],
            [
                384.0,
                160.2
            ],
            [
                388.4,
                161.6
            ],
            [
                389.6,
                166.0
            ],
            [
                388.4,
                170.4
            ]
        ],
        "stack": 0
    },
    {
        "type": "Stim",
        "location": [
            391,
            174
        ],
        "radloc": [
            0,
            0
        ],
        "mean": [
            51.78217821782178,
            47.97029702970297,
            44.64356435643565,
            36.00990099009901,
            36.257425742574256,
            41.415841584158414,
            50.772277227722775,
            50.62376237623762
        ],
        "min": [
            16.0,
            15.0,
            11.0,
            10.0,
            9.0,
            11.0,
            11.0,
            9.0
        ],
        "max": [
            150.0,
            128.0,
            87.0,
            75.0,
            73.0,
            105.0,
            99.0,
            117.0
        ],
        "RawIntDen": [
            5230.0,
            4845.0,
            4509.0,
            3637.0,
            3662.0,
            4183.0,
            5128.0,
            5113.0
        ],
        "IntDen": [
            2609.029991408104,
            2416.969466227966,
            2249.353007888937,
            1814.3483898185993,
            1826.8198524926343,
            2086.7251346195217,
            2558.1464236980414,
            2550.6635460936204
        ],
        "FlagUp": 0,
        "Times": [
            -15,
            -10,
            -5,
            2,
            10,
            20,
            30,
            40
        ],
        "width": 0,
        "height": 0,
        "area": 0.49885850696139655,
        "distance": 0,
        "xpert": [
            [
                391.0,
                178.8
            ],
            [
                387.0,
                178.0
            ],
            [
                383.4,
                174.0
            ],
            [
                386.6,
                169.6
            ],
            [
                391.0,
                168.2
            ],
            [
                397.6,
                167.4
            ],
            [
                395.4,
                174.0
            ],
            [
                394.0,
                177.0
            ]
        ],
        "stack": 0
    },
    {
        "type": "Spine",
        "location": [
            475,
            189
        ],
        "radloc": [
            0,
            0
        ],
        "mean": [
            65.4093567251462,
            67.65497076023392,
            64.36842105263158,
            66.54970760233918,
            86.70175438596492,
            77.22222222222223,
            60.801169590643276,
            71.34502923976608
        ],
        "min": [
            9.0,
            12.0,
            10.0,
            23.0,
            31.0,
            20.0,
            7.0,
            18.0
        ],
        "max": [
            160.0,
            154.0,
            136.0,
            135.0,
            164.0,
            146.0,
            128.0,
            159.0
        ],
        "RawIntDen": [
            11185.0,
            11569.0,
            11007.0,
            11380.0,
            14826.0,
            13205.0,
            10397.0,
            12200.0
        ],
        "IntDen": [
            9744.788032142042,
            10079.343115230333,
            9589.70781133549,
            9914.679285272816,
            12916.962661112017,
            11504.687167137743,
            9058.25312205461,
            10629.093785617604
        ],
        "FlagUp": 0,
        "Times": [
            -15,
            -10,
            -5,
            2,
            10,
            20,
            30,
            40
        ],
        "width": 0,
        "height": 0,
        "area": 0.8712371955424266,
        "distance": 6.443885273666804,
        "xpert": [
            [
                475.0,
                195.0
            ],
            [
                468.8,
                195.2
            ],
            [
                466.8,
                189.0
            ],
            [
                469.0,
                183.0
            ],
            [
                475.0,
                182.0
            ],
            [
                481.4,
                182.6
            ],
            [
                483.0,
                189.0
            ],
            [
                482.6,
                196.6
            ]
        ],
        "stack": 0
    },
    {
        "type": "Spine",
        "location": [
            462,
            182
        ],
        "radloc": [
            0,
            0
        ],
        "mean": [
            32.348684210526315,
            37.99342105263158,
            31.736842105263158,
            31.0,
            54.63815789473684,
            48.98684210526316,
            44.75,
            48.55921052631579
        ],
        "min": [
            10.0,
            10.0,
            9.0,
            9.0,
            12.0,
            13.0,
            8.0,
            12.0
        ],
        "max": [
            101.0,
            92.0,
            94.0,
            70.0,
            122.0,
            87.0,
            122.0,
            99.0
        ],
        "RawIntDen": [
            4917.0,
            5775.0,
            4824.0,
            4712.0,
            8305.0,
            7446.0,
            6802.0,
            7381.0
        ],
        "IntDen": [
            3687.6329981140934,
            4331.112581677627,
            3617.8852110844796,
            3533.8878761670953,
            6228.552379364967,
            5584.322819596815,
            5101.338143821856,
            5535.574366296548
        ],
        "FlagUp": 0,
        "Times": [
            -15,
            -10,
            -5,
            2,
            10,
            20,
            30,
            40
        ],
        "width": 0,
        "height": 0,
        "area": 0.7499762046195024,
        "distance": 4.732775063249527,
        "xpert": [
            [
                462.0,
                188.0
            ],
            [
                456.8,
                187.2
            ],
            [
                456.0,
                182.0
            ],
            [
                457.6,
                177.6
            ],
            [
                462.0,
                175.8
            ],
            [
                471.2,
                172.8
            ],
            [
                470.8,
                182.0
            ],
            [
                465.6,
                185.6
            ]
        ],
        "stack": 0
    }
]