[
    {
        "type": 0,
        "location": [
            100,
            382
        ],
        "bgloc": [
            100,
            346
        ],
        "mean": [
            [
                56.51322751322751,
                69.46031746031746,
                58.81481481481482,
                69.55555555555556,
                67.04232804232804,
                93.83597883597884,
                101.95767195767196,
                89.21693121693121
            ]
        ],
        "min": [
            [
                12,
                8,
                9,
                10,
                9,
                10,
                13,
                12
            ]
        ],
        "max": [
            [
                183,
                205,
                207,
                237,
                233,
                255,
                245,
                253
            ]
        ],
        "RawIntDen": [
            [
                10681,
                13128,
                11116,
                13146,
                12671,
                17735,
                19270,
                16862
            ]
        ],
        "IntDen": [
            [
                46.526436000000004,
                57.185568,
                48.421296000000005,
                57.26397600000001,
                55.19487600000001,
                77.25366000000001,
                83.94012000000001,
                73.450872
            ]
        ],
        "local_bg": [
            [
                7.857142857142857,
                7.264550264550264,
                7.476190476190476,
                8.095238095238095,
                6.862433862433862,
                6.35978835978836,
                6.698412698412699,
                7.576719576719577
            ]
        ],
        "area": [
            0.8232840000000001
        ],
        "distance": 1.524535287897124,
        "points": [
            [
                100.16312690726028,
                390.9959957145941
            ],
            [
                95.34401973222214,
                387.43425219665806
            ],
            [
                92.36312690726028,
                381.9959957145941
            ],
            [
                95.76312690726027,
                377.5959957145941
            ],
            [
                100.16312690726028,
                375.19599571459406
            ],
            [
                106.96312690726027,
                375.19599571459406
            ],
            [
                109.56312690726028,
                381.9959957145941
            ],
            [
                106.76312690726027,
                388.5959957145941
            ]
        ],
        "shift": [
            [
                0,
                0
            ],
            [
                -2.0,
                -2.0
            ],
            [
                -3.0,
                -2.0
            ],
            [
                -2.0,
                -2.0
            ],
            [
                -2.0,
                -1.0
            ],
            [
                -1.0,
                -2.0
            ],
            [
                -1.0,
                -1.0
            ],
            [
                -3.0,
                -1.0
            ]
        ],
        "channel": 0,
        "closest_Dend": 0
    },
    {
        "type": 0,
        "location": [
            116,
            412
        ],
        "bgloc": [
            116,
            438
        ],
        "mean": [
            [
                139.3706896551724,
                107.33620689655173,
                113.99137931034483,
                202.04310344827587,
                160.17241379310346,
                133.23275862068965,
                102.64655172413794,
                110.77586206896552
            ]
        ],
        "min": [
            [
                34,
                19,
                18,
                53,
                37,
                24,
                18,
                22
            ]
        ],
        "max": [
            [
                252,
                237,
                255,
                255,
                255,
                253,
                207,
                225
            ]
        ],
        "RawIntDen": [
            [
                16167,
                12451,
                13223,
                23437,
                18580,
                15455,
                11907,
                12850
            ]
        ],
        "IntDen": [
            [
                70.42345200000001,
                54.23655600000001,
                57.599388000000005,
                102.09157200000001,
                80.93448000000001,
                67.32198000000001,
                51.86689200000001,
                55.97460000000001
            ]
        ],
        "local_bg": [
            [
                9.310344827586206,
                8.887931034482758,
                8.491379310344827,
                8.689655172413794,
                8.094827586206897,
                7.956896551724138,
                8.0,
                7.9655172413793105
            ]
        ],
        "area": [
            0.5052960000000001
        ],
        "distance": 2.455070575794248,
        "points": [
            [
                115.75545438765877,
                419.4339484284958
            ],
            [
                112.28089543273182,
                417.1579368847488
            ],
            [
                109.5553235695715,
                413.93680650101385
            ],
            [
                112.28089543273182,
                407.9901042541186
            ],
            [
                116.24536359732866,
                406.2556494321075
            ],
            [
                120.9531695427874,
                408.4856627746932
            ],
            [
                121.75545438765877,
                412.2339484284958
            ],
            [
                121.55545438765877,
                418.0339484284958
            ]
        ],
        "shift": [
            [
                0,
                0
            ],
            [
                -3.0,
                0.0
            ],
            [
                -2.0,
                -2.0
            ],
            [
                -4.0,
                -3.0
            ],
            [
                -2.0,
                0.0
            ],
            [
                -2.0,
                -2.0
            ],
            [
                -0.0,
                -1.0
            ],
            [
                -1.0,
                -2.0
            ]
        ],
        "channel": 0,
        "closest_Dend": 0
    },
    {
        "type": 0,
        "location": [
            170,
            398
        ],
        "bgloc": [
            172,
            415
        ],
        "mean": [
            [
                133.22058823529412,
                124.4779411764706,
                113.78676470588235,
                88.66176470588235,
                91.875,
                103.38235294117646,
                121.50735294117646,
                154.15441176470588
            ]
        ],
        "min": [
            [
                41,
                27,
                28,
                14,
                20,
                24,
                30,
                52
            ]
        ],
        "max": [
            [
                255,
                243,
                231,
                242,
                205,
                212,
                237,
                255
            ]
        ],
        "RawIntDen": [
            [
                18118,
                16929,
                15475,
                12058,
                12495,
                14060,
                16525,
                20965
            ]
        ],
        "IntDen": [
            [
                78.922008,
                73.74272400000001,
                67.40910000000001,
                52.524648000000006,
                54.42822,
                61.245360000000005,
                71.98290000000001,
                91.32354000000001
            ]
        ],
        "local_bg": [
            [
                13.338235294117647,
                13.507352941176471,
                14.948529411764707,
                12.477941176470589,
                13.176470588235293,
                13.176470588235293,
                15.926470588235293,
                15.75
            ]
        ],
        "area": [
            0.592416
        ],
        "distance": 5.983718451556401,
        "points": [
            [
                170.31130644511927,
                406.16167431844025
            ],
            [
                165.11817141081315,
                404.5922582809027
            ],
            [
                165.11817141081315,
                397.9022182531455
            ],
            [
                166.85262623282426,
                393.9377500885487
            ],
            [
                170.31130644511927,
                391.16167431844025
            ],
            [
                176.31130644511927,
                391.5616743184402
            ],
            [
                176.71130644511928,
                397.5616743184402
            ],
            [
                175.71130644511928,
                402.9616743184402
            ]
        ],
        "shift": [
            [
                0,
                0
            ],
            [
                -4.0,
                1.0
            ],
            [
                -6.0,
                1.0
            ],
            [
                -5.0,
                1.0
            ],
            [
                -6.0,
                4.0
            ],
            [
                -4.0,
                3.0
            ],
            [
                -4.0,
                3.0
            ],
            [
                -6.0,
                4.0
            ]
        ],
        "channel": 0,
        "closest_Dend": 0
    },
    {
        "type": 0,
        "location": [
            184,
            366
        ],
        "bgloc": [
            177,
            323
        ],
        "mean": [
            [
                55.682119205298015,
                45.64900662251656,
                52.81456953642384,
                125.11920529801324,
                106.23178807947019,
                92.34437086092716,
                84.98675496688742,
                61.10596026490066
            ]
        ],
        "min": [
            [
                9,
                11,
                9,
                20,
                13,
                16,
                10,
                8
            ]
        ],
        "max": [
            [
                154,
                140,
                135,
                255,
                230,
                226,
                249,
                149
            ]
        ],
        "RawIntDen": [
            [
                8408,
                6893,
                7975,
                18893,
                16041,
                13944,
                12833,
                9227
            ]
        ],
        "IntDen": [
            [
                36.625248000000006,
                30.025908000000005,
                34.7391,
                82.297908,
                69.87459600000001,
                60.740064000000004,
                55.90054800000001,
                40.192812
            ]
        ],
        "local_bg": [
            [
                5.304635761589404,
                5.271523178807947,
                5.039735099337748,
                6.139072847682119,
                5.317880794701987,
                5.602649006622516,
                5.562913907284768,
                5.185430463576159
            ]
        ],
        "area": [
            0.6577560000000001
        ],
        "distance": 7.2141875860169495,
        "points": [
            [
                184.55948859074817,
                375.18741652390554
            ],
            [
                179.35612412471482,
                370.9751690990214
            ],
            [
                177.3738900424164,
                366.26736315356266
            ],
            [
                178.2825035417828,
                360.98590231649405
            ],
            [
                183.6825035417828,
                360.18590231649404
            ],
            [
                188.6825035417828,
                361.385902316494
            ],
            [
                189.8825035417828,
                366.385902316494
            ],
            [
                190.6825035417828,
                373.385902316494
            ]
        ],
        "shift": [
            [
                0,
                0
            ],
            [
                -4.0,
                1.0
            ],
            [
                -6.0,
                1.0
            ],
            [
                -7.0,
                1.0
            ],
            [
                -8.0,
                3.0
            ],
            [
                -6.0,
                1.0
            ],
            [
                -7.0,
                -1.0
            ],
            [
                -5.0,
                -1.0
            ]
        ],
        "channel": 0,
        "closest_Dend": 0
    },
    {
        "type": 0,
        "location": [
            208,
            399
        ],
        "bgloc": [
            211,
            428
        ],
        "mean": [
            [
                135.47222222222223,
                106.28472222222223,
                95.4375,
                108.33333333333333,
                90.36111111111111,
                87.44444444444444,
                113.49305555555556,
                66.84027777777777
            ]
        ],
        "min": [
            [
                40,
                17,
                15,
                15,
                19,
                13,
                21,
                15
            ]
        ],
        "max": [
            [
                247,
                240,
                204,
                252,
                221,
                200,
                244,
                205
            ]
        ],
        "RawIntDen": [
            [
                19508,
                15305,
                13743,
                15600,
                13012,
                12592,
                16343,
                9625
            ]
        ],
        "IntDen": [
            [
                84.976848,
                66.66858,
                59.86450800000001,
                67.95360000000001,
                56.68027200000001,
                54.85075200000001,
                71.19010800000001,
                41.926500000000004
            ]
        ],
        "local_bg": [
            [
                7.965277777777778,
                8.04861111111111,
                7.611111111111111,
                8.375,
                8.569444444444445,
                8.583333333333334,
                8.402777777777779,
                8.430555555555555
            ]
        ],
        "area": [
            0.627264
        ],
        "distance": 8.505180788412465,
        "points": [
            [
                207.71709178965114,
                407.23946692131324
            ],
            [
                202.43418357930227,
                403.3355960617646
            ],
            [
                203.17752136016418,
                395.4066597325709
            ],
            [
                207.71709178965114,
                390.23946692131324
            ],
            [
                212.71709178965114,
                394.03946692131325
            ],
            [
                214.91709178965112,
                399.03946692131325
            ],
            [
                213.31709178965113,
                404.63946692131327
            ]
        ],
        "shift": [
            [
                0,
                0
            ],
            [
                -4.0,
                1.0
            ],
            [
                -5.0,
                1.0
            ],
            [
                -5.0,
                1.0
            ],
            [
                -7.0,
                4.0
            ],
            [
                -4.0,
                3.0
            ],
            [
                -5.0,
                3.0
            ],
            [
                -5.0,
                5.0
            ]
        ],
        "channel": 0,
        "closest_Dend": 0
    },
    {
        "type": 0,
        "location": [
            284,
            386
        ],
        "bgloc": [
            276,
            428
        ],
        "mean": [
            [
                54.517520215633425,
                51.3800539083558,
                85.30727762803234,
                171.3234501347709,
                65.43126684636118,
                56.24797843665768,
                78.3099730458221,
                57.129380053908356
            ]
        ],
        "min": [
            [
                6,
                7,
                8,
                29,
                6,
                7,
                8,
                8
            ]
        ],
        "max": [
            [
                244,
                215,
                255,
                255,
                238,
                235,
                255,
                249
            ]
        ],
        "RawIntDen": [
            [
                20226,
                19062,
                31649,
                63561,
                24275,
                20868,
                29053,
                21195
            ]
        ],
        "IntDen": [
            [
                88.10445600000001,
                83.03407200000001,
                137.863044,
                276.87171600000005,
                105.74190000000002,
                90.901008,
                126.55486800000001,
                92.32542000000001
            ]
        ],
        "local_bg": [
            [
                8.347708894878707,
                7.827493261455525,
                8.671159029649596,
                8.74932614555256,
                9.048517520215633,
                8.873315363881401,
                9.22911051212938,
                8.943396226415095
            ]
        ],
        "area": [
            1.6160760000000003
        ],
        "distance": 14.16189122839108,
        "points": [
            [
                284.09528467009585,
                398.80057061987674
            ],
            [
                271.95410091601804,
                391.11941355097036
            ],
            [
                271.70632165573073,
                379.4737883174671
            ],
            [
                282.11305058779743,
                376.00487867344486
            ],
            [
                291.5286624787149,
                378.2348920160306
            ],
            [
                292.76755878015143,
                385.4204905643624
            ],
            [
                293.26311730072604,
                391.86275133183227
            ]
        ],
        "shift": [
            [
                0,
                0
            ],
            [
                -7.0,
                -0.0
            ],
            [
                -6.0,
                -1.0
            ],
            [
                -6.0,
                0.0
            ],
            [
                -8.0,
                6.0
            ],
            [
                -10.0,
                5.0
            ],
            [
                -8.0,
                4.0
            ],
            [
                -12.0,
                4.0
            ]
        ],
        "channel": 0,
        "closest_Dend": 0
    },
    {
        "type": 0,
        "location": [
            338,
            386
        ],
        "bgloc": [
            342,
            410
        ],
        "mean": [
            [
                131.06603773584905,
                138.21698113207546,
                124.67924528301887,
                122.4622641509434,
                117.5377358490566,
                118.27358490566037,
                132.14150943396226,
                117.23584905660377
            ]
        ],
        "min": [
            [
                12,
                33,
                14,
                23,
                22,
                35,
                24,
                22
            ]
        ],
        "max": [
            [
                255,
                255,
                255,
                255,
                255,
                247,
                248,
                238
            ]
        ],
        "RawIntDen": [
            [
                27786,
                29302,
                26432,
                25962,
                24918,
                25074,
                28014,
                24854
            ]
        ],
        "IntDen": [
            [
                121.03581600000001,
                127.63951200000001,
                115.13779200000002,
                113.09047200000002,
                108.54280800000001,
                109.222344,
                122.02898400000001,
                108.264024
            ]
        ],
        "local_bg": [
            [
                9.36320754716981,
                8.816037735849056,
                9.495283018867925,
                9.38679245283019,
                10.20754716981132,
                10.462264150943396,
                10.56132075471698,
                9.75
            ]
        ],
        "area": [
            0.9234720000000001
        ],
        "distance": 17.417586505055525,
        "points": [
            [
                337.58895601560084,
                395.0682698246497
            ],
            [
                333.38127649723504,
                391.56655299188515
            ],
            [
                330.6557046340747,
                386.3631885258518
            ],
            [
                330.78895601560083,
                378.8682698246497
            ],
            [
                337.58895601560084,
                377.8682698246497
            ],
            [
                343.9889560156008,
                379.26826982464974
            ],
            [
                346.38895601560085,
                385.6682698246497
            ],
            [
                344.78895601560083,
                392.8682698246497
            ]
        ],
        "shift": [
            [
                0,
                0
            ],
            [
                -3.0,
                1.0
            ],
            [
                -5.0,
                2.0
            ],
            [
                -6.0,
                3.0
            ],
            [
                -6.0,
                4.0
            ],
            [
                -6.0,
                3.0
            ],
            [
                -9.0,
                4.0
            ],
            [
                -9.0,
                4.0
            ]
        ],
        "channel": 0,
        "closest_Dend": 0
    }
]