[
    {
        "type": 0,
        "location": [
            115,
            64
        ],
        "bgloc": [
            115,
            12
        ],
        "mean": [
            [
                63.93114754098361,
                62.35409836065574,
                66.70491803278688,
                65.19672131147541,
                64.1639344262295,
                55.79344262295082,
                48.81639344262295,
                42.50491803278688
            ]
        ],
        "min": [
            [
                8,
                8,
                8,
                8,
                6,
                6,
                6,
                6
            ]
        ],
        "max": [
            [
                201,
                205,
                197,
                222,
                218,
                217,
                173,
                174
            ]
        ],
        "RawIntDen": [
            [
                19499,
                19018,
                20345,
                19885,
                19570,
                17017,
                14889,
                12964
            ]
        ],
        "IntDen": [
            [
                25905.981420000004,
                25266.934440000005,
                27029.960100000004,
                26418.8133,
                26000.310600000004,
                22608.445860000003,
                19781.22762,
                17223.711120000004
            ]
        ],
        "local_bg": [
            [
                6.475409836065574,
                6.967213114754099,
                3.944262295081967,
                3.586885245901639,
                11.121311475409836,
                8.311475409836065,
                6.452459016393442,
                5.911475409836066
            ]
        ],
        "area": [
            1.32858
        ],
        "distance": 3.773288835480411,
        "points": [
            [
                115.0,
                73.6
            ],
            [
                109.4,
                69.6
            ],
            [
                108.8,
                64.0
            ],
            [
                110.0,
                59.0
            ],
            [
                115.0,
                57.2
            ],
            [
                121.0,
                58.0
            ],
            [
                129.4,
                64.0
            ],
            [
                128.6,
                77.6
            ]
        ],
        "shift": null,
        "channel": 0,
        "closest_Dend": 0
    }
]