[
    {
        "type": 0,
        "location": [
            106,
            92
        ],
        "bgloc": [
            331,
            62
        ],
        "mean": [
            [
                101.84328358208955,
                68.81343283582089,
                54.86940298507463,
                62.88059701492537,
                45.51865671641791,
                49.07462686567164,
                40.95522388059702,
                33.27238805970149
            ]
        ],
        "min": [
            [
                14,
                11,
                9,
                8,
                7,
                6,
                4,
                3
            ]
        ],
        "max": [
            [
                240,
                183,
                162,
                170,
                135,
                131,
                137,
                134
            ]
        ],
        "RawIntDen": [
            [
                27294,
                18442,
                14705,
                16852,
                12199,
                13152,
                10976,
                8917
            ]
        ],
        "IntDen": [
            [
                31863.233952000002,
                21529.338336,
                17166.734640000002,
                19673.159616,
                14241.210192000002,
                15353.750016000002,
                12813.470208,
                10409.777136
            ]
        ],
        "local_bg": [
            [
                5.481343283582089,
                5.231343283582089,
                5.182835820895522,
                4.794776119402985,
                5.167910447761194,
                4.470149253731344,
                4.902985074626866,
                4.936567164179104
            ]
        ],
        "area": [
            1.1674080000000002
        ],
        "distance": 3.3829392224643673,
        "points": [
            [
                106.0,
                106.4
            ],
            [
                99.4,
                98.6
            ],
            [
                99.0,
                92.0
            ],
            [
                100.6,
                86.6
            ],
            [
                106.0,
                85.2
            ],
            [
                111.2,
                86.8
            ],
            [
                119.8,
                92.0
            ],
            [
                113.6,
                99.6
            ]
        ],
        "shift": null,
        "channel": 0,
        "closest_Dend": 0
    }
]