[
    {
        "type": 0,
        "location": [
            289,
            287
        ],
        "bgloc": [
            140.73056024275328,
            200.8226663538034
        ],
        "mean": [
            [
                31.94148936170213,
                24.01063829787234,
                27.98404255319149,
                29.95212765957447,
                21.143617021276597,
                22.845744680851062,
                10.175531914893616,
                9.03191489361702
            ]
        ],
        "min": [
            [
                7,
                6,
                6,
                7,
                6,
                5,
                3,
                2
            ]
        ],
        "max": [
            [
                94,
                90,
                94,
                109,
                66,
                67,
                85,
                63
            ]
        ],
        "RawIntDen": [
            [
                6005,
                4514,
                5261,
                5631,
                3975,
                4295,
                1913,
                1698
            ]
        ],
        "IntDen": [
            [
                4917.6626400000005,
                3696.6409920000006,
                4308.3802080000005,
                4611.383568,
                3255.2388000000005,
                3517.2957600000004,
                1566.6092640000002,
                1390.5397440000002
            ]
        ],
        "local_bg": [
            [
                4.794736842105263,
                5.1947368421052635,
                4.484210526315789,
                4.747368421052632,
                5.531578947368421,
                4.9,
                6.184210526315789,
                6.094736842105263
            ]
        ],
        "area": [
            0.8189280000000001
        ],
        "distance": 4.585905872656127,
        "points": [
            [
                289.0,
                295.6
            ],
            [
                283.0,
                293.0
            ],
            [
                281.8,
                287.0
            ],
            [
                280.8,
                278.8
            ],
            [
                289.0,
                280.4
            ],
            [
                294.4,
                281.6
            ],
            [
                295.8,
                287.0
            ],
            [
                295.2,
                293.2
            ]
        ],
        "shift": null,
        "channel": 0,
        "closest_Dend": 0
    }
]