[
    {
        "type": 0,
        "location": [
            106,
            247
        ],
        "bgloc": [
            99,
            216
        ],
        "mean": [
            [
            42.61764705882353,
            35.03431372549019,
            46.990196078431374,
            161.51960784313727,
            89.56372549019608,
            112.95588235294117,
            72.45588235294117,
            82.8578431372549
            ]
        ],
        "min": [
            [
                7,
                6,
                7,
                26,
                11,
                12,
                10,
                9
            ]
        ],
        "max": [
            [
                184,
                173,
                162,
                255,
                239,
                255,
                181,
                197
            ]
        ],
        "RawIntDen": [
            [
                13878,
                11671,
                13131,
                42657,
                23683,
                32841,
                19612,
                21407
            ]
        ],
        "IntDen": [
            [
                16805.813904000002,
                14133.207528,
                15901.220808000002,
                51656.26197600001,
                28679.355144000005,
                39769.400088,
                23749.504416000003,
                25923.191976000002
            ]
        ],
        "local_bg": [
            [
                6.284172661870503,
                6.089928057553957,
                5.676258992805756,
                7.356115107913669,
                7.017985611510792,
                7.503597122302159,
                6.575539568345324,
                6.863309352517986
            ]
        ],
        "area": [
            1.210968
        ],
        "distance": 6.775114884083164,
        "points": [
            [
                106.0,
                256.4
            ],
            [
                100.0,
                253.0
            ],
            [
                97.2,
                247.0
            ],
            [
                99.4,
                240.4
            ],
            [
                106.0,
                237.0
            ],
            [
                114.0,
                239.0
            ],
            [
                116.2,
                247.0
            ],
            [
                114.2,
                255.2
            ]
        ],
        "shift": null,
        "channel": 0,
        "closest_Dend": 0
    },
    {
        "type": 0,
        "location": [
            59,
            243
        ],
        "bgloc": [
            64,
            216
        ],
        "mean": [
            [
            67.43870967741935,
            79.20645161290322,
            74.83870967741936,
            144.73548387096776,
            122.3225806451613,
            109.0,
            102.70322580645161,
            93.98064516129033
            ]
        ],
        "min": [
            [
                6,
                7,
                6,
                12,
                11,
                9,
                11,
                11
            ]
        ],
        "max": [
            [
                190,
                207,
                214,
                246,
                248,
                235,
                190,
                194
            ]
        ],
        "RawIntDen": [
            [
                15334,
                15818,
                14787,
                30293,
                23869,
                20280,
                20292,
                19899
            ]
        ],
        "IntDen": [
            [
                16965.905616000004,
                17501.414832000002,
                16360.691688000003,
                33516.902232,
                26409.234456000002,
                22438.278720000002,
                22451.555808,
                22016.731176
            ]
        ],
        "local_bg": [
            [
                6.488188976377953,
                6.165354330708661,
                5.826771653543307,
                7.2637795275590555,
                7.133858267716535,
                7.137795275590551,
                7.047244094488189,
                7.0236220472440944
            ]
        ],
        "area": [
            1.106424
        ],
        "distance": 3.2245598211808013,
        "points": [
            [
                59.0,
                251.2
            ],
            [
                52.4,
                249.6
            ],
            [
                50.0,
                243.0
            ],
            [
                53.4,
                237.4
            ],
            [
                59.0,
                233.0
            ],
            [
                70.2,
                231.8
            ],
            [
                66.8,
                243.0
            ],
            [
                64.4,
                248.4
            ]
        ],
        "shift": null,
        "channel": 0,
        "closest_Dend": 0
    },
    {
        "type": 0,
        "location": [
            177,
            242
        ],
        "bgloc": [
            177,
            216
        ],
        "mean": [
            [
            119.72081218274111,
            100.85786802030456,
            96.71065989847716,
            170.58375634517768,
            123.18781725888324,
            99.60406091370558,
            98.42639593908629,
            97.50761421319797
            ]
        ],
        "min": [
            [
                15,
                15,
                10,
                18,
                11,
                10,
                9,
                11
            ]
        ],
        "max": [
            [
                255,
                250,
                236,
                255,
                255,
                255,
                254,
                251
            ]
        ],
        "RawIntDen": [
            [
                21320,
                18370,
                16361,
                30368,
                21278,
                18939,
                16733,
                16844
            ]
        ],
        "IntDen": [
            [
                17738.154720000002,
                15283.766520000001,
                13612.286556000001,
                25266.054528000004,
                17703.210888,
                15757.172244000001,
                13921.789068000002,
                14014.140624000001
            ]
        ],
        "local_bg": [
            [
                7.43455497382199,
                7.209424083769633,
                6.607329842931938,
                8.109947643979057,
                7.560209424083769,
                8.204188481675393,
                7.528795811518324,
                7.2460732984293195
            ]
        ],
        "area": [
            0.8319960000000001
        ],
        "distance": 11.566817638433186,
        "points": [
            [
                177.0,
                250.2
            ],
            [
                169.2,
                249.8
            ],
            [
                170.0,
                242.0
            ],
            [
                172.8,
                237.8
            ],
            [
                177.0,
                236.0
            ],
            [
                181.4,
                237.6
            ],
            [
                185.4,
                242.0
            ],
            [
                185.2,
                250.2
            ]
        ],
        "shift": null,
        "channel": 0,
        "closest_Dend": 0
    },
    {
        "type": 0,
        "location": [
            27,
            273
        ],
        "bgloc": [
            27,
            311
        ],
        "mean": [
            [
            46.68032786885246,
            59.05327868852459,
            50.35245901639344,
            101.50819672131148,
            91.42213114754098,
            65.84426229508196,
            56.07786885245902,
            47.700819672131146
            ]
        ],
        "min": [
            [
                5,
                4,
                5,
                11,
                7,
                5,
                5,
                5
            ]
        ],
        "max": [
            [
                177,
                173,
                174,
                199,
                220,
                163,
                195,
                213
            ]
        ],
        "RawIntDen": [
            [
                15409,
                17698,
                15454,
                32152,
                24737,
                17057,
                16826,
                16353
            ]
        ],
        "IntDen": [
            [
                23358.318192000002,
                26828.185824000004,
                23426.533152000004,
                48738.830976000005,
                37498.521456,
                25856.501616,
                25506.331488000003,
                24789.316464000003
            ]
        ],
        "local_bg": [
            [
                5.790229885057471,
                5.908045977011494,
                5.255747126436781,
                5.954022988505747,
                5.804597701149425,
                6.186781609195402,
                6.718390804597701,
                6.505747126436781
            ]
        ],
        "area": [
            1.5158880000000001
        ],
        "distance": 1.6721270878558574,
        "points": [
            [
                27.0,
                287.4
            ],
            [
                19.0,
                281.0
            ],
            [
                19.4,
                273.0
            ],
            [
                20.0,
                266.0
            ],
            [
                27.0,
                262.0
            ],
            [
                32.4,
                267.6
            ],
            [
                36.6,
                273.0
            ],
            [
                38.8,
                284.8
            ]
        ],
        "shift": null,
        "channel": 0,
        "closest_Dend": 0
    },
    {
        "type": 0,
        "location": [
            142,
            237
        ],
        "bgloc": [
            134,
            199
        ],
        "mean": [
            [
            47.748936170212765,
            46.91489361702128,
            41.41276595744681,
            107.05531914893616,
            61.05531914893617,
            59.47234042553192,
            60.17872340425532,
            61.51063829787234
            ]
        ],
        "min": [
            [
                6,
                6,
                5,
                10,
                10,
                6,
                6,
                7
            ]
        ],
        "max": [
            [
                152,
                138,
                131,
                221,
                171,
                170,
                144,
                180
            ]
        ],
        "RawIntDen": [
            [
                12349,
                11317,
                9435,
                26026,
                14884,
                14022,
                14446,
                14921
            ]
        ],
        "IntDen": [
            [
                15223.205052000001,
                13951.009116000001,
                11630.977380000002,
                32083.499448000002,
                18348.221232000004,
                17285.592456000002,
                17808.277608,
                18393.832908
            ]
        ],
        "local_bg": [
            [
                6.134275618374558,
                5.862190812720848,
                5.053003533568905,
                6.268551236749117,
                5.904593639575972,
                6.208480565371024,
                6.501766784452297,
                6.236749116607774
            ]
        ],
        "area": [
            1.2327480000000002
        ],
        "distance": 9.23605701021254,
        "points": [
            [
                143.20729381259935,
                244.45049545794444
            ],
            [
                136.6,
                242.4
            ],
            [
                135.0,
                237.0
            ],
            [
                136.2,
                231.2
            ],
            [
                142.0,
                226.8
            ],
            [
                155.65815511645422,
                228.10873999663488
            ],
            [
                155.65815511645422,
                238.22506480601697
            ]
        ],
        "shift": null,
        "channel": 0,
        "closest_Dend": 0
    },
    {
        "type": 0,
        "location": [
            74,
            272
        ],
        "bgloc": [
            69,
            293
        ],
        "mean": [
            [
            49.59090909090909,
            45.92857142857143,
            41.44155844155844,
            42.27272727272727,
            60.51298701298701,
            60.22077922077922,
            59.532467532467535,
            79.62337662337663
            ]
        ],
        "min": [
            [
                8,
                9,
                8,
                8,
                8,
                7,
                8,
                12
            ]
        ],
        "max": [
            [
                193,
                210,
                153,
                165,
                192,
                164,
                178,
                162
            ]
        ],
        "RawIntDen": [
            [
                11699,
                10813,
                11321,
                10407,
                13445,
                10705,
                13446,
                16508
            ]
        ],
        "IntDen": [
            [
                10803.698928000002,
                9985.502736,
                10454.626512,
                9610.573104000001,
                12416.081040000001,
                9885.76776,
                12417.004512000001,
                15244.675776000002
            ]
        ],
        "local_bg": [
            [
                7.193396226415095,
                7.193396226415095,
                6.915094339622642,
                7.65566037735849,
                7.882075471698113,
                7.6084905660377355,
                7.627358490566038,
                7.6745283018867925
            ]
        ],
        "area": [
            0.9234720000000001
        ],
        "distance": 4.591967926293025,
        "points": [
            [
                74.0,
                280.2
            ],
            [
                69.0,
                277.0
            ],
            [
                64.4,
                272.0
            ],
            [
                65.4,
                263.4
            ],
            [
                74.0,
                264.8
            ],
            [
                80.0,
                266.0
            ],
            [
                81.8,
                272.0
            ],
            [
                80.2,
                278.2
            ]
        ],
        "shift": null,
        "channel": 0,
        "closest_Dend": 0
    },
    {
        "type": 0,
        "location": [
            175,
            276
        ],
        "bgloc": [
            175,
            318
        ],
        "mean": [
            [
            44.94736842105263,
            46.203007518796994,
            61.87218045112782,
            118.1203007518797,
            157.39097744360902,
            66.43609022556392,
            74.51127819548873,
            79.11278195488721
            ]
        ],
        "min": [
            [
                6,
                5,
                7,
                11,
                13,
                6,
                7,
                8
            ]
        ],
        "max": [
            [
                167,
                166,
                173,
                215,
                252,
                153,
                165,
                164
            ]
        ],
        "RawIntDen": [
            [
                12455,
                9278,
                10859,
                17680,
                25015,
                10787,
                12398,
                15178
            ]
        ],
        "IntDen": [
            [
                10905.049980000002,
                8123.408568000001,
                9507.662604000001,
                15479.830080000002,
                21902.03334,
                9444.622572,
                10855.143288000001,
                13289.188968000002
            ]
        ],
        "local_bg": [
            [
                6.407960199004975,
                5.965174129353234,
                5.333333333333333,
                6.1840796019900495,
                6.373134328358209,
                6.114427860696518,
                7.109452736318408,
                6.701492537313433
            ]
        ],
        "area": [
            0.8755560000000001
        ],
        "distance": 11.170817638433185,
        "points": [
            [
                175.0,
                287.0
            ],
            [
                169.8,
                281.2
            ],
            [
                169.4,
                276.0
            ],
            [
                169.4,
                270.4
            ],
            [
                175.0,
                269.8
            ],
            [
                179.2,
                271.8
            ],
            [
                183.4,
                276.0
            ],
            [
                184.8,
                285.8
            ]
        ],
        "shift": null,
        "channel": 0,
        "closest_Dend": 0
    }
]