[
    {
        "type": 0,
        "location": [
            139,
            269
        ],
        "bgloc": [
            140.83373885137328,
            325.9569505239584
        ],
        "mean": [
            [
                116.45402298850574,
                115.56896551724138,
                121.27011494252874,
                163.0344827586207,
                178.05747126436782,
                142.7183908045977,
                131.95402298850576,
                140.11494252873564
            ]
        ],
        "min": [
            [
                12,
                16,
                23,
                23,
                31,
                12,
                29,
                19
            ]
        ],
        "max": [
            [
                245,
                247,
                227,
                255,
                255,
                255,
                243,
                255
            ]
        ],
        "RawIntDen": [
            [
                20263,
                20109,
                21101,
                28368,
                30982,
                24833,
                22960,
                24380
            ]
        ],
        "IntDen": [
            [
                88.265628,
                87.59480400000001,
                91.91595600000001,
                123.57100800000002,
                134.957592,
                108.172548,
                100.01376,
                106.19928000000002
            ]
        ],
        "local_bg": [
            [
                4.176136363636363,
                4.767045454545454,
                4.823863636363637,
                5.465909090909091,
                5.409090909090909,
                5.392045454545454,
                5.380681818181818,
                5.801136363636363
            ]
        ],
        "area": [
            0.7579440000000001
        ],
        "distance": 8.8667644801745,
        "points": [
            [
                139.46990030578672,
                274.342976882934
            ],
            [
                129.83376447699956,
                275.77055256127284
            ],
            [
                127.69240095949132,
                268.63267416957865
            ],
            [
                135.94406719035493,
                265.3188863304092
            ],
            [
                139.54406719035492,
                264.1188863304092
            ],
            [
                143.14406719035492,
                265.3188863304092
            ],
            [
                147.34406719035493,
                268.91888633040924
            ],
            [
                147.7440671903549,
                277.1188863304092
            ]
        ],
        "shift": [
            [
                0,
                0
            ],
            [
                0,
                0
            ],
            [
                0.0,
                1.0
            ],
            [
                4.0,
                -2.0
            ],
            [
                3.0,
                2.0
            ],
            [
                0,
                0
            ],
            [
                1.0,
                2.0
            ],
            [
                3.0,
                3.0
            ]
        ],
        "channel": 0,
        "closest_Dend": 0
    },
    {
        "type": 0,
        "location": [
            181,
            263
        ],
        "bgloc": [
            148.59838123326895,
            144.0424718624031
        ],
        "mean": [
            [
                93.85632183908046,
                103.85632183908046,
                100.06896551724138,
                150.316091954023,
                137.36206896551724,
                137.44252873563218,
                112.27586206896552,
                120.55747126436782
            ]
        ],
        "min": [
            [
                11,
                17,
                20,
                34,
                17,
                27,
                16,
                12
            ]
        ],
        "max": [
            [
                199,
                224,
                247,
                255,
                255,
                241,
                237,
                255
            ]
        ],
        "RawIntDen": [
            [
                16331,
                18071,
                17412,
                26155,
                23901,
                23915,
                19536,
                20977
            ]
        ],
        "IntDen": [
            [
                71.13783600000001,
                78.71727600000001,
                75.84667200000001,
                113.93118000000001,
                104.11275600000002,
                104.17374000000001,
                85.09881600000001,
                91.37581200000001
            ]
        ],
        "local_bg": [
            [
                4.204678362573099,
                4.842105263157895,
                4.286549707602339,
                5.1345029239766085,
                5.023391812865497,
                5.052631578947368,
                5.081871345029239,
                5.567251461988304
            ]
        ],
        "area": [
            0.7579440000000001
        ],
        "distance": 11.586215391337545,
        "points": [
            [
                180.63638738762666,
                270.94914045184925
            ],
            [
                176.63638738762666,
                266.74914045184926
            ],
            [
                175.03638738762666,
                262.74914045184926
            ],
            [
                177.23638738762665,
                259.3491404518493
            ],
            [
                180.63638738762666,
                257.54914045184927
            ],
            [
                186.03638738762666,
                257.3491404518493
            ],
            [
                192.63638738762666,
                262.74914045184926
            ],
            [
                188.63638738762666,
                270.74914045184926
            ]
        ],
        "shift": [
            [
                0,
                0
            ],
            [
                1,
                0
            ],
            [
                1,
                0
            ],
            [
                1,
                0
            ],
            [
                1,
                0
            ],
            [
                -2.0,
                1.0
            ],
            [
                -2.0,
                2.0
            ],
            [
                1,
                0
            ]
        ],
        "channel": 0,
        "closest_Dend": 0
    },
    {
        "type": 0,
        "location": [
            230,
            257
        ],
        "bgloc": [
            231,
            231
        ],
        "mean": [
            [
                68.40957446808511,
                71.76595744680851,
                80.20212765957447,
                113.67553191489361,
                103.69148936170212,
                132.29787234042553,
                120.90425531914893,
                133.76063829787233
            ]
        ],
        "min": [
            [
                11,
                7,
                11,
                17,
                16,
                20,
                19,
                28
            ]
        ],
        "max": [
            [
                187,
                201,
                217,
                255,
                253,
                254,
                251,
                247
            ]
        ],
        "RawIntDen": [
            [
                12861,
                13492,
                15078,
                21371,
                19494,
                24872,
                22730,
                25147
            ]
        ],
        "IntDen": [
            [
                56.022516,
                58.77115200000001,
                65.67976800000001,
                93.092076,
                84.91586400000001,
                108.34243200000002,
                99.01188,
                109.540332
            ]
        ],
        "local_bg": [
            [
                6.202127659574468,
                6.154255319148936,
                6.367021276595745,
                7.382978723404255,
                7.127659574468085,
                6.787234042553192,
                6.930851063829787,
                7.26063829787234
            ]
        ],
        "area": [
            0.8189280000000001
        ],
        "distance": 14.805029884748043,
        "points": [
            [
                229.52736924491774,
                264.242322864308
            ],
            [
                222.92736924491774,
                263.642322864308
            ],
            [
                222.72736924491772,
                257.042322864308
            ],
            [
                224.92736924491774,
                252.442322864308
            ],
            [
                229.52736924491774,
                248.242322864308
            ],
            [
                235.92736924491774,
                250.642322864308
            ],
            [
                236.52736924491774,
                257.042322864308
            ],
            [
                236.72736924491772,
                264.242322864308
            ]
        ],
        "shift": [
            [
                0,
                0
            ],
            [
                0,
                0
            ],
            [
                0,
                0
            ],
            [
                3.0,
                -4.0
            ],
            [
                3.0,
                -4.0
            ],
            [
                0,
                0
            ],
            [
                0,
                0
            ],
            [
                0,
                0
            ]
        ],
        "channel": 0,
        "closest_Dend": 0
    },
    {
        "type": 0,
        "location": [
            97,
            255
        ],
        "bgloc": [
            85.37200755211862,
            168.44563363407514
        ],
        "mean": [
            [
                70.0,
                69.18867924528301,
                60.41509433962264,
                45.12264150943396,
                40.0,
                48.81132075471698,
                48.20754716981132,
                58.20754716981132
            ]
        ],
        "min": [
            [
                23,
                17,
                13,
                12,
                13,
                15,
                15,
                13
            ]
        ],
        "max": [
            [
                212,
                247,
                205,
                135,
                92,
                103,
                104,
                136
            ]
        ],
        "RawIntDen": [
            [
                7420,
                7334,
                6404,
                4783,
                4240,
                5174,
                5110,
                6170
            ]
        ],
        "IntDen": [
            [
                32.32152000000001,
                31.946904000000004,
                27.895824000000005,
                20.834748,
                18.469440000000002,
                22.537944000000003,
                22.25916,
                26.876520000000003
            ]
        ],
        "local_bg": [
            [
                4.481481481481482,
                4.583333333333333,
                4.277777777777778,
                5.185185185185185,
                5.12962962962963,
                5.296296296296297,
                5.074074074074074,
                5.453703703703703
            ]
        ],
        "area": [
            0.46173600000000004
        ],
        "distance": 6.108084321453966,
        "points": [
            [
                97.2610885964989,
                259.65785326638445
            ],
            [
                92.6610885964989,
                259.8578532663845
            ],
            [
                90.83699804397415,
                254.54406542721506
            ],
            [
                91.06108859649889,
                249.05785326638448
            ],
            [
                97.2610885964989,
                249.05785326638448
            ],
            [
                102.61449739026955,
                250.97512623136794
            ],
            [
                102.61449739026955,
                255.25785326638447
            ],
            [
                100.86108859649889,
                258.8578532663845
            ]
        ],
        "shift": [
            [
                0,
                0
            ],
            [
                0,
                0
            ],
            [
                1,
                0
            ],
            [
                7.0,
                -2.0
            ],
            [
                7.0,
                -2.0
            ],
            [
                6.0,
                -3.0
            ],
            [
                5.0,
                -4.0
            ],
            [
                10.0,
                -4.0
            ]
        ],
        "channel": 0,
        "closest_Dend": 0
    },
    {
        "type": 0,
        "location": [
            66,
            266
        ],
        "bgloc": [
            27.691807000893732,
            167.33639900809004
        ],
        "mean": [
            [
                203.864,
                222.624,
                162.12,
                198.224,
                204.672,
                188.88,
                176.712,
                195.624
            ]
        ],
        "min": [
            [
                112,
                134,
                44,
                87,
                88,
                69,
                64,
                86
            ]
        ],
        "max": [
            [
                255,
                255,
                255,
                255,
                255,
                255,
                255,
                255
            ]
        ],
        "RawIntDen": [
            [
                25483,
                27828,
                20265,
                24778,
                25584,
                23610,
                22089,
                24453
            ]
        ],
        "IntDen": [
            [
                111.00394800000001,
                121.21876800000001,
                88.27434000000001,
                107.93296800000002,
                111.44390400000002,
                102.84516,
                96.21968400000002,
                106.51726800000002
            ]
        ],
        "local_bg": [
            [
                3.96875,
                4.1171875,
                3.984375,
                4.4453125,
                4.71875,
                4.9296875,
                4.203125,
                5.0546875
            ]
        ],
        "area": [
            0.5445000000000001
        ],
        "distance": 3.9393095303730266,
        "points": [
            [
                66.28475679356424,
                271.91540120459524
            ],
            [
                60.931347999793616,
                269.41714376750224
            ],
            [
                59.86995407512096,
                266.3145945218823
            ],
            [
                62.35892367813244,
                260.4947957778845
            ],
            [
                68.06922639148779,
                257.9965383407916
            ],
            [
                72.70884734608902,
                261.56547753663864
            ],
            [
                73.06574126567372,
                265.49131065207047
            ],
            [
                72.70884734608902,
                268.3464620087481
            ]
        ],
        "shift": [
            [
                0,
                0
            ],
            [
                0,
                0
            ],
            [
                3.0,
                6.0
            ],
            [
                6.0,
                5.0
            ],
            [
                5.0,
                5.0
            ],
            [
                4.0,
                3.0
            ],
            [
                4.0,
                4.0
            ],
            [
                6.0,
                4.0
            ]
        ],
        "channel": 0,
        "closest_Dend": 0
    },
    {
        "type": 0,
        "location": [
            57,
            277
        ],
        "bgloc": [
            59.85961115446145,
            319.30154276804785
        ],
        "mean": [
            [
                97.34355828220859,
                128.38650306748465,
                92.920245398773,
                168.39877300613497,
                128.62576687116564,
                114.65644171779141,
                105.14110429447852,
                106.67484662576688
            ]
        ],
        "min": [
            [
                16,
                22,
                11,
                28,
                29,
                24,
                21,
                17
            ]
        ],
        "max": [
            [
                235,
                253,
                208,
                255,
                220,
                255,
                245,
                252
            ]
        ],
        "RawIntDen": [
            [
                15867,
                20927,
                15146,
                27449,
                20966,
                18689,
                17138,
                17388
            ]
        ],
        "IntDen": [
            [
                69.116652,
                91.15801200000001,
                65.975976,
                119.56784400000001,
                91.32789600000001,
                81.40928400000001,
                74.65312800000001,
                75.74212800000001
            ]
        ],
        "local_bg": [
            [
                5.866666666666666,
                5.903030303030303,
                5.715151515151515,
                6.163636363636364,
                5.933333333333334,
                5.921212121212121,
                6.260606060606061,
                6.618181818181818
            ]
        ],
        "area": [
            0.7100280000000001
        ],
        "distance": 3.248029773294378,
        "points": [
            [
                56.57518176384207,
                286.3817911548224
            ],
            [
                54.01248513598995,
                281.61873366632244
            ],
            [
                50.77518176384207,
                277.3817911548224
            ],
            [
                52.375181763842065,
                273.1817911548224
            ],
            [
                56.57518176384207,
                272.1817911548224
            ],
            [
                62.17518176384206,
                271.7817911548224
            ],
            [
                68.57518176384207,
                277.3817911548224
            ],
            [
                63.17518176384206,
                283.9817911548224
            ]
        ],
        "shift": [
            [
                0,
                0
            ],
            [
                0,
                0
            ],
            [
                1,
                0
            ],
            [
                5.0,
                1.0
            ],
            [
                2,
                0
            ],
            [
                1,
                0
            ],
            [
                1,
                0
            ],
            [
                2,
                0
            ]
        ],
        "channel": 0,
        "closest_Dend": 0
    }
]