[
    {
        "type": 0,
        "location": [
            287,
            278
        ],
        "bgloc": [
            287,
            320
        ],
        "mean": [
            [
                50.77894736842105,
                38.61578947368421,
                36.142105263157895,
                87.02631578947368,
                59.205263157894734,
                46.6,
                46.4,
                58.28421052631579
            ]
        ],
        "min": [
            [
                7,
                4,
                5,
                8,
                9,
                9,
                7,
                6
            ]
        ],
        "max": [
            [
                129,
                134,
                98,
                228,
                152,
                153,
                135,
                199
            ]
        ],
        "RawIntDen": [
            [
                9648,
                7337,
                6867,
                16535,
                11249,
                8854,
                8816,
                11074
            ]
        ],
        "IntDen": [
            [
                7985.070720000001,
                6072.39468,
                5683.403880000001,
                13685.0274,
                9310.122360000001,
                7327.92456,
                7296.4742400000005,
                9165.285360000002
            ]
        ],
        "local_bg": [
            [
                5.473684210526316,
                5.063157894736842,
                5.173684210526316,
                5.721052631578948,
                6.221052631578948,
                6.010526315789473,
                6.189473684210526,
                6.173684210526316
            ]
        ],
        "area": [
            0.82764
        ],
        "distance": 3.455780901365361,
        "points": [
            [
                287.0,
                286.2
            ],
            [
                280.8,
                284.2
            ],
            [
                280.0,
                278.0
            ],
            [
                281.6,
                272.6
            ],
            [
                287.0,
                269.4
            ],
            [
                295.0,
                270.0
            ],
            [
                293.2,
                278.0
            ],
            [
                292.4,
                283.4
            ]
        ],
        "shift": null,
        "channel": 0,
        "closest_Dend": 0
    }
]