[
    {
        "type": 0,
        "location": [
            70,
            270
        ],
        "bgloc": [
            97,
            281
        ],
        "mean": [
            [
                82.14,
                85.04666666666667,
                81.22666666666667,
                78.76,
                93.26,
                67.94,
                76.67333333333333,
                74.91333333333333
            ]
        ],
        "min": [
            [
                13,
                12,
                8,
                12,
                13,
                8,
                10,
                10
            ]
        ],
        "max": [
            [
                196,
                204,
                211,
                194,
                204,
                202,
                205,
                166
            ]
        ],
        "RawIntDen": [
            [
                12321,
                12757,
                12184,
                11814,
                13989,
                10191,
                11501,
                11237
            ]
        ],
        "IntDen": [
            [
                8050.541400000001,
                8335.4238,
                7961.025600000001,
                7719.267600000001,
                9140.412600000001,
                6658.799400000001,
                7514.7534000000005,
                7342.255800000001
            ]
        ],
        "local_bg": [
            [
                53.233333333333334,
                54.64666666666667,
                42.29333333333334,
                60.06666666666667,
                40.93333333333333,
                43.39333333333333,
                25.9,
                49.14666666666667
            ]
        ],
        "area": [
            0.6534000000000001
        ],
        "distance": 1.6755032933325975,
        "points": [
            [
                70.0,
                277.4
            ],
            [
                65.0,
                275.0
            ],
            [
                63.8,
                270.0
            ],
            [
                67.81864057011137,
                265.22879868655565
            ],
            [
                70.0,
                263.8
            ],
            [
                75.8,
                264.2
            ],
            [
                78.8450392897957,
                273.10479777204444
            ],
            [
                76.4,
                276.4
            ]
        ],
        "shift": null,
        "channel": 0,
        "closest_Dend": 0
    },
    {
        "type": 0,
        "location": [
            106,
            281
        ],
        "bgloc": [
            145,
            314
        ],
        "mean": [
            [
                87.17788461538461,
                98.625,
                75.04807692307692,
                75.09615384615384,
                71.4375,
                75.92307692307692,
                76.14423076923077,
                88.34615384615384
            ]
        ],
        "min": [
            [
                11,
                11,
                9,
                6,
                6,
                10,
                8,
                11
            ]
        ],
        "max": [
            [
                213,
                255,
                218,
                236,
                236,
                242,
                230,
                231
            ]
        ],
        "RawIntDen": [
            [
                18133,
                20514,
                15610,
                15620,
                14859,
                15792,
                15838,
                18376
            ]
        ],
        "IntDen": [
            [
                16429.368384,
                18586.668672000003,
                14143.409280000002,
                14152.469760000002,
                13462.967232,
                14308.310016000001,
                14349.988224000002,
                16649.538048000002
            ]
        ],
        "local_bg": [
            [
                3.264423076923077,
                3.5576923076923075,
                3.6346153846153846,
                3.793269230769231,
                3.4278846153846154,
                3.5384615384615383,
                2.644230769230769,
                2.8076923076923075
            ]
        ],
        "area": [
            0.9060480000000001
        ],
        "distance": 3.9747687001652197,
        "points": [
            [
                106.0,
                290.2
            ],
            [
                99.8,
                287.2
            ],
            [
                97.0,
                281.0
            ],
            [
                100.0,
                275.0
            ],
            [
                106.0,
                273.0
            ],
            [
                111.8,
                275.2
            ],
            [
                113.4,
                281.0
            ],
            [
                112.0,
                287.0
            ]
        ],
        "shift": null,
        "channel": 0,
        "closest_Dend": 0
    },
    {
        "type": 0,
        "location": [
            141,
            244
        ],
        "bgloc": [
            165,
            313
        ],
        "mean": [
            [
                116.33742331288343,
                125.51533742331289,
                118.6319018404908,
                118.9877300613497,
                111.0,
                97.22085889570552,
                110.15337423312883,
                90.30061349693251
            ]
        ],
        "min": [
            [
                7,
                18,
                25,
                15,
                18,
                7,
                13,
                7
            ]
        ],
        "max": [
            [
                244,
                255,
                242,
                242,
                233,
                222,
                237,
                203
            ]
        ],
        "RawIntDen": [
            [
                18963,
                20459,
                19337,
                19395,
                18093,
                15847,
                17955,
                14719
            ]
        ],
        "IntDen": [
            [
                13464.260964000001,
                14526.462852000002,
                13729.811436000002,
                13770.99306,
                12846.536604,
                11251.813716,
                12748.552740000001,
                10450.902132000001
            ]
        ],
        "local_bg": [
            [
                4.2024539877300615,
                3.895705521472393,
                4.159509202453988,
                4.116564417177914,
                4.104294478527607,
                4.006134969325154,
                2.932515337423313,
                3.5153374233128836
            ]
        ],
        "area": [
            0.7100280000000001
        ],
        "distance": 6.31830825963668,
        "points": [
            [
                141.0,
                251.8
            ],
            [
                133.2,
                251.8
            ],
            [
                134.8,
                244.0
            ],
            [
                136.6,
                239.6
            ],
            [
                141.0,
                236.4
            ],
            [
                145.4,
                239.6
            ],
            [
                146.8,
                244.0
            ],
            [
                148.8,
                251.8
            ]
        ],
        "shift": null,
        "channel": 0,
        "closest_Dend": 0
    },
    {
        "type": 0,
        "location": [
            178,
            247
        ],
        "bgloc": [
            167,
            232
        ],
        "mean": [
            [
                105.17821782178218,
                94.49009900990099,
                103.0990099009901,
                113.98514851485149,
                94.0049504950495,
                99.65841584158416,
                105.58910891089108,
                110.50990099009901
            ]
        ],
        "min": [
            [
                12,
                9,
                10,
                13,
                9,
                15,
                7,
                16
            ]
        ],
        "max": [
            [
                253,
                241,
                240,
                237,
                218,
                204,
                222,
                245
            ]
        ],
        "RawIntDen": [
            [
                21246,
                19087,
                20826,
                23025,
                18989,
                20131,
                21329,
                22323
            ]
        ],
        "IntDen": [
            [
                18694.610352000003,
                16794.880344,
                18325.047312000002,
                20259.973800000003,
                16708.648968,
                17713.508472,
                18767.643048,
                19642.275576000004
            ]
        ],
        "local_bg": [
            [
                7.702970297029703,
                8.48019801980198,
                8.504950495049505,
                8.950495049504951,
                8.990099009900991,
                8.178217821782178,
                8.089108910891088,
                10.272277227722773
            ]
        ],
        "area": [
            0.8799120000000001
        ],
        "distance": 8.761627732058658,
        "points": [
            [
                178.0,
                253.8
            ],
            [
                171.4,
                253.6
            ],
            [
                168.0,
                247.0
            ],
            [
                170.2,
                239.2
            ],
            [
                178.0,
                239.0
            ],
            [
                183.4,
                241.6
            ],
            [
                184.0,
                247.0
            ],
            [
                184.8,
                253.8
            ]
        ],
        "shift": null,
        "channel": 0,
        "closest_Dend": 0
    },
    {
        "type": 0,
        "location": [
            141,
            276
        ],
        "bgloc": [
            244,
            218
        ],
        "mean": [
            [
                69.64736842105263,
                68.53157894736842,
                66.22105263157894,
                65.46315789473684,
                63.921052631578945,
                64.1,
                57.72105263157895,
                56.71052631578947
            ]
        ],
        "min": [
            [
                8,
                7,
                5,
                6,
                8,
                7,
                6,
                7
            ]
        ],
        "max": [
            [
                197,
                206,
                209,
                229,
                218,
                185,
                156,
                160
            ]
        ],
        "RawIntDen": [
            [
                13233,
                13021,
                12582,
                12438,
                12145,
                12179,
                10967,
                10775
            ]
        ],
        "IntDen": [
            [
                10952.16012,
                10776.70044,
                10413.36648,
                10294.18632,
                10051.687800000002,
                10079.827560000002,
                9076.72788,
                8917.821000000002
            ]
        ],
        "local_bg": [
            [
                4.910526315789474,
                5.3,
                5.278947368421052,
                5.6,
                5.5473684210526315,
                5.368421052631579,
                5.294736842105263,
                5.257894736842105
            ]
        ],
        "area": [
            0.82764
        ],
        "distance": 6.31830825963668,
        "points": [
            [
                141.0,
                283.8
            ],
            [
                135.6,
                281.4
            ],
            [
                135.2,
                276.0
            ],
            [
                136.2,
                271.2
            ],
            [
                141.0,
                267.4
            ],
            [
                149.8,
                267.2
            ],
            [
                149.2,
                276.0
            ],
            [
                146.8,
                281.8
            ]
        ],
        "shift": null,
        "channel": 0,
        "closest_Dend": 0
    },
    {
        "type": 0,
        "location": [
            184,
            272
        ],
        "bgloc": [
            260.8459451744845,
            299.2971048881512
        ],
        "mean": [
            [
                152.4934210526316,
                153.19078947368422,
                154.9078947368421,
                144.74013157894737,
                135.44078947368422,
                128.76973684210526,
                123.54276315789474,
                133.3684210526316
            ]
        ],
        "min": [
            [
                21,
                16,
                23,
                19,
                10,
                16,
                19,
                21
            ]
        ],
        "max": [
            [
                255,
                255,
                255,
                255,
                255,
                255,
                255,
                255
            ]
        ],
        "RawIntDen": [
            [
                46358,
                46570,
                47092,
                44001,
                41174,
                39146,
                37557,
                40544
            ]
        ],
        "IntDen": [
            [
                61388.37619200001,
                61669.11168000001,
                62360.35660800001,
                58267.180224,
                54523.59897600001,
                51838.072704000006,
                49733.880768,
                53689.337856000006
            ]
        ],
        "local_bg": [
            [
                4.608552631578948,
                4.618421052631579,
                4.654605263157895,
                4.769736842105263,
                4.684210526315789,
                3.9309210526315788,
                3.838815789473684,
                4.625
            ]
        ],
        "area": [
            1.324224
        ],
        "distance": 9.15762773205866,
        "points": [
            [
                184.0,
                282.2
            ],
            [
                177.0,
                279.0
            ],
            [
                172.0,
                272.0
            ],
            [
                175.6,
                263.6
            ],
            [
                184.0,
                262.8
            ],
            [
                191.0,
                265.0
            ],
            [
                193.6,
                272.0
            ],
            [
                191.2,
                279.2
            ]
        ],
        "shift": null,
        "channel": 0,
        "closest_Dend": 0
    },
    {
        "type": 0,
        "location": [
            337,
            269
        ],
        "bgloc": [
            288,
            299
        ],
        "mean": [
            [
                98.69026548672566,
                80.94690265486726,
                76.56637168141593,
                69.14159292035399,
                70.78761061946902,
                53.663716814159294,
                61.415929203539825,
                63.7787610619469
            ]
        ],
        "min": [
            [
                11,
                13,
                12,
                12,
                5,
                7,
                8,
                9
            ]
        ],
        "max": [
            [
                244,
                216,
                189,
                153,
                168,
                142,
                146,
                155
            ]
        ],
        "RawIntDen": [
            [
                11152,
                9147,
                8652,
                7813,
                7999,
                6064,
                6940,
                7207
            ]
        ],
        "IntDen": [
            [
                5489.326656,
                4502.409516000001,
                4258.7566560000005,
                3845.7773640000005,
                3937.3317720000005,
                2984.870592,
                3416.0623200000005,
                3547.4871960000005
            ]
        ],
        "local_bg": [
            [
                3.7079646017699117,
                3.9911504424778763,
                3.920353982300885,
                4.495575221238938,
                4.168141592920354,
                4.115044247787611,
                4.20353982300885,
                4.061946902654867
            ]
        ],
        "area": [
            0.49222800000000005
        ],
        "distance": 18.82877464558151,
        "points": [
            [
                337.0,
                275.2
            ],
            [
                332.6,
                273.4
            ],
            [
                330.8,
                269.0
            ],
            [
                332.2,
                264.2
            ],
            [
                344.2662084707677,
                265.22879868655565
            ],
            [
                343.4,
                269.0
            ],
            [
                342.2,
                274.2
            ]
        ],
        "shift": null,
        "channel": 0,
        "closest_Dend": 0
    }
]