[
    {
        "type": "Stim",
        "location": [
            284,
            275
        ],
        "radloc": [
            0,
            0
        ],
        "mean": [
            58.22727272727273,
            44.0,
            42.416666666666664,
            110.51515151515152,
            65.6590909090909,
            57.803030303030305,
            55.10606060606061,
            70.53787878787878
        ],
        "min": [
            10.0,
            6.0,
            7.0,
            17.0,
            8.0,
            7.0,
            7.0,
            6.0
        ],
        "max": [
            129.0,
            134.0,
            98.0,
            228.0,
            152.0,
            153.0,
            135.0,
            199.0
        ],
        "RawIntDen": [
            7686.0,
            5808.0,
            5599.0,
            14588.0,
            8667.0,
            7630.0,
            7274.0,
            9311.0
        ],
        "IntDen": [
            4618.53225893579,
            3490.0384282980835,
            3364.449924249478,
            8765.957402205999,
            5208.017055451014,
            4584.881750673963,
            4370.960662438061,
            5594.997900462027
        ],
        "FlagUp": 0,
        "Times": [
            -15,
            -10,
            -5,
            2,
            10,
            20,
            30,
            40
        ],
        "width": 0,
        "height": 0,
        "area": 0.6009019332469152,
        "distance": 0,
        "xpert": [
            [
                284.0,
                284.4
            ],
            [
                278.0,
                281.0
            ],
            [
                276.8,
                275.0
            ],
            [
                279.6,
                270.6
            ],
            [
                284.0,
                268.4
            ],
            [
                288.8,
                270.2
            ],
            [
                289.0,
                275.0
            ],
            [
                287.6,
                278.6
            ]
        ],
        "stack": 0
    },
    {
        "type": "Spine",
        "location": [
            50,
            181
        ],
        "radloc": [
            0,
            0
        ],
        "mean": [
            8.907563025210084,
            8.008403361344538,
            8.487394957983193,
            52.03361344537815,
            57.680672268907564,
            60.73109243697479,
            20.915966386554622,
            51.596638655462186
        ],
        "min": [
            4.0,
            2.0,
            4.0,
            7.0,
            15.0,
            12.0,
            4.0,
            7.0
        ],
        "max": [
            23.0,
            17.0,
            16.0,
            118.0,
            125.0,
            131.0,
            114.0,
            131.0
        ],
        "RawIntDen": [
            1060.0,
            953.0,
            1010.0,
            6192.0,
            6864.0,
            7227.0,
            2489.0,
            6140.0
        ],
        "IntDen": [
            561.3309415254853,
            504.6682898809316,
            534.8530669252265,
            3279.0199904960423,
            3634.8826251235196,
            3827.111994721398,
            1318.06859760088,
            3251.483000911773
        ],
        "FlagUp": 0,
        "Times": [
            -15,
            -10,
            -5,
            2,
            10,
            20,
            30,
            40
        ],
        "width": 0,
        "height": 0,
        "area": 0.5295574920051748,
        "distance": 20.005109618037306,
        "xpert": [
            [
                50.0,
                190.4
            ],
            [
                44.6,
                186.4
            ],
            [
                44.6,
                181.0
            ],
            [
                45.8,
                176.8
            ],
            [
                50.0,
                174.4
            ],
            [
                54.2,
                176.8
            ],
            [
                54.8,
                181.0
            ],
            [
                54.0,
                185.0
            ]
        ],
        "stack": 0
    },
    {
        "type": "Spine",
        "location": [
            35,
            213
        ],
        "radloc": [
            0,
            0
        ],
        "mean": [
            47.97029702970297,
            57.28712871287129,
            70.94059405940594,
            69.42574257425743,
            98.70297029702971,
            78.63366336633663,
            111.98019801980197,
            80.73267326732673
        ],
        "min": [
            13.0,
            16.0,
            22.0,
            19.0,
            25.0,
            23.0,
            20.0,
            18.0
        ],
        "max": [
            101.0,
            157.0,
            154.0,
            149.0,
            228.0,
            159.0,
            237.0,
            174.0
        ],
        "RawIntDen": [
            4845.0,
            5786.0,
            7165.0,
            7012.0,
            9969.0,
            7942.0,
            11310.0,
            8154.0
        ],
        "IntDen": [
            2201.598894714237,
            2629.19529511178,
            3255.8216884680096,
            3186.297512845455,
            4529.977168504897,
            3608.8954431002,
            5139.336119549643,
            3705.2295949432173
        ],
        "FlagUp": 0,
        "Times": [
            -15,
            -10,
            -5,
            2,
            10,
            20,
            30,
            40
        ],
        "width": 0,
        "height": 0,
        "area": 0.45440637661800554,
        "distance": 18.92688822572587,
        "xpert": [
            [
                35.0,
                217.6
            ],
            [
                31.6,
                216.4
            ],
            [
                29.8,
                213.0
            ],
            [
                30.6,
                208.6
            ],
            [
                35.0,
                206.4
            ],
            [
                40.6,
                207.4
            ],
            [
                40.8,
                213.0
            ],
            [
                39.8,
                217.8
            ]
        ],
        "stack": 0
    },
    {
        "type": "Spine",
        "location": [
            68,
            205
        ],
        "radloc": [
            0,
            0
        ],
        "mean": [
            17.282894736842106,
            14.230263157894736,
            16.93421052631579,
            61.526315789473685,
            66.55263157894737,
            70.48026315789474,
            81.5657894736842,
            70.8157894736842
        ],
        "min": [
            6.0,
            5.0,
            5.0,
            10.0,
            6.0,
            16.0,
            25.0,
            18.0
        ],
        "max": [
            73.0,
            92.0,
            65.0,
            150.0,
            172.0,
            152.0,
            180.0,
            194.0
        ],
        "RawIntDen": [
            2627.0,
            2163.0,
            2574.0,
            9352.0,
            10116.0,
            10713.0,
            12398.0,
            10764.0
        ],
        "IntDen": [
            1786.9592465463,
            1471.3334032278824,
            1750.907156684498,
            6361.493290331556,
            6881.187566829985,
            7287.283748858208,
            8433.468115219272,
            7321.97538249881
        ],
        "FlagUp": 0,
        "Times": [
            -15,
            -10,
            -5,
            2,
            10,
            20,
            30,
            40
        ],
        "width": 0,
        "height": 0,
        "area": 0.6802281106000381,
        "distance": 16.94428298755187,
        "xpert": [
            [
                68.0,
                212.6
            ],
            [
                62.0,
                211.0
            ],
            [
                57.4,
                205.0
            ],
            [
                62.6,
                199.6
            ],
            [
                68.0,
                199.8
            ],
            [
                71.6,
                201.4
            ],
            [
                73.2,
                205.0
            ],
            [
                73.6,
                210.6
            ]
        ],
        "stack": 0
    },
    {
        "type": "Spine",
        "location": [
            43,
            224
        ],
        "radloc": [
            0,
            0
        ],
        "mean": [
            83.66956521739131,
            100.08695652173913,
            113.94782608695652,
            105.29565217391304,
            111.24347826086957,
            108.6608695652174,
            84.90434782608696,
            92.70434782608696
        ],
        "min": [
            15.0,
            28.0,
            30.0,
            28.0,
            33.0,
            29.0,
            29.0,
            28.0
        ],
        "max": [
            237.0,
            246.0,
            253.0,
            218.0,
            249.0,
            243.0,
            205.0,
            210.0
        ],
        "RawIntDen": [
            9622.0,
            11510.0,
            13104.0,
            12109.0,
            12793.0,
            12496.0,
            9764.0,
            10661.0
        ],
        "IntDen": [
            4867.955249823539,
            5823.130838232065,
            6629.566160225281,
            6126.176483071423,
            6472.225266160105,
            6321.96724192423,
            4939.795786663587,
            5393.605375012341
        ],
        "FlagUp": 0,
        "Times": [
            -15,
            -10,
            -5,
            2,
            10,
            20,
            30,
            40
        ],
        "width": 0,
        "height": 0,
        "area": 0.5059192735214653,
        "distance": 18.05764177016491,
        "xpert": [
            [
                43.0,
                230.0
            ],
            [
                38.4,
                228.6
            ],
            [
                37.2,
                224.0
            ],
            [
                38.6,
                219.6
            ],
            [
                43.0,
                216.4
            ],
            [
                47.6,
                219.4
            ],
            [
                49.6,
                224.0
            ],
            [
                47.2,
                228.2
            ]
        ],
        "stack": 0
    },
    {
        "type": "Spine",
        "location": [
            47,
            233
        ],
        "radloc": [
            0,
            0
        ],
        "mean": [
            93.51388888888889,
            97.09027777777777,
            118.14583333333333,
            111.48611111111111,
            104.04166666666667,
            101.29861111111111,
            95.44444444444444,
            87.77777777777777
        ],
        "min": [
            17.0,
            20.0,
            25.0,
            34.0,
            26.0,
            25.0,
            17.0,
            22.0
        ],
        "max": [
            177.0,
            194.0,
            243.0,
            203.0,
            224.0,
            198.0,
            184.0,
            161.0
        ],
        "RawIntDen": [
            13466.0,
            13981.0,
            17013.0,
            16054.0,
            14982.0,
            14587.0,
            13744.0,
            12640.0
        ],
        "IntDen": [
            8496.04332998529,
            8820.969983404451,
            10733.936222563474,
            10128.878629109153,
            9452.526449564803,
            9203.310861020009,
            8671.440630277575,
            7974.8988334333935
        ],
        "FlagUp": 0,
        "Times": [
            -15,
            -10,
            -5,
            2,
            10,
            20,
            30,
            40
        ],
        "width": 0,
        "height": 0,
        "area": 0.6309255406197305,
        "distance": 17.451955314603946,
        "xpert": [
            [
                47.0,
                242.0
            ],
            [
                41.6,
                238.4
            ],
            [
                41.4,
                233.0
            ],
            [
                42.8,
                228.8
            ],
            [
                47.0,
                227.0
            ],
            [
                51.6,
                228.4
            ],
            [
                54.4,
                233.0
            ],
            [
                53.0,
                239.0
            ]
        ],
        "stack": 0
    },
    {
        "type": "Spine",
        "location": [
            44,
            250
        ],
        "radloc": [
            0,
            0
        ],
        "mean": [
            82.71122994652407,
            116.48663101604278,
            120.81283422459893,
            105.33155080213903,
            94.60427807486631,
            128.36363636363637,
            103.36898395721926,
            102.80748663101605
        ],
        "min": [
            11.0,
            13.0,
            28.0,
            16.0,
            19.0,
            31.0,
            25.0,
            15.0
        ],
        "max": [
            207.0,
            255.0,
            249.0,
            245.0,
            215.0,
            255.0,
            231.0,
            255.0
        ],
        "RawIntDen": [
            15467.0,
            21783.0,
            22592.0,
            19697.0,
            17691.0,
            24004.0,
            19330.0,
            19225.0
        ],
        "IntDen": [
            13113.611947780562,
            18468.598245199715,
            19154.50450147142,
            16699.994474392817,
            14999.218269101048,
            20351.661032813383,
            16388.83551759218,
            16299.811837853578
        ],
        "FlagUp": 0,
        "Times": [
            -15,
            -10,
            -5,
            2,
            10,
            20,
            30,
            40
        ],
        "width": 0,
        "height": 0,
        "area": 0.8478445689390678,
        "distance": 17.917867972727763,
        "xpert": [
            [
                44.0,
                261.0
            ],
            [
                38.6,
                255.4
            ],
            [
                36.4,
                250.0
            ],
            [
                36.8,
                242.8
            ],
            [
                44.0,
                241.6
            ],
            [
                48.6,
                245.4
            ],
            [
                50.0,
                250.0
            ],
            [
                49.6,
                255.6
            ]
        ],
        "stack": 0
    },
    {
        "type": "Spine",
        "location": [
            105,
            269
        ],
        "radloc": [
            0,
            0
        ],
        "mean": [
            69.1140350877193,
            76.0,
            59.80701754385965,
            68.58771929824562,
            77.69298245614036,
            85.40350877192982,
            61.219298245614034,
            51.5
        ],
        "min": [
            13.0,
            21.0,
            15.0,
            18.0,
            11.0,
            9.0,
            10.0,
            7.0
        ],
        "max": [
            162.0,
            181.0,
            174.0,
            160.0,
            174.0,
            206.0,
            149.0,
            147.0
        ],
        "RawIntDen": [
            7879.0,
            8664.0,
            6818.0,
            7819.0,
            8857.0,
            9736.0,
            6979.0,
            5871.0
        ],
        "IntDen": [
            3885.516997961101,
            4272.638567119556,
            3362.2864439775085,
            3855.928088216506,
            4367.816226798004,
            4801.2937545563245,
            3441.6833517921723,
            2895.2748185086466
        ],
        "FlagUp": 0,
        "Times": [
            -15,
            -10,
            -5,
            2,
            10,
            20,
            30,
            40
        ],
        "width": 0,
        "height": 0,
        "area": 0.49314849574325437,
        "distance": 12.647804176112459,
        "xpert": [
            [
                105.0,
                274.8
            ],
            [
                100.4,
                273.6
            ],
            [
                99.2,
                269.0
            ],
            [
                100.4,
                264.4
            ],
            [
                105.0,
                263.8
            ],
            [
                110.0,
                264.0
            ],
            [
                111.8,
                269.0
            ],
            [
                109.8,
                273.8
            ]
        ],
        "stack": 0
    },
    {
        "type": "Spine",
        "location": [
            104,
            238
        ],
        "radloc": [
            0,
            0
        ],
        "mean": [
            126.96153846153847,
            115.8974358974359,
            100.26923076923077,
            108.24358974358974,
            102.82051282051282,
            91.25641025641026,
            81.62820512820512,
            92.66666666666667
        ],
        "min": [
            43.0,
            31.0,
            23.0,
            20.0,
            17.0,
            20.0,
            14.0,
            15.0
        ],
        "max": [
            238.0,
            204.0,
            193.0,
            200.0,
            189.0,
            180.0,
            181.0,
            170.0
        ],
        "RawIntDen": [
            9903.0,
            9040.0,
            7821.0,
            8443.0,
            8020.0,
            7118.0,
            6367.0,
            7228.0
        ],
        "IntDen": [
            3618.3514058713577,
            3303.0290527190823,
            2857.631661649994,
            3084.897598684426,
            2930.3421463282125,
            2600.7699996962865,
            2326.3701303830085,
            2640.961724895302
        ],
        "FlagUp": 0,
        "Times": [
            -15,
            -10,
            -5,
            2,
            10,
            20,
            30,
            40
        ],
        "width": 0,
        "height": 0,
        "area": 0.36537931999104895,
        "distance": 14.138724682108679,
        "xpert": [
            [
                104.0,
                243.4
            ],
            [
                101.0,
                241.0
            ],
            [
                98.6,
                238.0
            ],
            [
                100.4,
                234.4
            ],
            [
                104.0,
                233.2
            ],
            [
                107.2,
                234.8
            ],
            [
                109.0,
                238.0
            ],
            [
                109.8,
                243.8
            ]
        ],
        "stack": 0
    },
    {
        "type": "Spine",
        "location": [
            85,
            227
        ],
        "radloc": [
            0,
            0
        ],
        "mean": [
            129.05833333333334,
            109.65833333333333,
            141.70833333333334,
            122.375,
            110.675,
            95.5,
            85.41666666666667,
            71.31666666666666
        ],
        "min": [
            29.0,
            24.0,
            29.0,
            16.0,
            17.0,
            12.0,
            9.0,
            6.0
        ],
        "max": [
            229.0,
            204.0,
            240.0,
            229.0,
            228.0,
            237.0,
            216.0,
            168.0
        ],
        "RawIntDen": [
            15487.0,
            13159.0,
            17005.0,
            14685.0,
            13281.0,
            11460.0,
            10250.0,
            8558.0
        ],
        "IntDen": [
            8803.157818302348,
            7479.870454641996,
            9666.023032235515,
            8347.283047831728,
            7549.217988304609,
            6514.12078502905,
            5826.329672473627,
            4864.558959710175
        ],
        "FlagUp": 0,
        "Times": [
            -15,
            -10,
            -5,
            2,
            10,
            20,
            30,
            40
        ],
        "width": 0,
        "height": 0,
        "area": 0.5684224070705978,
        "distance": 15.42729252998108,
        "xpert": [
            [
                85.0,
                237.2
            ],
            [
                78.0,
                234.0
            ],
            [
                78.4,
                227.0
            ],
            [
                82.0,
                224.0
            ],
            [
                85.0,
                222.0
            ],
            [
                88.0,
                224.0
            ],
            [
                90.0,
                227.0
            ],
            [
                89.4,
                231.4
            ]
        ],
        "stack": 0
    },
    {
        "type": "Spine",
        "location": [
            116,
            245
        ],
        "radloc": [
            0,
            0
        ],
        "mean": [
            67.60526315789474,
            60.26315789473684,
            56.666666666666664,
            67.75438596491227,
            87.84210526315789,
            82.71929824561404,
            82.46491228070175,
            147.2719298245614
        ],
        "min": [
            9.0,
            8.0,
            10.0,
            11.0,
            14.0,
            18.0,
            25.0,
            37.0
        ],
        "max": [
            164.0,
            158.0,
            179.0,
            168.0,
            206.0,
            211.0,
            161.0,
            255.0
        ],
        "RawIntDen": [
            7707.0,
            6870.0,
            6460.0,
            7724.0,
            10014.0,
            9430.0,
            9401.0,
            16789.0
        ],
        "IntDen": [
            4015.9987974297364,
            3579.851010554339,
            3366.2063359797717,
            4024.857235155999,
            5218.140905340779,
            4913.827515215054,
            4898.7160626231935,
            8748.488881542475
        ],
        "FlagUp": 0,
        "Times": [
            -15,
            -10,
            -5,
            2,
            10,
            20,
            30,
            40
        ],
        "width": 0,
        "height": 0,
        "area": 0.5210845721330916,
        "distance": 13.253490631673424,
        "xpert": [
            [
                116.0,
                252.6
            ],
            [
                112.0,
                249.0
            ],
            [
                108.4,
                245.0
            ],
            [
                110.8,
                239.8
            ],
            [
                116.0,
                239.2
            ],
            [
                119.6,
                241.4
            ],
            [
                122.0,
                245.0
            ],
            [
                120.6,
                249.6
            ]
        ],
        "stack": 0
    },
    {
        "type": "Spine",
        "location": [
            124,
            253
        ],
        "radloc": [
            0,
            0
        ],
        "mean": [
            88.48484848484848,
            64.13131313131314,
            62.343434343434346,
            50.717171717171716,
            61.676767676767675,
            66.14141414141415,
            58.111111111111114,
            63.90909090909091
        ],
        "min": [
            30.0,
            13.0,
            14.0,
            11.0,
            13.0,
            14.0,
            13.0,
            17.0
        ],
        "max": [
            161.0,
            155.0,
            135.0,
            116.0,
            134.0,
            151.0,
            150.0,
            130.0
        ],
        "RawIntDen": [
            8760.0,
            6349.0,
            6172.0,
            5021.0,
            6106.0,
            6548.0,
            5753.0,
            6327.0
        ],
        "IntDen": [
            4096.774642254602,
            2969.226278958273,
            2886.448983104498,
            2348.1627258858857,
            2855.5828727861417,
            3062.2922782514993,
            2690.4959494167497,
            2958.9375755188207
        ],
        "FlagUp": 0,
        "Times": [
            -15,
            -10,
            -5,
            2,
            10,
            20,
            30,
            40
        ],
        "width": 0,
        "height": 0,
        "area": 0.46766833815691805,
        "distance": 12.508030378675317,
        "xpert": [
            [
                124.0,
                260.6
            ],
            [
                120.0,
                257.0
            ],
            [
                116.4,
                253.0
            ],
            [
                119.4,
                248.4
            ],
            [
                124.0,
                247.8
            ],
            [
                127.2,
                249.8
            ],
            [
                129.0,
                253.0
            ],
            [
                128.6,
                257.6
            ]
        ],
        "stack": 0
    },
    {
        "type": "Spine",
        "location": [
            117,
            273
        ],
        "radloc": [
            0,
            0
        ],
        "mean": [
            96.44067796610169,
            100.14406779661017,
            102.38135593220339,
            83.58474576271186,
            82.14406779661017,
            85.07627118644068,
            79.12711864406779,
            66.58474576271186
        ],
        "min": [
            23.0,
            28.0,
            31.0,
            19.0,
            19.0,
            21.0,
            15.0,
            11.0
        ],
        "max": [
            211.0,
            200.0,
            204.0,
            172.0,
            214.0,
            205.0,
            202.0,
            198.0
        ],
        "RawIntDen": [
            11380.0,
            11817.0,
            12081.0,
            9863.0,
            9693.0,
            10039.0,
            9337.0,
            7857.0
        ],
        "IntDen": [
            5856.577996416969,
            6081.4747085816625,
            6217.339083893971,
            5075.872476156464,
            4988.3840526599015,
            5166.44872636467,
            4805.173001102393,
            4043.509078897023
        ],
        "FlagUp": 0,
        "Times": [
            -15,
            -10,
            -5,
            2,
            10,
            20,
            30,
            40
        ],
        "width": 0,
        "height": 0,
        "area": 0.5146377852738988,
        "distance": 11.902343923114353,
        "xpert": [
            [
                117.0,
                279.2
            ],
            [
                112.4,
                277.6
            ],
            [
                111.2,
                273.0
            ],
            [
                112.4,
                268.4
            ],
            [
                117.0,
                266.2
            ],
            [
                121.0,
                269.0
            ],
            [
                123.8,
                273.0
            ],
            [
                122.2,
                278.2
            ]
        ],
        "stack": 0
    },
    {
        "type": "Spine",
        "location": [
            128,
            280
        ],
        "radloc": [
            0,
            0
        ],
        "mean": [
            78.86896551724138,
            85.56551724137931,
            81.49655172413793,
            75.89655172413794,
            78.55172413793103,
            72.20689655172414,
            73.29655172413793,
            80.42758620689655
        ],
        "min": [
            21.0,
            18.0,
            24.0,
            25.0,
            20.0,
            23.0,
            16.0,
            17.0
        ],
        "max": [
            139.0,
            198.0,
            190.0,
            135.0,
            164.0,
            148.0,
            138.0,
            189.0
        ],
        "RawIntDen": [
            11436.0,
            12407.0,
            11817.0,
            11005.0,
            11390.0,
            10470.0,
            10628.0,
            11662.0
        ],
        "IntDen": [
            7298.819997651883,
            7918.5431716392895,
            7541.9863511938,
            7023.742049156958,
            7269.461330295116,
            6682.2879831597775,
            6783.128623211282,
            7443.060406839477
        ],
        "FlagUp": 0,
        "Times": [
            -15,
            -10,
            -5,
            2,
            10,
            20,
            30,
            40
        ],
        "width": 0,
        "height": 0,
        "area": 0.6382318990601507,
        "distance": 11.556906328240064,
        "xpert": [
            [
                128.0,
                288.0
            ],
            [
                123.4,
                284.6
            ],
            [
                121.8,
                280.0
            ],
            [
                123.0,
                275.0
            ],
            [
                128.0,
                274.4
            ],
            [
                132.6,
                275.4
            ],
            [
                137.2,
                280.0
            ],
            [
                133.6,
                285.6
            ]
        ],
        "stack": 0
    },
    {
        "type": "Spine",
        "location": [
            148,
            254
        ],
        "radloc": [
            0,
            0
        ],
        "mean": [
            98.832,
            113.4,
            108.24,
            95.968,
            107.872,
            102.136,
            107.592,
            86.312
        ],
        "min": [
            11.0,
            28.0,
            15.0,
            17.0,
            29.0,
            21.0,
            22.0,
            21.0
        ],
        "max": [
            218.0,
            248.0,
            205.0,
            213.0,
            219.0,
            217.0,
            211.0,
            157.0
        ],
        "RawIntDen": [
            12354.0,
            14175.0,
            13530.0,
            11996.0,
            13484.0,
            12767.0,
            13449.0,
            10789.0
        ],
        "IntDen": [
            6863.003207233221,
            7874.621212767598,
            7516.305115255422,
            6664.123884893129,
            7490.750788921219,
            7092.436615407684,
            7471.3072797538925,
            5993.6005830370095
        ],
        "FlagUp": 0,
        "Times": [
            -15,
            -10,
            -5,
            2,
            10,
            20,
            30,
            40
        ],
        "width": 0,
        "height": 0,
        "area": 0.5555288333522115,
        "distance": 10.129936201741003,
        "xpert": [
            [
                148.0,
                261.8
            ],
            [
                141.4,
                260.6
            ],
            [
                142.0,
                254.0
            ],
            [
                144.0,
                250.0
            ],
            [
                148.0,
                249.0
            ],
            [
                151.6,
                250.4
            ],
            [
                154.4,
                254.0
            ],
            [
                153.2,
                259.2
            ]
        ],
        "stack": 0
    },
    {
        "type": "Spine",
        "location": [
            152,
            269
        ],
        "radloc": [
            0,
            0
        ],
        "mean": [
            116.92592592592592,
            107.27160493827161,
            100.09876543209876,
            99.06172839506173,
            107.80864197530865,
            105.79629629629629,
            141.59876543209876,
            133.03086419753086
        ],
        "min": [
            19.0,
            13.0,
            15.0,
            17.0,
            14.0,
            13.0,
            34.0,
            39.0
        ],
        "max": [
            216.0,
            233.0,
            223.0,
            211.0,
            220.0,
            220.0,
            236.0,
            246.0
        ],
        "RawIntDen": [
            18942.0,
            17378.0,
            16216.0,
            16048.0,
            17465.0,
            17139.0,
            22939.0,
            21551.0
        ],
        "IntDen": [
            14226.983274191796,
            13052.292014512988,
            12179.535464802775,
            12053.353794965153,
            13117.636093536043,
            12872.78356754161,
            17229.055502411866,
            16186.55456351533
        ],
        "FlagUp": 0,
        "Times": [
            -15,
            -10,
            -5,
            2,
            10,
            20,
            30,
            40
        ],
        "width": 0,
        "height": 0,
        "area": 0.7510813680810788,
        "distance": 9.998156201741002,
        "xpert": [
            [
                152.0,
                276.6
            ],
            [
                143.0,
                278.0
            ],
            [
                144.8,
                269.0
            ],
            [
                146.6,
                263.6
            ],
            [
                152.0,
                264.2
            ],
            [
                155.6,
                265.4
            ],
            [
                158.2,
                269.0
            ],
            [
                158.0,
                275.0
            ]
        ],
        "stack": 0
    },
    {
        "type": "Spine",
        "location": [
            168,
            257
        ],
        "radloc": [
            0,
            0
        ],
        "mean": [
            35.424,
            32.928,
            32.84,
            31.6,
            30.856,
            31.6,
            29.832,
            29.28
        ],
        "min": [
            10.0,
            9.0,
            8.0,
            8.0,
            7.0,
            9.0,
            6.0,
            9.0
        ],
        "max": [
            85.0,
            92.0,
            74.0,
            69.0,
            78.0,
            83.0,
            92.0,
            77.0
        ],
        "RawIntDen": [
            4428.0,
            4116.0,
            4105.0,
            3950.0,
            3857.0,
            3950.0,
            3729.0,
            3660.0
        ],
        "IntDen": [
            3076.2114436622314,
            2859.459417821532,
            2851.8175194745845,
            2744.1362245857754,
            2679.52744765249,
            2744.1362245857754,
            2590.60353961528,
            2542.667995438972
        ],
        "FlagUp": 0,
        "Times": [
            -15,
            -10,
            -5,
            2,
            10,
            20,
            30,
            40
        ],
        "width": 0,
        "height": 0,
        "area": 0.6947180315407027,
        "distance": 8.86203860686671,
        "xpert": [
            [
                168.0,
                262.6
            ],
            [
                163.6,
                261.4
            ],
            [
                160.6,
                257.0
            ],
            [
                163.6,
                252.6
            ],
            [
                168.0,
                250.4
            ],
            [
                172.0,
                253.0
            ],
            [
                173.4,
                257.0
            ],
            [
                177.6,
                266.6
            ]
        ],
        "stack": 0
    },
    {
        "type": "Spine",
        "location": [
            178,
            295
        ],
        "radloc": [
            0,
            0
        ],
        "mean": [
            60.28378378378378,
            63.87162162162162,
            64.56756756756756,
            64.55405405405405,
            63.7027027027027,
            53.817567567567565,
            49.195945945945944,
            44.38513513513514
        ],
        "min": [
            10.0,
            12.0,
            7.0,
            9.0,
            15.0,
            7.0,
            7.0,
            6.0
        ],
        "max": [
            174.0,
            139.0,
            159.0,
            136.0,
            135.0,
            133.0,
            111.0,
            112.0
        ],
        "RawIntDen": [
            8922.0,
            9453.0,
            9556.0,
            9554.0,
            9428.0,
            7965.0,
            7281.0,
            6569.0
        ],
        "IntDen": [
            5853.712675948926,
            6202.1010900857655,
            6269.679257046395,
            6268.367059629683,
            6185.6986223768745,
            5225.826212052589,
            4777.054695537338,
            4309.91241518813
        ],
        "FlagUp": 0,
        "Times": [
            -15,
            -10,
            -5,
            2,
            10,
            20,
            30,
            40
        ],
        "width": 0,
        "height": 0,
        "area": 0.6560987083556294,
        "distance": 8.044066075241947,
        "xpert": [
            [
                178.0,
                301.8
            ],
            [
                172.6,
                300.4
            ],
            [
                172.6,
                295.0
            ],
            [
                173.6,
                290.6
            ],
            [
                178.0,
                285.2
            ],
            [
                183.6,
                289.4
            ],
            [
                184.8,
                295.0
            ],
            [
                183.0,
                300.0
            ]
        ],
        "stack": 0
    },
    {
        "type": "Spine",
        "location": [
            201,
            278
        ],
        "radloc": [
            0,
            0
        ],
        "mean": [
            64.3076923076923,
            79.5673076923077,
            80.27884615384616,
            91.6923076923077,
            88.67307692307692,
            79.52884615384616,
            80.25961538461539,
            58.77884615384615
        ],
        "min": [
            19.0,
            19.0,
            21.0,
            23.0,
            24.0,
            18.0,
            14.0,
            10.0
        ],
        "max": [
            144.0,
            162.0,
            174.0,
            167.0,
            164.0,
            153.0,
            190.0,
            178.0
        ],
        "RawIntDen": [
            6688.0,
            8275.0,
            8349.0,
            9536.0,
            9222.0,
            8271.0,
            8347.0,
            6113.0
        ],
        "IntDen": [
            3179.9158078345536,
            3934.480159962759,
            3969.6646351092536,
            4534.042635094244,
            4384.74634866182,
            3932.5782964413265,
            3968.7137033485374,
            2906.5229266286824
        ],
        "FlagUp": 0,
        "Times": [
            -15,
            -10,
            -5,
            2,
            10,
            20,
            30,
            40
        ],
        "width": 0,
        "height": 0,
        "area": 0.47546588035803733,
        "distance": 6.748875948742895,
        "xpert": [
            [
                201.0,
                284.0
            ],
            [
                196.0,
                283.0
            ],
            [
                193.4,
                278.0
            ],
            [
                196.4,
                273.4
            ],
            [
                201.0,
                270.6
            ],
            [
                204.0,
                275.0
            ],
            [
                206.0,
                278.0
            ],
            [
                204.6,
                281.6
            ]
        ],
        "stack": 0
    },
    {
        "type": "Spine",
        "location": [
            206,
            253
        ],
        "radloc": [
            0,
            0
        ],
        "mean": [
            51.32142857142857,
            45.892857142857146,
            41.035714285714285,
            36.535714285714285,
            43.544642857142854,
            43.589285714285715,
            41.044642857142854,
            71.73214285714286
        ],
        "min": [
            12.0,
            9.0,
            9.0,
            8.0,
            11.0,
            9.0,
            9.0,
            16.0
        ],
        "max": [
            194.0,
            167.0,
            162.0,
            152.0,
            107.0,
            153.0,
            140.0,
            184.0
        ],
        "RawIntDen": [
            5748.0,
            5140.0,
            4596.0,
            4092.0,
            4877.0,
            4882.0,
            4597.0,
            8034.0
        ],
        "IntDen": [
            2999.4291070057675,
            2682.1617275590893,
            2398.290914369956,
            2135.292955091789,
            2544.92271309449,
            2547.5318198333607,
            2398.8127357177304,
            4192.312708017456
        ],
        "FlagUp": 0,
        "Times": [
            -15,
            -10,
            -5,
            2,
            10,
            20,
            30,
            40
        ],
        "width": 0,
        "height": 0,
        "area": 0.5218213477741419,
        "distance": 5.898928227369552,
        "xpert": [
            [
                206.0,
                260.8
            ],
            [
                199.8,
                259.2
            ],
            [
                201.4,
                253.0
            ],
            [
                203.0,
                250.0
            ],
            [
                206.0,
                247.2
            ],
            [
                209.2,
                249.8
            ],
            [
                211.2,
                253.0
            ],
            [
                212.4,
                259.4
            ]
        ],
        "stack": 0
    },
    {
        "type": "Spine",
        "location": [
            222,
            239
        ],
        "radloc": [
            0,
            0
        ],
        "mean": [
            11.818181818181818,
            57.18181818181818,
            11.670454545454545,
            12.579545454545455,
            12.75,
            16.011363636363637,
            14.522727272727273,
            14.920454545454545
        ],
        "min": [
            6.0,
            11.0,
            6.0,
            5.0,
            6.0,
            6.0,
            6.0,
            6.0
        ],
        "max": [
            32.0,
            121.0,
            26.0,
            43.0,
            29.0,
            52.0,
            71.0,
            60.0
        ],
        "RawIntDen": [
            1040.0,
            5032.0,
            1027.0,
            1107.0,
            1122.0,
            1409.0,
            1278.0,
            1313.0
        ],
        "IntDen": [
            407.6432266805193,
            1972.3660737080513,
            402.5476863470128,
            433.9048576301297,
            439.7843272457141,
            552.2781792238959,
            500.930811247792,
            514.6495736841556
        ],
        "FlagUp": 0,
        "Times": [
            -15,
            -10,
            -5,
            2,
            10,
            20,
            30,
            40
        ],
        "width": 0,
        "height": 0,
        "area": 0.3919646410389609,
        "distance": 4.626347974371446,
        "xpert": [
            [
                222.0,
                245.0
            ],
            [
                216.6,
                244.4
            ],
            [
                216.6,
                239.0
            ],
            [
                218.8,
                235.8
            ],
            [
                222.0,
                234.2
            ],
            [
                225.2,
                235.8
            ],
            [
                227.4,
                239.0
            ],
            [
                226.4,
                243.4
            ]
        ],
        "stack": 0
    },
    {
        "type": "Spine",
        "location": [
            228,
            248
        ],
        "radloc": [
            0,
            0
        ],
        "mean": [
            71.24107142857143,
            61.160714285714285,
            53.910714285714285,
            66.69642857142857,
            77.71428571428571,
            75.6875,
            80.25,
            90.21428571428571
        ],
        "min": [
            11.0,
            12.0,
            9.0,
            12.0,
            17.0,
            18.0,
            26.0,
            23.0
        ],
        "max": [
            149.0,
            176.0,
            144.0,
            155.0,
            177.0,
            147.0,
            176.0,
            177.0
        ],
        "RawIntDen": [
            7979.0,
            6850.0,
            6038.0,
            7470.0,
            8704.0,
            8477.0,
            8988.0,
            10104.0
        ],
        "IntDen": [
            4262.571203362275,
            3659.4326034630385,
            3225.642928424792,
            3990.651320856773,
            4649.883413217852,
            4528.614624752727,
            4801.602954733692,
            5397.796646042414
        ],
        "FlagUp": 0,
        "Times": [
            -15,
            -10,
            -5,
            2,
            10,
            20,
            30,
            40
        ],
        "width": 0,
        "height": 0,
        "area": 0.5342237377318304,
        "distance": 4.231007974371447,
        "xpert": [
            [
                228.0,
                253.8
            ],
            [
                222.2,
                253.8
            ],
            [
                222.2,
                248.0
            ],
            [
                223.6,
                243.6
            ],
            [
                228.0,
                242.0
            ],
            [
                232.6,
                243.4
            ],
            [
                233.4,
                248.0
            ],
            [
                233.8,
                253.8
            ]
        ],
        "stack": 0
    },
    {
        "type": "Spine",
        "location": [
            253,
            241
        ],
        "radloc": [
            0,
            0
        ],
        "mean": [
            88.02083333333333,
            102.77604166666667,
            108.77083333333333,
            140.89583333333334,
            100.015625,
            98.73958333333333,
            94.30729166666667,
            104.04166666666667
        ],
        "min": [
            8.0,
            17.0,
            18.0,
            40.0,
            22.0,
            16.0,
            20.0,
            17.0
        ],
        "max": [
            249.0,
            246.0,
            217.0,
            255.0,
            182.0,
            189.0,
            183.0,
            247.0
        ],
        "RawIntDen": [
            16900.0,
            19733.0,
            20884.0,
            27052.0,
            19203.0,
            18958.0,
            18107.0,
            19976.0
        ],
        "IntDen": [
            14634.672794941778,
            17087.928891277286,
            18084.645363879532,
            23425.867955548223,
            16628.97169711639,
            16416.812239438237,
            15679.88285787046,
            17298.356435015205
        ],
        "FlagUp": 0,
        "Times": [
            -15,
            -10,
            -5,
            2,
            10,
            20,
            30,
            40
        ],
        "width": 0,
        "height": 0,
        "area": 0.8659569701148981,
        "distance": 2.1577474419625835,
        "xpert": [
            [
                253.0,
                248.2
            ],
            [
                247.0,
                247.0
            ],
            [
                245.4,
                241.0
            ],
            [
                247.6,
                235.6
            ],
            [
                253.0,
                230.2
            ],
            [
                258.6,
                235.4
            ],
            [
                260.6,
                241.0
            ],
            [
                259.6,
                247.6
            ]
        ],
        "stack": 0
    },
    {
        "type": "Spine",
        "location": [
            278,
            244
        ],
        "radloc": [
            0,
            0
        ],
        "mean": [
            62.541666666666664,
            53.75,
            54.18333333333333,
            138.53333333333333,
            87.88333333333334,
            108.43333333333334,
            101.875,
            100.49166666666666
        ],
        "min": [
            10.0,
            9.0,
            9.0,
            40.0,
            16.0,
            26.0,
            21.0,
            24.0
        ],
        "max": [
            160.0,
            133.0,
            151.0,
            255.0,
            203.0,
            221.0,
            220.0,
            217.0
        ],
        "RawIntDen": [
            7505.0,
            6450.0,
            6502.0,
            16624.0,
            10546.0,
            13012.0,
            12225.0,
            12059.0
        ],
        "IntDen": [
            4511.612176080125,
            3877.4015370708607,
            3908.6612083774785,
            9993.476457715657,
            6339.701799992139,
            7822.131596955975,
            7349.028494680817,
            7249.238005509691
        ],
        "FlagUp": 0,
        "Times": [
            -15,
            -10,
            -5,
            2,
            10,
            20,
            30,
            40
        ],
        "width": 0,
        "height": 0,
        "area": 0.6011475251272652,
        "distance": 0.5817050632495265,
        "xpert": [
            [
                278.0,
                249.0
            ],
            [
                269.4,
                252.6
            ],
            [
                271.0,
                244.0
            ],
            [
                273.8,
                239.8
            ],
            [
                278.0,
                238.8
            ],
            [
                282.2,
                239.8
            ],
            [
                285.0,
                244.0
            ],
            [
                281.4,
                247.4
            ]
        ],
        "stack": 0
    },
    {
        "type": "Spine",
        "location": [
            305,
            260
        ],
        "radloc": [
            0,
            0
        ],
        "mean": [
            102.97115384615384,
            110.07692307692308,
            113.52884615384616,
            107.40384615384616,
            91.78846153846153,
            87.96153846153847,
            75.36538461538461,
            69.61538461538461
        ],
        "min": [
            28.0,
            34.0,
            36.0,
            19.0,
            28.0,
            16.0,
            15.0,
            10.0
        ],
        "max": [
            183.0,
            196.0,
            218.0,
            183.0,
            169.0,
            181.0,
            157.0,
            146.0
        ],
        "RawIntDen": [
            10709.0,
            11448.0,
            11807.0,
            11170.0,
            9546.0,
            9148.0,
            7838.0,
            7240.0
        ],
        "IntDen": [
            4751.8309972720635,
            5079.742390211091,
            5239.038993817467,
            4956.387360120361,
            4235.78099728818,
            4059.1791916187162,
            3477.9018915508855,
            3212.5554599168677
        ],
        "FlagUp": 0,
        "Times": [
            -15,
            -10,
            -5,
            2,
            10,
            20,
            30,
            40
        ],
        "width": 0,
        "height": 0,
        "area": 0.4437231298227718,
        "distance": 1.38369,
        "xpert": [
            [
                305.0,
                265.6
            ],
            [
                300.0,
                265.0
            ],
            [
                298.4,
                260.0
            ],
            [
                300.8,
                255.8
            ],
            [
                305.0,
                255.8
            ],
            [
                309.2,
                255.8
            ],
            [
                310.8,
                260.0
            ],
            [
                309.6,
                264.6
            ]
        ],
        "stack": 0
    },
    {
        "type": "Spine",
        "location": [
            315,
            262
        ],
        "radloc": [
            0,
            0
        ],
        "mean": [
            88.23931623931624,
            91.42735042735043,
            86.1025641025641,
            113.64957264957265,
            78.03418803418803,
            76.23931623931624,
            79.41025641025641,
            68.58119658119658
        ],
        "min": [
            13.0,
            18.0,
            20.0,
            32.0,
            17.0,
            17.0,
            13.0,
            11.0
        ],
        "max": [
            199.0,
            219.0,
            209.0,
            194.0,
            156.0,
            157.0,
            157.0,
            165.0
        ],
        "RawIntDen": [
            10324.0,
            10697.0,
            10074.0,
            13297.0,
            9130.0,
            8920.0,
            9291.0,
            8024.0
        ],
        "IntDen": [
            5371.436778340658,
            5565.503604989347,
            5241.365178710169,
            6918.248241146429,
            4750.214818505444,
            4640.954674815834,
            4833.980928667479,
            4174.778061740162
        ],
        "FlagUp": 0,
        "Times": [
            -15,
            -10,
            -5,
            2,
            10,
            20,
            30,
            40
        ],
        "width": 0,
        "height": 0,
        "area": 0.5202863985219545,
        "distance": 2.2464100532609237,
        "xpert": [
            [
                315.0,
                270.2
            ],
            [
                309.2,
                267.8
            ],
            [
                309.2,
                262.0
            ],
            [
                310.8,
                257.8
            ],
            [
                315.0,
                257.4
            ],
            [
                318.6,
                258.4
            ],
            [
                321.2,
                262.0
            ],
            [
                320.0,
                267.0
            ]
        ],
        "stack": 0
    },
    {
        "type": "Spine",
        "location": [
            327,
            244
        ],
        "radloc": [
            0,
            0
        ],
        "mean": [
            72.9622641509434,
            70.55660377358491,
            76.67924528301887,
            55.367924528301884,
            49.009433962264154,
            58.490566037735846,
            55.094339622641506,
            54.075471698113205
        ],
        "min": [
            28.0,
            16.0,
            14.0,
            16.0,
            9.0,
            14.0,
            10.0,
            10.0
        ],
        "max": [
            158.0,
            144.0,
            175.0,
            130.0,
            127.0,
            145.0,
            176.0,
            143.0
        ],
        "RawIntDen": [
            7734.0,
            7479.0,
            8128.0,
            5869.0,
            5195.0,
            6200.0,
            5840.0,
            5732.0
        ],
        "IntDen": [
            3613.148112100338,
            3494.0179377293025,
            3797.215910932447,
            2741.8627191513942,
            2426.9853170883443,
            2896.498357256542,
            2728.314581673904,
            2677.8594489991124
        ],
        "FlagUp": 0,
        "Times": [
            -15,
            -10,
            -5,
            2,
            10,
            20,
            30,
            40
        ],
        "width": 0,
        "height": 0,
        "area": 0.46717715439621643,
        "distance": 2.7536847927496044,
        "xpert": [
            [
                327.0,
                251.2
            ],
            [
                321.6,
                249.4
            ],
            [
                321.0,
                244.0
            ],
            [
                323.2,
                240.2
            ],
            [
                327.0,
                238.8
            ],
            [
                330.4,
                240.6
            ],
            [
                332.4,
                244.0
            ],
            [
                332.0,
                249.0
            ]
        ],
        "stack": 0
    },
    {
        "type": "Spine",
        "location": [
            343,
            253
        ],
        "radloc": [
            0,
            0
        ],
        "mean": [
            93.91919191919192,
            82.15151515151516,
            78.25252525252525,
            79.17171717171718,
            69.91919191919192,
            69.83838383838383,
            85.42424242424242,
            82.05050505050505
        ],
        "min": [
            25.0,
            22.0,
            10.0,
            21.0,
            16.0,
            12.0,
            19.0,
            19.0
        ],
        "max": [
            194.0,
            198.0,
            189.0,
            161.0,
            139.0,
            166.0,
            166.0,
            171.0
        ],
        "RawIntDen": [
            9298.0,
            8133.0,
            7747.0,
            7838.0,
            6922.0,
            6914.0,
            8457.0,
            8123.0
        ],
        "IntDen": [
            4115.461851226393,
            3599.811920415601,
            3428.9613854001796,
            3469.2396203390485,
            3063.8015631521935,
            3060.260619421304,
            3743.2201415166282,
            3595.385740751989
        ],
        "FlagUp": 0,
        "Times": [
            -15,
            -10,
            -5,
            2,
            10,
            20,
            30,
            40
        ],
        "width": 0,
        "height": 0,
        "area": 0.44261796636119527,
        "distance": 4.05126518974858,
        "xpert": [
            [
                343.0,
                258.4
            ],
            [
                338.2,
                257.8
            ],
            [
                334.4,
                253.0
            ],
            [
                339.4,
                249.4
            ],
            [
                343.0,
                248.0
            ],
            [
                346.6,
                249.4
            ],
            [
                348.2,
                253.0
            ],
            [
                347.2,
                257.2
            ]
        ],
        "stack": 0
    },
    {
        "type": "Spine",
        "location": [
            371,
            250
        ],
        "radloc": [
            0,
            0
        ],
        "mean": [
            52.970588235294116,
            139.72549019607843,
            69.84313725490196,
            64.25490196078431,
            82.52941176470588,
            71.15686274509804,
            63.85294117647059,
            64.12745098039215
        ],
        "min": [
            10.0,
            49.0,
            11.0,
            12.0,
            13.0,
            12.0,
            10.0,
            9.0
        ],
        "max": [
            144.0,
            242.0,
            150.0,
            141.0,
            187.0,
            169.0,
            145.0,
            160.0
        ],
        "RawIntDen": [
            5403.0,
            14252.0,
            7124.0,
            6554.0,
            8418.0,
            7258.0,
            6513.0,
            6541.0
        ],
        "IntDen": [
            2447.859521754664,
            6456.948714426701,
            3227.5682459707987,
            2969.3265418434326,
            3813.822219902047,
            3288.2776992217937,
            2950.7512613711133,
            2963.4368187668438
        ],
        "FlagUp": 0,
        "Times": [
            -15,
            -10,
            -5,
            2,
            10,
            20,
            30,
            40
        ],
        "width": 0,
        "height": 0,
        "area": 0.4530556212760807,
        "distance": 5.640618987185723,
        "xpert": [
            [
                371.0,
                256.6
            ],
            [
                366.4,
                254.6
            ],
            [
                364.2,
                250.0
            ],
            [
                366.4,
                245.4
            ],
            [
                371.0,
                244.2
            ],
            [
                375.0,
                246.0
            ],
            [
                376.4,
                250.0
            ],
            [
                374.6,
                253.6
            ]
        ],
        "stack": 0
    },
    {
        "type": "Spine",
        "location": [
            361,
            274
        ],
        "radloc": [
            0,
            0
        ],
        "mean": [
            49.46969696969697,
            59.28030303030303,
            58.90909090909091,
            57.34090909090909,
            63.04545454545455,
            46.06060606060606,
            46.11363636363637,
            44.36363636363637
        ],
        "min": [
            11.0,
            14.0,
            15.0,
            13.0,
            9.0,
            12.0,
            12.0,
            12.0
        ],
        "max": [
            176.0,
            226.0,
            218.0,
            192.0,
            221.0,
            179.0,
            193.0,
            142.0
        ],
        "RawIntDen": [
            6530.0,
            7825.0,
            7776.0,
            7569.0,
            8322.0,
            6080.0,
            6087.0,
            5856.0
        ],
        "IntDen": [
            3970.798287228954,
            4758.269004221526,
            4728.472814929915,
            4602.599117310253,
            5060.487495607865,
            3697.159814142732,
            3701.416412612962,
            3560.9486630953684
        ],
        "FlagUp": 0,
        "Times": [
            -15,
            -10,
            -5,
            2,
            10,
            20,
            30,
            40
        ],
        "width": 0,
        "height": 0,
        "area": 0.6080854957471599,
        "distance": 6.013349113684777,
        "xpert": [
            [
                361.0,
                279.4
            ],
            [
                355.2,
                279.8
            ],
            [
                355.2,
                274.0
            ],
            [
                355.6,
                268.6
            ],
            [
                361.0,
                264.4
            ],
            [
                366.4,
                268.6
            ],
            [
                366.6,
                274.0
            ],
            [
                364.6,
                277.6
            ]
        ],
        "stack": 0
    },
    {
        "type": "Spine",
        "location": [
            377,
            286
        ],
        "radloc": [
            0,
            0
        ],
        "mean": [
            51.57037037037037,
            39.977777777777774,
            39.955555555555556,
            39.25925925925926,
            42.96296296296296,
            41.51851851851852,
            40.17037037037037,
            47.111111111111114
        ],
        "min": [
            16.0,
            11.0,
            12.0,
            12.0,
            10.0,
            10.0,
            6.0,
            7.0
        ],
        "max": [
            120.0,
            90.0,
            83.0,
            93.0,
            119.0,
            100.0,
            105.0,
            133.0
        ],
        "RawIntDen": [
            6962.0,
            5397.0,
            5394.0,
            5300.0,
            5800.0,
            5605.0,
            5423.0,
            6360.0
        ],
        "IntDen": [
            4499.366780731951,
            3487.9463538653176,
            3486.0075287658924,
            3425.2576756505805,
            3748.39519222139,
            3622.371560758774,
            3504.7495047269995,
            4110.309210780696
        ],
        "FlagUp": 0,
        "Times": [
            -15,
            -10,
            -5,
            2,
            10,
            20,
            30,
            40
        ],
        "width": 0,
        "height": 0,
        "area": 0.6462750331416189,
        "distance": 7.118863037620975,
        "xpert": [
            [
                377.0,
                291.8
            ],
            [
                370.6,
                292.4
            ],
            [
                368.4,
                286.0
            ],
            [
                373.0,
                282.0
            ],
            [
                377.0,
                277.8
            ],
            [
                383.0,
                280.0
            ],
            [
                382.0,
                286.0
            ],
            [
                381.2,
                290.2
            ]
        ],
        "stack": 0
    },
    {
        "type": "Spine",
        "location": [
            394,
            266
        ],
        "radloc": [
            0,
            0
        ],
        "mean": [
            132.49693251533742,
            130.42944785276075,
            121.59509202453988,
            112.30061349693251,
            128.6073619631902,
            129.16564417177915,
            117.4601226993865,
            125.5521472392638
        ],
        "min": [
            38.0,
            32.0,
            24.0,
            26.0,
            20.0,
            35.0,
            17.0,
            20.0
        ],
        "max": [
            251.0,
            255.0,
            255.0,
            242.0,
            255.0,
            235.0,
            232.0,
            247.0
        ],
        "RawIntDen": [
            21597.0,
            21260.0,
            19820.0,
            18305.0,
            20963.0,
            21054.0,
            19146.0,
            20465.0
        ],
        "IntDen": [
            15898.88340017171,
            15650.796920296825,
            14590.724127953108,
            13475.439211008155,
            15432.156906875935,
            15499.147618058767,
            14094.551168203341,
            15065.548399523732
        ],
        "FlagUp": 0,
        "Times": [
            -15,
            -10,
            -5,
            2,
            10,
            20,
            30,
            40
        ],
        "width": 0,
        "height": 0,
        "area": 0.7361616613498037,
        "distance": 7.821043164120027,
        "xpert": [
            [
                394.0,
                270.6
            ],
            [
                389.4,
                270.6
            ],
            [
                384.2,
                266.0
            ],
            [
                387.4,
                259.4
            ],
            [
                394.0,
                258.0
            ],
            [
                400.4,
                259.6
            ],
            [
                400.4,
                266.0
            ],
            [
                398.8,
                270.8
            ]
        ],
        "stack": 0
    },
    {
        "type": "Spine",
        "location": [
            395,
            248
        ],
        "radloc": [
            0,
            0
        ],
        "mean": [
            37.267857142857146,
            30.160714285714285,
            29.633928571428573,
            24.633928571428573,
            30.303571428571427,
            28.732142857142858,
            24.526785714285715,
            24.9375
        ],
        "min": [
            10.0,
            8.0,
            9.0,
            8.0,
            6.0,
            6.0,
            7.0,
            7.0
        ],
        "max": [
            96.0,
            64.0,
            58.0,
            45.0,
            72.0,
            65.0,
            53.0,
            63.0
        ],
        "RawIntDen": [
            4174.0,
            3378.0,
            3319.0,
            2759.0,
            3394.0,
            3218.0,
            2747.0,
            2793.0
        ],
        "IntDen": [
            2138.103385774587,
            1730.3577472799604,
            1700.1353946779718,
            1413.2791665912998,
            1738.5536395110082,
            1648.3988249694828,
            1407.132247418014,
            1430.6954375822763
        ],
        "FlagUp": 0,
        "Times": [
            -15,
            -10,
            -5,
            2,
            10,
            20,
            30,
            40
        ],
        "width": 0,
        "height": 0,
        "area": 0.5122432644404856,
        "distance": 7.777763037620975,
        "xpert": [
            [
                395.0,
                254.2
            ],
            [
                387.4,
                255.6
            ],
            [
                388.4,
                248.0
            ],
            [
                391.2,
                244.2
            ],
            [
                395.0,
                242.4
            ],
            [
                398.8,
                244.2
            ],
            [
                399.6,
                248.0
            ],
            [
                398.6,
                251.6
            ]
        ],
        "stack": 0
    },
    {
        "type": "Spine",
        "location": [
            392,
            285
        ],
        "radloc": [
            0,
            0
        ],
        "mean": [
            59.27407407407407,
            63.577777777777776,
            70.97777777777777,
            68.97037037037038,
            69.17777777777778,
            62.34814814814815,
            67.55555555555556,
            56.27407407407407
        ],
        "min": [
            12.0,
            12.0,
            14.0,
            15.0,
            15.0,
            16.0,
            18.0,
            12.0
        ],
        "max": [
            156.0,
            155.0,
            165.0,
            142.0,
            149.0,
            132.0,
            126.0,
            163.0
        ],
        "RawIntDen": [
            8002.0,
            8583.0,
            9582.0,
            9311.0,
            9339.0,
            8417.0,
            9120.0,
            7597.0
        ],
        "IntDen": [
            5093.866379250027,
            5463.715962647211,
            6099.65354236113,
            5927.1419466629595,
            5944.966022971258,
            5358.044653105158,
            5805.556283274213,
            4836.053846933574
        ],
        "FlagUp": 0,
        "Times": [
            -15,
            -10,
            -5,
            2,
            10,
            20,
            30,
            40
        ],
        "width": 0,
        "height": 0,
        "area": 0.6365741538677865,
        "distance": 8.240364556431462,
        "xpert": [
            [
                392.0,
                291.6
            ],
            [
                386.6,
                290.4
            ],
            [
                385.2,
                285.0
            ],
            [
                385.0,
                278.0
            ],
            [
                392.0,
                278.4
            ],
            [
                396.2,
                280.8
            ],
            [
                399.6,
                285.0
            ],
            [
                396.0,
                289.0
            ]
        ],
        "stack": 0
    },
    {
        "type": "Spine",
        "location": [
            403,
            294
        ],
        "radloc": [
            0,
            0
        ],
        "mean": [
            64.8731343283582,
            71.8955223880597,
            77.99253731343283,
            84.44029850746269,
            79.84328358208955,
            92.8731343283582,
            88.8955223880597,
            86.23880597014926
        ],
        "min": [
            19.0,
            10.0,
            19.0,
            19.0,
            17.0,
            27.0,
            19.0,
            15.0
        ],
        "max": [
            171.0,
            200.0,
            210.0,
            192.0,
            204.0,
            197.0,
            181.0,
            213.0
        ],
        "RawIntDen": [
            8693.0,
            9634.0,
            10451.0,
            11315.0,
            10699.0,
            12445.0,
            11912.0,
            11556.0
        ],
        "IntDen": [
            5159.058866684916,
            5717.516751598123,
            6202.384011931906,
            6715.144492872406,
            6349.565261090753,
            7385.768732991347,
            7069.447741855599,
            6858.171432579189
        ],
        "FlagUp": 0,
        "Times": [
            -15,
            -10,
            -5,
            2,
            10,
            20,
            30,
            40
        ],
        "width": 0,
        "height": 0,
        "area": 0.5934727788663196,
        "distance": 9.307281011992423,
        "xpert": [
            [
                403.0,
                299.2
            ],
            [
                398.6,
                298.4
            ],
            [
                396.6,
                294.0
            ],
            [
                398.0,
                289.0
            ],
            [
                403.0,
                285.4
            ],
            [
                408.0,
                289.0
            ],
            [
                411.2,
                294.0
            ],
            [
                407.4,
                298.4
            ]
        ],
        "stack": 0
    },
    {
        "type": "Spine",
        "location": [
            428,
            277
        ],
        "radloc": [
            0,
            0
        ],
        "mean": [
            44.9009900990099,
            61.68316831683168,
            60.97029702970297,
            63.92079207920792,
            65.65346534653466,
            79.61386138613861,
            93.07920792079207,
            105.73267326732673
        ],
        "min": [
            11.0,
            14.0,
            10.0,
            8.0,
            14.0,
            16.0,
            20.0,
            38.0
        ],
        "max": [
            102.0,
            122.0,
            136.0,
            145.0,
            137.0,
            189.0,
            215.0,
            215.0
        ],
        "RawIntDen": [
            4535.0,
            6230.0,
            6158.0,
            6456.0,
            6631.0,
            8041.0,
            9401.0,
            10679.0
        ],
        "IntDen": [
            2074.3764678856683,
            2849.6946846588125,
            2816.760813503847,
            2953.0704468952317,
            3033.1180503968835,
            3678.073027181623,
            4300.157260108747,
            4884.733473109383
        ],
        "FlagUp": 0,
        "Times": [
            -15,
            -10,
            -5,
            2,
            10,
            20,
            30,
            40
        ],
        "width": 0,
        "height": 0,
        "area": 0.45741487715229734,
        "distance": 9.680011138491475,
        "xpert": [
            [
                428.0,
                284.2
            ],
            [
                423.2,
                281.8
            ],
            [
                421.2,
                277.0
            ],
            [
                423.4,
                272.4
            ],
            [
                428.0,
                272.2
            ],
            [
                431.4,
                273.6
            ],
            [
                432.8,
                277.0
            ],
            [
                432.6,
                281.6
            ]
        ],
        "stack": 0
    },
    {
        "type": "Spine",
        "location": [
            459,
            307
        ],
        "radloc": [
            0,
            0
        ],
        "mean": [
            47.31132075471698,
            50.905660377358494,
            66.52830188679245,
            42.64150943396226,
            58.29245283018868,
            51.85849056603774,
            62.924528301886795,
            51.22641509433962
        ],
        "min": [
            11.0,
            9.0,
            10.0,
            6.0,
            12.0,
            11.0,
            7.0,
            7.0
        ],
        "max": [
            152.0,
            174.0,
            162.0,
            118.0,
            147.0,
            120.0,
            159.0,
            130.0
        ],
        "RawIntDen": [
            5015.0,
            5396.0,
            7052.0,
            4520.0,
            6179.0,
            5497.0,
            6670.0,
            5430.0
        ],
        "IntDen": [
            2374.6082437558985,
            2555.0121801210025,
            3339.13007676303,
            2140.2251768248575,
            2925.7635769028307,
            2602.835795797841,
            3158.2526392526106,
            2571.1112190617205
        ],
        "FlagUp": 0,
        "Times": [
            -15,
            -10,
            -5,
            2,
            10,
            20,
            30,
            40
        ],
        "width": 0,
        "height": 0,
        "area": 0.47350114531523396,
        "distance": 13.25017949236008,
        "xpert": [
            [
                459.0,
                312.2
            ],
            [
                453.8,
                312.2
            ],
            [
                450.6,
                307.0
            ],
            [
                454.0,
                302.0
            ],
            [
                459.0,
                302.2
            ],
            [
                462.0,
                304.0
            ],
            [
                464.2,
                307.0
            ],
            [
                463.4,
                311.4
            ]
        ],
        "stack": 0
    },
    {
        "type": "Spine",
        "location": [
            449,
            326
        ],
        "radloc": [
            0,
            0
        ],
        "mean": [
            64.56,
            74.74857142857142,
            83.10285714285715,
            73.72,
            183.93714285714285,
            72.99428571428571,
            65.98285714285714,
            54.76
        ],
        "min": [
            8.0,
            10.0,
            9.0,
            8.0,
            63.0,
            10.0,
            8.0,
            7.0
        ],
        "max": [
            200.0,
            235.0,
            205.0,
            218.0,
            255.0,
            210.0,
            205.0,
            189.0
        ],
        "RawIntDen": [
            11298.0,
            13081.0,
            14543.0,
            12901.0,
            32189.0,
            12774.0,
            11547.0,
            9583.0
        ],
        "IntDen": [
            8783.997230981235,
            10170.248519956234,
            11306.92792796602,
            10030.301670816862,
            25026.384038595766,
            9931.561393924083,
            8977.590372290699,
            7450.614751681109
        ],
        "FlagUp": 0,
        "Times": [
            -15,
            -10,
            -5,
            2,
            10,
            20,
            30,
            40
        ],
        "width": 0,
        "height": 0,
        "area": 0.777482495218732,
        "distance": 12.591279492360083,
        "xpert": [
            [
                449.0,
                334.8
            ],
            [
                444.4,
                330.6
            ],
            [
                441.2,
                326.0
            ],
            [
                443.2,
                320.2
            ],
            [
                449.0,
                320.4
            ],
            [
                454.6,
                320.4
            ],
            [
                457.8,
                326.0
            ],
            [
                455.6,
                332.6
            ]
        ],
        "stack": 0
    }
]