[
    {
        "type": "Spine",
        "location": [
            86,
            257
        ],
        "radloc": [
            0,
            0
        ],
        "mean": [
            66.5702479338843,
            69.43801652892562,
            89.28099173553719,
            76.14049586776859,
            87.66115702479338,
            95.4297520661157,
            115.70247933884298,
            87.11570247933884
        ],
        "min": [
            12.0,
            13.0,
            23.0,
            14.0,
            15.0,
            13.0,
            11.0,
            11.0
        ],
        "max": [
            152.0,
            169.0,
            214.0,
            201.0,
            174.0,
            234.0,
            255.0,
            218.0
        ],
        "RawIntDen": [
            8055.0,
            8402.0,
            10803.0,
            9213.0,
            10607.0,
            11547.0,
            14000.0,
            10541.0
        ],
        "IntDen": [
            4421.372202554092,
            4611.8397574003075,
            5929.743501451502,
            5056.995915844922,
            5822.159522345282,
            6338.123503773072,
            7684.56993615857,
            5785.9322640748205
        ],
        "FlagUp": 0,
        "Times": [
            -15,
            -10,
            -5,
            2,
            10,
            20,
            30,
            40
        ],
        "width": 0,
        "height": 0,
        "area": 0.548897852582755,
        "distance": 0.8087428049785484,
        "xpert": [
            [
                86.0,
                263.6
            ],
            [
                82.0,
                261.0
            ],
            [
                78.4,
                257.0
            ],
            [
                81.2,
                252.2
            ],
            [
                86.0,
                250.4
            ],
            [
                91.0,
                252.0
            ],
            [
                92.0,
                257.0
            ],
            [
                90.6,
                261.6
            ]
        ],
        "stack": 0
    },
    {
        "type": "Stim",
        "location": [
            97,
            261
        ],
        "radloc": [
            0,
            0
        ],
        "mean": [
            68.52459016393442,
            67.80327868852459,
            64.49180327868852,
            72.06557377049181,
            73.95901639344262,
            85.8688524590164,
            88.81147540983606,
            86.31147540983606
        ],
        "min": [
            15.0,
            12.0,
            8.0,
            23.0,
            12.0,
            19.0,
            17.0,
            18.0
        ],
        "max": [
            141.0,
            176.0,
            144.0,
            141.0,
            138.0,
            193.0,
            188.0,
            156.0
        ],
        "RawIntDen": [
            8360.0,
            8272.0,
            7868.0,
            8792.0,
            9023.0,
            10476.0,
            10835.0,
            10530.0
        ],
        "IntDen": [
            4545.156650047616,
            4497.312895836588,
            4277.666569685962,
            4780.025988901751,
            4905.615843705697,
            5695.581467212777,
            5890.762237232765,
            5724.940134569544
        ],
        "FlagUp": 0,
        "Times": [
            -15,
            -10,
            -5,
            2,
            10,
            20,
            30,
            40
        ],
        "width": 0,
        "height": 0,
        "area": 0.5436790251253129,
        "distance": 0,
        "xpert": [
            [
                97.0,
                266.4
            ],
            [
                92.8,
                265.2
            ],
            [
                91.2,
                261.0
            ],
            [
                91.8,
                255.8
            ],
            [
                97.0,
                254.0
            ],
            [
                102.4,
                255.6
            ],
            [
                104.2,
                261.0
            ],
            [
                101.4,
                265.4
            ]
        ],
        "stack": 0
    },
    {
        "type": "Stim",
        "location": [
            148,
            276
        ],
        "radloc": [
            0,
            0
        ],
        "mean": [
            77.05696202531645,
            88.28481012658227,
            68.60126582278481,
            78.83544303797468,
            65.9367088607595,
            82.68354430379746,
            83.81645569620254,
            104.0253164556962
        ],
        "min": [
            18.0,
            21.0,
            19.0,
            17.0,
            14.0,
            13.0,
            7.0,
            12.0
        ],
        "max": [
            167.0,
            198.0,
            151.0,
            167.0,
            166.0,
            197.0,
            196.0,
            246.0
        ],
        "RawIntDen": [
            12175.0,
            13949.0,
            10839.0,
            12456.0,
            10418.0,
            13064.0,
            13243.0,
            16436.0
        ],
        "IntDen": [
            8652.547308320203,
            9913.296295996593,
            7703.076819292212,
            8852.248810877738,
            7403.879906207793,
            9284.343165165925,
            9411.555154339585,
            11680.761195856334
        ],
        "FlagUp": 0,
        "Times": [
            -15,
            -10,
            -5,
            2,
            10,
            20,
            30,
            40
        ],
        "width": 0,
        "height": 0,
        "area": 0.7106815037634664,
        "distance": 0,
        "xpert": [
            [
                148.0,
                283.0
            ],
            [
                143.4,
                280.6
            ],
            [
                141.6,
                276.0
            ],
            [
                142.6,
                270.6
            ],
            [
                148.0,
                267.0
            ],
            [
                154.2,
                269.8
            ],
            [
                155.0,
                276.0
            ],
            [
                153.4,
                281.4
            ]
        ],
        "stack": 0
    },
    {
        "type": "Stim",
        "location": [
            162,
            245
        ],
        "radloc": [
            0,
            0
        ],
        "mean": [
            59.88695652173913,
            71.72173913043478,
            60.74782608695652,
            62.15652173913043,
            76.07826086956521,
            98.22608695652174,
            102.26086956521739,
            96.05217391304348
        ],
        "min": [
            6.0,
            6.0,
            5.0,
            8.0,
            11.0,
            24.0,
            19.0,
            12.0
        ],
        "max": [
            177.0,
            200.0,
            190.0,
            206.0,
            167.0,
            185.0,
            242.0,
            219.0
        ],
        "RawIntDen": [
            6887.0,
            8248.0,
            6986.0,
            7148.0,
            8749.0,
            11296.0,
            11760.0,
            11046.0
        ],
        "IntDen": [
            3566.7213616409686,
            4271.572207175071,
            3617.9926575321338,
            3701.8911417176773,
            4531.036037897028,
            5850.1066503697375,
            6090.408481617219,
            5720.633680947602
        ],
        "FlagUp": 0,
        "Times": [
            -15,
            -10,
            -5,
            2,
            10,
            20,
            30,
            40
        ],
        "width": 0,
        "height": 0,
        "area": 0.5178918776885391,
        "distance": 0,
        "xpert": [
            [
                162.0,
                251.2
            ],
            [
                156.6,
                250.4
            ],
            [
                157.0,
                245.0
            ],
            [
                157.6,
                240.6
            ],
            [
                162.0,
                240.6
            ],
            [
                165.6,
                241.4
            ],
            [
                169.0,
                245.0
            ],
            [
                168.2,
                251.2
            ]
        ],
        "stack": 0
    },
    {
        "type": "Stim",
        "location": [
            236,
            246
        ],
        "radloc": [
            0,
            0
        ],
        "mean": [
            68.78947368421052,
            81.92481203007519,
            70.76691729323308,
            80.47368421052632,
            83.09774436090225,
            95.6842105263158,
            109.36842105263158,
            104.30075187969925
        ],
        "min": [
            9.0,
            12.0,
            9.0,
            16.0,
            13.0,
            24.0,
            16.0,
            8.0
        ],
        "max": [
            182.0,
            184.0,
            179.0,
            200.0,
            218.0,
            225.0,
            226.0,
            244.0
        ],
        "RawIntDen": [
            9149.0,
            10896.0,
            9412.0,
            10703.0,
            11052.0,
            12726.0,
            14546.0,
            13872.0
        ],
        "IntDen": [
            5482.485076511091,
            6529.364673042393,
            5640.086297969438,
            6413.710544747864,
            6622.846766378903,
            7625.981537182222,
            8716.605959441506,
            8312.715376692739
        ],
        "FlagUp": 0,
        "Times": [
            -15,
            -10,
            -5,
            2,
            10,
            20,
            30,
            40
        ],
        "width": 0,
        "height": 0,
        "area": 0.5992441880545515,
        "distance": 0,
        "xpert": [
            [
                236.0,
                253.2
            ],
            [
                230.0,
                252.0
            ],
            [
                227.2,
                246.0
            ],
            [
                231.6,
                241.6
            ],
            [
                236.0,
                240.4
            ],
            [
                240.0,
                242.0
            ],
            [
                242.0,
                246.0
            ],
            [
                240.8,
                250.8
            ]
        ],
        "stack": 0
    },
    {
        "type": "Stim",
        "location": [
            255,
            271
        ],
        "radloc": [
            0,
            0
        ],
        "mean": [
            77.66386554621849,
            73.18487394957984,
            56.27731092436975,
            79.11764705882354,
            73.5126050420168,
            80.03361344537815,
            93.01680672268908,
            122.34453781512605
        ],
        "min": [
            10.0,
            18.0,
            6.0,
            4.0,
            11.0,
            5.0,
            17.0,
            23.0
        ],
        "max": [
            184.0,
            172.0,
            151.0,
            219.0,
            187.0,
            226.0,
            208.0,
            229.0
        ],
        "RawIntDen": [
            9242.0,
            8709.0,
            6697.0,
            9415.0,
            8748.0,
            9524.0,
            11069.0,
            14559.0
        ],
        "IntDen": [
            5075.751153767567,
            4783.024972750676,
            3678.0248297750923,
            5170.76359150851,
            4804.443961605571,
            5230.626919333728,
            6079.148400893011,
            7995.873300984854
        ],
        "FlagUp": 0,
        "Times": [
            -15,
            -10,
            -5,
            2,
            10,
            20,
            30,
            40
        ],
        "width": 0,
        "height": 0,
        "area": 0.5492048424331928,
        "distance": 0,
        "xpert": [
            [
                255.0,
                275.8
            ],
            [
                251.2,
                274.8
            ],
            [
                249.6,
                271.0
            ],
            [
                249.6,
                265.6
            ],
            [
                255.0,
                264.2
            ],
            [
                261.8,
                264.2
            ],
            [
                261.8,
                271.0
            ],
            [
                258.8,
                274.8
            ]
        ],
        "stack": 0
    },
    {
        "type": "Spine",
        "location": [
            321,
            289
        ],
        "radloc": [
            0,
            0
        ],
        "mean": [
            40.131147540983605,
            42.76229508196721,
            44.131147540983605,
            38.40983606557377,
            37.18032786885246,
            49.74590163934426,
            54.92622950819672,
            56.39344262295082
        ],
        "min": [
            7.0,
            8.0,
            11.0,
            7.0,
            4.0,
            9.0,
            11.0,
            5.0
        ],
        "max": [
            107.0,
            120.0,
            110.0,
            103.0,
            95.0,
            138.0,
            130.0,
            136.0
        ],
        "RawIntDen": [
            4896.0,
            5217.0,
            5384.0,
            4686.0,
            4536.0,
            6069.0,
            6701.0,
            6880.0
        ],
        "IntDen": [
            2870.772607789862,
            3058.991154991771,
            3156.9117075859103,
            2747.6389787792677,
            2659.6863866288427,
            3558.561878406183,
            3929.1354666666393,
            4034.0922266328125
        ],
        "FlagUp": 0,
        "Times": [
            -15,
            -10,
            -5,
            2,
            10,
            20,
            30,
            40
        ],
        "width": 0,
        "height": 0,
        "area": 0.5863506143361646,
        "distance": 4.808030379497157,
        "xpert": [
            [
                321.0,
                293.4
            ],
            [
                315.8,
                294.2
            ],
            [
                314.8,
                289.0
            ],
            [
                313.6,
                281.6
            ],
            [
                321.0,
                279.8
            ],
            [
                324.2,
                285.8
            ],
            [
                325.2,
                289.0
            ],
            [
                324.6,
                292.6
            ]
        ],
        "stack": 0
    },
    {
        "type": "Spine",
        "location": [
            420,
            267
        ],
        "radloc": [
            0,
            0
        ],
        "mean": [
            125.91724137931034,
            132.11724137931034,
            119.01379310344828,
            125.02758620689656,
            121.43448275862069,
            136.06206896551726,
            143.6,
            157.5448275862069
        ],
        "min": [
            23.0,
            38.0,
            28.0,
            26.0,
            14.0,
            23.0,
            24.0,
            23.0
        ],
        "max": [
            255.0,
            255.0,
            249.0,
            255.0,
            243.0,
            255.0,
            255.0,
            255.0
        ],
        "RawIntDen": [
            18258.0,
            19157.0,
            17257.0,
            18129.0,
            17608.0,
            19729.0,
            20822.0,
            22844.0
        ],
        "IntDen": [
            12050.794481980021,
            12644.159814398688,
            11390.106275360347,
            11965.650846961102,
            11621.77616599322,
            13021.695932467073,
            13743.106731503342,
            15077.683708311513
        ],
        "FlagUp": 0,
        "Times": [
            -15,
            -10,
            -5,
            2,
            10,
            20,
            30,
            40
        ],
        "width": 0,
        "height": 0,
        "area": 0.6600281784412324,
        "distance": 11.41770063249527,
        "xpert": [
            [
                420.0,
                273.8
            ],
            [
                414.4,
                272.6
            ],
            [
                413.0,
                267.0
            ],
            [
                414.4,
                261.4
            ],
            [
                420.0,
                259.6
            ],
            [
                424.6,
                262.4
            ],
            [
                426.0,
                267.0
            ],
            [
                426.0,
                273.0
            ]
        ],
        "stack": 0
    },
    {
        "type": "Spine",
        "location": [
            450,
            302
        ],
        "radloc": [
            0,
            0
        ],
        "mean": [
            64.33043478260869,
            67.25217391304348,
            41.30434782608695,
            43.834782608695654,
            55.495652173913044,
            91.47826086956522,
            96.12173913043478,
            102.52173913043478
        ],
        "min": [
            5.0,
            4.0,
            5.0,
            4.0,
            5.0,
            15.0,
            14.0,
            10.0
        ],
        "max": [
            183.0,
            186.0,
            140.0,
            152.0,
            162.0,
            194.0,
            224.0,
            210.0
        ],
        "RawIntDen": [
            7398.0,
            7734.0,
            4750.0,
            5041.0,
            6382.0,
            10520.0,
            11054.0,
            11790.0
        ],
        "IntDen": [
            3942.6485459032083,
            4121.714497704165,
            2531.438306709954,
            2686.522211394711,
            3401.187215457458,
            5606.469681387098,
            5891.056640499332,
            6283.296344444286
        ],
        "FlagUp": 0,
        "Times": [
            -15,
            -10,
            -5,
            2,
            10,
            20,
            30,
            40
        ],
        "width": 0,
        "height": 0,
        "area": 0.5329343803599903,
        "distance": 14.408103543617198,
        "xpert": [
            [
                450.0,
                307.0
            ],
            [
                445.8,
                306.2
            ],
            [
                444.8,
                302.0
            ],
            [
                444.6,
                296.6
            ],
            [
                450.0,
                292.2
            ],
            [
                454.4,
                297.6
            ],
            [
                455.6,
                302.0
            ],
            [
                453.6,
                305.6
            ]
        ],
        "stack": 0
    },
    {
        "type": "Spine",
        "location": [
            486,
            309
        ],
        "radloc": [
            0,
            0
        ],
        "mean": [
            80.73626373626374,
            77.82417582417582,
            36.38461538461539,
            68.15384615384616,
            53.94505494505494,
            69.21978021978022,
            75.56043956043956,
            90.1978021978022
        ],
        "min": [
            10.0,
            8.0,
            3.0,
            5.0,
            6.0,
            11.0,
            18.0,
            15.0
        ],
        "max": [
            214.0,
            195.0,
            149.0,
            208.0,
            179.0,
            175.0,
            165.0,
            205.0
        ],
        "RawIntDen": [
            7347.0,
            7082.0,
            3311.0,
            6202.0,
            4909.0,
            6299.0,
            6876.0,
            8208.0
        ],
        "IntDen": [
            3074.1843896797864,
            2963.301190650912,
            1385.4123471117155,
            2595.0852844418177,
            2054.058958614138,
            2635.6727195580474,
            2877.105194424692,
            3434.450179732093
        ],
        "FlagUp": 0,
        "Times": [
            -15,
            -10,
            -5,
            2,
            10,
            20,
            30,
            40
        ],
        "width": 0,
        "height": 0,
        "area": 0.4184271661466975,
        "distance": 16.816801391489594,
        "xpert": [
            [
                486.0,
                313.6
            ],
            [
                482.0,
                313.0
            ],
            [
                479.0,
                309.0
            ],
            [
                481.0,
                304.0
            ],
            [
                486.0,
                302.4
            ],
            [
                489.4,
                305.6
            ],
            [
                491.6,
                309.0
            ],
            [
                489.0,
                312.0
            ]
        ],
        "stack": 0
    }
]